group,group,Subject_Identity,Manuscript_Identity,n_cells,Disease_Identity,Chrono_tAge,Mortality_tAge,mod_blue,mod_brown4,mod_darkgreen,mod_darkmagenta,mod_darkred,mod_darkslateblue,mod_green,mod_ivory,mod_orange,mod_pink,mod_plum1,mod_sienna3,mod_turquoise,mod_unassigned,mod_white,celltype
222C||ATII,222C||ATII,222C,ATII,120,Control,15.637454585892616,66.1358159747931,-0.9603608581825583,-0.7816973675580219,-0.5103825753434427,0.7287903407116287,1.1218985720332832,0.021295431311590673,-2.123635757000419,0.5468052847999108,8.456496183390298,1.9468363145911163,0.8042411266235429,-0.6787994714113879,-1.4766890938587625,39.14118141644341,1.2229798601131638,ATII
022I||ATII,022I||ATII,022I,ATII,53,IPF,-4.018680803767497,17.04209641340141,-5.007385512435821,-0.7665583211685931,-6.134778050152766,-1.2585588077796643,-6.93036630183757,-2.577563494777667,-3.1178786019856273,1.5216415017118168,-17.269769064589376,2.193101123496724,-0.4388642381358981,-7.641181204210969,9.082205851795672,37.053163870566635,-0.3419689052251095,ATII
052CO||ATII,052CO||ATII,052CO,ATII,76,COPD,-15.789557077794337,19.22974301005767,-5.798272998501661,-3.947582107998952,1.1777320513350984,2.409294272304643,-0.26267423252153077,1.3207501564555395,-0.9872643889898673,2.7820363528511454,2.783548199301372,-20.53129032785156,-1.4214010331862401,-4.767559084359624,11.141263940607047,16.25623186582632,0.3980737766565041,ATII
056CO||ATII,056CO||ATII,056CO,ATII,90,COPD,-41.63695941721633,-77.94218454601544,-13.764183598298338,-5.072957529958437,4.112337588486235,-0.8866914364175068,-6.223650967372964,-8.107519612872105,5.279035341646443,0.3953439684059932,-16.40036904642146,-13.03240794083011,0.03720097906074043,-2.7256232844380994,-8.358418856108527,-35.33540460147035,3.4642678824434485,ATII
098C||ATII,098C||ATII,098C,ATII,113,Control,3.55012555528874,32.951541983848244,8.043129403002204,-4.811696998786437,2.246580144989383,-0.5005465802783162,-0.5074966647050384,3.4176337454652352,2.5386003881521186,-1.0941568255418455,2.1628648322572546,5.563026904281901,-0.3260066233140858,-1.316362211136453,-0.0034313635950407274,-1.230991374827175,0.09353863975493361,ATII
133C||ATII,133C||ATII,133C,ATII,1514,Control,5.214436646881015,-11.62171501671691,5.3215190442361076,-1.26974844764751,3.1914046594832324,1.093799718979329,2.1137953428279985,2.83624011014241,-1.6813692207291808,-0.49790670224548234,-1.2661936826065232,-4.980242595749524,-0.6940368806346539,2.803450185376678,-5.005917145040403,-35.2834149404096,3.0200489691704773,ATII
1372C||ATII,1372C||ATII,1372C,ATII,119,Control,-5.0017336773282794,-29.37402136453389,1.170457543217079,2.176019765199197,1.2158983924261324,2.9234090339636203,2.6839352989043395,-0.5360503104116165,0.3942444188689607,-0.05792101774103307,-1.958366513254409,-3.2987923725929047,-0.3931080164356914,-0.09034729028353214,2.777058815385957,-56.289781175361576,1.2324654954520058,ATII
152CO||ATII,152CO||ATII,152CO,ATII,136,COPD,-21.77562697941878,17.374803985740066,-1.5867104106114729,1.8731353590545101,-1.7034252685525884,0.8536599647862974,-7.179647041971444,-1.379142585461756,1.0443026729960092,3.2621674530496363,-1.8176097600348016,-3.897832224149922,-0.558060173424926,-0.014204227576263374,4.094386132409376,6.26620639447547,-0.5592788673777674,ATII
158I||ATII,158I||ATII,158I,ATII,123,IPF,18.32314076214275,41.35242261072498,-3.3923878667071996,2.922124581092572,-1.4237924473400203,2.6263068135837693,-9.420392296090332,3.9326682429128836,-2.0786948531677774,0.01800193155843347,1.6646450911912132,-0.8189841491567809,-0.3075708276118176,7.517661418251558,7.779116485356942,12.554033094569819,1.1028308241521012,ATII
160C||ATII,160C||ATII,160C,ATII,55,Control,-11.262905706996127,-29.313511306101624,4.034241861891438,-2.2092828034394274,-7.064215463912945,-8.652853021216188,-4.716317748542877,-4.476123455406838,4.066631953674033,-0.476188128147078,14.151196212529033,18.208803257952365,1.4884861761646642,-0.026510202226459254,0.7736081519060821,-60.78319444909221,-2.308650216365007,ATII
192C||ATII,192C||ATII,192C,ATII,87,Control,-2.0975122915457463,-19.771742386196063,2.822298781421248,-1.8960112441342718,1.7832204941498915,0.28048543003177884,1.7484052778566332,1.436488085741925,-2.7783129053416116,0.5329071731472176,-6.613225191300214,-4.409058060666085,-0.0009041345014595599,2.8835767363613853,-6.477487001878773,-26.717167315228835,-1.0438150799848027,ATII
207CO||ATII,207CO||ATII,207CO,ATII,57,COPD,1.5543720916691302,2.9770710220871797,-9.22191700179303,5.1783427116097265,-0.9944822789436369,-0.38538223174549296,-6.930533558827692,-1.460696072155087,0.5126534035676383,1.6478408218846143,-10.07156407065372,3.7599488219147292,-0.4823355250431311,-3.1792973255220223,26.56496541101319,-20.062084803554686,-0.5752438477938234,ATII
225I||ATII,225I||ATII,225I,ATII,60,IPF,-8.421358526640802,-5.711769875633022,3.2178943000608276,-5.658431765660796,-5.195016608769339,-2.3992718847921894,-11.121374540823126,-3.1571191615787737,1.3626545938876604,-0.8299621113097136,-8.645833929462425,9.062450798612888,-0.5211125431607166,-4.063943457926545,-11.240283096683665,21.738168390924233,-6.937445427080984,ATII
226C||ATII,226C||ATII,226C,ATII,133,Control,10.927242417505353,-3.238689113274262,4.789590993001431,2.2111664866781364,-2.40588102110171,0.6022167220117215,0.6588104086573526,-1.7728631645120694,1.4362616689226193,0.6913455115096956,0.9817255960724373,-8.456153678366823,-0.22238205794484286,1.6967480055684077,2.0520520176349994,-24.456660539929718,0.27847737039453985,ATII
235CO||ATII,235CO||ATII,235CO,ATII,175,COPD,-8.370452626167602,28.119125904987115,-10.21787404110254,0.14534182000472146,0.013842515127033632,0.6106291097852967,-9.304190628601315,-4.513368876098686,5.225048712769807,0.7639232040466964,0.4404057109037674,-22.429183409792273,0.40983882209710476,-9.077744384116343,15.194872286940218,46.58568791575586,-4.404959420861583,ATII
237CO||ATII,237CO||ATII,237CO,ATII,71,COPD,-4.3442539979984485,26.107304037697368,-18.678077003389962,3.3053811430524087,-1.117478002274979,1.6442116939424585,-7.278697798698569,-4.255878748347453,-3.936987100987158,1.013571237728577,-12.514289834283295,-8.279397219752754,-0.00846762235365443,-6.607030712018624,11.353226805616307,52.70089716064694,0.08946347068776539,ATII
296C||ATII,296C||ATII,296C,ATII,88,Control,5.434933914833904,60.265597259708386,-8.941699851288897,2.579095125621695,-0.6064202612933185,-2.317228773170645,-6.415677851167755,-7.418549011493222,5.630106318383461,-0.09488750401312707,-14.782419591402109,-0.301080248841573,0.21673528069849932,0.670029685534453,-4.145642282538695,92.18459351578396,-14.66821385923349,ATII
396C||ATII,396C||ATII,396C,ATII,170,Control,-22.949165785394637,10.173783821863141,-9.254731259272692,-0.6798761369550174,-3.7590078843600097,-3.416772041698771,-9.634380024865473,-6.536058393618443,2.9756380230607764,2.4687186221019144,-15.369930452951037,6.763372900363702,0.7536773510720018,-5.1821812824335565,4.37754405135742,27.813753578100503,0.17716020383216974,ATII
454C||ATII,454C||ATII,454C,ATII,89,Control,-21.15800257599953,-122.08806959105215,-7.96840814268721,0.8353019085561818,-0.09640999250947817,0.8602248498663041,-5.081294283374301,0.0128080342349337,1.981957152180844,1.7370789323137492,-5.9047386942291915,-1.1052992039204868,1.525159424839061,-1.4570153651808808,7.519571692619918,-130.38161446402614,-3.2422480078651734,ATII
003C||B,003C||B,003C,B,122,Control,-6.233997127527112,-77.25229207884375,1.3253703890161952,-0.7300910077393867,-4.049341919575346,-1.0804145627693045,0.876528676428409,1.5822762182951275,0.8391871623724777,-0.7331712142320083,-1.8044005657073283,-1.690849596190151,0.6055907213390017,0.326099143265384,-3.272371872066573,-90.46051120827005,2.3369509888602056,B
010I||B,010I||B,010I,B,98,IPF,15.392878096437245,36.217307398887904,-6.1209641404749595,3.1635348358817685,-4.811262222286625,0.7585252546118804,3.0620753967302394,0.4274517492060532,-0.7038303455666445,0.39109565868488577,5.588726688878225,1.208971897811382,0.2532908264257586,0.2082779521071076,-1.5982659309741427,12.054122805793767,3.6587004039296076,B
222C||B,222C||B,222C,B,96,Control,4.691058852895877,22.408634078160492,1.7566724908926314,3.2142685126777577,-3.6530471658170636,-0.07784898362787362,4.132150461347159,-0.12712750252593516,-6.232858393362041,-0.3137752563011204,5.578137568741943,6.155567992346322,0.5331942052924019,1.645783339181544,1.1307722179360358,-8.479375515252709,-1.5307364614981367,B
022I||B,022I||B,022I,B,107,IPF,5.0033266359667525,-1.9808783399283179,1.6744299975407448,0.07180820549043547,-2.3288643813152015,6.488892802767398,-4.125781291578115,-2.6231730549610255,-2.6520804775356783,0.5404231208872845,-4.111764234867455,0.8921425032266158,-0.19860536483716135,4.639604490942867,3.5850774913420915,-22.128027790853267,-0.38181692430753417,B
040I||B,040I||B,040I,B,75,IPF,-0.28033968666307946,-23.615217306661393,-12.684823596866323,4.606645726457188,-3.291560301994402,1.3761041482383753,-2.3590289432502245,-4.085753926597611,-12.662754461414183,0.4160295289620777,-4.428582763189978,4.75697104914578,1.0303422928707375,0.17152543893391423,0.4777197589130323,-13.826547383007531,-1.7883604419918004,B
041I||B,041I||B,041I,B,142,IPF,-18.89118969844069,-50.19914296911323,-9.070314980213777,2.321395469070775,-4.08892904550512,-1.0471679551195507,-1.1151387921827998,-4.764054485747809,-4.111987636906151,0.9491389657874483,-11.103448912310707,-2.9183354230695597,3.4530948667472217,-1.995601173857634,-1.582021822674335,-32.91143098322926,-0.891197628031619,B
051I||B,051I||B,051I,B,403,IPF,7.3708556800535385,25.115783197451837,-5.794168438337166,3.963480990305702,-5.698268209991146,1.997939391115154,-0.8505243970467616,-0.6140370856195497,-7.018666264823933,0.3872073593805417,-2.761984933274913,5.226731549246311,3.4875441616804284,1.6472646896267795,-1.1715427874019577,13.480683121757373,0.15726748270539515,B
052CO||B,052CO||B,052CO,B,81,COPD,18.06183754817168,66.81116597437892,-5.179710625787684,-2.4698324975453785,-2.092256273533332,-1.218589347132998,-4.046695388441765,-0.3795755007654869,3.0699016329444655,0.843138770157708,-27.30737298395807,0.8389767973467591,0.2938314483260115,2.0760573998376604,-1.9316961405303976,83.65075342865637,1.987378686675483,B
053I||B,053I||B,053I,B,80,IPF,-7.011482108415106,11.255773452544377,1.961995019799807,2.8604932544298127,-6.3813315600954175,-1.5673589779414627,-2.837934759883552,-3.1408173816547538,-6.67277941984593,0.2443218394893735,-9.158344118807761,11.356938734215847,2.994172538424081,5.156403911031048,4.801506829937269,-9.748609151346676,2.7102601266632087,B
056CO||B,056CO||B,056CO,B,125,COPD,2.893645012363086,119.66516823004072,-11.298284177913269,-2.490736341868606,-0.2818270995399845,2.204405193204538,-2.116745754542341,-4.369350594117633,8.818542340895966,1.7271643513460397,-11.442013524276902,4.1359144087079125,1.1883486241956265,0.06810198627538172,-0.03795841518178368,107.80396584548731,7.078784819239235,B
098C||B,098C||B,098C,B,213,Control,1.5238753702751655,62.84052137551607,6.417401559377552,1.599945471096331,-0.08683328944044363,-0.48463877896131335,4.770297856558264,3.4122186382092914,4.320322734170907,-0.4904167066752251,0.9854875304658604,7.040771298766497,-0.13901805390796235,-1.5122343887645786,-0.185871620610158,17.15228947893096,1.363943078170435,B
123I||B,123I||B,123I,B,161,IPF,4.8213581887409,19.52544844280328,-2.489171605077099,1.5713622659398157,-1.9850346208502192,1.2725851975360332,0.46078180862520535,-0.2863649278587031,-0.015144524364216181,-0.37232858492908777,-6.649211819252398,8.95612166451991,0.11263494280744273,0.6093371311753684,-0.6530356753788612,1.283686404362651,-0.9676257825821614,B
133C||B,133C||B,133C,B,50,Control,-9.51750659050515,68.97027770743497,-7.915185981174766,2.007572399285663,-4.606472720214146,-2.6940970626209477,-2.0979356059843055,0.04663198313932012,0.8779953376562972,0.5380526119538559,-4.4422170391546025,1.9475987306261553,-1.190208393208625,2.464263230191894,3.0968275314146316,59.39861739497416,2.8619787224209516,B
135I||B,135I||B,135I,B,219,IPF,-3.399983267866779,35.49247211674127,-1.6046461758257229,0.4905377599131315,-1.558157372492134,2.415994366868009,-3.49327254644664,-2.9354555337417967,-3.0199564650541877,0.44008636677870555,-8.441401205403643,0.5222002581359323,1.5216631196116692,-1.3935167119562906,-3.22047759369847,33.93632580837816,3.1556914735449015,B
138I||B,138I||B,138I,B,82,IPF,5.1764532588076255,16.348585334063962,-3.6004995296877227,-7.186601283162031,-1.833553350499725,-1.672028163975855,4.716231060121667,2.0444947526305963,-2.1812180296547266,0.9676077596777904,-13.004546526854147,-6.2000402038535976,-0.5172745587113006,-0.1614305509320141,1.9677380681710734,21.929236722663767,2.403612600000756,B
145I||B,145I||B,145I,B,112,IPF,2.948351374581248,-3.9848101250413617,-1.7890274883446338,-0.15282066673341005,-6.043292419171167,-0.5997018952694714,-0.2783858457941967,-3.0475138237800534,-3.6213798272666025,0.6626955472582688,-8.737833114420035,1.7212670358388023,1.8839053682701334,3.883709893284509,-0.9393445967779296,-7.279496782008256,1.6755519217431507,B
157I||B,157I||B,157I,B,397,IPF,2.425041621052112,-14.893783543936859,-3.4972125055456753,2.1076394566731578,-7.086783571467523,-0.6467272881010393,-5.289839096802881,-5.0248354568360885,-3.285133829167068,-0.632891888431828,-9.5762387699011,-0.6388871060861137,2.322210800915852,0.8366684602140333,1.6541075064221662,-4.857121219517664,0.044404395565361666,B
174I||B,174I||B,174I,B,514,IPF,-6.587336469962243,-16.643318979190273,4.814097671181777,4.491494415394429,-2.3946990240776618,-0.4554906004348317,-0.6905218504201284,-1.282818727776493,-5.8036923344348015,-0.91366699773798,-0.5172474447790144,1.1540709504326605,0.5589249362343433,0.4107503300765966,1.308611631695058,-37.424231346299116,1.4242428436252226,B
178CO||B,178CO||B,178CO,B,82,COPD,17.403379129560864,104.67903202791737,-7.1934500383743964,3.095379984784058,-1.7115447113541604,-0.1758129037481521,-1.9130937720263703,-2.2268877288701043,-0.7971424974258011,1.8535629839571504,-5.122961440978502,-4.147697783329383,2.8900425526121345,-9.395288492930876,3.0605717318577783,108.82677860184987,-1.0402810262354116,B
179I||B,179I||B,179I,B,123,IPF,-1.717438645219729,51.35332639372626,-3.9246704619116723,4.714389122481315,-5.4754972542797375,-1.1519486889334054,3.4291039116932085,-0.9211995620576509,-4.928867426844736,-0.639324011592935,-2.4285300475676506,0.4711571882273336,0.10795775221549146,-0.38157658394069444,-1.9688028363074768,42.3431471550601,3.431131569355118,B
184CO||B,184CO||B,184CO,B,110,COPD,4.017510638838448,46.7675446151032,-8.68345709578325,-1.913934131270883,-5.244798439318592,9.019849224225904,-7.0569389503772815,-6.597694703740916,-0.6626346014985868,1.4193006033541895,-6.342936781490032,-7.81870445763594,1.1044849018402387,-5.395934805420911,-3.3856198978936254,70.42026322397554,-0.7705560419920804,B
192CO||B,192CO||B,192CO,B,191,COPD,10.955547898295169,59.810472747969484,-4.779212041826899,2.8859050628274923,-3.6409757463839445,-0.14208349652447508,-9.6512614116673,-0.6978838728165795,-8.547951296254451,-0.6342288182923431,2.349746739445744,-4.189881828701604,2.1179168421637344,-3.003930100225365,3.3656933709135273,63.68201144027777,2.019751336904377,B
193CO||B,193CO||B,193CO,B,121,COPD,-13.659015030272501,10.268438382054446,-8.021807754066366,2.1809300221555303,-11.802568094888477,3.5032341360489245,-2.509029175891613,-2.622534702077241,-1.5205916070506214,-1.1134582147234966,0.7404847305037967,-11.630621532923518,0.8792097133342636,-0.8676981723620852,2.1057722810371624,21.90794460110857,0.3623155837200205,B
194CO||B,194CO||B,194CO,B,107,COPD,-12.544185820574405,-43.34121073028409,-10.757444118420905,-0.9515534388730247,-1.2040041310121643,-1.0717394340851565,-1.7369277880100893,-2.256511247911404,-9.204615340544457,0.36195068531731994,-6.066490774395373,-7.43884488541979,2.3470143034919357,-2.2591389524565804,5.490847886367368,-24.172910075817896,-3.097699986643649,B
207CO||B,207CO||B,207CO,B,390,COPD,14.294132803767884,30.420401023437993,-7.263841173031656,-0.48998086620891257,0.23448220567024775,2.035226049231893,-3.9686168670568795,-7.432382997993083,0.40312817488509994,2.1239696104770966,-10.66770043118517,-8.374095553522755,2.2644552810529577,-3.226534090849225,-1.899953601204867,47.78859860965733,0.21679010538622445,B
209I||B,209I||B,209I,B,129,IPF,-17.076627168778707,45.08236903652565,-1.5800508444804893,-0.9210432066215783,-2.622327940291358,0.32506464110844335,3.5125057622760965,0.7732855125314541,0.49983792208202593,-0.20297499221439325,-1.8909275967564885,-3.1555157144688426,0.09658476005224219,-0.3158199156668897,0.7307434144768051,28.87720849944096,2.2789421669280405,B
210I||B,210I||B,210I,B,164,IPF,5.429448470588839,-17.851827353454752,-5.941057015573035,2.5722746072955065,12.35829656686591,2.4516707986585473,-4.45388976833004,-8.411069188646698,-1.9601201312754217,0.9402667721754794,-13.309416726656718,0.1550175101671553,0.7692245121048313,-0.9453026518147282,-1.5901009451513965,-21.501673531717408,2.3371952703136922,B
212I||B,212I||B,212I,B,155,IPF,3.9317949632057685,12.892283751494242,-2.1630218007679702,1.4130713775932946,-4.317961230661221,-0.5704748866350129,-4.014081338174106,-1.7233468409901216,-3.965608011707141,-0.400138922157047,-3.613667603330819,-2.2327585991924037,1.337196340377496,-0.5224516963959229,0.084691269827598,13.15424371849559,1.7497354070823938,B
217CO||B,217CO||B,217CO,B,89,COPD,2.475593778050313,32.7744630402302,-2.9183712083172177,-1.1574484734671393,-0.39813330536638786,1.333161591312723,-4.801396720452625,-2.3444386597768627,-2.2616059245399884,0.6286657672712896,-9.922272794500453,-3.8718363769898474,1.5330745312643683,-0.6920542084440777,-2.5469472066299184,41.975099026549664,-0.45788956581280166,B
218C||B,218C||B,218C,B,60,Control,-5.3021997497530045,-89.97415725095587,-5.243321012195845,1.0359571310893334,2.3322209798629983,4.082969566989864,-4.199491030715449,-3.658569679769468,-4.566688075610312,0.8669088663501313,-9.956057063391853,1.5981412497335965,0.24810192582820093,-3.6300803507769572,-5.726874583716697,-81.69314462467231,-0.14108711809036448,B
221I||B,221I||B,221I,B,288,IPF,4.422879855034866,56.489737082084964,0.9664219333256322,4.282933256641952,-4.428216653818873,0.5791080347086518,0.05786288352192491,-1.2654346327238715,-2.381895237326202,-0.41911086438450756,3.130444121087904,8.119414690100513,2.7096648391430906,-1.3859939327059858,6.602322487415687,21.2126892864777,0.032670302491592536,B
222I||B,222I||B,222I,B,376,IPF,7.694597016965994,24.550332846992244,-0.4912689262048497,3.3913679466157687,-2.910784366596648,0.7516015391739633,-2.5601760610317994,-1.772157449249357,-2.794304502266071,-0.8064287857036899,-1.8238259366917557,4.14445110410843,3.1531052513195683,-1.2238723221132632,4.059299778328608,3.3381889735332377,1.4182800356404437,B
226C||B,226C||B,226C,B,151,Control,9.016840427528026,-49.727286719396034,-8.917178765634898,3.8708321811130464,12.780282307358798,1.5886905432291059,-2.3718989759958,3.490414198086489,-1.8460925114953628,0.47392180014073493,-15.727834466721793,-0.004067731878065617,0.07129091384126529,1.792632885528044,-1.5062555417922447,-65.52747800559428,3.428597882289283,B
228I||B,228I||B,228I,B,85,IPF,-11.07566058024884,-48.6467537631373,-3.0173990084228532,0.4392081595581317,-1.3013788190219795,3.048679739941283,-3.5964163595770544,1.4202536842164126,-16.86474837425896,0.19340540212998925,-10.063607433616514,-10.767862125371598,-0.8801681325963591,-1.6811876389218303,-0.515154071790125,-24.73332580789237,0.9960904543572328,B
235CO||B,235CO||B,235CO,B,213,COPD,15.399810818577786,64.08091863730509,-5.648323889665071,1.5495259625554598,0.8091007446050998,0.37490761993250227,-2.0865875722724847,-1.155724418631817,2.023082476096319,-0.516729081918634,-5.58843061073132,9.712925011085282,-0.40319211637933705,-0.07633461006108316,-0.3580391728909524,37.71543253532701,9.052449192124497,B
237CO||B,237CO||B,237CO,B,527,COPD,8.589110854828363,48.328999933985386,-7.881270081119387,-0.3011524456361317,-2.4080041525430356,3.005954739307724,-1.3899913439959726,-6.815009784376429,4.336177559302433,2.269940469180968,-17.09015148900481,4.216986069102961,1.4215271751174532,0.24821287056082095,-4.836518949838693,52.90072482515462,1.9747179046430696,B
238CO||B,238CO||B,238CO,B,95,COPD,-4.970296009755725,8.92006823163996,-12.382907862893735,4.1695677739225685,-4.121166392741511,0.10033449067853716,-3.1687121368526165,-0.47094490004610134,-7.476766192924259,0.7938628906986628,-12.437094050524166,-3.1466699115267085,0.3502442578561397,-5.529898589799413,-1.577538544857037,28.42660964674668,6.714291185773267,B
23CO||B,23CO||B,23CO,B,59,COPD,-6.870737836873477,-17.502633650602657,-2.286476963206959,-0.1920816641972769,1.3354269134028485,3.966792347569137,1.4752430092270017,-7.4918018510035305,1.59804533086425,-0.20145812288057885,-4.901995105319675,-0.9956679395087346,0.20128490172363922,-3.6746975052669977,2.0275497199306862,-23.739442660144434,-3.300210629921726,B
465C||B,465C||B,465C,B,189,Control,11.977343882921689,18.114043634390573,2.435234238277777,-3.7058135578606914,-3.3462836142932733,0.23782674584412403,-1.0852486035960296,-0.5948252377302593,-5.232581127468131,-0.2241066096687368,7.2940903686485825,-3.490932641601976,0.0270663959088209,-0.1143758744679168,4.455576983980503,5.8841274390729,-3.1025678387848243,B
47I||B,47I||B,47I,B,87,IPF,4.855641321625251,33.56730603678121,-5.011240615743694,4.9158258113524695,-7.330913213082641,0.849222226114682,0.03379799864617062,-4.871229351591084,-15.181146791303458,0.03317942056077765,-17.142167425915662,1.432731542776352,1.6715712498186026,-8.813635148893578,2.578609962598201,61.161698229429504,0.5641455738850468,B
49I||B,49I||B,49I,B,356,IPF,-12.000249925839386,-18.58554782571604,-1.9581947970041813,0.15646839753887837,-6.52835504292097,3.3055885430458503,0.22012947752440715,-4.493090444131999,-3.54777785768842,-0.7217986929771153,-6.461316145530511,6.928869942308115,2.161717710556718,-0.4006302882461261,-5.265238827321887,-22.228455455199697,1.5696790862012466,B
59I||B,59I||B,59I,B,63,IPF,-14.386053547615722,-96.08459860968436,-3.001513034622247,-1.9084382489259362,-6.50981111298415,-1.0517275515619422,-4.29408652892055,-3.9425413604738875,-5.48197165136927,-0.2381084683172253,-14.847460017450338,-6.295341348886267,1.319673542619327,-1.4076670023372329,-2.4995253232365773,-65.51329799845252,0.9103609271041958,B
010I||Ciliated,010I||Ciliated,010I,Ciliated,424,IPF,16.485063291040632,41.921688277347265,2.1559613052212683,2.1153175028210938,0.15065762302732721,1.39153989078692,-0.9223438582295136,0.4671208350133281,1.5337812853423785,1.0843086125195203,-5.600137436522192,-5.256512966840597,-0.14370654746540695,1.002351573377028,3.3446394315158763,21.498916890997435,0.42293756765320706,Ciliated
021I||Ciliated,021I||Ciliated,021I,Ciliated,144,IPF,2.493024711934909,14.288499918720092,-0.7140054577233651,3.3139122875391083,2.8728299682006417,1.641690844383452,-2.824341381483183,1.0169500174140227,-10.357060293788669,1.9240691988324976,0.6850315223018485,-5.13119489651282,0.06875864199183171,-1.0270028482170375,-0.31774868525669875,5.998265735555533,-1.53851130264667,Ciliated
022I||Ciliated,022I||Ciliated,022I,Ciliated,110,IPF,13.349294709922548,78.13839501034876,1.5339823322430486,4.659508760492223,3.8461739516900426,2.8766945238685335,-2.898955652066241,1.799407839493242,-5.507921730877363,1.4995160800691345,-2.0137995506545185,-2.2817443008430156,-0.1797130498874684,2.178413074321034,1.893261992140912,54.791590530186554,-2.734876357956878,Ciliated
025I||Ciliated,025I||Ciliated,025I,Ciliated,114,IPF,-7.184166783239361,18.326588779820145,-0.8152039726883414,2.7753118386278772,2.0798956571453346,0.3295858045141229,1.0771171971206885,-0.032823171631307706,8.539988822333147,-0.5076486614117888,-8.092000620558233,2.6545096321708,-0.506104167914324,3.0129031581230614,-3.1068867963624545,-3.878709541011623,-3.8802029667664257,Ciliated
034I||Ciliated,034I||Ciliated,034I,Ciliated,70,IPF,-6.911554038752507,-104.10906082325246,-4.391704386374264,3.852251547559544,5.515322198619401,2.0149163075155703,-11.061526459148663,1.3490030717807073,-2.789962509845976,-0.3202703590020291,-0.42651013164617896,-11.916987097235085,-0.04746595400673244,-3.913489077699,-4.1492473334043405,-96.42205017823069,-0.07819703026455538,Ciliated
040I||Ciliated,040I||Ciliated,040I,Ciliated,201,IPF,4.969046528508971,-17.13026409185088,-4.729186775520108,0.8019548945021618,-0.2843496796209624,1.5704676741235084,-4.09611176818541,-0.5340867145985844,-4.082110836636577,0.8108750496858959,-7.731985467170495,-0.05423708754948208,0.27468910800040636,1.192930110019979,0.8505160815791128,-17.206804308998578,-2.5896809396113887,Ciliated
041I||Ciliated,041I||Ciliated,041I,Ciliated,164,IPF,4.545994451413244,-1.5990815063969837,-0.20936299309489462,-1.09579827241912,2.54996673039759,2.8303338002350653,-9.43430299282818,0.5773343440755632,-2.717481015174026,1.2345702435374641,-4.652678983524755,-0.38916452655766987,0.4269936112138366,0.8788025309401467,-4.012252263822628,-6.722690846401149,0.4597925588962587,Ciliated
051I||Ciliated,051I||Ciliated,051I,Ciliated,336,IPF,16.78370936585603,44.38233530786373,-0.8487956654953662,2.6352578350723252,-2.1241924971503745,2.376778748420456,-2.3256818445558087,-1.3271779794540948,-2.8766551608999076,0.3038273906628411,-2.1537069802394417,-3.7635645943713754,0.5652894776539832,1.6097610734654222,-4.063929370964859,38.39977803283622,-0.7015097252458933,Ciliated
053I||Ciliated,053I||Ciliated,053I,Ciliated,128,IPF,4.713751008538479,-10.552714934385046,-0.4788139669161792,4.006629658080966,-5.114732600105813,0.12754146431096025,-4.6822855168156945,-4.292896114184071,-0.136215169958901,0.21302800172775532,-4.6773960260669725,-8.312892210634496,0.8142125461373572,-0.24309312454306603,-2.601260631256818,-0.8340395276179031,-3.017358284672148,Ciliated
056CO||Ciliated,056CO||Ciliated,056CO,Ciliated,99,COPD,12.783321411036743,48.45606960944474,-5.037691150950541,3.0016446496195353,-0.6460052511405516,0.3362037029958221,-11.063612582706616,-3.02203548266457,12.738516928225756,1.1071194670629916,-0.3442122753877276,2.0813144422777654,0.3823543998555456,-6.397297124601762,8.914230370044425,31.424648625792354,-3.6959656771073006,Ciliated
098C||Ciliated,098C||Ciliated,098C,Ciliated,182,Control,-16.39050960583951,2.8231821291566583,-0.4628796058634188,-2.1446260282870884,1.8954575510633052,-0.9280735811048482,-0.7236698445762213,2.245874191986654,1.6722586937607167,-0.4105955780386168,-0.265193928192226,-3.0087591171122576,-0.2345883051078611,1.6908209379959513,2.485186622357504,-18.864411271076307,1.1995248232217082,Ciliated
123I||Ciliated,123I||Ciliated,123I,Ciliated,79,IPF,20.89055891957384,86.07893397085684,1.8325108238086285,3.8257773244289117,0.9157085340819936,0.5041836272997503,1.2383437326528408,-0.19714780621608283,-0.3768596968526014,0.026515302859169837,4.3451066429490135,-7.568154395865998,-0.7535956118845193,2.6085333221624905,6.750158808479732,51.30177403331238,2.949222761511375,Ciliated
133C||Ciliated,133C||Ciliated,133C,Ciliated,80,Control,10.022233071456137,-12.040665816939772,3.538604685277386,4.261758799722327,-6.0549400169128935,0.9631112714353618,-8.06562591919023,0.13348439988347788,3.8732946504013257,-2.002313410609723,11.620863536986224,-2.7058857930005367,-0.8416774305759153,0.5280549669148871,-5.964637353022804,-34.10389517555826,4.102280403180049,Ciliated
135I||Ciliated,135I||Ciliated,135I,Ciliated,344,IPF,0.7468843171511131,37.34376291917898,-1.797548464406952,3.3148093789523094,-0.5487775443969269,1.4136553957982163,-2.5531984657097198,-0.5130189611601632,4.4628937354093,2.1921660612761524,-7.159532387416749,-0.9091549501166896,-0.18777819396947418,0.29096072517754307,-4.98648666052517,25.118198160794677,0.5297185213430988,Ciliated
1372C||Ciliated,1372C||Ciliated,1372C,Ciliated,138,Control,-5.364301508180615,77.03155446922385,-1.9252056562511797,1.0702485000716018,-2.2743623709273657,-0.5020900462957867,-1.30957980465683,-3.034056592752094,1.8279349250255241,0.39981157080618646,-3.0686814215687774,-11.808638914867961,0.4543396140541407,-2.0847153738152846,13.59604535477394,66.24272184259812,0.770926274900056,Ciliated
138I||Ciliated,138I||Ciliated,138I,Ciliated,85,IPF,-0.18859542131967938,13.794304219464745,-0.40079470268622924,2.970981076455049,-2.2567696299741855,0.36859258680384643,0.7878269030067838,0.8991705476387487,-9.093274356063866,0.4840320040896259,-1.5486089537890393,0.9941864692134348,-0.4834535204034894,0.683098789387689,9.46416169478642,-9.363566486084007,1.611865228954417,Ciliated
145I||Ciliated,145I||Ciliated,145I,Ciliated,240,IPF,13.752355233707942,101.82613542490485,3.5386558950123983,-0.9053244004374305,-0.7073644860472957,0.8071210206580849,0.6827525552831062,-0.7094775625642205,8.31768340627297,1.3033999178309474,-1.5916237531012924,1.953191337305706,0.4875216177926392,2.454606800927242,1.7451244405659332,64.83866251385814,0.9343495534185562,Ciliated
157I||Ciliated,157I||Ciliated,157I,Ciliated,373,IPF,7.042268475321307,27.089913110689736,-2.6459700161759616,4.0277616340436335,2.845755578086476,0.49487365953457996,-5.775839179736752,-2.5380204225188643,4.7700387234563975,0.8930408114546843,-7.776096669102144,-5.819452076983525,0.4773530273827611,-1.329962683051997,-2.0963620822293816,19.076929615252357,3.8090066231479707,Ciliated
158I||Ciliated,158I||Ciliated,158I,Ciliated,231,IPF,8.732927934399784,49.47258695079047,2.899153326492467,2.2511827920348035,1.0227787973410531,1.7033922783266424,-2.3406888670130366,3.143681857704833,1.302686793201543,0.2147411571313075,-1.0910584564090706,-2.1910372963657267,-0.43904709195423547,7.107234021572992,-2.01194343718484,17.92616577673562,1.298488731046536,Ciliated
160C||Ciliated,160C||Ciliated,160C,Ciliated,57,Control,5.370846814850831,80.3879312528788,0.8026310977744069,3.656171016252412,-0.21901262791832118,1.1016198869327933,-8.19438420416405,-2.2249094484790337,11.20933820595177,-0.525157891981147,1.0347976894467783,4.350189937485478,-0.7313689188609122,4.482522354458774,-5.912500472847208,52.62154811220744,0.2595899484898641,Ciliated
166I||Ciliated,166I||Ciliated,166I,Ciliated,202,IPF,-0.08138766658344591,-28.04929168835558,-7.764335013199837,10.321265365693211,2.3380410437357697,-0.8708500568198033,-5.806749811763936,-0.40163856217971117,-2.7628026284602525,0.9572552556498749,-9.16821936826408,-2.6975259272919003,0.7839889679282692,0.4771749273304604,9.666482637994816,-40.63769054641335,-1.1605445404245431,Ciliated
174I||Ciliated,174I||Ciliated,174I,Ciliated,194,IPF,9.06235750375043,-1.7029612194134025,1.9681390587640686,2.678442978750815,2.698971986013214,-1.1311230783114123,-0.46914543076266557,1.8125929281279523,2.493894490593613,-0.5531865820169001,-7.173536763386695,-7.065974671373723,-0.4225280899217917,4.859528541155882,-4.844828065152685,-17.111827514886237,1.8807624248634731,Ciliated
177I||Ciliated,177I||Ciliated,177I,Ciliated,108,IPF,-0.937098671215576,-68.37028097106341,-5.274050288831256,-2.5170214289674218,-6.046895857251757,-0.922050264848009,1.6621711708382354,-0.9413979901733303,19.265982259812233,0.4763469469570705,-5.450373699709363,-15.708150195148916,-0.4809827151540065,10.15651300898292,0.03882736145638328,-82.73332468141818,1.4272688342626088,Ciliated
184CO||Ciliated,184CO||Ciliated,184CO,Ciliated,102,COPD,-16.42035259627554,-24.415956724937917,-5.692205885943471,2.5698372127857962,-1.2480334814010239,-2.900706127670811,-5.638110052697184,-0.6954809321534916,-0.6766021607177098,0.37093819749566687,2.601553929594754,-7.040429916056368,1.3654993834176454,-0.2817575151982999,1.5951736201254625,-22.170203935281744,-5.252285629366825,Ciliated
192C||Ciliated,192C||Ciliated,192C,Ciliated,64,Control,7.882625320808636,88.12232388761407,0.5901673579441112,-2.249314633230038,0.28204057307954467,-1.1168822365938138,3.3141464091483277,3.3032976286647586,5.379817801583942,0.6816991657045678,7.01530575021363,0.2383238424464462,-0.15418398192878488,1.3382256766086382,9.637963816141575,37.328595126667985,3.8562650230334405,Ciliated
192CO||Ciliated,192CO||Ciliated,192CO,Ciliated,93,COPD,15.17810321787599,88.11678377342598,0.7509449089275264,0.9105149399099945,1.7256921353168064,0.6855848142345666,-0.9806422207689423,-2.2288354714276277,5.57637889832348,0.5531880897439986,-8.968226527453691,-3.1803944487502647,0.6293181889031833,7.724717973442795,-1.1820530366419935,65.47572356118106,1.9480154003551573,Ciliated
193CO||Ciliated,193CO||Ciliated,193CO,Ciliated,162,COPD,9.950362049967541,54.243119197492774,-2.8391595729184576,0.10473886727511292,0.7004331796850085,1.287549959948767,0.6342597754266638,-1.468936954420068,13.38810576406065,0.5392274191019695,-5.307206177552959,-20.271344255524628,0.650897647657351,1.283742225115004,-1.0265895380964472,47.39030406243474,0.5002402271703467,Ciliated
194CO||Ciliated,194CO||Ciliated,194CO,Ciliated,78,COPD,-7.955993296889165,-10.282234101292214,-4.464761638100936,1.4926563501667385,-7.650087777688797,0.6024488114340045,-2.188526057721953,-5.686357458421718,-3.8266246291885224,-0.05929359941670791,-4.515312418855822,1.7079538015256872,0.56466470124211,-1.6071632649912864,2.1931817372737448,-3.4555708781553793,-2.0662983485229973,Ciliated
209I||Ciliated,209I||Ciliated,209I,Ciliated,626,IPF,4.800230094851318,12.002856646862927,-0.10653253758744918,1.7794044682949317,-2.3541195440505724,1.5950150087341521,-1.5868236849283976,-0.43251753342201205,0.021793674247697813,0.7923710591626436,-4.567160608066366,-5.512880382635353,0.36058664521497596,2.1561250366774134,-0.2835111672883063,0.2616844495947539,1.2025651947852054,Ciliated
210I||Ciliated,210I||Ciliated,210I,Ciliated,111,IPF,3.967846933693845,35.95640184767986,4.1681798583994665,-3.899444531194202,-6.9225094029871075,0.039417379113285154,0.42253314733843716,-1.9239775642176942,-4.033332871720956,0.6346366998517817,-9.60046287507661,-5.9614613963063885,0.6598056803494221,-2.1614355911873866,-1.6012417314054381,45.73679319134733,1.7220452872462795,Ciliated
212I||Ciliated,212I||Ciliated,212I,Ciliated,827,IPF,-2.829526631007356,-1.6071676879564525,-1.4795253777900834,1.1195320360864607,2.6975529241818843,0.9998014513008364,-6.65735458079549,0.5010841325964139,0.4294611591086588,1.613877662775403,-3.5407965359898035,-3.6778879669112485,0.2403958858266992,-1.269983697314895,-6.8289485385569515,-5.600712174166348,1.1694793635623364,Ciliated
214I||Ciliated,214I||Ciliated,214I,Ciliated,267,IPF,-4.58257109623436,4.105090830434244,-3.081905621658953,-1.170100103843394,-0.44312695775269295,-1.1571294410411959,-5.54622880562032,-3.356712900080748,-2.347449944450924,2.4516528189672115,-7.8244564669102,0.7803713565487348,0.8950621362006028,-3.178081957177652,-4.194901054265369,14.253615011953702,-0.6523738085641724,Ciliated
217CO||Ciliated,217CO||Ciliated,217CO,Ciliated,77,COPD,2.0628106724409414,59.58864863818798,-6.804697657241368,8.282377283012195,0.8611510196793452,1.940325785558083,0.7246713409383608,-3.271245942183355,9.82583496141993,1.6229249678617284,13.729259001676953,-26.760335634643397,1.0117589792109163,-4.105303930257635,1.206126682167287,41.481842299788866,1.1671029130702983,Ciliated
218C||Ciliated,218C||Ciliated,218C,Ciliated,160,Control,0.7859872942483355,-63.79415625735819,-0.4606731106200064,-4.111109595365148,3.270912099807256,1.0866360518610922,3.819282590998663,1.5232600949609023,2.1328417306454655,2.115664165698163,0.4548042835730735,-7.755646420543846,0.9688338105091023,-3.474869212559944,-13.676402399742221,-70.39352986469736,2.028982949986956,Ciliated
221I||Ciliated,221I||Ciliated,221I,Ciliated,390,IPF,-6.072076182681235,24.067127548768777,-1.0961492358653206,-0.5941233277299932,-2.8963481895586023,1.0559530936139925,-4.082605381826074,-1.219727105264697,6.688678204405329,1.954105386293289,-2.5536770772587305,-7.527269777234274,0.14077547249182568,0.8469319826834146,-5.0510170079175,19.75650811977935,-0.03176417597305485,Ciliated
222I||Ciliated,222I||Ciliated,222I,Ciliated,551,IPF,-0.8419151224948076,48.65457630889578,1.743425659683024,1.912965553488999,-0.6175109002651195,1.5460269103984992,-5.319203598209257,-0.35954190177975315,0.7698464029681115,1.421115579320521,-1.6090366442695927,-7.724586855102905,0.1681920250440837,2.1610386413311704,-2.262208245928028,36.76741467385015,1.3797824402362588,Ciliated
225I||Ciliated,225I||Ciliated,225I,Ciliated,568,IPF,11.152265716519828,36.60820679276107,0.29137796324333504,1.3493035143820091,-2.2876994599813676,1.5369936514491842,-3.369974831543722,-1.1965863717873602,-1.2623398346359695,0.6005744924327007,-3.564625319063958,-6.1295049237122425,0.36745374157470306,1.4987600362237055,-3.300439393427955,31.508136459868243,1.8899204996098504,Ciliated
226C||Ciliated,226C||Ciliated,226C,Ciliated,104,Control,20.9549311995741,34.916510155477795,0.1435519034005737,-0.9585070731871258,-5.05168430284081,-0.900521785958154,-3.8314362911608653,-0.538996521004565,4.368303246083303,-0.29419853931064927,5.216017175581776,8.666096298179768,0.8440071110007825,9.79679392599301,5.142369746568471,-6.57184313622562,0.2097018302282457,Ciliated
228I||Ciliated,228I||Ciliated,228I,Ciliated,60,IPF,9.452362228753918,7.694358097879318,-0.808476238054628,-2.1141919559606253,-1.263428689210677,0.33861547214287785,-7.465589607363678,-2.3528812363955764,-4.3561071360431365,-0.6115132715638927,-18.829405774825574,-22.6723155507714,-0.7014880952668294,3.6330645514060143,0.20342214812716405,41.91285311118629,4.104943802343425,Ciliated
235CO||Ciliated,235CO||Ciliated,235CO,Ciliated,71,COPD,16.347099133252893,-16.446360817861596,-1.5357618927631957,-1.1099993245994084,0.9139605292190345,-0.9840964440583452,-3.596939445423375,1.0961720158169366,8.512163461442372,1.0542290279618844,7.0865824670975925,-0.3224549603827738,-0.03201289341116251,-1.1416041176764553,-10.423382374187549,-35.75076090460975,1.1106874695828923,Ciliated
29I||Ciliated,29I||Ciliated,29I,Ciliated,85,IPF,10.368565349442054,22.40879176491088,-3.312238348843436,4.7277811713254865,2.02387060565459,-0.44511665190402205,-3.2354820742473454,0.5120846371364257,0.9018573513045013,0.2276486671043499,0.22008075574059077,-12.914158398943693,-0.18010062957638964,3.9552166221839253,-1.552692713734496,12.638675462620187,0.16450874096063903,Ciliated
439C||Ciliated,439C||Ciliated,439C,Ciliated,53,Control,36.430985777238384,70.36639490122631,-0.10416747126929425,-5.57941208947584,3.979899257794708,-1.0064281612825534,-7.288692614237782,0.3058121915621723,17.736190827514797,0.7623492548834976,-6.820595477484848,3.4166439211692072,0.09200185801879075,-2.9212415890144663,6.032431244832867,39.52464856083734,3.5600986192481194,Ciliated
47I||Ciliated,47I||Ciliated,47I,Ciliated,66,IPF,-11.693765915544091,-170.65644127413623,-5.539740528172335,-9.174753515814835,-5.149489487681062,-1.7037873950978615,-11.587115647948961,-9.290036301176743,-2.859160153485225,0.3667704323554788,-18.238146639918757,-11.79024912678801,0.345186718395801,-1.2295440083721332,-13.305657768424636,-92.67847125225867,-7.499103167877537,Ciliated
49I||Ciliated,49I||Ciliated,49I,Ciliated,253,IPF,3.3040102168974035,36.293373848287594,-2.0900946295552134,-1.9422441194866915,-3.9024687618722185,1.9470206453649335,0.1960070381258749,-0.935846700294328,0.5658406567493609,1.1772093172103322,-9.518461924141118,-2.282006582209657,0.21524801456170425,2.3886842503607832,4.050540322395548,28.822075080214717,-1.074985327265955,Ciliated
59I||Ciliated,59I||Ciliated,59I,Ciliated,53,IPF,11.735762267627514,9.322002276483014,-3.134644260919053,0.4276222747447572,-0.41307437327879576,-1.073934126142065,-2.531367741594964,-2.0228178073717955,10.263114979909162,1.038160557915817,-18.10659751472067,2.4759060550505443,0.8589854612844612,0.2682448776574978,-15.575310947675566,18.948837853770517,-0.7779795802765532,Ciliated
010I||Fibroblast,010I||Fibroblast,010I,Fibroblast,55,IPF,15.717861618131682,53.30030191470862,-0.8957731599021229,-4.939300078544524,2.09869315140365,-1.4530521686660594,-0.4238708428736511,1.0610156540697755,0.6893183724941142,-4.33739346865985,5.716439326219898,5.991078208221002,0.2993184443475357,0.14020848044654338,11.229467650789113,21.239494368100654,-1.792198590867081,Fibroblast
021I||Fibroblast,021I||Fibroblast,021I,Fibroblast,120,IPF,-3.697122531444466,59.91786108481745,-0.24577584715391546,2.0115097342992136,-1.5783831977348366,3.3672014476157544,-7.729300780563889,1.6688354102504082,-3.8809560566628787,-0.5078666354127043,-3.483034154030882,-5.093204599003885,0.2259482226933075,0.21880287100106355,7.029347071431772,50.89272744324639,-1.6548464132869847,Fibroblast
222C||Fibroblast,222C||Fibroblast,222C,Fibroblast,85,Control,2.6074850020146374,-8.177602129787624,2.8778217935540824,-1.2293090606387338,2.0281332649181345,0.7398451660818939,0.8916810081191651,0.905161092723526,-1.6629412878052179,0.3598431389857851,-2.4559729844973424,6.160103765363329,-0.4667459034748638,-0.9826854376329478,-4.956172185636672,-27.914613257044817,-1.1486078109320794,Fibroblast
022I||Fibroblast,022I||Fibroblast,022I,Fibroblast,134,IPF,-13.468482802349179,33.62821832594965,3.8436565049022127,1.2922695895761616,2.7188688451718184,2.609922625167224,-2.4454848652645462,3.2378108680855453,-4.982895907872684,-1.2866300142657228,-2.64198413555302,-5.130653379648733,-0.4340493821210604,8.964627829686169,3.41520798846706,6.821282455008079,-1.0305872635184543,Fibroblast
040I||Fibroblast,040I||Fibroblast,040I,Fibroblast,102,IPF,2.6194679735010116,-2.2058765416958805,-7.713875530078405,0.6764102577937404,1.0373802878395817,0.042002340652989766,-9.773313864208273,0.9333264225791028,-2.0219428258688312,0.16019328745001304,-6.321589244225243,-14.390425193127472,0.10733894501656985,-2.3022165418267693,-3.3705344641181214,22.965467525987233,-0.9109545136915066,Fibroblast
041I||Fibroblast,041I||Fibroblast,041I,Fibroblast,92,IPF,-42.51174469064276,-84.50464084529662,-4.213262675010347,-3.819419525043947,1.935455158384225,1.1957944834586016,-20.457396771856377,1.9072553352247934,-14.98642777102871,-0.49863345150439414,-11.501142625414275,-9.036258872590507,-0.3095148473658595,0.41401919965831746,-2.630080985823945,-37.40529640464753,-3.7765876598665016,Fibroblast
051I||Fibroblast,051I||Fibroblast,051I,Fibroblast,144,IPF,-17.15452805611876,51.54210678386815,-2.0797847618097904,-4.876554223932713,3.2447289130905004,0.9541614274935161,-8.253026090019109,-0.7813470679811564,-8.308749085419228,0.6364746786057991,-8.406773228874435,-5.0849504909047045,0.7280624487903747,-0.44386367461224335,-3.1289506560066034,69.323767020668,-0.6579449933497361,Fibroblast
098C||Fibroblast,098C||Fibroblast,098C,Fibroblast,177,Control,18.892148247018064,23.137710891733274,0.5724481981287722,-3.231031337451411,3.1171728862629635,-3.6164681179864377,0.20840212322176838,-0.803277596894343,-2.2529060539632497,0.16026140297666153,-0.2378111447208677,-4.634875751616944,-0.5901857903062442,0.6034989901963699,-8.628447155166024,23.065471322289977,0.7286023486325839,Fibroblast
135I||Fibroblast,135I||Fibroblast,135I,Fibroblast,72,IPF,-2.919537530412382,36.91959824894398,-3.7827506077311246,0.8250312006819887,-0.49280092272998793,1.8718758729235376,-3.3400073755779824,-0.5172165000262309,4.295558153736725,-0.1873190625369661,-2.365063554213216,0.32694973401730026,-0.1524058005911847,5.263593248820371,-9.448547656881109,27.88758003575684,-1.941735084834639,Fibroblast
1372C||Fibroblast,1372C||Fibroblast,1372C,Fibroblast,190,Control,3.473264949586849,12.426753247325586,-0.06541201858544834,-2.203888921850482,-0.6244423554677496,2.559591246006943,-1.3490380349086677,-1.618407518995933,2.2367953008410484,0.5471965678778987,-2.3172962936808696,2.7824387911984636,0.9818247960377994,-1.0480410490946133,3.690923811628748,-9.258085269545617,-0.564262372265523,Fibroblast
138I||Fibroblast,138I||Fibroblast,138I,Fibroblast,187,IPF,-34.83808530862802,-63.314167271901795,-0.7485357548072159,-1.2713806530325211,5.968920738682856,1.2900043621616144,-5.971358726164992,2.5987063578004825,-16.157383892556048,-0.5603302225107933,-8.829607816057235,-3.81660018230459,-0.23987051916488816,2.3192927756995805,0.875776107160093,-58.68269631996941,1.234039905031525,Fibroblast
174I||Fibroblast,174I||Fibroblast,174I,Fibroblast,52,IPF,-21.998297426051042,-33.33431956657398,-1.9568996524540505,1.8620410749074228,6.757307313298873,-0.105318976382694,-5.027859850071675,-0.12631363865908998,-4.555837887975065,0.4519309829597672,-8.743419643573112,-3.756355536367235,-0.34467116297320327,2.2439361088915697,-8.013997581825409,-33.2004689889456,2.5047513044657244,Fibroblast
192C||Fibroblast,192C||Fibroblast,192C,Fibroblast,111,Control,-4.21999267034464,36.943965762267716,-2.9077793755100587,2.8591804897853668,-5.628634308540762,0.4563072553803716,-1.0732012521885812,0.5934015667478024,2.099369408272746,-0.23583651382323384,0.3074438780129958,0.01494178397301569,0.1746231218468156,-0.0015039315208550377,1.0356911196220804,21.231451234419332,-0.6583452823388378,Fibroblast
207CO||Fibroblast,207CO||Fibroblast,207CO,Fibroblast,65,COPD,7.956803662293871,45.95467439748423,-4.963030914396514,3.7517888931983783,-1.7462898975473387,-2.3308016922504846,1.018778859579325,-3.969017008132363,16.879549792213123,3.560779554841778,-10.002520136555853,-0.22807941778015745,1.6304635438462831,1.3869517915644873,8.57736110894419,14.173318113156775,-0.46143476132685757,Fibroblast
228I||Fibroblast,228I||Fibroblast,228I,Fibroblast,55,IPF,-13.542913320191017,-15.904025521823716,-0.5033568843691346,-1.8230629525588677,7.544621946852649,2.962240666084045,-8.71324111580266,3.1188999544279046,-12.578042190965057,-3.356377251182542,-9.046995389711741,-3.1288525292787344,-1.5917991450116833,3.885148683296658,-0.30853856489688275,-12.214781530413733,1.1732542135765944,Fibroblast
001C||Lymphatic,001C||Lymphatic,001C,Lymphatic,50,Control,9.779544864428255,45.08938158938799,-10.738936279582513,-6.439536296375054,-5.204886286728965,-2.388582763067621,0.3174944842676464,-3.2310044771073194,15.527787542711208,3.6453395716508283,-5.688476499563668,25.113023940921305,-0.03209095117195482,5.4963662339625605,-12.708828811467374,23.360912320027328,-0.616056707218004,Lymphatic
021I||Lymphatic,021I||Lymphatic,021I,Lymphatic,83,IPF,2.301084237186961,46.81098568363706,-2.941197171758862,-4.419330451718117,3.2521365925533283,0.7868011774838589,-7.222734605783133,1.5311716044407144,7.100229614151517,-0.3785319134031144,7.364125391929609,-8.352183998803138,-0.3072311475126477,-8.545553576195113,-11.841288599034229,49.249985227811116,2.85773097134575,Lymphatic
034I||Lymphatic,034I||Lymphatic,034I,Lymphatic,82,IPF,-3.8535350646644795,49.788730608346384,-3.2514224572347525,8.347150005131086,1.1485683683650159,-0.8555902852435886,-5.277144449652707,1.7457607406660887,-13.686530707809967,-0.3380787925971399,2.0287130372563924,-5.026525564022169,-0.38907097039973876,2.642859718373001,-10.834674252667492,52.65762927000847,2.200230380044416,Lymphatic
040I||Lymphatic,040I||Lymphatic,040I,Lymphatic,55,IPF,-13.027290667238669,-13.90252122902395,5.397558957827447,9.771335392062701,2.428019507571836,-4.956459840296804,-6.717155847909241,-0.19806298260349628,-6.371464764284967,-1.4653415708638091,7.083946781733955,-23.751393751078915,-0.0740658781332769,-7.348507115826221,-10.547541518759338,3.548345596107214,0.6214092372993275,Lymphatic
098C||Lymphatic,098C||Lymphatic,098C,Lymphatic,158,Control,-7.379916022646291,0.45155145670218505,2.750411285106299,-5.255404378250202,-2.641813488618441,-0.6184912587724077,-0.5668086996425974,3.3140503048803054,-5.055683459277667,0.12910894027403905,-2.5167758574394203,0.633021659164468,-0.7746965396335231,3.5461415046782316,-1.338190266114501,-12.279034330063624,2.4488594722817267,Lymphatic
1372C||Lymphatic,1372C||Lymphatic,1372C,Lymphatic,162,Control,-11.944776941421262,-15.099159844785847,2.2811347007188716,-0.37218788352383486,0.265371271817694,0.0223338430979804,-2.1649130617630057,0.7304994261398009,0.11357447619748715,-0.1653062112129406,4.263274294800022,-2.08561354347488,0.4168817521995752,-2.95038901648136,-0.0727089486816433,-33.059394388914725,-0.9985731238345301,Lymphatic
152CO||Lymphatic,152CO||Lymphatic,152CO,Lymphatic,75,COPD,-6.146146169175618,-30.40308206718759,-0.4980162995684045,4.63548322768215,-0.44680163665569517,-1.8696729977159485,-3.626628440405927,-1.2887343392287498,-4.10751683533327,-0.7612475759316654,-0.03919190627973507,-13.364437156233269,0.4980374620043702,-6.701451150867095,-7.213136980584368,-21.22617964732565,6.92955564112614,Lymphatic
153CO||Lymphatic,153CO||Lymphatic,153CO,Lymphatic,65,COPD,-15.843517198848435,2.9922600910430326,-5.70328203537222,7.659898294669947,-0.6639341444810556,-2.836240977087185,-6.275856392494635,-1.2660233595071135,4.817708646720127,4.0732056447707485,5.893951724919712,-17.804093497279542,0.7579222403294376,0.04589514395062451,-12.569465432261984,7.9252479592477,0.26046970678891707,Lymphatic
192C||Lymphatic,192C||Lymphatic,192C,Lymphatic,125,Control,-3.6963906256515013,-0.18508955009906686,3.358504203963845,8.671313281012214,5.75432880468779,-2.326259540744544,-2.3803240533556322,1.839902353578978,1.2819641725009598,-0.5916382251458477,5.825084785706265,0.4433463642356445,-0.09808742722164193,-0.08682480798900362,-0.6303236888077339,-41.95425279949935,2.031320458849666,Lymphatic
296C||Lymphatic,296C||Lymphatic,296C,Lymphatic,81,Control,20.252133516546323,38.5179329641819,-1.6956424832441301,-3.6936465358113804,-0.4783202862660734,2.1369173322398805,2.0143476649131786,-4.582557424637381,1.5640260262427086,1.1863082717310363,4.366337157139715,-4.696507494163676,-0.12501808490059266,1.1952329638276111,1.9451036967187039,22.13484799609867,-1.4303524038360134,Lymphatic
001C||Macrophage,001C||Macrophage,001C,Macrophage,390,Control,24.560257219801596,68.85461098677759,2.8161098104747597,-3.6895535753313284,-0.7082538693007844,4.58380251278311,13.86214987568733,-0.11206808706237087,5.91410326334403,-0.7303215863602418,5.704798238247788,8.587096464906384,0.41462977786440885,-5.896475194018631,8.03757516927115,10.047695697778869,1.3464659203636433,Macrophage
002C||Macrophage,002C||Macrophage,002C,Macrophage,436,Control,23.079711820708148,25.12270916256648,-3.220279536051907,1.967094999193086,-1.1070009315551455,-1.5153430821470069,12.329963964457374,0.5021563606910373,5.510997512391263,-0.0421817540741165,-1.4320621237453317,16.248070795316874,0.3151337281139779,2.101588176306833,10.112143493844837,-33.71183209742715,-1.612596910877681,Macrophage
003C||Macrophage,003C||Macrophage,003C,Macrophage,1097,Control,5.3304884415255565,11.765692513990974,3.130822355610778,0.674383436818465,-1.775600947569006,-0.4844340463171829,-1.7190936998183814,2.537757448908469,-4.676181150565926,-1.2997537109905166,-3.972361512235349,4.593139786896787,-0.5427729714882802,5.2832103124747,-1.321246158845637,-6.323592280724101,-1.0154409162934384,Macrophage
010I||Macrophage,010I||Macrophage,010I,Macrophage,2031,IPF,18.12601985221392,53.50146187690844,1.5916689799661103,1.9464716935572697,0.9154982887945123,2.6593874708582446,2.846309064181844,3.4973368562760423,-2.3981651993411064,-1.8427225717162117,-0.038215879491780326,-1.418359252506769,-1.0654866504351055,2.193725739996787,0.4433223723869729,25.03128659630363,0.4625477999484291,Macrophage
021I||Macrophage,021I||Macrophage,021I,Macrophage,612,IPF,10.93660442163382,55.76851169361562,0.8466531688288579,1.5572941006179926,2.487496947065504,9.648963990240453,-13.726683127514692,2.2453714916515786,-17.31575554457118,0.1267473143545336,-4.360477313079584,-17.681970363864878,-1.1878127750691552,-1.353637637229357,0.09095446854482363,76.55525295299218,-0.8407425474813746,Macrophage
222C||Macrophage,222C||Macrophage,222C,Macrophage,2583,Control,-3.300268980566392,24.99331867083499,1.851981069951652,-0.6542269236471148,1.1946956202513024,-1.7182227803415786,-1.4553893831433826,2.087795583433289,-4.979397664229392,-0.05493140162795102,4.81190917935779,0.6258613336295096,-0.05663563336230227,1.3510108105794358,-2.7410342212101866,6.283968332074775,-0.23092181901050587,Macrophage
022I||Macrophage,022I||Macrophage,022I,Macrophage,1145,IPF,0.928108533304142,44.68956389533928,2.8607010243251896,2.4536743963987035,0.2982378530351573,2.1308402459581686,-9.525168218415972,3.8035616277931728,-11.43558785473849,-0.8967455322339144,3.313728800920851,-4.674560182386378,-0.6949421289470807,3.1787010242406777,-1.1806992602404827,35.19261078740293,1.18835474409734,Macrophage
025I||Macrophage,025I||Macrophage,025I,Macrophage,845,IPF,16.31572287014438,42.67137093416664,0.06784127137181598,1.4373743329275335,-0.24376177402014645,2.127862687216259,11.484917301192857,0.06431273003275167,-3.053677203880394,-0.09033650085605377,-0.778919537834201,1.3112604990192964,-0.6987551042383173,2.15525098264336,-7.856384400783808,23.71361484070267,-5.646085757456569,Macrophage
034C||Macrophage,034C||Macrophage,034C,Macrophage,481,Control,-11.274062222798863,-94.22204602091793,-2.707685518613174,0.8562861400856289,0.7616905107321826,1.0972045429686765,0.6143421317430938,-6.34028088521059,-4.892378213913673,-0.3772879830440549,-6.566312488270702,-2.2676726901564286,0.1699061327376103,-0.8052155810891236,-2.290978610439397,-87.4470352267582,-2.7034848498194637,Macrophage
034I||Macrophage,034I||Macrophage,034I,Macrophage,1656,IPF,-10.079264679669691,-30.9030718552756,6.029521461149174,0.20714625946423332,6.576271117784545,2.7985927911537902,-8.925097387815471,3.12509674283648,-18.7755343252872,-2.5705379359403837,-2.695346135897302,-5.770814993910103,-0.735519401444849,6.507768659718262,-12.561148194807243,-24.107743879067552,1.317416798658447,Macrophage
040I||Macrophage,040I||Macrophage,040I,Macrophage,1639,IPF,-6.778215274447947,-28.34259596360281,4.190331017372776,3.1266448585513458,1.6169357400035977,0.584193811571947,-5.266584873915022,3.341760057876824,-12.393836400325242,-1.828242475257842,-4.320529116384499,-2.8002189175464522,-0.43342130194202155,2.192626470540193,-8.022278039971436,-24.653432067370982,-2.3534012949355896,Macrophage
041I||Macrophage,041I||Macrophage,041I,Macrophage,2008,IPF,-3.4890181895455923,7.254447014111954,4.829794459183862,0.2546197517985166,1.9461054177982435,-0.851702831311129,-2.8928698197307674,1.0759081092446143,-10.83270196006004,-0.46329309183279255,3.3939849201383665,-5.757666576452824,-1.054896037052309,5.228350234628577,-15.600643109523057,9.349113048022934,-0.046512068869919786,Macrophage
051I||Macrophage,051I||Macrophage,051I,Macrophage,4120,IPF,8.759960833609671,9.615217384103204,0.7877869217115543,0.9170210582088981,4.101837391830866,-1.182577515609664,-8.357400489112807,2.4259180604293116,-14.579318798741918,0.22712534607414883,-2.668486154780003,1.3918256979912003,-0.6584372508664245,6.113436862252339,-6.641964178114396,8.547735502596858,0.5138583621036471,Macrophage
052CO||Macrophage,052CO||Macrophage,052CO,Macrophage,109,COPD,-9.96320005916618,64.17105497276432,-6.59005591987267,-8.365787742716421,2.7194605735959465,16.603674139484795,0.9830033770007961,0.14054858134682272,-7.001576919860825,-0.7135515776437938,-1.974630406321619,-8.430776049132321,-0.4769633720666322,-2.6643029078199794,-17.676391731598624,74.39566401900537,4.5458843412340375,Macrophage
053I||Macrophage,053I||Macrophage,053I,Macrophage,1707,IPF,9.911732624728701,13.375336053335323,4.073832094865752,2.7590685932305106,-2.434356377746813,-2.41774628394242,1.5089807280150178,0.8255768917110787,-5.565867941241589,-0.7723925534191316,-5.540226856142906,6.166708352213732,-0.4132969875596827,3.0061935430320914,-2.766797510957688,-3.2667065073891255,-0.4644896994631027,Macrophage
056CO||Macrophage,056CO||Macrophage,056CO,Macrophage,463,COPD,8.840815339715375,112.16162493921826,-1.7964604408284144,-4.061766304343392,4.1697960029345555,6.985447409295304,4.727807120785048,-3.4191342997444942,2.5866345883697166,1.585678057746525,6.1305176174405664,1.0221340397957586,-0.059004278190705584,-1.9040354319233956,-0.013065267514329508,78.31030229468546,-0.780082737419721,Macrophage
063I||Macrophage,063I||Macrophage,063I,Macrophage,544,IPF,37.5578670162189,44.00512574774182,4.60622192231019,1.236560600912389,-0.019479984053068253,3.3935750037993357,-10.88647389396023,-1.1729350403426753,-13.593211722001806,-2.6439138250661984,-2.898094971591469,1.4352805508847835,-1.4640912668048787,3.120209353523165,-4.815444388891501,48.28691197276177,0.7431548681323576,Macrophage
065C||Macrophage,065C||Macrophage,065C,Macrophage,1123,Control,-5.4517788509804195,17.465551399438528,-3.975776774225582,0.3434802848560429,-1.3236154353961942,2.4687219270849674,-7.0378721153284625,-5.766234316356489,1.71417109634029,1.6260302204693609,-2.6578207604241677,-1.369758732069559,1.0704045041198504,0.7696041818378179,-7.1975072093806185,21.240677603151905,-1.1158096433702134,Macrophage
081C||Macrophage,081C||Macrophage,081C,Macrophage,830,Control,-16.78452368792627,-17.653637587898288,-1.8369267148568258,-0.43451521762680584,-2.2772835249387104,4.77879992470992,-0.8937520355557829,-1.5117092656603317,6.849915386359526,0.16683927220771624,-1.3579556255675191,4.448919439942185,0.323455933278866,-0.813603117811292,2.3634391448165872,-44.33985343764489,-1.796264317680709,Macrophage
084C||Macrophage,084C||Macrophage,084C,Macrophage,157,Control,6.556762116461501,99.40485939909236,-3.623184419629738,-4.572080319615985,-2.206077029182808,-1.8420816237206423,2.0956218542421974,-4.7872528335426505,7.74002223763319,5.3118769796849685,-4.22596657413837,-8.483524205061638,-1.3541579875415648,3.0832756822247225,4.455193652531779,91.2160769056325,-2.079739488552989,Macrophage
092C||Macrophage,092C||Macrophage,092C,Macrophage,1345,Control,21.12467727027088,8.909963363095141,1.7531000857774586,-1.0980098742476938,-2.4700158241939407,-1.5590296021064292,4.909163088831216,1.6977061989094973,-5.367575054012865,-0.4262170311152696,6.9729080824161835,9.139125257586207,-0.41909178570556793,4.013731130362515,3.670574923242575,-27.881948510352863,-2.7013142904255107,Macrophage
098C||Macrophage,098C||Macrophage,098C,Macrophage,1333,Control,5.359674083174983,8.962861963137952,4.56378571452326,1.5815501550739333,-0.7815317316052796,2.518272307618752,6.578557880853331,1.874202972006049,-4.703108329985042,-2.224590697953154,1.1561038575153617,0.7047113294471979,-0.3267208020150063,0.8160668640042055,-4.788614493224692,-19.190686303328455,2.5080066720779266,Macrophage
123I||Macrophage,123I||Macrophage,123I,Macrophage,751,IPF,12.436028526366194,35.879611082144265,2.093363397993617,3.5503464697091474,2.586697729282902,5.269291544710272,7.636852050966538,3.1871685126070974,-6.716870082294002,-1.913214357089915,1.6465095785191903,-7.386010208585649,-1.433295831925666,0.07181383938985922,-8.120157915678384,15.014612546458112,1.715647239951477,Macrophage
133C||Macrophage,133C||Macrophage,133C,Macrophage,4339,Control,9.04111653478278,-2.370645926955681,8.007529702309572,1.3982701988775752,0.3360161790247379,-0.43402242108074535,4.862518191898006,1.6038614178047288,-2.7647702553707214,-1.8749201609692008,-1.1988564033648474,0.8562583787650022,-0.2439641917188748,2.5929854464677384,-7.141592199349826,-27.058985011907897,0.012168633529479661,Macrophage
135I||Macrophage,135I||Macrophage,135I,Macrophage,3638,IPF,5.076254962232496,13.850949407636847,4.767390644913562,1.2325040415096358,0.28987225337617273,0.31350958851419275,2.766003214309655,1.2745805482782233,-3.87760204234585,-1.8927980756656106,-1.3504590358243898,-1.6758931000683872,-1.3268713629959052,0.9476794024014006,-2.1755412365328715,-6.156397230441171,2.0381152300786014,Macrophage
1372C||Macrophage,1372C||Macrophage,1372C,Macrophage,1774,Control,-13.059503353610578,-17.540279478602468,0.6773238684178623,0.9674951015037034,-0.9379635944655692,4.615855948153143,-0.037256408395914556,0.2805859717328065,-5.427072910964323,-0.1396876124129331,-0.587662245372963,-6.108744615703142,-0.04706243624193732,-0.12629063766821683,0.12963254400777127,-30.160485818102615,0.6841967987801273,Macrophage
137C||Macrophage,137C||Macrophage,137C,Macrophage,478,Control,-1.1785521257366631,-21.603482224850474,-0.15988829751052736,3.3774479533039505,-0.6770062232777303,-0.4442361252225309,11.796669393043247,-3.356377977040365,7.825847939720153,-1.5987606894186248,7.026883025218321,-6.322832304201196,0.2979568066591536,-4.714523593911218,2.077419792879293,-51.6579208074258,-3.7510176857960604,Macrophage
138I||Macrophage,138I||Macrophage,138I,Macrophage,1889,IPF,2.5212838254246073,23.340737808119123,4.862959466235627,4.1880512112032715,2.3688722227675183,2.145217052468591,-3.0369796705499486,2.544401257212477,-15.221219594124241,-1.8752479290575104,-2.8239056991670326,-4.272306082221126,-1.0418919550378378,0.49702963919040016,-6.657885855697866,21.085667003915713,1.901120172851555,Macrophage
145I||Macrophage,145I||Macrophage,145I,Macrophage,1333,IPF,6.902207425856117,12.126958108941322,3.260427365074678,1.7073438108825851,0.077374059202471,2.5809362145994026,8.175886969449234,1.0851891612934288,-3.8363578519500927,-2.319872757189708,-3.2293612110977583,2.4144664039419963,-0.6479690019996516,3.292616925256319,-2.5774116096938906,-17.939460411251417,1.4062934742941662,Macrophage
152CO||Macrophage,152CO||Macrophage,152CO,Macrophage,541,COPD,-8.812567291201988,19.489419073611955,0.33111889136581596,-3.6618167436005007,2.8105359537664563,5.717953785835936,-2.7892052095434092,-0.24299970177182978,-6.083877284282353,-0.9316068539022222,-0.07641524156542162,-2.864162662800946,-0.36715178019812283,3.1822687095173263,-7.452392001629569,10.685863720691541,2.554448923599739,Macrophage
153CO||Macrophage,153CO||Macrophage,153CO,Macrophage,481,COPD,-12.209525213838909,10.806591325467041,-6.432446281770154,-8.303364990239091,0.9129943042433004,3.6121534258582493,-0.5874474235965684,-3.414478003246946,-2.34823921514002,0.25242237739197676,-5.3063978598352595,-4.189070850163616,-0.23824460046812249,-3.8879374119886907,-10.270998341484981,35.94597370284241,-3.615184075065021,Macrophage
157I||Macrophage,157I||Macrophage,157I,Macrophage,3222,IPF,14.22373342995842,28.19070172380649,1.7693522304855813,2.0056602674758413,-0.41332894117053104,0.6357895136111023,4.866362108282588,0.269054077650841,-2.1865904336881425,-0.43997102874329996,-2.1075510737517518,-3.44325722619261,-1.0660054643842625,3.2953435688050052,-8.34496506093084,14.39304027017967,0.2809123480476569,Macrophage
158I||Macrophage,158I||Macrophage,158I,Macrophage,2453,IPF,20.142063197756,64.74161727599228,4.825146403166711,2.0481908110056097,-0.7954764113344082,2.619380195124259,1.511980713219367,3.938209930857701,-0.5500579606395641,-2.046805230578587,2.2037078146001257,1.0059089590520571,-0.9531545013984583,4.146790370338046,-1.3570863011942662,27.078263002553154,2.3897629130908955,Macrophage
160C||Macrophage,160C||Macrophage,160C,Macrophage,2666,Control,13.719472694739329,64.06817264530069,4.981062294696209,-1.3577807356963796,-1.1506621035828342,-1.8638359024709843,3.4366607486893144,2.105707304304443,-5.746798815205639,-0.5461510991050932,-1.0424968616330395,5.933878482220564,-0.01097270148665659,1.7573092608276177,2.571168404430875,35.5633212965544,0.7609065046282698,Macrophage
166I||Macrophage,166I||Macrophage,166I,Macrophage,2495,IPF,8.490029277538232,23.033921338180903,4.239058284244289,-0.0265144326356569,3.107170126875959,2.012889443805141,0.7445567138832861,2.1364220745811857,-9.997291776146886,-1.6773237613845233,0.4872530551927858,-4.709685092212875,-0.5429933549762371,2.580121968491362,4.790142852592455,-1.1104704864834012,2.3237291542244267,Macrophage
174I||Macrophage,174I||Macrophage,174I,Macrophage,1503,IPF,-2.4822648042155113,-14.113912761355252,3.0674101444658786,3.139812464904025,-0.8719070734885815,1.7734606059389892,-1.8737947600258344,-0.3881195192966746,-5.123341561091645,-2.0011037665871023,-1.2698597445931898,-3.5683838613655774,-0.986175738309445,2.973849940854368,-7.125595462304482,-23.218075212429547,2.6810542138439537,Macrophage
177I||Macrophage,177I||Macrophage,177I,Macrophage,1360,IPF,14.78488980444553,17.389202889157616,4.326228026105194,0.3801202202163183,-1.2129205911418293,1.2523647452951574,4.616749541421776,0.1795290397314332,-2.7722931866413076,-1.7266838197120888,3.4236067511751966,-8.600597169795128,-1.0156693078986763,4.1043791585868945,-2.1930403064244643,-2.9876261245810665,0.9381993446906198,Macrophage
178CO||Macrophage,178CO||Macrophage,178CO,Macrophage,400,COPD,6.904876899470006,-7.0322145144541715,-1.5482819395455028,-1.9447957945713983,1.234928077186282,4.869228403200038,2.203320931024403,-3.8151859529390415,5.03066070639851,-1.2923791640285258,-15.330395700357835,6.348075723090065,0.25530873422938294,-2.237196699152129,-16.07859516945104,-3.5181267696326572,0.1143635319657011,Macrophage
179I||Macrophage,179I||Macrophage,179I,Macrophage,2283,IPF,1.507890526111625,-6.834199730637216,4.562987250188421,1.6023798832764615,-1.4665007644923085,2.8831860861353316,2.250939667612166,0.3301170967126408,-4.881569494183451,-0.6679300944807385,-3.4207981633349194,0.7599170288715092,-0.5468890378250396,5.25397521205036,-4.973533498801151,-26.83246871813698,-0.36486875235904465,Macrophage
184CO||Macrophage,184CO||Macrophage,184CO,Macrophage,774,COPD,-9.385651546727305,42.95874939974903,-1.0083368581295253,-1.999865026237398,-3.3108274021802546,2.1334975232116835,-2.019495022606463,-0.17099590895228775,5.68896631508168,0.643557954735339,3.169985227487186,-7.091735405718205,-0.7727690032753557,2.6012470004469326,4.376471434243771,19.240074181647117,2.8021178218652087,Macrophage
186CO||Macrophage,186CO||Macrophage,186CO,Macrophage,688,COPD,8.268837158173794,51.72101961876632,-1.4452338740402197,-1.5382965788058005,0.799518461496837,0.15535345419750898,3.676021714837085,2.0126280995379657,-5.076817926574285,-0.7354339228837876,-1.2333519383850677,2.013818894185734,-0.13046720997371808,2.592036035408608,-2.854677652582426,31.167272103955597,3.6417933902626514,Macrophage
192C||Macrophage,192C||Macrophage,192C,Macrophage,2797,Control,-5.5510458705172825,-24.85274844807755,3.3597908821684666,-1.9952501488259247,5.166735082151087,4.188627068395767,4.759792827532789,1.3329325404697856,-4.32234548130267,-1.1214349749803658,2.9490226619585176,-2.5136414347832803,-0.13144344696650603,0.7123890450558138,1.3762495999261308,-56.87325393670143,-0.4177753003052305,Macrophage
192CO||Macrophage,192CO||Macrophage,192CO,Macrophage,411,COPD,22.074388180432386,99.05294551326864,-2.1241161374519075,0.7790971144131194,0.9669277188387919,5.65383673971475,0.038514783457468664,-0.7742983613744332,3.814173535941793,-1.5060605185657716,4.461609219962047,-0.5194287333460582,-0.15845380898057343,1.6551331250521901,-3.026899769017215,70.94320284986773,0.17285118662719928,Macrophage
193CO||Macrophage,193CO||Macrophage,193CO,Macrophage,295,COPD,1.096459163279319,-19.379047669526088,2.2458301957688644,-0.845893435840351,-1.4913590877106637,7.989644870036701,3.200642379495958,4.671164845203807,1.3698683895360186,-1.7139108252618835,2.3079951953515523,-9.993136891420358,0.41790096581894365,-1.8839646891349826,-0.41982450589046877,-48.72952053498361,4.818658891374602,Macrophage
194CO||Macrophage,194CO||Macrophage,194CO,Macrophage,1137,COPD,41.28258706077993,115.56872823689874,-3.29737225555368,0.8427251179191326,-0.1989590149524323,-0.14006230630012728,0.47523892560737957,1.259032115244375,4.748036886962937,-0.024112042432919038,-1.8696486645204506,5.915943669147058,0.033019612693744545,3.0773403468577496,0.23282260588732262,84.88360250558603,0.9542641666232489,Macrophage
207CO||Macrophage,207CO||Macrophage,207CO,Macrophage,491,COPD,3.0309539483214905,41.67216060580027,-1.098756318153118,-3.788849276095484,3.1921045216524853,6.605007301464676,-0.026940677733270704,-2.5894752685607116,-3.0743868461646064,1.269916252130594,-7.379595962653765,-11.445349914635074,0.15831656273942557,-5.535879450755888,-6.698023982059872,52.247436367865056,1.1597807286302912,Macrophage
208C||Macrophage,208C||Macrophage,208C,Macrophage,1407,Control,6.166434844279849,35.37142021626305,-4.253926105394433,2.08714226685095,4.562413589625347,0.4268517048606899,-1.0454373243890367,-0.8021290030826335,0.04918831106010704,0.509904512488675,2.2490877842395673,6.352595163174008,-0.19524124874618548,0.9929074544801604,-1.353736447062369,7.327563404516135,-0.2126204144875021,Macrophage
209I||Macrophage,209I||Macrophage,209I,Macrophage,2228,IPF,4.826489906807263,-3.429104927934733,5.02197226701374,3.6746589565797856,3.3820715996278796,-4.315557612941949,3.6904298694454276,2.1451757490048635,-12.609178661051715,-2.4734863729441994,-0.28953558379467387,-0.792483339042598,-1.529934100188133,6.396516045332615,-9.3329933889014,-15.41720885431416,0.34359193011024314,Macrophage
210I||Macrophage,210I||Macrophage,210I,Macrophage,1379,IPF,7.440899507674036,27.9784668293685,4.065691480337207,1.9181968647423568,9.355264228937772e-05,0.6767980571279982,6.79667523836608,1.0643907657831675,-5.313776266658416,0.3863088703385376,1.8963808508016273,-0.8244008014386232,-0.6932265856440168,2.8546200056915394,-4.941981196513035,2.635096652578076,-1.2192572269159792,Macrophage
212I||Macrophage,212I||Macrophage,212I,Macrophage,1788,IPF,11.54487380214322,-15.643157593982753,1.8871766784584334,3.387215792375245,2.2308022698690673,1.3673861403148566,4.503124689626885,0.6439907012521059,-5.893441672891943,-1.607337163842743,-3.94617571001071,-1.5414777476224943,-0.5249527948706466,3.4121998778363594,-15.79165830522399,-23.297718359674093,0.8508514422912679,Macrophage
214I||Macrophage,214I||Macrophage,214I,Macrophage,560,IPF,6.293174062857614,16.91475380058384,1.0131546975967576,-1.0307624776325017,2.7048846653391965,-8.139568001414398,0.7415810184465053,0.007608772390509638,-3.326138621842522,3.063449602068133,-1.5881165036591562,-1.9009502289728295,-0.09495436099863759,-2.9404243671309955,-15.439056072327896,23.854635245354675,1.3125538652374946,Macrophage
217CO||Macrophage,217CO||Macrophage,217CO,Macrophage,172,COPD,22.98503785337867,-3.988656740426776,-1.06621287370798,-1.5107292494048248,2.35136802768042,12.140298519688251,-15.6035374155613,-12.086526282776621,1.1267259466734567,-3.547967505574475,-13.094839898139162,4.819507489644725,0.28388763168589365,-5.066929790592892,-21.29344969718323,29.057600576121654,0.8252912128898028,Macrophage
218C||Macrophage,218C||Macrophage,218C,Macrophage,3659,Control,-5.779144252397275,-46.705688141667316,3.066806303068958,-0.7933027998569591,2.159847966623398,-2.4658421875469325,3.02756977205547,-0.7482087225434144,-6.154409727343546,-0.8211638077667726,4.525621192575182,-0.326998485491526,-0.46665401542717366,-0.6300249041330788,-8.930491592454766,-61.728323412789486,4.9030297112333185,Macrophage
221I||Macrophage,221I||Macrophage,221I,Macrophage,2746,IPF,12.124777096223195,-8.03565280398563,3.6282697947630083,2.2988881036824096,-1.0537894032359676,-0.24909519122334528,0.8097160785077996,-0.0942566997832823,-4.259204150259494,-0.7442565037735815,-0.39727986656353975,-0.7751298780136486,-0.438602253631911,3.7157462901448444,-7.240183938396027,-21.06474978062173,-0.8485819737108241,Macrophage
222I||Macrophage,222I||Macrophage,222I,Macrophage,3723,IPF,11.00575739528509,16.877760112834213,4.349661217178423,2.9932777415877805,0.7933034395191927,-0.28219347204971656,0.09110372832664587,1.6119704730049382,-4.434608457093514,-0.950338353297749,0.0024340916812171666,-3.7029646989193132,-0.6644105490536402,4.947714822067686,-8.052827433315551,0.2026520455758597,1.2961289494923112,Macrophage
225I||Macrophage,225I||Macrophage,225I,Macrophage,5193,IPF,-1.6977619340886763,-2.80702948951405,5.621717195073383,3.1802399285816665,-2.5023624793813246,-0.22872118110865636,-2.9129341380341787,2.8117631602886366,-10.475500555864818,-1.432772018439843,-0.7818469342933917,-6.539871995462145,-0.28414450496507365,2.108737715484932,-7.382930893533684,-1.6977882269610638,-0.9674711290280856,Macrophage
226C||Macrophage,226C||Macrophage,226C,Macrophage,9042,Control,2.8647565402232193,-36.14527984926092,3.346843770583265,0.6736102662757474,3.9140319268721107,5.2032334142276095,-0.841491087058053,0.7213720157105317,-2.6896031334731236,-1.0280379351483675,4.084510192929324,-3.099529513059014,-0.6650368953248061,3.165555094554942,-7.429147611563685,-62.55014349245603,2.3716965695389667,Macrophage
228I||Macrophage,228I||Macrophage,228I,Macrophage,2032,IPF,-6.56784448480046,30.632655721288994,5.8030500080513265,2.4088061635271085,3.6736132182798915,1.70652583790857,-6.803471896748522,2.336247362506225,-18.217651977687694,-3.151312741421286,-4.119009374330228,-7.873434739369442,-1.1366790793590111,3.0733988536612262,-2.2402579996411722,34.952420431580045,1.5435550862022334,Macrophage
235CO||Macrophage,235CO||Macrophage,235CO,Macrophage,420,COPD,-11.171153408239299,-15.891267632138318,-6.492097977477334,3.090644094883918,5.894586067971122,3.0764119866111264,-8.68521737257776,2.022112310228456,-12.871077515415019,-0.4107990410669771,-4.235009564357835,-0.7668552260215383,-0.20107090528117008,-2.315480039735198,-9.934571537813973,-4.0053304916358,1.2656310114199998,Macrophage
237CO||Macrophage,237CO||Macrophage,237CO,Macrophage,690,COPD,-6.543929997291772,96.05673716306826,-3.893218131319715,1.6881866896345747,-2.7798914179028564,8.797691766671353,-6.320660646470979,-4.467458003487771,0.27773114774556984,3.740544248610049,-3.4069348070275094,-1.7019679219774653,0.21987012788274835,-2.668176792701738,-7.87915865491243,96.70616130208256,-0.9328383118880029,Macrophage
238CO||Macrophage,238CO||Macrophage,238CO,Macrophage,399,COPD,-3.0878181505126214,67.5473754627713,-1.038288380399191,-0.757704873045396,0.22742744294792697,11.339293682145126,0.05028649342270027,1.0133532618542525,-6.632483250588768,0.23772004626664264,0.751544597109511,-1.1500758238279707,-0.374159447677943,1.3759833777176518,-4.003764799536796,47.52343395569444,0.3079526125591445,Macrophage
23CO||Macrophage,23CO||Macrophage,23CO,Macrophage,219,COPD,3.835033282088317,-8.305048441787301,-1.6465953875009254,-0.383355400797702,-1.588704737883113,2.2130760956763518,-6.754096816970364,0.9416447076277431,1.7305562278625861,-1.7883206734503903,5.853946934064211,11.620479715587187,-0.9520250962600153,-3.344721457798192,-13.280297475905154,-20.599560278707468,0.9960686345382299,Macrophage
253C||Macrophage,253C||Macrophage,253C,Macrophage,226,Control,-12.40011409815658,9.602677954076754,-2.868860083735259,2.1551354478925195,-0.5194919039244476,-1.5267492907431541,-4.501228807905554,3.8031690355024517,-4.812508750294562,0.07187925114250103,-6.919542935996357,-4.5386735600178,-0.592137231822785,-5.6576299991277965,12.335699165130912,5.12137305555758,-0.6246120057111624,Macrophage
296C||Macrophage,296C||Macrophage,296C,Macrophage,636,Control,9.297236540477458,77.06854366813062,0.496368731392991,-1.1990595459969617,-1.9671498649358177,-4.845052288966895,-1.0389728452977187,-1.7485839534025032,3.232931920948167,2.573157564921304,1.1650800762449458,-1.114884562915321,0.5216300747743302,-0.2742781637490956,-2.244134023581126,69.52059154209104,-4.685957561526293,Macrophage
29I||Macrophage,29I||Macrophage,29I,Macrophage,463,IPF,13.228629330159512,17.66829301431915,1.5524359805101788,0.6548757218175592,-1.7064592368391949,1.2917773764284928,-1.7191854599362026,3.7927454045099322,-6.169979298768484,-0.7843357657318556,-1.0518051259555072,-1.8609828214188815,-1.4280689177896018,3.6613358304594916,-13.098153076461399,13.94481507272206,1.9124207626428775,Macrophage
388C||Macrophage,388C||Macrophage,388C,Macrophage,811,Control,6.419482800055948,48.00216433503033,-1.5604414832066493,0.7368896569896058,2.770444367158943,9.203102663990771,2.3085479766158836,-3.245257460156258,0.7813378427164682,1.2214807090689528,-5.478574467567314,-13.088781481154024,0.4725982917527994,4.98149630092436,-2.309887336371209,37.76639989905874,-5.234047712920415,Macrophage
396C||Macrophage,396C||Macrophage,396C,Macrophage,368,Control,17.27865512132451,71.1886843259712,-3.604462465423018,1.423762105853351,-2.607094605220375,-14.809048581746374,2.268776868368881,0.9515299634736514,0.6860431471136458,1.7456008805633285,-7.126737836041479,5.650442579974807,0.5770360070382805,-3.930215933184011,-6.364125287786289,84.89001969571036,-7.239698780853644,Macrophage
439C||Macrophage,439C||Macrophage,439C,Macrophage,1129,Control,6.679952260318287,22.635747717901506,-0.2078584816154724,-0.6334792264087318,-1.8993181456005412,7.317173844250861,6.794801177836974,0.26135555343003897,6.84085986468637,0.3985052258490161,-1.3888761460517263,-2.568058652483093,1.453433653495646,-1.8912980241643906,-5.544020964404633,-4.024729337089132,-0.949599191959376,Macrophage
454C||Macrophage,454C||Macrophage,454C,Macrophage,467,Control,14.496985391723923,10.38514624023831,-3.1608303193649077,-1.292722340954776,2.9695281282040096,9.42504503482753,6.396509058185571,-0.6876580911536939,5.904639394719138,-0.11274079409180027,7.360856901269973,-0.8440547671934919,0.14982054768382747,-2.9387354169730355,1.3029534192755265,-34.94347509961212,2.179154017287104,Macrophage
465C||Macrophage,465C||Macrophage,465C,Macrophage,183,Control,-1.1646243457587422,-48.729045822435076,-2.126181199183415,-7.753140187688107,-2.6162263721109458,-1.3967670040881566,-3.073879839080342,5.509026093441952,2.809426029258148,-0.7190527200125618,-3.911421629659799,-7.421897432585003,-0.15182531964120025,2.2847486159731516,-10.235644324866314,-38.523745013221365,-0.07932208710083172,Macrophage
47I||Macrophage,47I||Macrophage,47I,Macrophage,975,IPF,12.682832807575961,49.03701666300012,-1.2772481514461516,1.7324501168973991,-2.323837697389877,-2.5547913069618744,2.223171127111475,-3.0449930368265745,0.3795692289655631,2.089017855878513,-4.365633246863229,4.361904266508442,0.3578682305421088,4.100658723511752,-6.793901906011174,39.248703512516315,-3.7727776215621605,Macrophage
483C||Macrophage,483C||Macrophage,483C,Macrophage,690,Control,32.595885265664585,62.21709452041841,-0.3076395764849952,0.4894341390601309,-4.082555946805497,-5.2763337659470295,6.865439659188692,0.16246353953871462,-1.552852509864364,0.16021239388166328,-0.7823791937266266,1.118864572994611,-0.2429629795487893,0.3128484429025867,3.6907095299860835,42.239151382127766,0.7458382649854913,Macrophage
484C||Macrophage,484C||Macrophage,484C,Macrophage,276,Control,-8.815113430110744,-7.020721480904373,0.9501476179655833,0.7985433547905764,2.8260990148390306,4.714483370135469,0.594889200304898,-1.716676148678957,5.581959387486003,1.1893440577288363,-1.7567571775884228,-2.1308408568820933,-0.4845426916869595,-0.24881376670375174,3.2956334419103444,-42.29749625682767,2.986449404173284,Macrophage
49I||Macrophage,49I||Macrophage,49I,Macrophage,1896,IPF,0.20283297526256563,28.22832110435379,2.4091464087910337,0.32815635510629926,-1.508049576078374,5.093231516604761,0.3890124441589551,1.2785633899889577,-5.355323125906063,-0.36208325646840867,-3.663045315546436,1.931277625755218,-0.6290290070308238,0.07516238625660719,-5.551768384976974,17.587021337379294,-2.470808261809831,Macrophage
59I||Macrophage,59I||Macrophage,59I,Macrophage,266,IPF,4.6183930310450085,-12.648866768631606,3.1748937153297514,3.164940368095831,2.9049908077637356,-0.17235435530456575,2.1040914375673965,0.6073318623579836,-8.730043205110848,0.7406846543290032,-2.935258213690411,-5.7863961391346574,-0.9994875535561474,2.778553835003206,-12.522591803155242,-17.327641281707272,1.672562534451009,Macrophage
8CO||Macrophage,8CO||Macrophage,8CO,Macrophage,63,COPD,-11.663973346419567,-24.75197262368548,-10.309224091566774,3.1136453882795982,5.669266716379753,4.8156002655572205,-17.525459647250155,-0.9476543813007758,2.800743581974097,-1.1599847142366753,0.9637912223016869,-13.291846528230538,-0.9264875552394223,-5.496019802589287,2.1332725349137562,-17.020448837530584,3.7519766567229875,Macrophage
001C||Macrophage_Alveolar,001C||Macrophage_Alveolar,001C,Macrophage_Alveolar,480,Control,8.607784457320877,38.39039415720682,1.9307683949522854,-2.7351962469756566,-2.301758200254192,3.5207458474191444,9.425032308620898,2.128432091392213,3.2807478141754998,-0.18166530008053056,2.080538595690777,6.477007687637983,0.3917546121619022,0.9626936840862387,9.758034781613835,-15.214688450658986,0.19108996929565855,Macrophage_Alveolar
002C||Macrophage_Alveolar,002C||Macrophage_Alveolar,002C,Macrophage_Alveolar,142,Control,14.441147933397806,-41.9422203733976,-4.83926131224348,-3.721793878585446,-1.6890722402745133,1.6241367098173805,0.7928788088923449,-1.9696053708104124,0.6219383789282258,2.058799723973648,-3.9403471585678767,13.100692568368835,0.23459782154860423,-1.5477513417584186,-9.488913085838234,-47.9624631701798,-3.892913394797698,Macrophage_Alveolar
003C||Macrophage_Alveolar,003C||Macrophage_Alveolar,003C,Macrophage_Alveolar,953,Control,10.546252097934934,38.17592430710253,1.5324824695652142,1.791555417919414,0.07919719179569694,-0.15497286235107696,2.4661782490998845,-0.3092674333038566,0.9114534675465601,-0.6499181766207538,-1.0163402576469316,3.4076403126254475,-0.2032553321838207,3.8594030133191577,-2.3945666861198425,11.64174937866563,-1.4622710133377317,Macrophage_Alveolar
010I||Macrophage_Alveolar,010I||Macrophage_Alveolar,010I,Macrophage_Alveolar,771,IPF,15.785650826110512,57.83646483017822,1.5684987679967286,1.6333577662625378,3.457767915967246,1.0887644188263996,2.26471708693488,-0.43174975193012066,2.7669749581095338,-1.7618206432546433,3.791754473900856,-5.108284713131699,-0.7226983423538488,4.463283735679141,2.3853442289932643,23.9778855963386,-0.21418723629026995,Macrophage_Alveolar
021I||Macrophage_Alveolar,021I||Macrophage_Alveolar,021I,Macrophage_Alveolar,210,IPF,-5.494749320468604,-11.555236090570688,2.979655359313193,1.3822336493531335,3.082454825325104,4.989373924958692,-15.838611428952618,-2.4419745384880147,-17.844953441981023,-1.5206934795230511,0.1980448386111635,-19.273681169379284,-0.6501182581066144,1.588871241614285,-6.3720948566413105,19.07655984986801,0.41284082532817973,Macrophage_Alveolar
222C||Macrophage_Alveolar,222C||Macrophage_Alveolar,222C,Macrophage_Alveolar,2779,Control,9.011835624116674,50.04502125835837,0.8136914295149298,-1.040667673284003,7.250730207013425,2.435809901436419,-0.6520203590933629,4.321864755467173,-3.9361338181569616,-0.0068473083034788435,6.865766901713029,5.556713731842714,-0.1736019788382892,0.3949634139876481,-0.10186227696720179,7.966909974572057,1.6728477893244431,Macrophage_Alveolar
022I||Macrophage_Alveolar,022I||Macrophage_Alveolar,022I,Macrophage_Alveolar,1079,IPF,-7.245234824868365,-1.8669272256011713,3.2086281204254297,3.6441486053312997,2.614202251977085,-1.7973434567092015,-13.738258778215723,1.2114914787160924,-11.122723432437398,-1.1936579483056515,0.7316322712522096,-5.092450706860941,-0.5347855461466738,3.4131185087506495,-3.386171599319414,1.4178955330175527,0.08049090479378726,Macrophage_Alveolar
025I||Macrophage_Alveolar,025I||Macrophage_Alveolar,025I,Macrophage_Alveolar,1761,IPF,-6.081961319844622,7.607635204489619,1.563345711612058,2.2905110603812617,-3.0914979508912004,-1.6963256122423185,4.730142040945122,-1.0119777590364458,1.1537469736938646,0.4068576951409195,1.7218910389102164,0.8277513484308396,-0.583883824665223,1.9425251623999076,-4.29720473814092,-13.105464844273396,-1.919637665904661,Macrophage_Alveolar
034C||Macrophage_Alveolar,034C||Macrophage_Alveolar,034C,Macrophage_Alveolar,120,Control,0.33635724012905477,-112.02966147744907,-0.5904043013759752,-4.251411071616781,-0.9726963123710144,4.9580330116598965,-11.134945064814266,-3.5182876948706796,-5.909880855426311,-0.08153016999336235,-15.583628813020903,-4.110052677901616,-0.21688318270067625,7.009745934467319,-0.25529877020041464,-92.95435649708261,-3.0949215803306678,Macrophage_Alveolar
040I||Macrophage_Alveolar,040I||Macrophage_Alveolar,040I,Macrophage_Alveolar,1700,IPF,-24.16399095326992,-53.425408134253885,5.521559438747286,3.885713431567467,0.06224349818180635,-3.6494569068514657,-0.17228991247778,-1.200711834725894,-8.041576512896903,-2.1000214746089196,3.928545554079184,0.3948371130214618,-0.45636489267633656,3.068367218599366,1.2258922532585323,-74.16624814675127,-0.40275352885018095,Macrophage_Alveolar
041I||Macrophage_Alveolar,041I||Macrophage_Alveolar,041I,Macrophage_Alveolar,360,IPF,-12.981235080387556,4.014088039670052,-0.20581559650723233,0.6779916396165723,0.6345727211332542,-4.478647502485636,-4.845533226534989,-2.775958703319835,-7.018928905137784,-0.949080287101738,0.4279783519592646,-9.556746718238974,-0.07368892930945417,3.796370061734121,-6.5077854441062835,16.935379131596704,-0.7228751217575273,Macrophage_Alveolar
051I||Macrophage_Alveolar,051I||Macrophage_Alveolar,051I,Macrophage_Alveolar,74,IPF,-8.24513268093083,14.093844931868352,-0.9058632226069023,0.9613154465256301,5.575077290848524,3.901966943855784,-25.264680967661572,-4.153330008844267,-14.990660898387752,0.6650136033945341,-15.696238518884902,-7.280020697923278,-0.42118934687151344,1.6298432885049816,3.3573236750926476,50.558254453522814,-2.5198226768262493,Macrophage_Alveolar
052CO||Macrophage_Alveolar,052CO||Macrophage_Alveolar,052CO,Macrophage_Alveolar,209,COPD,2.5972175229089474,51.018850436776205,0.6410859295905981,0.4653930494760452,1.6427630420320842,9.210486878402252,-0.9739124187023153,7.70074115998622,-9.788330710211882,-0.5247619213535035,-3.036753458996496,-8.54092013889685,-0.46735341180093376,2.3278338284272357,3.399598186574766,26.412826488942727,3.8732973651766796,Macrophage_Alveolar
053I||Macrophage_Alveolar,053I||Macrophage_Alveolar,053I,Macrophage_Alveolar,525,IPF,-7.218077998135054,-13.545104260949051,4.030931827192516,4.285341726356348,0.8793781213664748,-2.23052341620814,6.086937442582034,-3.166398267644981,-4.965909675586888,-1.516529517676712,-0.4180717087280618,3.0274253840953613,-0.5734400223249569,7.994803172150357,1.7106031769176855,-45.077239769466416,-2.2892693021029333,Macrophage_Alveolar
056CO||Macrophage_Alveolar,056CO||Macrophage_Alveolar,056CO,Macrophage_Alveolar,1189,COPD,12.395699337613381,103.79224143750488,-0.16062090102669102,-2.245250128396383,1.0028253799284317,5.502164123902602,2.985510896970959,0.30858917287361864,4.220772850413776,2.0479559902018636,1.8186391844973884,5.911682397488487,0.157946729855808,3.29778504716606,-0.15791092976165053,58.998750151479975,1.4265449037808622,Macrophage_Alveolar
063I||Macrophage_Alveolar,063I||Macrophage_Alveolar,063I,Macrophage_Alveolar,2047,IPF,9.228179669689489,5.502741056325515,4.035212745297661,1.7005300424725982,1.0539834522340417,-4.091855396545531,-8.626998423440723,3.2215252983960743,-14.013477869671103,-2.4456386067824867,2.6718603871016624,-3.8708945565622304,-1.7067686592753164,4.932036650843787,-2.8447848506323994,5.015137760350918,1.7960165144089564,Macrophage_Alveolar
065C||Macrophage_Alveolar,065C||Macrophage_Alveolar,065C,Macrophage_Alveolar,366,Control,-7.770426109892739,6.0725861252726645,-4.929888161918709,2.315791127847133,-0.07305416501640152,1.2381104052220675,-10.076708927174524,-5.113462513279952,-1.9669728150490622,1.7336787226430497,-2.7201296370876547,-2.355762829261419,1.3304762987437693,-0.5415010196532123,-3.388590538479419,11.164293926652592,0.7794496829546971,Macrophage_Alveolar
084C||Macrophage_Alveolar,084C||Macrophage_Alveolar,084C,Macrophage_Alveolar,191,Control,8.263860696758456,-6.430655176703031,-6.10904098489649,1.6274720255499247,-2.980381739167821,-4.79210191305548,-0.08507761421920654,-4.538133465246694,7.88394275542083,1.3736979963725025,-9.429498887778022,-10.887162045695204,0.5621392761381176,-1.7994232968235666,0.6437737172001156,4.227338338389492,-0.8050559070206866,Macrophage_Alveolar
092C||Macrophage_Alveolar,092C||Macrophage_Alveolar,092C,Macrophage_Alveolar,2633,Control,1.5894023569236193,-26.147139902977212,2.4388026946199863,-1.251528667778709,0.2935769384751371,-0.8892119946917658,4.2970222101750934,0.9484921304498847,-0.31944018757537934,-1.9888654648924504,6.394221641338502,4.082555359865672,-1.047240201786568,3.52542263250993,-7.646235718143462,-53.625633582911135,-0.03593426076162846,Macrophage_Alveolar
098C||Macrophage_Alveolar,098C||Macrophage_Alveolar,098C,Macrophage_Alveolar,4160,Control,-1.36019079448257,25.86866646562555,7.612783902342672,4.104441869209461,2.961920007800988,0.640353291683529,3.0772777452352567,2.3141479744052713,0.09552571250154122,-1.609626610894818,4.260142216986099,-4.113214132705276,-0.7094517657125565,0.08318262232291179,-8.42797746929381,-5.2971657615925665,2.1994702952072034,Macrophage_Alveolar
123I||Macrophage_Alveolar,123I||Macrophage_Alveolar,123I,Macrophage_Alveolar,246,IPF,-3.9115445615588813,-23.008451071320227,3.75109152817078,3.437935402361445,5.500097388852805,3.1815726992879716,3.9751525441992657,2.468932738501473,-7.912059171045687,-3.8225337665223913,11.25597324386603,-8.350735893233272,-1.2623693181762243,-1.752863730733539,-0.693936178735647,-55.99888215041568,4.537317024172824,Macrophage_Alveolar
133C||Macrophage_Alveolar,133C||Macrophage_Alveolar,133C,Macrophage_Alveolar,1136,Control,-7.439571199738067,-29.45299031296544,8.279098479644976,2.528499422305012,-0.8371772989101571,-5.504072401866054,0.9854467627383459,-0.08941907182623694,0.09436001674079043,-1.969806139792447,-3.1758599499588507,-3.9636125550983228,-0.629325971302948,3.2924374915834322,-3.065046696312145,-44.31204854304426,0.23667957400387188,Macrophage_Alveolar
135I||Macrophage_Alveolar,135I||Macrophage_Alveolar,135I,Macrophage_Alveolar,349,IPF,-5.499049276715597,-25.468471791206145,3.2536367229409513,2.3607322395445403,0.9948521934351688,-0.2929957132305786,3.603931549353861,-3.023351340827824,2.4042761388420733,-2.2883023822684114,-0.9034952838015892,6.15659311959411,-0.8438868826834325,2.891825580089528,1.5191861460960092,-61.30573085508592,1.3274004086658957,Macrophage_Alveolar
1372C||Macrophage_Alveolar,1372C||Macrophage_Alveolar,1372C,Macrophage_Alveolar,844,Control,-0.5417152936750257,31.759007523057303,-0.019850430205239647,0.4971456917931501,1.2306312338326322,2.835591280573441,-2.2630747748825484,0.9580732541453374,-4.432830869813331,0.6097526500837266,-1.3575468355941196,-9.260283917844687,0.014439537245041581,0.7992748233383873,3.3030189151104894,19.909374426670983,0.25843597047442163,Macrophage_Alveolar
137C||Macrophage_Alveolar,137C||Macrophage_Alveolar,137C,Macrophage_Alveolar,217,Control,-2.7108915549884087,-3.696970304602577,2.5115325966143653,3.124330996700846,3.7020384274155056,-1.1977198787357433,9.256507527037733,2.2632704208437513,8.53437916308326,0.7871393077526585,2.421871551657741,-4.093085133617848,-0.5045969853332887,-3.6404743599371687,-4.807520901128128,-41.72078085666488,0.9892812515788495,Macrophage_Alveolar
145I||Macrophage_Alveolar,145I||Macrophage_Alveolar,145I,Macrophage_Alveolar,1337,IPF,-2.9190434531232325,24.678842097280533,5.816055712449753,3.4753238973652327,2.3865184606259553,3.1730461251575734,6.361246142982393,0.3545935769795214,-2.323719828239028,-3.3580856589949217,4.624489421972264,-1.4191152078127311,-0.32649033337222244,6.934864757507842,-3.4659753256375194,-18.846991313265832,2.616225101432586,Macrophage_Alveolar
152CO||Macrophage_Alveolar,152CO||Macrophage_Alveolar,152CO,Macrophage_Alveolar,2146,COPD,-10.230134303450239,7.216223621153544,2.0551351142716836,0.5338498012295144,4.589102919668629,1.9728392063334135,-0.5659318013639826,1.8096463971388685,-4.94805803633329,-1.279861351413289,6.252125922719894,-7.225956721296198,-0.17965322645072415,1.3388179792658896,-0.5516937623994587,-20.78880079843508,5.527805410088058,Macrophage_Alveolar
153CO||Macrophage_Alveolar,153CO||Macrophage_Alveolar,153CO,Macrophage_Alveolar,2113,COPD,-1.5853934411688766,25.680462491564413,-1.7936993918493958,-1.1815135333240099,1.7801905874526334,-2.16416216382739,2.2775556615360504,0.7231557384610376,-1.6481903660691302,0.8541618152907424,2.0808365395687853,1.5192222508246978,0.25325623926255375,1.6599689056237188,2.0582297953546558,-2.4262485820070294,3.010842427136843,Macrophage_Alveolar
157I||Macrophage_Alveolar,157I||Macrophage_Alveolar,157I,Macrophage_Alveolar,825,IPF,-1.52649426874637,-14.999404096672944,3.392245448871637,2.2315135839832094,2.0938527289122035,-3.945432807818761,1.9604425919438708,-3.268435373400223,0.13750551271097458,-1.9073907777171273,4.624058156560139,-2.834483555390603,-0.753039080244471,4.585228220720957,-0.602382926328115,-40.67040450477249,1.2804621171663002,Macrophage_Alveolar
158I||Macrophage_Alveolar,158I||Macrophage_Alveolar,158I,Macrophage_Alveolar,1374,IPF,3.212355264565455,19.28683063539382,6.171280928099898,2.5399846995240414,0.6175865494371708,3.0631441289833607,-0.7401199760771033,-0.3665624679168126,-2.765051110510732,-3.149047030159894,2.5343048344200976,1.7105191238999273,-0.882995477615205,7.714215810225577,-2.1652675309976246,-15.309362574941142,1.637344160892655,Macrophage_Alveolar
160C||Macrophage_Alveolar,160C||Macrophage_Alveolar,160C,Macrophage_Alveolar,1141,Control,-0.37218362205809447,39.904450909097335,1.2718617648346704,-0.7215045726592365,-1.1212767023296455,-4.947403033359139,2.223343754015781,-2.163221424360605,-1.2928983989611327,-0.06846891064740943,-0.2923762759128767,0.07743206008919756,0.0011042604737798354,2.117198428192455,2.5906783313545163,23.531876990632043,0.021248069605315084,Macrophage_Alveolar
166I||Macrophage_Alveolar,166I||Macrophage_Alveolar,166I,Macrophage_Alveolar,1361,IPF,-11.116128628333088,-25.246219494265336,3.306927748008151,2.04240737113623,6.023632662949798,-1.233934098738766,-1.602880471832335,-1.421632467061718,-7.79486985178156,-1.7704419544957826,2.3333934098911984,-6.748209915614146,-0.4080410448978357,3.8276914707390906,3.5874138686515002,-45.22411092501542,1.1595781356666872,Macrophage_Alveolar
174I||Macrophage_Alveolar,174I||Macrophage_Alveolar,174I,Macrophage_Alveolar,1470,IPF,-16.698099819480365,-36.806164532353115,4.160187375732487,2.0479093280482954,2.0525225407931424,-1.7852385996685447,1.0160227991840438,-2.86282307291356,-3.845156389046005,-2.187456125778999,1.9482833356682634,-5.890537819076354,-0.3806255854368367,3.5792788807326756,-0.9722447181932715,-54.461428806074665,2.0982857555467,Macrophage_Alveolar
177I||Macrophage_Alveolar,177I||Macrophage_Alveolar,177I,Macrophage_Alveolar,3049,IPF,0.7524137695953689,39.18676319618115,3.0984450955274596,1.4241208268418732,0.1525394964963025,3.022455559360375,3.7259636767449127,-0.2440483389343762,0.4575591676717566,-2.076901589175452,6.227593437072101,-1.5781696299231358,-0.82574088014377,4.069388919009849,-1.8949445508650584,2.9006244685113645,2.051020969857598,Macrophage_Alveolar
178CO||Macrophage_Alveolar,178CO||Macrophage_Alveolar,178CO,Macrophage_Alveolar,6349,COPD,1.5846099217948526,28.88060405568341,-1.8138138056510231,-0.17933764366573235,-0.6715621449308135,6.722632642181437,4.511786952239696,-1.109856522357234,1.7360890659685309,-0.769165939475286,6.568786848146103,0.6320204474181741,0.00015682166679435326,-0.15012983453357504,-3.5272999345974085,-3.6757461577534913,1.9291866928976606,Macrophage_Alveolar
179I||Macrophage_Alveolar,179I||Macrophage_Alveolar,179I,Macrophage_Alveolar,707,IPF,-6.209040013921119,-25.704297039698677,1.209214576312639,2.676214311086861,1.9738876460765684,0.2825349458906976,6.3909631068912045,-2.302163795053633,-3.1282708729580153,-1.8596918936761595,-1.2940517923308805,-0.8995520097332456,-0.7869181476127866,5.134088905434656,-4.551465594649772,-47.00609324527448,-0.21984974823192863,Macrophage_Alveolar
184CO||Macrophage_Alveolar,184CO||Macrophage_Alveolar,184CO,Macrophage_Alveolar,1029,COPD,3.3554924161131137,37.09522676234175,-2.113348064043331,-0.12219012301161754,0.08181659250080206,1.4767739948717649,2.691618265628032,0.5298746829176987,3.182946995926741,-0.2410602564475246,3.505350868921733,0.14758095032003818,0.12832970601122903,0.6292878039643431,3.0392580554769433,0.9031375555579866,4.578993165617312,Macrophage_Alveolar
186CO||Macrophage_Alveolar,186CO||Macrophage_Alveolar,186CO,Macrophage_Alveolar,1722,COPD,16.02246077591589,42.629395945923896,-1.8251630148762439,0.41191210726476735,2.7865236028446203,0.8947262556961741,6.2597000761622335,0.9089738338335464,0.06302014572801258,-0.955355332593234,4.766301713353483,2.624199468256745,0.172986239659695,0.6178304055729059,3.6238602298990927,0.6616670236787114,2.941356623313813,Macrophage_Alveolar
192C||Macrophage_Alveolar,192C||Macrophage_Alveolar,192C,Macrophage_Alveolar,287,Control,0.7600355268188322,-5.817929916736795,0.8850994557959205,-0.5219982022641079,3.2400222706288844,2.9824093555570426,-1.892919968562501,2.4706178748148657,3.7658391548979546,-0.6373857898459349,-7.540210070579403,2.5803382589728994,-0.45427122192961655,-1.5949302704992088,-3.907089125364433,-19.551143762637484,-4.319164443851396,Macrophage_Alveolar
192CO||Macrophage_Alveolar,192CO||Macrophage_Alveolar,192CO,Macrophage_Alveolar,2554,COPD,7.544794142515548,31.641035811346487,-0.733314564427619,-0.006762428359987943,1.0314969459110312,2.238843449752089,1.7912712599179748,-0.3954492156771723,3.0396207827764785,-1.040808336797486,6.7128300180771046,-1.7554047698213198,-0.058396655687555546,2.002975419194504,-0.2501788776693062,-2.8481542586313875,3.2356104746595893,Macrophage_Alveolar
193CO||Macrophage_Alveolar,193CO||Macrophage_Alveolar,193CO,Macrophage_Alveolar,1616,COPD,11.60477114120676,66.54082532890621,2.886021156918337,0.41679091146238945,1.608213836314252,6.366858251632118,3.5037820078544777,1.7968082619075303,2.2189521261279896,-1.3884160208710687,8.803176767506235,-1.0913861681634665,0.03488895206079929,0.5712805285152406,2.6337599968883407,14.200720057611088,5.302518095012334,Macrophage_Alveolar
207CO||Macrophage_Alveolar,207CO||Macrophage_Alveolar,207CO,Macrophage_Alveolar,477,COPD,0.05877533566609118,12.53925569640691,-1.001634424091755,0.027333538098829234,1.8741612124822928,3.930573759649436,3.998439971233336,-2.1957658761410714,-2.778527332730688,0.8954973405764922,2.104790999572127,-7.650397069759699,0.475765569780855,2.143708719408915,3.437122421880912,-14.974687875402099,3.5760181737193584,Macrophage_Alveolar
208C||Macrophage_Alveolar,208C||Macrophage_Alveolar,208C,Macrophage_Alveolar,340,Control,2.644642285101116,17.04997465026898,-7.851994847772313,0.20690425109230345,0.8953456514222837,-4.70458854638084,-2.420343927882781,-2.5941969218973564,0.7321202653661812,3.716833693837667,5.073659201111199,2.6036138870834797,-0.2937242806222022,-0.017941387873684968,-2.4416641425522023,8.319985322560749,-2.8508901353531493,Macrophage_Alveolar
209I||Macrophage_Alveolar,209I||Macrophage_Alveolar,209I,Macrophage_Alveolar,591,IPF,-8.941671309861993,3.4032591936334065,5.375904118873664,2.649240869444334,2.8387752506946478,-0.6920610688395357,2.0427065741058703,0.6457690449795684,-3.1394634216427253,-2.5500783655972725,1.3973125958325936,-4.32597630464886,-0.4809398942519484,4.904318401910818,-4.213241202058284,-22.6803054924172,2.9544415191181215,Macrophage_Alveolar
210I||Macrophage_Alveolar,210I||Macrophage_Alveolar,210I,Macrophage_Alveolar,486,IPF,-15.442693367553177,-15.723572817447995,0.9564358258269011,2.100333965930568,0.26023602622891856,-6.623248965735548,2.61524010746079,-4.016195866931574,1.2125734571175202,-0.9431842715589345,2.4612351526586904,-2.275314136849663,0.30081572300773274,2.440923405504048,9.971228684645402,-43.34648632181827,0.4849778289355506,Macrophage_Alveolar
212I||Macrophage_Alveolar,212I||Macrophage_Alveolar,212I,Macrophage_Alveolar,596,IPF,-4.94943718847869,-10.003466744778471,0.6246728291400128,2.824518130020341,2.6032257607684786,-1.5701718579474313,4.0283934018102965,-0.7217933360239871,-2.408143195297646,-1.8027983221610882,3.895932330265435,0.006200450240457797,-0.4985618425815343,4.452865281295791,-7.4479422955050545,-34.241399793291436,1.5746791463592655,Macrophage_Alveolar
217CO||Macrophage_Alveolar,217CO||Macrophage_Alveolar,217CO,Macrophage_Alveolar,221,COPD,-3.684634687910971,12.682095628127483,-4.224765838090764,-0.9271181005183743,3.6688936596783606,6.1703041196219095,2.9538173564287717,-0.352098472902745,7.988860694582883,-0.11704379492950961,0.15759625897240187,4.66545472705786,0.4488683622567788,-6.664467196500773,-8.378626946716805,-15.015072138345396,3.630636369403176,Macrophage_Alveolar
218C||Macrophage_Alveolar,218C||Macrophage_Alveolar,218C,Macrophage_Alveolar,160,Control,-12.784117234392914,-33.41181032651281,-10.537895515707362,-4.894567087715948,2.2430575198465137,-17.447016990881114,-1.9829078323199885,-4.675809707208847,-10.817325734946632,1.8762306704666716,-0.6830869204599098,8.04445955156553,0.09299569975430456,-1.2608055637640523,-9.544006383664978,-6.917521227333245,4.415532627726581,Macrophage_Alveolar
221I||Macrophage_Alveolar,221I||Macrophage_Alveolar,221I,Macrophage_Alveolar,575,IPF,-15.817107978351173,-27.869229367974757,2.4463876265618345,3.2938261971185723,1.3307474269442434,0.5481879419965722,-4.028166212494805,-4.066505337323266,-2.630539597937258,-2.323964603798132,4.4285060769623525,-3.1847205641963265,-0.3193951211968939,4.987949252853236,-5.073251725385598,-42.794450889265285,0.839303593056465,Macrophage_Alveolar
222I||Macrophage_Alveolar,222I||Macrophage_Alveolar,222I,Macrophage_Alveolar,824,IPF,-1.4273213212162976,6.291056438279783,3.714354155186827,1.8594369108136903,1.7660274037289854,0.24533323878145674,1.0304291164345765,-2.413392054303421,-2.2631459117505313,-1.4275412785178805,5.230442320967802,-1.683821377613669,-0.4654286222451264,5.770498179044258,-2.4128781493383973,-21.754112071265542,0.4179980102271579,Macrophage_Alveolar
225I||Macrophage_Alveolar,225I||Macrophage_Alveolar,225I,Macrophage_Alveolar,2893,IPF,-15.239007603924827,-23.527152171680335,5.522973701375961,3.5765819671993238,1.9879854455100683,-2.101350331918462,-3.372106376245765,-0.9064528434220026,-9.321962425549367,-2.22980304189584,3.2596806333187707,-4.901210049567882,-0.1634702114735228,3.110996463167382,-2.8823117081851346,-33.85978584399458,0.07622588187112907,Macrophage_Alveolar
226C||Macrophage_Alveolar,226C||Macrophage_Alveolar,226C,Macrophage_Alveolar,225,Control,9.294931661220321,-57.547535582998265,-6.0426542478347764,2.644252406221659,3.0863869185063417,4.368985824644074,-3.3955978956366857,-5.873173051832185,-4.4791257610649815,1.4166613949786893,-7.533791751890824,1.9598943525412993,0.3387856273279263,4.937572498279049,-11.212729676218373,-52.767179979002854,-3.6726788101463974,Macrophage_Alveolar
228I||Macrophage_Alveolar,228I||Macrophage_Alveolar,228I,Macrophage_Alveolar,183,IPF,-19.911734587653076,7.076104273707674,7.374894694987523,7.7902551445367765,8.109301646383386,-3.6644811430878743,-10.7337237806781,-3.4047969471642308,-16.61889345493798,-3.1739978902199124,-2.3010347734479493,-16.91305342242461,-1.2594765148520768,5.333833592599239,-5.724885299733752,29.101089098867963,-5.5157832452503985,Macrophage_Alveolar
235CO||Macrophage_Alveolar,235CO||Macrophage_Alveolar,235CO,Macrophage_Alveolar,1787,COPD,0.5026437041951508,46.30786805500182,-0.8470278568384272,2.4659560483767886,0.9641069484985693,3.561472753126684,-2.032733523475604,2.0542393945161037,-4.242817405944824,-0.11177154012882899,4.1392747273586386,-2.0941186826330545,0.2046209439039642,-1.626824698949379,3.40642367320734,21.1332150803642,0.6569956254900459,Macrophage_Alveolar
237CO||Macrophage_Alveolar,237CO||Macrophage_Alveolar,237CO,Macrophage_Alveolar,163,COPD,4.147025032575554,-43.398708317846726,-4.604593806384989,1.6327058083230093,-1.3052873714648587,4.756615741761341,-8.750824683031155,-4.374223139723709,5.821262112489429,3.185823416815013,2.783082451131406,-7.606923013051634,0.43802410523221735,-2.3036533951238805,-5.789696863259059,-41.69298797431248,-4.264888275376757,Macrophage_Alveolar
238CO||Macrophage_Alveolar,238CO||Macrophage_Alveolar,238CO,Macrophage_Alveolar,630,COPD,9.692556558560709,39.63228066375965,0.8336786440522804,3.717076425361085,-0.5009615124878665,0.5541687157429543,0.4929188465641166,0.4117680676257452,-6.167722810916917,0.4934618387965167,9.660064389653137,0.11313088510508305,0.2673986917869781,-2.634152932902651,4.639821134577798,9.63463642509617,-0.559862712424367,Macrophage_Alveolar
23CO||Macrophage_Alveolar,23CO||Macrophage_Alveolar,23CO,Macrophage_Alveolar,913,COPD,3.0341054107926557,-8.54830941184999,2.0323897312367873,0.6953125713974515,3.6457162718672964,2.0564323784959737,1.2787507592756233,2.272108850482637,-5.711034926010316,-2.876297302496471,8.304361992822697,-1.101492829719841,-0.9086259928469673,0.8840242499970559,-6.01123193792234,-34.19944773984743,2.4138679432882726,Macrophage_Alveolar
253C||Macrophage_Alveolar,253C||Macrophage_Alveolar,253C,Macrophage_Alveolar,124,Control,1.3125315677248401,-15.37087874463267,2.5602617012314646,0.01565583823282607,-0.21862207983579635,-7.419704060866554,1.5111364716444586,3.5903506927555138,-3.8199690211271453,-0.5372125957301368,1.1246860973321342,3.5023320364570756,-1.2934177579998074,-2.074355688895873,7.53383734669904,-42.28035610150631,3.7576418088464427,Macrophage_Alveolar
296C||Macrophage_Alveolar,296C||Macrophage_Alveolar,296C,Macrophage_Alveolar,1276,Control,6.671398805579733,54.804184730218054,-1.9084083271425096,-1.8475425024152878,-3.915135593281328,0.7081151452802132,-3.2715241355374927,-2.5262742194145367,3.8157042160086587,2.578118654855228,-4.874527651150356,1.7265676668050745,0.9199640500452517,-1.7188944728890485,-2.874993184890341,48.59920863238987,0.7169498834250629,Macrophage_Alveolar
29I||Macrophage_Alveolar,29I||Macrophage_Alveolar,29I,Macrophage_Alveolar,451,IPF,5.40921081970329,-18.430033403317825,-1.5920891637989278,1.7032406853625324,-0.277908076008138,0.8784608394874587,5.619735545579744,-0.6538640982672377,-3.9082347029614413,-1.9845045889381354,2.3090003028513313,-6.102275368007223,-1.232288370130342,1.2019259653778864,-6.584758588910859,-27.86272977308988,1.3793994200057988,Macrophage_Alveolar
388C||Macrophage_Alveolar,388C||Macrophage_Alveolar,388C,Macrophage_Alveolar,953,Control,5.400446118116607,-12.440279752359062,-2.5702616352073386,1.3661474215064748,0.7476960221176416,5.8461881310890345,-2.443218366947376,1.1872386564910837,-1.9779883547360864,1.2266138853324104,5.380355574157846,-7.111945313227088,-0.098246322788258,-0.5787281073816247,-3.9235820621847455,-25.853115286443682,-2.3142905622669536,Macrophage_Alveolar
396C||Macrophage_Alveolar,396C||Macrophage_Alveolar,396C,Macrophage_Alveolar,587,Control,-23.843978678860044,-5.345390830881411,-4.157670503646659,-2.6529679949533005,-5.188198078800007,-13.69749072825713,5.180030125043137,-2.2575454430081603,5.947295203938376,2.1142684177987996,-14.835828845867177,4.8569159820823495,0.8937888961465823,3.3711887684345214,-3.485289171733793,-1.1392034825776798,1.0284594563890146,Macrophage_Alveolar
439C||Macrophage_Alveolar,439C||Macrophage_Alveolar,439C,Macrophage_Alveolar,2474,Control,-1.9959684143047989,21.798687276791966,1.6706340985475654,-2.344872285215527,0.2228476669167759,3.974406876318805,2.7726721215259214,0.440759108352509,2.2547626007355146,0.6302385333948125,-0.3985222063888489,-1.4793618838674665,0.9747106207231634,-2.2069810927810463,-1.9573867776349894,-2.0965751808793,0.6644985089143834,Macrophage_Alveolar
454C||Macrophage_Alveolar,454C||Macrophage_Alveolar,454C,Macrophage_Alveolar,61,Control,5.858243184158368,-54.16376083103349,-3.6567038407048513,-5.033952855546063,-0.41737400006843767,7.601345264198252,-10.858606298757236,-8.120769404588422,8.205188026201496,-1.6107781609951113,6.5635831495422075,-5.761884665966883,-0.406114315296944,-2.822382493031593,4.3293227315189595,-55.604160897590724,-5.24732963807793,Macrophage_Alveolar
465C||Macrophage_Alveolar,465C||Macrophage_Alveolar,465C,Macrophage_Alveolar,822,Control,-0.788344941708594,-25.379127023510275,3.4557002331547197,-2.7291398935675013,2.258165413241618,6.028256059072109,-1.075087717704502,6.435448137310417,1.2231872530691015,0.27790283499747853,2.3044358049863614,-3.389660281807164,-0.949979763891186,-1.025361016381527,-5.163908303711809,-55.082113592920535,3.3761712425123864,Macrophage_Alveolar
47I||Macrophage_Alveolar,47I||Macrophage_Alveolar,47I,Macrophage_Alveolar,850,IPF,3.8832709321430827,9.887748545755397,-0.00045075866146777237,2.1986388202673623,-3.3798692925853424,-1.576328520712689,0.013852320635435324,-2.6960027139840346,0.952523609964652,1.3267231861957565,-2.529451629770725,2.3875349440260476,0.05720066705670178,4.078774113170847,-4.195674743565441,-2.7942558251513065,-2.632322199260001,Macrophage_Alveolar
483C||Macrophage_Alveolar,483C||Macrophage_Alveolar,483C,Macrophage_Alveolar,1141,Control,1.9662030854418195,-18.279881330700256,-3.944522691515713,-0.3756797722773591,-2.642093562797027,-4.955645527648352,8.631779360865933,0.022005502460579085,0.5750357571483807,1.1014047222806993,-3.2418958653590257,2.6872139644820874,0.22856372541626754,-0.4484822263140984,1.585887995170893,-37.687223911754565,1.506914631011409,Macrophage_Alveolar
484C||Macrophage_Alveolar,484C||Macrophage_Alveolar,484C,Macrophage_Alveolar,273,Control,12.01486016987136,52.43991716386464,-0.11617556686138725,0.08193001816624075,2.4221272059277927,5.7804880255838125,2.1537414991921207,0.7814587091045759,-1.3738766922106123,1.9236604511086803,1.2447031541645843,2.395454839350567,-0.0819225864164602,2.1897170002462096,2.788290877645664,12.568401224938855,1.0050624357945286,Macrophage_Alveolar
49I||Macrophage_Alveolar,49I||Macrophage_Alveolar,49I,Macrophage_Alveolar,563,IPF,-3.7601782903400567,-6.723022061608923,1.951010406330109,1.483393185461507,-0.7465742284758683,3.3695360219533463,-2.0681755502894146,0.30449932034619615,-3.415018528355956,-0.04085233643881803,-4.759286099130548,10.499428034530693,-0.6288971065558193,1.2142157290064555,-3.5156858602949703,-29.068702259634275,0.021230641808905895,Macrophage_Alveolar
59I||Macrophage_Alveolar,59I||Macrophage_Alveolar,59I,Macrophage_Alveolar,77,IPF,6.499224311817494,-38.57431814070055,-2.059139290323071,2.410042120698401,1.4503667770781417,-4.332607519911734,7.289010793723061,-3.4393945532798877,-6.165862560068728,-2.644786855418398,-9.825596414431551,2.556138479927621,-0.55455122199982,5.201948895106797,-4.203561651905949,-47.54425440829272,4.611072700267729,Macrophage_Alveolar
8CO||Macrophage_Alveolar,8CO||Macrophage_Alveolar,8CO,Macrophage_Alveolar,86,COPD,0.3390674179916839,18.422352594236802,-5.8823529743867695,1.436745244011854,0.5703752796099044,-17.05340791835713,-9.678934787575283,7.118802633067979,0.26168615688615027,-1.5473355049785549,0.9809641756478734,5.152046898712465,-0.5635678475748156,-3.671800269044118,7.129162671328255,13.621577388293222,1.8715348804660321,Macrophage_Alveolar
001C||NK,001C||NK,001C,NK,61,Control,8.386496342869687,-84.50555449760675,-9.18870875577488,6.143344266783095,-7.095786843709478,-4.899626218278485,-3.401328095212174,-6.691452106792339,1.5369161061176326,-0.3984672353738135,-14.259843147460364,3.696191119719646,-1.0841999376922005,2.6524833640187975,-3.2649350963871946,-66.89083487813699,-0.03616360755717613,NK
003C||NK,003C||NK,003C,NK,70,Control,-10.306529238792828,-103.25245822424591,-0.00448151901984376,3.5153999025424443,-4.40130398127014,-0.9040209787247143,-3.141700225055096,1.2372480128612315,3.8579026985328913,-1.1587519441446499,-3.2139117012660186,6.5355058079362,-4.151051385642132,-0.12874678305982512,-0.12717853868682322,-123.046261385692,3.202037228313671,NK
021I||NK,021I||NK,021I,NK,164,IPF,19.73527505512095,57.87948650305377,-3.349264812019229,4.275336426571407,1.0506956254585826,-1.812163500949246,0.6487688931932164,-3.4113932052803984,0.49559997745479867,0.9591297271622783,-5.995433327959675,-8.210500173775628,0.8322558561068467,-1.2778908512326879,14.017904480519853,42.82257570669554,-1.8429908870215679,NK
222C||NK,222C||NK,222C,NK,519,Control,9.95760910689419,56.70294744408209,4.171953123809862,-0.4486146021994285,1.4228479550492648,3.54945804047265,4.481743458683604,-0.8153221635741488,4.355692916981118,-0.7903601026223478,2.7205958069486686,-0.002972336437325867,0.3342420816764363,2.0460830954351605,5.357129311770676,12.706651581129115,-1.063037291170865,NK
022I||NK,022I||NK,022I,NK,90,IPF,-0.8916810664397924,18.11080171884479,1.671523844593778,7.2701665653184,-1.743505124660243,-2.5600535515533704,3.268231826484278,0.29955187168165953,-3.3122547933445197,0.615286627903515,-0.08056734054565733,10.845589541795054,0.5969737315653768,3.6469889414538623,-4.153974404670843,-14.343749180993013,-2.5862634043130432,NK
051I||NK,051I||NK,051I,NK,187,IPF,21.265612037237922,48.57821377065862,1.8473726191083217,4.599330388555679,0.2965204433909411,5.746381960096604,0.8780976150620522,-0.6778682777374774,-0.41974272158144005,-0.6624113533192745,-1.752235557646949,-8.059956769916505,-0.2228498019317008,-3.9369588474387376,-2.372286269303251,38.36330899935637,-3.7253452241656753,NK
052CO||NK,052CO||NK,052CO,NK,254,COPD,0.033403106215605764,26.98167991644581,4.3606828046459025,2.617617303143411,-1.864957198391025,7.326876307560841,-0.8954447735630884,-0.005032226660233389,0.3037210937923677,-0.3767143630489772,-6.2647693841856675,-22.851061992321846,0.7091277028008462,-1.557189030442168,7.583123275438583,17.83316976586737,1.3856740636799016,NK
053I||NK,053I||NK,053I,NK,391,IPF,26.992605410604213,56.419358425651374,3.2580324012917528,8.739315087718717,-2.971710508139754,4.3336086791253345,-0.5843660759351008,-0.42980079623310946,-3.5959055008916465,-1.207259673697222,2.236934218211327,-3.840206453592269,1.044290295681701,-1.4400783141271087,2.357415365746034,30.378268588612126,-0.5360354562491033,NK
056CO||NK,056CO||NK,056CO,NK,240,COPD,19.932416636674837,42.654166226472334,2.826819595333874,3.3186653276182176,-3.9890222625646103,0.15481459379173415,-2.093572093885816,-5.026941183878397,0.5717606161336297,1.4257621075629916,-6.516917192349563,7.366375088209325,0.2579166964315924,-1.2770071777582672,0.5159977174034754,29.06912433156219,-2.6264665052676395,NK
092C||NK,092C||NK,092C,NK,65,Control,25.347713248608578,-3.2934157444877217,0.12509995037462948,1.862774320302625,-5.6108404895775505,-7.274179459851586,-4.862714326966918,-2.106622234312699,4.768730249177648,0.1308647235893246,-8.956524485701259,-14.212490962019753,-2.8552331751809934,-1.6270913696321183,-0.7641711571099478,26.85145487787219,-7.439328773581043,NK
098C||NK,098C||NK,098C,NK,549,Control,4.904589339350608,35.23046749580895,10.58396004081169,2.306116767604726,0.03074562528120671,1.1403460168491397,7.436886867336444,3.534509154672607,2.4352769143258284,-0.6734349284969631,7.215516962312938,-5.03528837409199,-0.5937111919519177,0.852439940478797,-4.771696201441893,-7.830682679170762,-0.07737398684040163,NK
123I||NK,123I||NK,123I,NK,94,IPF,16.79333121558779,44.16019765692332,2.3594528623291144,6.062732583029232,2.132875932311464,3.0381336185440997,4.351644176058425,0.1652255963140871,-5.2779751560140316,-1.105946352210098,-3.5665323681738594,0.5069066945959804,0.13516503781864908,0.8574805600646371,-0.7477933510092772,16.570690599320727,0.001280655814622795,NK
133C||NK,133C||NK,133C,NK,80,Control,-14.836309987226375,-119.92220264348754,9.64453002421634,-0.7813396560130355,1.7377803288399374,-3.825259540751584,-2.756166319213433,0.9127776866377261,-5.1180081171739795,-0.05628986220919917,1.07373129112297,-6.974852389736103,1.8946830234165923,-2.9454898126136593,-6.279140958305983,-124.43663209576852,-0.6893828140661298,NK
135I||NK,135I||NK,135I,NK,155,IPF,-0.6764405417397454,9.996109096666398,3.793866821970344,7.812030721156559,-1.3171727834766553,2.6643850422493585,-0.07533245202219123,-2.8939689096373193,2.6104002504164776,-0.5957773055648014,-17.117366773665058,-4.121806641630326,0.5239326343914751,0.0036197455896193873,7.577348097123344,0.08803533431571099,-7.632941252679768,NK
137C||NK,137C||NK,137C,NK,114,Control,8.154433214355285,20.516829963737592,-1.9583381832823321,-0.2748130134669828,-0.7710933197211385,-0.5318777580409588,1.705851734214122,-4.5739345452321984,2.1885760408840618,-1.2021046336445806,-15.433773658355573,-12.124880951467821,0.7705378241160787,0.8522758690897154,3.831210050914056,27.734842284404216,1.6274956551974102,NK
138I||NK,138I||NK,138I,NK,92,IPF,24.175963745791883,39.27339443974638,-0.06490342443342928,2.344622355491404,5.5291399735844555,0.5416310572754275,-1.757300179651366,-0.12444647048877075,-3.5969970155398494,0.4524838738031813,-28.499948872702095,6.207560394991223,1.4386326355562655,-0.4764979183894125,3.4118502260533465,28.459884802019584,6.730826434046776,NK
145I||NK,145I||NK,145I,NK,56,IPF,0.5541660045757417,-127.1567790251897,-2.0809903609249782,1.444727162719172,1.270892040876118,-11.17079540224433,1.6152062454335478,-1.236672825111364,3.4875549031850985,-0.26048138460671055,-20.595830618759894,1.4820711360547767,1.4822848617736317,3.5470875143219236,3.098343620098138,-127.26519220875034,-0.6518402773845404,NK
152CO||NK,152CO||NK,152CO,NK,356,COPD,11.804353924103673,46.54408755949804,6.267425519047514,3.5409472846026255,1.1371898649268932,2.989313807843932,7.473792901307026,-0.25672516202684637,-2.6453362695931886,0.3479952962793828,3.6189945008223274,-2.4281088354658413,-0.44718301897098983,2.4599455068703597,6.884254480220433,6.460975383884,-7.5362502683793045,NK
153CO||NK,153CO||NK,153CO,NK,112,COPD,4.770481023635376,85.94349924980646,-1.3189755321520125,6.648726718370138,0.631937573291235,-2.6258912584329392,-3.6927188042180417,-0.4193000225955155,1.0214865794023122,-0.3766576139798607,4.552478036897854,2.1998599093366167,0.5592451536663505,3.3420972451208555,2.9691497249668926,45.67353374547456,8.101671226528254,NK
157I||NK,157I||NK,157I,NK,235,IPF,17.773295900589435,6.394818391853301,2.053404544177929,8.479232059698438,-3.428301672006566,3.8161673301398276,-2.3993413643974812,-4.4931683243815135,0.9461994018290318,-0.8971809883589642,-0.39139511836849905,-10.749648672613974,-0.6361510898618625,-1.603925724077968,7.879939631431784,-6.199735315853427,-4.6581328736329946,NK
158I||NK,158I||NK,158I,NK,85,IPF,-1.695210995109715,10.777032378342877,-3.9323332331833307,1.2076097125553706,-5.616619800782728,-0.41146392898376355,4.235595343767699,3.761505817788731,13.602031969358958,-0.6062986706492475,2.8386781933793914,5.94131017518094,-0.3053244875742528,-0.28830349931865673,-5.415329071770302,-22.949868598074666,0.03898588851911391,NK
160C||NK,160C||NK,160C,NK,79,Control,9.327529199531268,-21.5330896682831,-1.324946283401833,-0.30394964276361675,6.2797871329799975,1.7769064781020043,-6.069317532619522,-0.9849162974152781,-0.8948010576265047,-0.25393059545665797,-6.649484950898598,-8.845661549797791,-2.007144586552435,0.09163099162159567,-10.202997157730332,-11.823006706908453,1.0018855220547098,NK
166I||NK,166I||NK,166I,NK,98,IPF,5.936855473422211,-25.171232590060875,-1.8124629568866086,1.285194255718546,4.010878862730259,-3.1452950697376805,3.1817534764316258,1.1925840791507032,-0.7089280965475148,0.6413987143679757,-6.739459933085009,15.11572208053498,0.6858571479469878,0.6395334664324077,-13.55028823002155,-34.66154844030757,-9.983028514917939,NK
174I||NK,174I||NK,174I,NK,172,IPF,11.469208325107223,44.179340338795114,2.6482947024931485,6.462201586432823,-2.4956366507782377,4.263236034906367,-0.283832159734704,-2.3883530449230514,-2.4606172479438326,-1.7569006227451736,-0.7187294065908653,-1.3770303553730225,-0.26041900936177,-4.789534873440721,4.403718231555064,23.619853274090897,0.6362333120787137,NK
177I||NK,177I||NK,177I,NK,205,IPF,25.903110876884465,109.82744977183943,5.850174565116283,3.062088483177775,-3.8995301847809922,2.17250217910371,5.6071339170261645,1.4398187442194066,-3.5691715007579434,-0.7489109886559747,4.347345137637868,8.190687234098046,-0.7984007688513854,-0.8434307595908388,7.293163549736112,63.69186890316555,-0.6447453069342216,NK
178CO||NK,178CO||NK,178CO,NK,157,COPD,14.972052734155517,37.82564332654954,1.2034200390868366,1.415677695463842,0.016354016830353462,2.859417734553158,2.3133063143562187,-1.6647023940347094,6.7099796603067485,-0.07121771490754429,-0.5177664271745225,-9.49842369344338,-0.7733381236155311,1.475039818766968,11.130520291097021,11.64318970201966,-7.092670160885192,NK
179I||NK,179I||NK,179I,NK,254,IPF,4.218708907934645,41.39815970435433,1.5379650289938696,5.138325372068627,-0.7411271818130639,5.9096418435849785,2.868782458503802,-1.0425926457234216,-0.4022273241264816,-1.4662288890804864,-4.633648092540559,-0.1884797796630629,0.13957264513612352,4.3374043541472656,8.799628526078385,6.964361148500535,-4.500074327841832,NK
184CO||NK,184CO||NK,184CO,NK,658,COPD,4.325745680784513,21.631684444665378,-2.2404457413515937,1.657695319767114,-5.15259576487628,2.340411661182234,-7.346771638806259,-5.202942605574158,5.200631015303134,-0.2719494402757923,2.502221183978021,-13.874733441326102,-0.023469295377938036,-0.8503809225737228,6.495192702799761,20.168741822504796,-0.4467769788373719,NK
186CO||NK,186CO||NK,186CO,NK,193,COPD,6.622983550371096,70.84035503295877,1.0808084258247006,4.443169882182771,0.3280721938364209,3.113221850096356,4.243135864606273,1.0365909965127837,-0.0808324060457533,-1.1643108865741025,4.262095496660824,7.886147904421099,-1.180425795394813,1.7063714045918692,-2.0470363087958545,29.97489888621763,-1.4384090433109085,NK
192C||NK,192C||NK,192C,NK,135,Control,16.14312884876654,7.8382197801394655,0.8867828159883472,-0.12762790708290467,0.471765998772187,5.386772598549629,2.864973255950685,-1.7748760557589434,4.706512168579514,1.677695170777141,-4.619363631805783,1.7357875128209168,-1.565886987421727,-0.45296076383043626,-3.856694065357336,-13.822083403342083,-2.3494334948292632,NK
192CO||NK,192CO||NK,192CO,NK,253,COPD,27.057042263685116,68.47824836225995,5.219135039269356,5.538293836862197,-3.682649242797598,6.658219411379052,-3.8758189512681005,-1.8950308099800837,1.0171395001330716,-1.7242920421575842,5.2311746990806585,-9.504871880546416,1.8353171955434004,-5.233344564724335,9.039201126293497,40.739471829157594,0.4394466478857697,NK
193CO||NK,193CO||NK,193CO,NK,1166,COPD,20.22145245536327,31.9768033175657,4.452231525237263,1.0338380778801721,-3.7261714662443493,5.219179514769308,-2.150394211746811,-0.053805913352021374,0.17410008844622668,-1.3991536080385454,3.044489634475005,-13.766118115817713,-0.3265917391266711,0.47064972187231485,14.621175229021082,9.018996256931548,-3.312478244870719,NK
194CO||NK,194CO||NK,194CO,NK,223,COPD,8.652763332635468,15.71844707429316,3.258125824974028,1.7287884492718981,-0.6842087993543656,6.164343798888541,-7.113091277686123,-2.875159436274328,1.9715643065911592,-0.3874775968535482,3.9555625996859973,-6.065542500059027,0.10320378420418863,-1.915227869178981,13.851718374530488,-8.899168481757961,-6.0518406708185255,NK
207CO||NK,207CO||NK,207CO,NK,231,COPD,9.38716258529662,46.86888796450698,-5.211747020792039,3.920525985681992,-0.9467460307695643,-0.3448703106358493,2.358987448230253,-5.835115603502261,1.9450401210865516,0.8683595062034714,7.733677041488617,-13.15908924938445,3.464407009854895,0.9301551809277396,4.44855551623154,33.986937424510366,-5.967045622753893,NK
209I||NK,209I||NK,209I,NK,56,IPF,17.664020247000227,55.12653712296647,-4.063707690714958,1.4004853784210933,3.8502824529526083,-0.02112551246958489,-1.9582142765152675,0.64090037472806,0.04244470754533791,0.014091767489727292,-23.20766821671175,0.5497889949112886,-2.5305577235794603,1.2473436394796478,-1.480944026921626,62.651321924827144,-0.6847612386055916,NK
212I||NK,212I||NK,212I,NK,77,IPF,10.58680039586665,63.80203634597887,-2.7677739047983443,-0.26867863227151,-0.5978009211302006,0.7893089557774863,-1.34208939331351,-2.231050188736817,-7.980063990260517,0.09910207082752472,-0.8248541158485834,7.308389819754986,0.143060784391725,-6.566907630642437,2.858691211153886,53.89603072112093,2.6098149918244626,NK
217CO||NK,217CO||NK,217CO,NK,319,COPD,9.713244451666283,51.24802164490797,10.847590024227257,3.2085741373178944,-1.1299236052570751,7.770334296104708,-0.8130071877256659,-1.08636212003479,-1.789595659031907,-0.6101000583341271,1.96753418186588,-12.394703759689653,-1.104412292101671,-0.9165469998766753,11.87029422578937,15.20731766549676,1.5441722280280616,NK
218C||NK,218C||NK,218C,NK,189,Control,15.87325337276911,21.386958020344114,4.515767462600686,2.081014596936628,-2.382282897295455,5.06654174450393,-1.3830190003291676,-2.02733865192485,4.733513896931823,1.2924240258436175,-0.6442991268139551,-3.5887984922780682,-0.3059081461466206,0.16157959985506856,-0.09019140661014709,-3.7519704563056107,-0.9669316967532994,NK
221I||NK,221I||NK,221I,NK,269,IPF,10.881609980121999,-7.401949124924672,2.5305613897842663,4.1290084995217216,-3.269588143175774,8.735389089991672,3.0328350163103486,2.99352813988773,-3.554751049268401,-0.9772727540629603,7.5799379812747905,-3.6056773842211034,-0.8753137708727307,0.31333561546323907,19.63169377269806,-57.333898217122425,-5.408593879263128,NK
222I||NK,222I||NK,222I,NK,350,IPF,9.698426627386715,13.01379880659284,5.796029219799899,3.8502212306982186,-1.9697148746716933,7.3449952046688045,-1.173257931806786,1.5287635086145255,0.19088111371402247,-1.4207727018107472,6.113926134595752,-14.434700383995498,-0.016891239527496445,-3.672753417250494,14.511453633342558,-21.955040474746596,-0.3561967831612952,NK
225I||NK,225I||NK,225I,NK,278,IPF,1.732298078490891,6.835945350809697,6.1685901199135085,3.7627671882565727,-0.47734037648211713,3.264522702309556,8.280643851889515,1.2370943946265258,-2.7854107602544342,-0.7145816477714054,5.168887712616116,-4.523285116542987,0.9477053452470358,2.600931239899082,4.609497241428294,-36.89194159689297,-2.4889915155623217,NK
226C||NK,226C||NK,226C,NK,87,Control,-1.6289197421413917,-55.853023774432685,-3.0024251451520043,2.421080921703882,1.3857063442787962,-5.355027948411042,-4.68192488874316,-3.5339866360556824,-1.1373458869502018,-4.055448845978375,-9.799031676064208,9.863921508115046,0.44901059663586107,2.323206072394167,-8.890296820497959,-56.090837897457895,5.573519959620316,NK
228I||NK,228I||NK,228I,NK,124,IPF,14.180264848462942,23.856161435411856,6.205460863684013,1.7828895318620037,4.433698958705409,6.115537059936387,-1.459748152540055,2.5330976273900148,-3.345539833986764,-0.9472307370958691,-5.726720156917283,0.14671590246066754,0.7295600566543005,2.1568577894862897,-5.070536099810161,1.831247183780526,-4.205985126327207,NK
235CO||NK,235CO||NK,235CO,NK,184,COPD,-4.206343912208465,-31.795980444245078,0.7923695055237572,7.079839169125863,0.5779449968514976,3.5717570200578423,1.578010196977651,-2.3268922278356072,-3.555777658280478,-0.6180049222503196,-10.606629580236312,-0.26231957647266746,0.4706976792335545,0.7527070602827001,-1.807142552031619,-44.735617024861675,-1.383779098458479,NK
237CO||NK,237CO||NK,237CO,NK,147,COPD,-3.369297692273035,30.79681111454999,-2.5061910914149625,7.254647550739801,-2.188265366380873,2.830539983412333,-1.7378819221744168,-7.801704307064329,-1.7450831502793496,1.3393081448445114,-6.29704460662445,-22.614688076757147,1.611503737410531,-0.5960861792756345,10.089697528018005,36.3763658551454,-1.89516355317899,NK
23CO||NK,23CO||NK,23CO,NK,58,COPD,-1.3372249927888338,-26.694301086296168,3.964005149975512,4.611184182510247,5.7816776156905405,0.07340348249221992,5.358199270036179,2.378219934483717,-0.2845331232366215,0.31791082306403384,15.207063928658378,11.497844884836592,0.15804938225710008,-3.720720868572166,-0.4254194137789733,-90.69291801930538,0.40487511646319907,NK
296C||NK,296C||NK,296C,NK,83,Control,23.2569425572246,8.217013926298739,-6.8669889260625725,-0.6862036066146832,-1.5319482743815966,-6.286009757043966,3.6481895803232,-0.04702061115080681,-8.407160431069176,1.1345701315071646,11.414803418140982,4.448521159098616,1.1750308790530652,-0.8021244935871962,-0.49021378870280463,-4.0288900425818905,-3.134397878759223,NK
388C||NK,388C||NK,388C,NK,55,Control,18.345103215451008,55.8279408127484,-3.6634414510066904,2.051891487551935,1.952424591881931,-5.133739655931434,1.0687101951029798,0.7538399347176388,0.27043770351713525,0.8767377853591366,-0.7501141994722922,15.038214543880013,0.3636306121313964,-3.689875795930832,-11.790600835222646,36.94809446659056,2.854874861449958,NK
439C||NK,439C||NK,439C,NK,319,Control,0.7608314107370059,-19.464846018553146,-0.24767417003900313,6.860323316797608,-1.049416165881056,3.50958879873848,0.9321806579059,-2.5829097052959287,0.3027882119987658,0.4603804067100773,-7.246258164491038,-4.807917543531726,1.5981724365367938,-3.39795292036155,3.2013264430136603,-29.512501183678843,-6.16183300510502,NK
465C||NK,465C||NK,465C,NK,146,Control,21.312625588825576,-0.1646480213388546,7.825340811251728,-0.14015061023163636,-0.5785640102159219,-0.600377620449424,1.5016977373254337,2.987357766882845,-0.4478530304779357,-0.6399426882859724,4.720011720724841,-17.752168656265702,-0.5357366862232579,-4.054822364316929,12.103223057157651,-24.53473614364496,1.3052161273007659,NK
47I||NK,47I||NK,47I,NK,77,IPF,17.90654960444385,64.1338278190973,-3.617750263501139,3.416238827992935,-0.49778546185948475,-0.5976716110429223,-5.767880591906276,-5.2505200816103805,6.57160199232644,-0.2022447799200022,-5.305256058915573,-25.370697190528194,0.744051448515305,-8.131496039663233,1.417850339897322,94.8330779934331,-6.784547272250536,NK
49I||NK,49I||NK,49I,NK,148,IPF,9.8277663058035,57.57030952693779,6.259315770902384,6.451789664309568,0.3401866220457217,5.106791664568703,0.4862935239989907,-1.315456937119035,-1.4553551817679877,-0.9121313135019526,1.2031017213488322,-6.036308311609514,-0.8822172170513618,-2.4660861710988726,2.132872435461575,30.289571135644053,-0.3089144473229475,NK
59I||NK,59I||NK,59I,NK,164,IPF,12.92082876720615,17.341265994918423,-0.28759366155048355,8.182163868987532,0.15946357394008556,7.372262288483981,0.5633162568283204,-3.63554182451681,-0.20500684752956852,-0.4045629888349156,4.232819475522865,-15.945152978006961,-0.5241751143570236,-0.3624399671389633,12.30171649382151,-9.952896648740296,-2.829962500120463,NK
003C||T,003C||T,003C,T,83,Control,-19.958057555478135,-105.78878334468843,4.447213931698377,1.120476245520748,-10.666915324091136,3.2061584772606766,-10.474625242407372,1.3268323118752647,0.5325495122467507,-0.36171645796929974,-11.048258737571436,-7.261903294516351,-0.3307751312914386,2.225336277137336,-8.963698539921573,-89.95376828210698,1.7374543413190535,T
010I||T,010I||T,010I,T,349,IPF,23.01067276083657,43.021883868327556,6.1770895885327315,0.7072437029898535,3.242935671691453,4.377263798891752,2.5501427351864225,1.1996178085649039,0.42968247797451553,-0.48351326008750595,4.655126144833305,-4.780477924108925,-0.38502250266431753,2.026825700116403,-4.647438518160836,10.213721944658667,-0.9381700682205345,T
021I||T,021I||T,021I,T,255,IPF,9.009167244995188,77.81628584421944,-0.4575730750181839,-2.7560249980842726,-0.12930498795502335,6.616994796212161,-1.0525078427809433,-4.6344179805442165,-3.225195537718114,1.002062927228994,-1.0983598590108157,-3.55531310852434,-0.04279565266872115,-1.3379809502383828,5.471479425291447,64.50492466037774,-0.16655854047772162,T
222C||T,222C||T,222C,T,1001,Control,4.9907832764089886,28.39751298971607,0.7016318718418781,-2.171309845164691,1.9583404421569546,-3.5690536511553885,5.354252927478394,-0.1556229009224784,0.26238095054115795,-0.577251420916609,2.2050755534327964,10.675345315958767,0.3703998948821054,-0.4232160546612972,1.8895476989143536,-3.5628223254082774,-3.2370420353909837,T
022I||T,022I||T,022I,T,319,IPF,-3.7629089046614164,19.167274820670404,8.385111242674762,0.7012921935781553,-0.7695989754981516,1.4759136396503065,2.887972893894119,-0.6214024258913002,-4.699910882139513,-0.6074088426683886,-0.5651897511803068,9.329867382101494,-1.5319565634142331,0.3295914694137134,-5.67393114555745,-5.868474959652039,-2.281457022770486,T
034I||T,034I||T,034I,T,82,IPF,-1.08573260129113,31.666801722932867,-5.7628344938781275,5.8626968425716885,-0.4180777058583109,1.03048169942729,-10.39466882385997,-0.5908055881414297,-5.725605744258964,-1.6739988275707214,-23.173296462821778,-0.2688104416497731,1.2027914006077218,-1.5690991772286078,2.6662644690961876,48.20681572367109,3.5980922846969627,T
040I||T,040I||T,040I,T,205,IPF,12.125721018435893,35.179533517691304,-0.07988602678134755,4.644430076465261,-0.15319014162262237,5.152399105146858,1.8495174133710592,-5.579232051379,-2.1041140032007863,-0.42064382871509615,-5.729183897514267,-4.54921940712694,0.21030580018691739,-5.612597166333527,-3.371173504471167,33.73902484385834,-1.4937602623220074,T
041I||T,041I||T,041I,T,102,IPF,-16.077929600865026,54.94271077887031,3.4701062500080186,0.5660413098172213,0.8236201435104731,1.2349382653645724,-1.8293461828870958,-1.3219381026513362,2.1589674678035866,0.6076486406391617,-6.262061075167062,16.258903136461715,0.2995087534881157,0.584971358616135,-2.2539600851992794,22.509116376593823,-0.5806620456573907,T
051I||T,051I||T,051I,T,191,IPF,8.450048669081934,7.035377447921624,-1.299733957259532,-2.0979301787633906,-5.3201411392576325,2.1186646409434555,-4.848686009085139,-2.070913645520383,-1.952129059411053,-0.20649405918500846,-9.024156791905437,-1.952824480816899,-0.36762800467045076,-1.8740134961426358,-4.769607102609708,23.597483958172983,-1.5733697946972538,T
052CO||T,052CO||T,052CO,T,650,COPD,11.035496853287459,20.093025554816858,2.9119007021441536,1.1240106609114606,-2.518663834358331,5.8681111860805135,-0.8645979697734648,1.4756478272328473,-8.259460906421259,-0.5476279171213516,-3.9804047946872316,-6.9024990633103265,0.42417744854908185,0.27234728761158494,-1.9405677033195616,14.373205079481547,-0.01940901633247869,T
056CO||T,056CO||T,056CO,T,677,COPD,11.227014718558426,71.37092582642497,0.7857188040379434,2.9185710525274087,-0.29670227838872787,-2.9464823586606244,1.3766021744981598,-5.581856002847624,1.1168954458818734,0.4403058568118389,-2.7986589003055835,4.236677583484811,0.0015421696200763294,1.9925160083600293,-5.45458409898106,61.7845801935301,-4.881056391273187,T
098C||T,098C||T,098C,T,268,Control,-13.387589887408952,-33.69567557995686,2.3638481355569922,-1.2331171677793662,1.3699001354115419,-4.465229423713024,5.002062575230873,2.3169652550187694,-0.34118435303145406,-0.5078817803493836,1.7388680429676138,6.618415745667356,-0.3915983092526693,1.7588682128717077,0.34581611099271287,-68.1706154875033,1.2223501598250301,T
123I||T,123I||T,123I,T,79,IPF,13.5358783094713,10.058126524670097,-8.837483071875377,4.3797716853147515,-4.050750450837812,-0.09968114706842342,0.40508601010256473,-0.9306760708401353,-8.524167090652183,1.0683451912500725,-14.16091273874726,1.220763825640849,-1.1110529439210661,-4.719294108839402,2.6339108296902576,22.5006652930473,1.6067447442765233,T
133C||T,133C||T,133C,T,146,Control,-6.438048229777832,-61.454444880932584,6.7715635639475416,-3.2873094460029444,-0.35617468164942995,1.9342710061341284,-4.414847530913995,1.0568989222265297,-0.005667160914493128,-0.22163920059376507,-2.1265146247153366,-1.1849074935951593,0.9026267491264279,0.528869478832486,4.479042209413126,-84.84186193183714,0.6343486914795359,T
135I||T,135I||T,135I,T,102,IPF,10.948827847192838,-25.516352068536033,-9.505724212764179,1.8666781371995143,-2.890484175339329,-2.444948676148912,-7.738202292754409,-1.828518153345748,0.19935753995998176,0.455279040720424,-8.070296172334501,-7.370431702113688,-0.04333743984239636,-0.7156512472065631,-2.073078476859151,-2.9697357764195207,-1.0641150294172332,T
138I||T,138I||T,138I,T,241,IPF,16.95706059762141,54.63875439717546,3.085595327518125,3.8945808279069545,3.014540821632514,1.6805789360710501,5.269637949689472,1.1088047034136987,-1.0385771805553057,0.12054925654730332,-2.3422001340212226,3.5168237928766195,0.5637570889938778,-1.548692884421988,6.672161196697775,9.333762289762808,2.6305758369343057,T
145I||T,145I||T,145I,T,233,IPF,7.598856876693645,36.00850780182757,4.79029549706941,0.650102131109661,-0.056651710342179466,1.61914366131528,1.8575538969663288,0.6418168944121345,4.285366198319704,-0.4262937148370718,-3.4111263026815393,-0.12398929098863247,-0.3621670407439183,1.4942232493114695,-5.168586601215859,17.128278127044595,-5.5863137610414455,T
152CO||T,152CO||T,152CO,T,507,COPD,-6.300151909486306,29.06378046861466,3.5735974351823874,3.1360730321623405,0.6670715673111172,2.088870961632102,-1.3588722254920045,-1.0407197018111543,-6.654964477077503,0.014185310054086105,6.270523721686167,-3.5011199765911196,-0.3063310136761417,-3.4043156274313002,0.03579748013040827,11.063636764223164,-0.19650934981744378,T
153CO||T,153CO||T,153CO,T,63,COPD,-6.188139637796033,-99.42828487456676,-13.741801536907783,-5.432764556237769,8.110115825704234,0.25984600628347715,-2.658925943202649,-0.24320167333225767,-6.939069957205477,1.82995440860271,-3.3111593137010824,-3.8916337035402178,1.20066348070715,7.708021294555026,-5.685785818515074,-92.11700190545598,-3.1923980504507274,T
157I||T,157I||T,157I,T,271,IPF,9.075077133538738,8.09100374351415,-0.024241246608428423,2.4799009817801885,-4.802141889545567,-2.5440637388023317,-3.8635193985340424,-2.636251672501356,-0.12712129464663705,-1.2300977089195015,-10.252004246324407,-5.214254847944075,-0.27362203511481464,-0.10739124425704416,3.4461643678635316,14.510594482731392,0.05219666620764778,T
158I||T,158I||T,158I,T,411,IPF,-7.619449212899544,28.182433283179385,9.07860986064738,2.1152664905113916,-1.9640935277858003,6.213662018825009,2.912786909589151,5.358860117217203,-0.9261142963586826,-1.437879384587314,4.316874165893654,7.391277280867784,-0.7336205193565649,0.5567930033928107,0.0014118669895204464,-23.41441365443411,0.03615638363842215,T
174I||T,174I||T,174I,T,407,IPF,-7.921590316355339,6.450280534450759,6.919991202831959,3.248363706393663,-2.3425728288192085,-0.2163453356104367,0.06600366527459568,0.4513497952473347,0.5030127735603523,-1.9821235673447097,-5.301984943025756,-2.235202421631611,-0.0768135122738606,0.2631680475664384,0.5538242625048162,-14.532797796824433,2.455550918472025,T
177I||T,177I||T,177I,T,182,IPF,39.15229267557219,158.680285123173,2.2793682084761246,1.4901003827819184,3.562117017094034,2.038385444623667,10.49358582824058,3.7732185088908397,7.961329077469972,-0.07449696042029635,12.493309190454134,5.7617828414318355,-1.4218030973106675,1.0971707229543977,0.9644024316848159,91.44797588124207,-1.8630169225702764,T
178CO||T,178CO||T,178CO,T,171,COPD,13.934815154942843,38.62123705222884,-2.8524670096947418,-0.6058190169704588,-3.2388080100811925,-0.18552061976770576,-2.664032334759258,-2.3306464944331204,4.095339098622964,0.5607005792077462,-5.919784680938918,-3.908793054020126,0.506735049302005,-2.1415094629169826,6.712820668866599,33.95436621349168,-2.0382004418092663,T
179I||T,179I||T,179I,T,186,IPF,-14.386896152056504,-17.90812369525662,2.51521001667851,1.936402679111235,-2.692222127353102,0.633344091630953,-5.517779378198133,0.7174039477560765,-4.202856723827968,-2.0315631973199904,-2.5260965495988006,-1.7751379389401225,-0.06858109251431585,0.9095771968862866,2.6099672668784324,-25.46237724122378,-1.630271213351587,T
184CO||T,184CO||T,184CO,T,832,COPD,3.1247053913032516,13.117009007544395,-3.011105402389374,0.36266170577025164,-5.550728965846201,-0.6714021817569933,-3.3075832624723085,-5.199459453093738,2.814955645369012,-0.08404933335406242,-3.7051493895399794,-8.988545347181537,1.46397077050836,-1.9030151859900484,-0.5546264173182074,24.55484804879392,-1.780618792084271,T
186CO||T,186CO||T,186CO,T,209,COPD,36.36867787531175,96.74951515073789,4.601790987652809,2.341202336264645,-3.066947311230966,3.314333978625717,0.1407436737201973,1.4663046159872946,-3.6328161274154436,-0.1560328253876364,6.840317761082073,4.677172476577687,-1.3944266944352095,-0.3854864090694369,-0.2208129418948863,64.78201587029208,-1.2347008081608033,T
192C||T,192C||T,192C,T,67,Control,14.764101261041427,-0.32032626182372687,-7.818700996157423,8.313201603098904,-0.05628765540712368,1.8604407605389068,-1.345157032944973,-1.439965043519206,-13.210943631962126,1.5148593834795505,-3.5556912814606845,-0.9762346279648223,-1.2145833829636696,-4.631982560373361,-1.4893602207841317,10.70659499947857,-5.65337314301189,T
192CO||T,192CO||T,192CO,T,1348,COPD,13.537231141557516,38.33554085820644,-0.528203728984223,-0.9404972070191348,-2.528504563580431,4.361306035113909,-2.2389098814304917,-1.0468040711184412,1.0611017783865513,-0.9421767161489608,-2.7498586311571827,-10.275958482398755,0.9732732450108461,-2.6350762469315616,5.70483091008006,34.26589947763526,-2.8217376273806014,T
193CO||T,193CO||T,193CO,T,633,COPD,14.72219801007395,51.20553264216796,3.223758574122208,0.7624646437326431,-6.6480637944439005,3.75807544854568,-2.350385504449787,1.12043035810234,-0.46653342506201156,-1.7119695521035971,2.093498510163396,-14.648462504448533,0.5144492664930482,-0.49456003420687394,4.843063073080095,43.4527233275689,-0.9198123130552552,T
194CO||T,194CO||T,194CO,T,295,COPD,-4.4447440129117,-38.0455677802443,-1.1455313328050334,-1.9290563670141194,-3.3721963833604445,-1.329690702646235,-8.890860042840634,-2.720472170158031,-2.694194594723925,-0.09084053750833497,-5.575575234853611,-9.87829561024292,0.12415190635955958,-1.1787425764940136,0.3850011901883101,-18.992524305472113,0.5664024131974231,T
207CO||T,207CO||T,207CO,T,241,COPD,15.603743956247978,96.94452921650733,-7.90379928133594,4.2284399916693785,-2.7925631070543253,-0.9916664064679362,-1.4664150415575938,-4.74792645184827,6.080860382531328,1.0957583735008598,0.8925116488657043,-3.6553600032464737,1.6251805841209244,-2.4871880582549073,7.029462828348604,84.67316976809498,-3.3127925789883603,T
209I||T,209I||T,209I,T,59,IPF,-3.598005918052048,54.665649337309134,-8.580745058871829,10.968785402168521,0.9056571499148816,-9.378544762182953,-12.051885233439501,-0.5693428561503587,8.627085150946236,3.4005974322352164,3.2666516047035064,-11.494941398692848,0.31058217594513016,2.460397497004159,-7.8855081412310435,57.494830491844944,-1.4848266850145397,T
210I||T,210I||T,210I,T,85,IPF,7.439726488882473,0.10904294427062491,-1.1918030464667395,3.539640127345938,12.667520116243992,-0.8251195547184524,-3.819450063423889,0.2967012237510286,-13.700520308442673,-2.943000880479959,-10.331392086370267,5.606618981946445,-0.6798058945584952,-0.21645983811867187,-2.2047058026124535,-4.935135887894792,0.16909928994017234,T
212I||T,212I||T,212I,T,73,IPF,13.249777248567451,-4.146040623251726,-7.391570457471072,0.42819868832807645,9.302663699063126,-2.3937739860502716,-8.527256575185332,1.3352382701423235,-7.557312488841572,-0.5329226677031993,-6.675162436747691,-12.063780374636695,-0.22406367721375717,-3.302869274749802,-13.668353650404873,26.373155103579244,2.0749126365102417,T
217CO||T,217CO||T,217CO,T,295,COPD,11.200309747050149,83.43383099894284,-2.1191640339060016,-1.4079814203239704,0.9744010148436658,1.5359829243288816,-2.237348761189472,-3.2585459097474714,-0.0632605397531737,0.20948016502230699,-9.449510590308622,-10.320171861674371,1.5377750065400462,-3.441668050527143,2.241124463080041,92.84905916214888,-2.2931971377205485,T
218C||T,218C||T,218C,T,202,Control,0.9358108236031913,-6.503715348947026,-2.1444611546649663,-5.54339680016187,3.8359574256515714,-4.935324971317703,-0.3708310485024624,-1.5948712498112687,1.6064401033362408,1.2729850541782886,1.301321325105927,-5.463656577954186,0.8595984781484652,-1.0575292064968207,0.22422551141950703,-12.101548742753083,-1.0694800632542893,T
221I||T,221I||T,221I,T,96,IPF,-11.760144443403563,-49.0271446185677,-1.339631325926843,1.0337460742654352,-3.169229537175053,-2.110833581906618,-12.798729785867067,0.9960314606706718,-18.95247571862353,0.6273824067399372,-14.356822030763329,-2.788518850300169,0.6994003934328253,1.826316719888581,-1.1967853492982057,-13.272024542339842,-2.90182751949425,T
222I||T,222I||T,222I,T,465,IPF,2.4269491640623544,-4.487180565072585,6.8949867659999935,-0.4248022819839402,3.231540838574692,2.1585788874617475,-1.5915244309531045,2.6373016799309825,-2.4948288899747184,-1.6445501179981434,-1.8160592932844313,-7.9478787477533945,-0.0174407407448423,-2.184873893327527,-4.199359951146849,-15.958892254788537,0.19376529678582502,T
225I||T,225I||T,225I,T,138,IPF,14.050200901269369,-19.79038666914917,-0.4868924950432399,-1.9955047699682167,-3.7003169003349634,-1.1669482374793603,0.1802533130163264,-2.7757358523706475,-2.16969850103849,-0.8240912525660299,-3.75348784133907,-10.201738735030533,0.07141680258268725,3.232902690652064,-8.792613880047293,-7.250298293033214,1.1655107147212134,T
226C||T,226C||T,226C,T,255,Control,-18.782737323622047,-68.29065419977051,0.10669285137587538,2.741171214082152,3.5339696033058794,1.511828226815858,-6.318756508016751,-0.33104280716901235,0.7112278054237858,-0.5881116799959315,7.952209632260315,-4.656323226865106,-1.3272624040878782,-1.126798017671687,-13.874042563066995,-76.27342918726914,0.971156292978548,T
235CO||T,235CO||T,235CO,T,114,COPD,2.4039547701256723,17.431005947106684,-0.8664131806460356,11.05912162668137,-0.7606574759352622,2.08172391296024,-11.364822114683403,-1.6986736164348193,0.502809244628002,1.3493736877416327,-6.9535454429226835,4.818075219918922,0.023675375745020794,-2.885836742989035,9.954281943381668,-9.460166764856492,2.955203706387944,T
237CO||T,237CO||T,237CO,T,184,COPD,14.581306000511606,57.11675944890896,-11.430386722195918,2.8179017539469635,-4.360675069049043,-0.7592108811016435,-3.021987992690627,-6.119977691515997,0.17805960042265317,2.732750622321485,-10.335129729090037,-9.151021689211058,0.5812482535229516,-4.27219026827741,-3.63355625689079,96.58462272046546,-11.370543769877584,T
238CO||T,238CO||T,238CO,T,192,COPD,-0.7622025188299021,42.39522093608373,-1.3624056079615485,2.6433201917492677,3.258416472381339,2.4282014296897603,-2.1444762291203756,-0.7845411969057358,-0.4673771057822363,-0.2853041099750548,0.0923618815668687,-6.313803625022839,0.5028963519374994,-2.4802906232369284,-4.963324338507685,34.0090910058591,-0.41440012871719695,T
23CO||T,23CO||T,23CO,T,140,COPD,-4.141627238585448,-21.244850157662857,-2.7511536173106212,0.7866045428213968,-0.6779269693693081,4.118765893484146,4.170188199558401,2.072025905357175,-0.4859933003722544,-1.899308689110129,-2.0010718550604842,3.6619047334426633,-1.2455796590334658,-0.2380327732937585,-5.283280238739605,-39.587725622935174,-0.5611232752315539,T
296C||T,296C||T,296C,T,115,Control,3.2736487563527508,43.901227677136184,-9.40117880621359,5.364071737159114,11.43446055798898,-9.977917545764406,-2.3590855337861347,-2.553259788561479,1.993087068816208,1.2084899620636502,-5.951256531843071,8.690588134250795,1.1640447031077386,0.25573136230455934,-7.884170773008227,36.338340052425515,-3.097573489933098,T
439C||T,439C||T,439C,T,1371,Control,12.575066840308963,51.53948664323508,3.59967390176813,-0.3054613710777529,-0.8062888186842283,1.4043993039726255,1.3857420676178538,-0.12374929895884733,-0.4815547514431951,-0.11055537604986486,-2.3444712894604454,0.6328565463309234,0.9748862518860655,-3.651701110799279,1.5845949663297867,34.133188710394236,-3.0289296567202872,T
465C||T,465C||T,465C,T,518,Control,1.9619572520505077,-25.15739965699826,2.8435703566336166,-0.9799317547716162,-4.05703384196104,0.22999239780835085,-6.971022043320975,-0.3513489521506586,-0.21391196729601947,-0.1536081385057436,-8.436201120670825,-16.99583249289593,-0.07911668774629382,-0.09396842523379469,-1.1354777191469003,-6.6413546266344765,-0.7990112092355102,T
49I||T,49I||T,49I,T,226,IPF,1.5046228118613847,0.3125906190481059,0.11822250785657713,-4.405795061436827,-3.063037412798743,-1.985104609299255,-3.781201986925393,-4.563778732326454,0.174977759312376,-1.5956593422507905,-10.32279648160534,-9.440632137224966,-1.0800583557156533,0.8810461272123326,-15.69211013890233,39.374293731240364,-2.982631816217541,T
59I||T,59I||T,59I,T,126,IPF,6.789368114878103,25.86737708255022,-5.065182572432746,1.0394412140241671,-4.714314838706483,5.717910443310438,-6.684937150985521,-3.2637822494065447,-6.843024674772452,0.06413231426988035,-14.892983032791369,-10.731441287001804,0.5115762256447878,-1.180648794852328,-12.356955281681808,65.65135529196175,-0.06062509215947492,T
8CO||T,8CO||T,8CO,T,53,COPD,9.692381463806573,50.34869982374159,-14.550681295066754,0.28988904367930235,-6.398628435231457,-0.273433536916261,-4.3486352084123165,-8.740446488347157,-8.225684638893068,0.8770073272100284,-11.738491091317757,-1.4858140124082269,-1.060156255675669,-1.5295206167153488,-3.321966516925444,96.24384992034474,-4.065444939712686,T
003C||T_Cytotoxic,003C||T_Cytotoxic,003C,T_Cytotoxic,146,Control,1.1927394540955578,-89.47653778542978,0.9027603205553376,-5.508184367762958,-3.489880236876069,-1.3901003918659942,1.4982731896184176,4.278094756657177,-4.85467888947248,-1.5275587348693072,-2.6364055184921558,-7.479351027485543,-0.006485873094605943,0.599420725638071,-0.6986769580993402,-96.36403770696394,8.523416358953993,T_Cytotoxic
010I||T_Cytotoxic,010I||T_Cytotoxic,010I,T_Cytotoxic,142,IPF,13.36431985409494,-13.886137920111121,3.205643353744909,-3.2042561045666345,2.098117933475824,3.558515187303317,1.0624368985311579,2.140926181737288,-1.2816354569463588,-0.44948021558346096,-6.081307551685728,-2.4465756258409224,-2.13294458552006,-0.036488070990313676,-1.0352320167574416,-28.85213009553084,0.8914156803886275,T_Cytotoxic
021I||T_Cytotoxic,021I||T_Cytotoxic,021I,T_Cytotoxic,196,IPF,3.6530161288316294,-36.90632365289877,-1.8862482230415343,0.8147667391650125,1.5489895849849455,5.718614475247789,0.6247495021324494,-2.2750292677010004,-3.033248007334465,1.1586781120282894,-12.6770271203834,2.124818952688623,-0.02298477465810399,-4.413009991559278,1.8451296615433168,-45.12916876971048,0.017788905569481553,T_Cytotoxic
222C||T_Cytotoxic,222C||T_Cytotoxic,222C,T_Cytotoxic,453,Control,-2.6534060435057927,14.764412406890314,3.8247537714308244,-1.9509345613795888,0.6253600382897564,-4.010333792141311,6.856563879762982,-0.9020292541349924,0.39478721757647955,-0.6932176783469184,3.1242995793428383,8.949287237967889,0.40583123325828363,1.1853519510705117,5.153367290369983,-26.235172756294496,-0.6403583180115834,T_Cytotoxic
022I||T_Cytotoxic,022I||T_Cytotoxic,022I,T_Cytotoxic,159,IPF,-7.9437138248051635,-10.297953310313272,3.8527538198818903,-1.016088180610688,-0.8541215357780576,0.34925128442150893,0.23716647581353864,1.31895557400202,0.12619748650778326,0.03571527711289939,-12.372554836693578,7.296043481118623,-1.1129406265118484,2.685153941061871,0.06056307183520105,-26.00321928296131,-3.577685827642842,T_Cytotoxic
034I||T_Cytotoxic,034I||T_Cytotoxic,034I,T_Cytotoxic,86,IPF,22.581164761291674,-5.958260824787835,-0.9194508001458083,-2.4025996786956627,-13.915496731062763,-5.626793528993938,-2.476320754104346,-1.504674349468509,-2.2073227222853338,1.3437463046756535,-12.440160354707109,2.226383264187283,0.8055246205304142,3.2712045583993468,-5.599080562497072,13.818671883545704,0.9912514577047724,T_Cytotoxic
040I||T_Cytotoxic,040I||T_Cytotoxic,040I,T_Cytotoxic,132,IPF,-2.1292487477804705,-64.60631309852289,-0.6473879328511858,-2.234420278074016,-2.580418713267939,3.2152585941164267,-2.466877382527401,-2.2250363451642565,-4.710600453174316,-0.8908206927022664,-6.786963485218616,15.206617421925246,-0.6435246768316085,-3.5928461176446445,-5.387670952086698,-67.45004512095441,-2.088433532197149,T_Cytotoxic
041I||T_Cytotoxic,041I||T_Cytotoxic,041I,T_Cytotoxic,98,IPF,13.163604440543969,10.238925244877272,-2.475218908916804,-2.7445043959752162,0.5724515807061588,-1.3272465996716738,-0.14794019019976146,0.18775737727073988,1.81508087804767,1.1643359511945195,-10.956077134338804,-5.437194235404549,0.3198233839579488,5.451167534105319,0.7589488610885946,4.602362816918052,-0.2216782420345119,T_Cytotoxic
051I||T_Cytotoxic,051I||T_Cytotoxic,051I,T_Cytotoxic,351,IPF,4.552152611904053,-8.80280540579524,-0.1291455318618918,1.5393458109432223,-4.090225436391388,4.66668398343647,-1.3865345413066523,0.8273514301640235,-2.5076248873360854,-1.0578326511717187,-3.9020684328444113,0.9062344726200187,-0.08603447685497309,1.3662573927057553,0.14666284695014237,-23.597201446569322,-0.1755305064080453,T_Cytotoxic
052CO||T_Cytotoxic,052CO||T_Cytotoxic,052CO,T_Cytotoxic,1023,COPD,12.182592205003273,11.210923433642684,2.8761684746484817,-0.8142249125266041,-0.9861261571185809,8.095027075824156,-1.9539841073873758,-0.40925309683139016,-0.6927799612466822,-0.4198909980832033,-1.1123982114471216,-14.186688659922694,0.6540497382349219,-0.7299132147462405,6.26605134723233,-2.140033724761569,-1.911936726355394,T_Cytotoxic
053I||T_Cytotoxic,053I||T_Cytotoxic,053I,T_Cytotoxic,414,IPF,20.151814328676856,42.81724178374757,4.0437542107735585,3.6477555792224874,0.7736694131366771,6.116977235114242,-5.272236162752159,-2.285052331160102,-5.782757550666403,-1.6138758990515765,4.667920302928014,-4.544734197549443,-0.7980282105873983,-1.3967407182107734,-2.958275070107115,33.24928177612266,-3.707273161594618,T_Cytotoxic
056CO||T_Cytotoxic,056CO||T_Cytotoxic,056CO,T_Cytotoxic,504,COPD,2.755582987510859,-13.401511911318405,-0.6303142802450422,1.7848036661342876,-0.009238169169692653,-5.53836502024909,1.4319978886944855,-4.127856823029721,0.3473761299452486,0.7864801764653039,-9.347908117853997,1.2861854886422597,0.6898800750978491,2.1441705120719954,4.152696078877729,-19.631141742204882,-5.417134342624802,T_Cytotoxic
098C||T_Cytotoxic,098C||T_Cytotoxic,098C,T_Cytotoxic,810,Control,-4.039559076107453,0.3934838599528126,7.310361529233653,-2.736824037084754,3.091297590977021,1.6352511100656244,1.0309607387346797,3.1060997407386206,-2.1541327089593953,-1.5431277944710766,9.697456836670712,1.3678085982697519,-1.547126227929241,2.6976965575788654,-1.1349650489968341,-40.46852016036583,1.3643905673614352,T_Cytotoxic
123I||T_Cytotoxic,123I||T_Cytotoxic,123I,T_Cytotoxic,58,IPF,38.37343927463483,42.13335781257249,-2.4075868312850215,-4.657450502643228,15.044238677751686,-2.4129517074953655,-0.2179230140145055,1.4787114600879445,-1.4579526422701494,0.23239861434076825,-9.518267160268948,17.193620786565166,-1.4981621955983482,2.0042185424821746,-11.87991285867407,20.099935595094255,1.453584480370488,T_Cytotoxic
133C||T_Cytotoxic,133C||T_Cytotoxic,133C,T_Cytotoxic,274,Control,-3.406794492794615,-3.8974783931223316,9.398699250136584,1.9520127648354835,2.941286999763916,3.377794701577378,-1.5810818203483186,1.910209548439413,-0.8211129211692094,-0.5400628128322218,4.022845459306976,-1.477904551324562,1.511931667816917,2.1805086660952453,-1.9392179962307068,-42.460569667063865,-1.0496742502550183,T_Cytotoxic
135I||T_Cytotoxic,135I||T_Cytotoxic,135I,T_Cytotoxic,355,IPF,-6.448330990156224,-42.86928346974362,-0.14335838898344502,1.3653197706514208,-4.744125697059382,-1.470333416048056,-0.6751362291472904,-1.6993072942894867,-2.020494594672572,-0.600621005302421,-9.490954998903089,-1.7404081131681395,0.8722189302317561,-1.6980892912406593,2.318633326153691,-41.355161975252095,-0.46432106084342745,T_Cytotoxic
1372C||T_Cytotoxic,1372C||T_Cytotoxic,1372C,T_Cytotoxic,169,Control,4.580058873930492,39.75403281556601,-3.9075438135217953,4.616636810843616,11.865349873614285,-3.5237140202630854,-0.23535113515010875,-2.550887652820978,8.532709015841393,-0.012739466509379368,2.267803160598562,4.030120969352431,0.21071757761635646,1.4975996448631448,3.8838272967856056,-4.872782741760255,-0.7245692720534036,T_Cytotoxic
138I||T_Cytotoxic,138I||T_Cytotoxic,138I,T_Cytotoxic,64,IPF,6.230758087935896,43.01291646740374,-3.8372725191735104,-5.956181406490239,0.5292112428971408,-6.378847866328224,-2.4039060607149985,-2.0501728105251305,-1.578242929010439,0.5704922488205408,-16.41031271407619,2.941307718602901,0.24335784127453572,-5.731860904151554,-7.027291885533602,68.09470221362686,3.331077730055944,T_Cytotoxic
145I||T_Cytotoxic,145I||T_Cytotoxic,145I,T_Cytotoxic,642,IPF,10.798304266082463,5.743628939105396,4.993740440429417,-2.260788097849993,2.117442951549635,2.153727689961577,0.902356124673616,-0.07876517578926316,-1.4216976345929686,-1.0520455041741212,5.490684748896461,0.1064933544744019,-0.3661595332986289,1.7622764721149204,-0.9254468535936624,-21.784355270607765,-2.570691341217834,T_Cytotoxic
152CO||T_Cytotoxic,152CO||T_Cytotoxic,152CO,T_Cytotoxic,112,COPD,-13.69114382267706,-124.3446708423061,-0.12456903659145539,1.4496985777230778,2.561692602825009,-4.247582245302605,-13.790725426613577,-1.9261369615246293,-3.6094691996721067,0.30011892680727786,-1.2805081276754775,8.379738871793835,-3.817368420630286,-0.9416311346291584,-11.568857747115294,-116.98010177456408,2.5741736847343866,T_Cytotoxic
157I||T_Cytotoxic,157I||T_Cytotoxic,157I,T_Cytotoxic,296,IPF,19.94185222692723,33.74073782042905,-0.8441334748620974,-1.9386186768039897,-4.2092986849003,2.7911563918412328,0.49947380991385243,0.9486947452174275,1.8446681149433384,-1.289218068076204,-3.437041508018458,0.8339231570405885,-0.24048281944038602,-1.005613749546758,-0.5276030666282859,21.525866712018672,0.11210836960094496,T_Cytotoxic
158I||T_Cytotoxic,158I||T_Cytotoxic,158I,T_Cytotoxic,862,IPF,13.105093791979023,28.380932661872997,6.23907110352579,-2.921556678171075,1.3933815911110188,8.255192653420595,2.3052877812439574,3.6345988448065376,-4.002198298581449,-1.5425732119446642,5.779036317605431,2.5481428134962325,-0.9500475973729691,1.0960213944159836,-0.67446170512088,-11.519710563186864,0.06389164849579412,T_Cytotoxic
160C||T_Cytotoxic,160C||T_Cytotoxic,160C,T_Cytotoxic,101,Control,19.048992530693823,22.887902387425065,1.5098227321758217,0.8714970636661042,-4.983584564946612,0.41007651569302456,-4.963853129738469,1.5327216924925304,0.10131211213975477,0.5760145408416706,4.350369791339159,7.631564971110815,-0.7405499011250196,-1.86087095345284,-7.419519303807085,9.896093692881148,-2.700049439974521,T_Cytotoxic
166I||T_Cytotoxic,166I||T_Cytotoxic,166I,T_Cytotoxic,159,IPF,41.586200136124866,-19.618425787319786,-3.845604803421013,4.959099505646711,6.910330397926268,-2.217420903535957,-9.207090232702797,-0.2957757013707946,-2.907066791969813,-0.2486593496289856,-7.880395409482509,22.0936467692222,-1.1448046522635287,-3.3992760885819955,0.26512745405867555,-42.23683581805906,0.8594432687129921,T_Cytotoxic
174I||T_Cytotoxic,174I||T_Cytotoxic,174I,T_Cytotoxic,155,IPF,4.667616027630562,-16.207903111078316,3.289276539303413,1.6220930627334782,-2.973675166050031,-0.9159939847563655,3.905230703681303,4.145892775726829,-1.9543734439133296,-1.3965078291746633,-6.602725954888928,6.608768933699179,-0.3701724865186746,0.1469305728920181,-7.309951569176475,-34.2130971993187,1.1335453665528379,T_Cytotoxic
177I||T_Cytotoxic,177I||T_Cytotoxic,177I,T_Cytotoxic,149,IPF,0.15820313275146797,2.7102736535323517,4.903569992872789,1.9297276239522672,2.1144418957971727,2.2128061728828374,0.5333611642772611,1.1899799621231226,-2.141900605738439,-0.1820159119564226,4.227458498382429,-3.8426376329901903,-0.5759529378789859,-4.224126878312989,8.478795514040206,-25.581814377120512,-5.008275394927889,T_Cytotoxic
178CO||T_Cytotoxic,178CO||T_Cytotoxic,178CO,T_Cytotoxic,361,COPD,22.499711924732598,59.48887623808584,0.13371263821820226,-0.9997198893583703,0.49319954139949507,5.754680784885093,3.698563135503187,-1.0625514323394,-0.37059880163489534,-1.2759718615512436,1.9248098128260835,-1.3103189845681997,-0.7622920846642107,-1.4897536122571797,4.031741896548123,38.885755183823996,-6.839236656874317,T_Cytotoxic
179I||T_Cytotoxic,179I||T_Cytotoxic,179I,T_Cytotoxic,134,IPF,-6.495266731257676,-44.57598063880685,4.937415533398345,2.3834130416573602,-10.162725608553053,-0.1682836486194002,0.723399758551223,-0.19923536401213948,-4.576678065712787,-0.7767911213572446,-2.333829223253205,2.972672447416352,-1.8095614780899085,2.227440469640278,-2.142385774006624,-56.738627908553944,2.4109397345580317,T_Cytotoxic
184CO||T_Cytotoxic,184CO||T_Cytotoxic,184CO,T_Cytotoxic,570,COPD,7.492274341290114,-2.202995853140196,-2.853018291560526,-1.6290682587315766,-3.7904519047627128,-0.27510226608975885,-3.3497969043743727,-2.2712369084815367,0.9616805803467936,0.5115996447725557,-3.823136566973126,-8.992503377278753,1.4334409526580998,-4.266128650162304,5.4910246391490265,2.5274122849328498,-0.5545673947144122,T_Cytotoxic
186CO||T_Cytotoxic,186CO||T_Cytotoxic,186CO,T_Cytotoxic,281,COPD,-0.6523633701820113,13.99069849753007,5.701716256563683,0.6335968437307953,1.1662687422612272,3.9647276276462793,2.1016748542419497,1.8911784548900454,-2.6249387186248363,-1.438323524958027,1.9439289087269123,1.8902353970998496,-0.3269136766591022,-0.9543327425785469,6.228687756477401,-23.580442969123233,-1.283221280293874,T_Cytotoxic
192CO||T_Cytotoxic,192CO||T_Cytotoxic,192CO,T_Cytotoxic,1114,COPD,17.138482369621624,24.621995130061197,0.2791746523449132,3.696701453822875,0.28669212875488786,6.130596282600892,-1.7845998889414079,-1.2818120651603997,0.4828301755220595,-1.383518640821904,4.293921162385462,-6.584171106819885,0.46314474680080325,-0.8377810990522266,9.576694843532326,-3.7846628304850127,-3.6080712525517975,T_Cytotoxic
193CO||T_Cytotoxic,193CO||T_Cytotoxic,193CO,T_Cytotoxic,807,COPD,25.665888931559852,73.49775844615854,1.2057378312941407,-1.8460109544064591,-6.4049351925339675,1.859914626826322,2.7545741807076385,3.0972344843201713,-0.7451938439300719,-0.3917682642508728,1.7508257354312902,-10.851868620824014,0.5806926587205545,1.5316090748735938,13.910819768890759,47.976573962316095,0.39269643059374254,T_Cytotoxic
194CO||T_Cytotoxic,194CO||T_Cytotoxic,194CO,T_Cytotoxic,294,COPD,16.940679746186795,8.64781751264049,-0.6276330952725001,0.34052050860319816,-0.8873416333960824,3.3741999394974167,-4.4756972247379,-3.3473399723946637,-0.06369772580994569,-1.6786474230170971,3.2600703862814484,10.34431180976854,-0.4859858019919845,-1.129183186634514,-2.483397738555083,-9.912888267439426,-2.2563296303905265,T_Cytotoxic
207CO||T_Cytotoxic,207CO||T_Cytotoxic,207CO,T_Cytotoxic,183,COPD,8.637940078789157,-28.19061278138554,-10.288065663908515,-0.2450815218721909,0.3385364390402259,-2.7992966944100477,-3.512094977066259,-6.151411281761444,9.369853624893832,1.9873518495063263,-5.757221529994524,-7.976987321592549,0.9019860203896477,-2.2883586639862976,1.1298587721627282,-9.208460199594958,-12.368078201321252,T_Cytotoxic
209I||T_Cytotoxic,209I||T_Cytotoxic,209I,T_Cytotoxic,123,IPF,-11.567299639705613,14.350405174982239,7.138066681921,-0.5076780302897834,4.3464725634997246,-3.6143386134821567,2.1404076755634844,0.7670469403968285,-5.010041501926912,-1.3263021593787763,-10.10039349575263,5.26643561990073,-1.0731436980704863,0.7176781575140485,-10.808419685003459,5.731990973865569,2.00576717809532,T_Cytotoxic
210I||T_Cytotoxic,210I||T_Cytotoxic,210I,T_Cytotoxic,70,IPF,14.214973438809128,-20.89556511286023,-2.7830919768255873,0.7670322713698869,-2.0875981925775657,-10.356008420647003,-6.241983659318061,-0.9449661945255794,-2.6223732596019302,0.8197102003712056,-11.05044360989402,16.87344664462688,-0.878748609148712,0.25250145227400805,-4.86486835247481,-11.549352637441658,-4.905677337176969,T_Cytotoxic
212I||T_Cytotoxic,212I||T_Cytotoxic,212I,T_Cytotoxic,251,IPF,6.920881951312577,-1.4970567273960906,4.333564844460973,0.5223459709907183,2.4195563647720335,6.155339254679434,-3.1985211193701377,2.138608412000477,-6.666348256238195,-1.3858344509326925,-0.8242125961880922,-3.372087548858334,-0.42477278683629716,-1.4386433892844441,5.399862847635048,-23.873332268109973,0.040561425753741304,T_Cytotoxic
217CO||T_Cytotoxic,217CO||T_Cytotoxic,217CO,T_Cytotoxic,297,COPD,4.408554590952393,14.600342099773805,2.3025937691078493,1.6653338018892867,-0.7772449447771649,5.469443090290924,-0.3789174590733804,-1.6669760477394964,-0.4745358835695889,-1.543708210112701,0.5058329200458614,-11.182775055250698,0.8155786188678893,-2.4941394074331327,0.7020046520666537,4.449260761345122,-1.4682650740132395,T_Cytotoxic
218C||T_Cytotoxic,218C||T_Cytotoxic,218C,T_Cytotoxic,111,Control,-2.504647478808487,-17.659275663460093,-4.167593093823091,-3.1035274041066274,1.9933269197383061,-6.479395920297712,-0.39816305176656097,-0.3144665115952413,0.7978852623821092,1.273405211460598,-8.319549222271128,3.05738309281274,1.3180963667498935,-1.1867455485380622,13.241023197033522,-36.22774486997825,2.1799333406096726,T_Cytotoxic
221I||T_Cytotoxic,221I||T_Cytotoxic,221I,T_Cytotoxic,81,IPF,-4.171533503196773,-100.479358765057,-8.068511579930433,-1.8508007219625975,-2.039544693154834,-2.008315461177703,-3.6295087496864427,0.6213611552012521,-4.439041657761644,0.16596166023430184,-19.867539020569936,-6.8100579898246485,-0.6199538113353943,2.45331796069347,-3.458461367478997,-70.10080704722678,0.4956859907938051,T_Cytotoxic
222I||T_Cytotoxic,222I||T_Cytotoxic,222I,T_Cytotoxic,542,IPF,9.91644323725124,-14.371511714060329,5.0230629244754095,-1.4047789125306207,-1.6642518842181515,5.792750253182034,1.6337143339237037,1.4347499189151156,-3.5837050017643657,-2.394942504228888,-1.0189257075935987,-4.359948669483075,-0.7853466859963408,1.8302212149637018,1.1628966299070498,-34.570437095291105,-0.14342709645077303,T_Cytotoxic
225I||T_Cytotoxic,225I||T_Cytotoxic,225I,T_Cytotoxic,112,IPF,6.814169857409221,72.29555730218007,-1.577985916836895,0.7641980561454076,0.9058585983684403,0.22267499338674598,7.133487406921101,2.3746715906818774,-0.6699786069179201,-0.5932162330492841,-0.6966871657226466,5.977210676222402,-1.0132150895703498,0.2525119406720714,-4.112512269282887,42.01293510437167,2.6387476486604884,T_Cytotoxic
226C||T_Cytotoxic,226C||T_Cytotoxic,226C,T_Cytotoxic,266,Control,7.035980141335591,-85.88824476731592,-3.2663641928195943,1.00773501204627,-1.6903168389361287,1.124792424995679,-8.634340595920344,-1.8156938207935875,0.35552386754241544,-0.26510391095990266,-4.632204326124058,-1.6904069291629171,-0.5450321449622506,-0.08632207168879236,-12.576291580526394,-75.9100354831977,4.058959255061625,T_Cytotoxic
228I||T_Cytotoxic,228I||T_Cytotoxic,228I,T_Cytotoxic,134,IPF,6.255663833620914,-44.60890083756659,1.0848609022157345,-1.9730393919415246,2.1001341410457615,1.5081881541473485,-2.4304896977035395,1.7074419841859847,-5.307887985546,-0.029980872457104336,-10.920537366360481,-4.1018819994106615,-1.235482081317517,0.055929286034616915,-3.565009779046428,-44.54142889275803,4.363426193215528,T_Cytotoxic
235CO||T_Cytotoxic,235CO||T_Cytotoxic,235CO,T_Cytotoxic,207,COPD,-9.202478752043493,-44.880596332261675,-2.0769568168091146,-5.752680871623138,1.671966730916812,3.4311273892694905,-6.857877192538865,-2.6132825707372462,-1.7929240842234582,0.37928402224465557,-7.515582467038935,-9.195108797796918,0.9681935921557364,-0.36411104592763516,7.261414284886314,-35.34057311606474,-5.760341957104592,T_Cytotoxic
237CO||T_Cytotoxic,237CO||T_Cytotoxic,237CO,T_Cytotoxic,84,COPD,10.09374880739932,107.43434979202627,-5.879382576108515,8.670887846573478,1.7017641174660831,-3.7094813923798586,-13.411627432867823,-5.840096366223122,-4.082998441974946,1.7485854662125642,-10.89757292036715,1.3417860961897459,2.7509344963920204,-2.542304115101895,10.790849383525625,110.28486173199093,-2.168712669430271,T_Cytotoxic
238CO||T_Cytotoxic,238CO||T_Cytotoxic,238CO,T_Cytotoxic,114,COPD,12.297472140042556,-11.638538595997048,2.824380543622741,-8.603141587200325,-2.0203924421098964,-2.0481125046524493,1.35673656637511,-2.249636031876916,-1.7476902444475657,-0.034070679812882206,-5.726597843213284,-10.827991814336041,0.2909082120796417,2.018281377867388,4.871360995796293,-5.513063826867358,-2.9063658853509886,T_Cytotoxic
23CO||T_Cytotoxic,23CO||T_Cytotoxic,23CO,T_Cytotoxic,55,COPD,-0.19092569718593158,19.138095563347765,-2.0091476367674805,10.506686733612064,2.4060551049797376,-1.5224095926155468,-1.7627052738346884,-1.6710126332404351,-1.7139874481650264,-0.18535802697269063,0.1517638797183829,1.5342825494236034,-0.7361295897704964,-5.886992257119198,2.0105495262433086,1.8149850203628046,-2.475341360636202,T_Cytotoxic
296C||T_Cytotoxic,296C||T_Cytotoxic,296C,T_Cytotoxic,82,Control,1.2061607218994281,-56.63892242202071,-12.97527590380735,-2.895981918496175,1.4014379141290612,-5.110553897037258,-0.2782967399613138,-3.8982234256653943,-4.952995810976984,0.9606773351562614,5.841897146921841,-15.321828305489067,1.95398223006182,-0.9604015614596297,3.410361640695075,-42.204033353899746,-0.2865443403217546,T_Cytotoxic
439C||T_Cytotoxic,439C||T_Cytotoxic,439C,T_Cytotoxic,586,Control,10.868669148400697,13.365413563392899,0.7970508542058329,-0.0007662740675578635,-0.7723105146404016,0.7117828920877255,0.7932314828177106,-0.5427530047050803,1.6233168556448403,-0.2843238633048692,0.07651553198788523,-1.8346921703964902,0.6325735976393287,-4.0455331892539785,4.4711652900426575,-4.25776323617424,-2.6789372566200966,T_Cytotoxic
454C||T_Cytotoxic,454C||T_Cytotoxic,454C,T_Cytotoxic,95,Control,0.7790273694917536,10.08006081615674,-2.0831017519195445,2.2349184954473054,2.5904203222174353,4.580089256830214,-3.02057960412982,-0.2500702886797736,0.6706642975396798,0.17563544261511438,-3.81989275104866,-26.262716839271476,-0.9673519885716492,-3.871879288219442,-3.464283900927199,21.093243514185534,3.7981093319593984,T_Cytotoxic
465C||T_Cytotoxic,465C||T_Cytotoxic,465C,T_Cytotoxic,450,Control,7.142460608957809,-33.95900520291792,5.665980366870464,-3.2505818062474017,-3.7822218503276916,5.4813262995303695,-2.43807847981133,-0.4293953309648148,-0.8220076290963638,-0.5437013012029449,3.000494564765047,-17.160113017366346,0.12745640170802966,-0.7710479920370952,7.050151825488879,-42.14938263710608,-2.614741185250328,T_Cytotoxic
47I||T_Cytotoxic,47I||T_Cytotoxic,47I,T_Cytotoxic,103,IPF,-9.405450625391827,-24.327305130582268,-3.173231396768222,2.785367327348065,-3.7713391063612796,1.6985473937150457,-4.444535141639958,-3.425449759101166,-2.6671443964508783,-0.4853216063366922,-5.488039844321408,-0.3939542497713907,-0.8930796702255261,-1.1794782186058979,-5.330489423710327,-10.839499407600053,-5.396514198882173,T_Cytotoxic
484C||T_Cytotoxic,484C||T_Cytotoxic,484C,T_Cytotoxic,250,Control,10.44381437949749,-0.5133500031312579,-0.742562970384223,1.3614613069758235,2.0896164675106634,-3.187653655984463,3.596502502046779,-0.45264258046359995,2.677407927991714,3.1795803908019185,-1.4628499526027146,7.909877740771864,0.3259262700436284,0.7586269066621372,-1.4527729021914018,-29.05298945174582,-4.737734570693145,T_Cytotoxic
49I||T_Cytotoxic,49I||T_Cytotoxic,49I,T_Cytotoxic,299,IPF,4.634077644973621,-1.2702566468365966,2.9777641675019515,1.4696280571664628,-2.367427454897794,6.098144585118597,-2.225633261384771,-1.3945414607752336,-0.745316883003693,-0.9558232055206449,-1.2559475688964314,1.1042285369778715,-0.8002671485483843,-1.7800642624280105,-4.176873629783504,-14.49989956672858,-1.3950841197640305,T_Cytotoxic
59I||T_Cytotoxic,59I||T_Cytotoxic,59I,T_Cytotoxic,59,IPF,1.3095394441176411,-86.72745283172904,-5.366536269048364,-10.010760431201463,0.8649668871491342,1.3128523042986715,1.8661843129205535,-1.4358943685484802,-5.684103914881553,0.2258490695722453,-11.104435456949696,0.9190137450940865,0.22183393636982424,-2.643025635295124,-18.367410296934274,-57.12293133149669,0.9200880490926031,T_Cytotoxic
003C||cDC2,003C||cDC2,003C,cDC2,96,Control,6.086001913631563,-37.628733712645975,-0.40375670345273584,-0.1673129161354577,-3.9639485072017786,0.03213626789369563,-3.423704610552235,3.347106500783467,-2.573395603534881,0.3769659084080148,-5.2935539054984675,-2.534680504483528,-0.7052168991359143,-1.9517311386064862,1.4722275250457013,-40.10192502172177,-0.41480067258319975,cDC2
010I||cDC2,010I||cDC2,010I,cDC2,120,IPF,3.0671834428562397,1.7007477030782607,3.2140329852845517,-0.24340167410956196,-1.936684649661792,4.393887408804472,-1.9213966846666577,3.816317247476476,-0.8440598624549152,0.41031643403989027,-8.033104192197957,1.7629563604384093,-1.4156297066906722,-1.1152217735557755,-4.506880011837776,-13.167350870237446,2.6101101243173845,cDC2
021I||cDC2,021I||cDC2,021I,cDC2,53,IPF,13.18624316200046,-14.110229787735264,-4.532798434060534,-0.4404742812055123,1.6333740602736464,4.729223991643596,-7.4326333805323905,-0.6775484486642082,-17.747698811796813,-0.20281576279890917,2.607278669177456,-6.005045130573742,-3.935057266473756,-3.415201414751083,12.017669196812783,-6.2927650219007845,-3.0925943210145017,cDC2
222C||cDC2,222C||cDC2,222C,cDC2,131,Control,-2.6795919125612166,-9.260859320098358,-1.0325595703343284,0.07369162304662996,-6.833561981097167,-5.29296042967748,-4.853815908130667,0.8098617229335296,2.063371079489698,-0.6843249162547171,3.394044064673495,4.848330418869198,0.04538719934284202,-0.6874927079732532,1.3302298396239691,-20.633612572540994,-0.4843037501987458,cDC2
022I||cDC2,022I||cDC2,022I,cDC2,92,IPF,-1.204058492636016,3.854894641710972,-1.0283174548017537,-0.6140968759453892,1.1358881620869343,4.569739196771699,-5.876889262809234,0.4389886151824093,1.8345525559034834,1.8621782679871348,-8.161338432329016,13.966527553858379,-1.0308909256378973,-0.8905251510410941,-3.624717348365811,-18.900414868677323,1.497354041398993,cDC2
025I||cDC2,025I||cDC2,025I,cDC2,81,IPF,-1.8130108500395303,22.787878652594234,-2.2449882013813616,2.7547263593206166,-4.106938525971785,2.252537553762462,-5.028524361291873,2.5402596870016727,-2.9133405099400673,0.6568026841606245,-11.132926506362425,3.5128772054317907,-0.9478362052652606,0.26834979363698647,-1.6699150346865237,19.899018385945798,0.27091976010402796,cDC2
034I||cDC2,034I||cDC2,034I,cDC2,74,IPF,-17.442913470099406,-87.52761867613339,1.039116987237539,0.2850804365073331,0.9088424780169075,-2.567902460351304,-8.08161073163385,0.1767373057107654,-16.826298602709794,-1.5186302534386984,-6.974758913025088,9.51469244801039,0.11436013753106067,1.923015404938941,-2.555601151722275,-87.24215352833816,5.600635199003092,cDC2
041I||cDC2,041I||cDC2,041I,cDC2,114,IPF,-6.605171313982227,10.371371889303713,0.24038829091005345,3.0430740786276758,-0.47770183175251985,0.8960170749432915,-4.14518919630547,1.5604269250335918,-4.326415484581265,-0.2304416110710959,-3.6647009716963965,10.808422455507474,-0.664307098362102,0.30973112581462336,-4.724560580746997,-8.481849741383444,1.5516218862365652,cDC2
052CO||cDC2,052CO||cDC2,052CO,cDC2,70,COPD,-20.283926719818965,-22.986610120274058,-3.4221412717333304,-4.0682842510888415,-5.700515019952908,1.6858875547895202,-8.40114051346164,-0.023056962969925508,-5.244698869056159,-1.307287469464256,-0.5777991234504656,-9.230177237086705,0.1738676580291872,-0.8885966871712819,-0.5366977963972197,-8.753159724849494,4.630333025459993,cDC2
053I||cDC2,053I||cDC2,053I,cDC2,150,IPF,-19.50502837133067,-13.505859846975099,-2.695011447420368,4.036645182707922,-4.410378772559453,-1.690360769218802,4.52326642662208,-1.4245118383044195,-11.552735773131237,1.415791689213655,-4.764167382407666,17.326830973042295,-0.5258057189889391,0.7015961596747978,-4.653822480959247,-29.09454907548375,0.6244964121084572,cDC2
056CO||cDC2,056CO||cDC2,056CO,cDC2,102,COPD,-19.538765939674583,-18.318870386085027,-5.230698224543418,0.7717829653474699,-18.707185968048833,-0.38597250766407853,-13.083756951145372,-6.368317799877257,3.6267163534182876,1.025249568732454,-3.9686305246596154,-9.697553870150125,-0.7022002091971415,-1.3107951081134535,2.824263414519401,14.248877562733636,-0.03750565556641183,cDC2
098C||cDC2,098C||cDC2,098C,cDC2,176,Control,-11.930378603683092,-36.01250003433122,9.418744098936777,0.578001690717397,-5.260071988347284,0.11826885983294053,-6.473731762460779,-1.1409186709602135,-3.9970256247718736,0.8692511968952132,4.776847807145027,3.3058633931795205,0.10346274694488988,-0.12413134334536954,-2.199695761965652,-54.600405394550336,-0.06381584971129378,cDC2
133C||cDC2,133C||cDC2,133C,cDC2,111,Control,11.00559035417387,8.533163334507817,10.428853473605441,1.5112750114772933,0.369398995424908,-5.651250197380912,7.547703755452499,2.2233096014041287,-5.32177101553684,-0.6721440739124502,0.2260611096803614,6.857303345985926,0.2119701197339221,-3.4722126813949896,0.5332915410767923,-24.934676717317853,-0.0008055019200366696,cDC2
135I||cDC2,135I||cDC2,135I,cDC2,176,IPF,-9.828997613879155,-34.70611002115087,3.8163108460783746,3.8042138648775254,-0.06000576179817204,0.23339051932460683,3.4187009986619836,0.8188633549834073,-5.937636339111532,-0.8904485654685489,-3.9519602326399204,5.947904494643097,-1.325541518539644,-0.6316976033126925,-0.3840372532449267,-61.23060632599507,2.9895829322607126,cDC2
1372C||cDC2,1372C||cDC2,1372C,cDC2,100,Control,9.811787156784574,6.156683523925848,-2.759944204262708,1.6103042651407733,-3.0771505631182383,-1.1637846417439952,7.8552685282988355,-2.773652605288501,-0.16544504147796968,1.9930510199479692,0.10208330393703906,6.415258954051196,1.12383502830159,-0.5734803478694097,7.512118038268288,-30.964291883935314,2.3456571055467252,cDC2
138I||cDC2,138I||cDC2,138I,cDC2,113,IPF,-3.1126230725151167,-10.238856482157015,-0.037921545920576075,3.7702788404622902,4.405159950077946,4.695739179889382,8.114844866004724,2.099633984159571,-8.828842370453648,-1.1394884596487374,0.1940761279247873,-6.788778817618902,-1.1474959233086564,-1.8324081587069971,9.99751839791992,-43.256535773333944,0.8385066522661,cDC2
145I||cDC2,145I||cDC2,145I,cDC2,256,IPF,-13.548752605385957,-30.225578689543955,5.1703760281061095,3.9692173588772772,-5.1257270110681885,0.8967708271810148,-5.214830290616135,2.1624605537577204,-3.8295862347292573,-2.2735610731909106,-1.2441004949794088,-1.1403156843157602,-1.232400790367051,0.6130582158070925,0.47645107981994017,-41.338744902685704,-0.7915028392702941,cDC2
152CO||cDC2,152CO||cDC2,152CO,cDC2,134,COPD,-13.069237160155657,22.3116350158089,-3.902022699838616,1.4666908435546737,-1.0184836398556107,1.4885479315243393,-4.114197009419312,-1.817534689355147,-10.424579036786511,-0.48309596016647344,-5.95602353098551,2.6355578626762948,-1.5278051718678085,-0.6622491306320745,-6.866073225834797,31.02162077811866,3.7944251265474906,cDC2
153CO||cDC2,153CO||cDC2,153CO,cDC2,53,COPD,-24.936727498854513,-60.203554314982625,-18.29453923415479,-9.386417370361468,1.573243363787211,-0.2563687659116626,-12.516994717836665,-9.805235141149769,-7.193920425132717,-2.461772784760185,-9.27429496186036,-17.16420634544807,2.473962909541914,-0.018622536023945545,-0.5441249381820301,3.478363644871358,0.5105164195087682,cDC2
157I||cDC2,157I||cDC2,157I,cDC2,291,IPF,10.689985051394789,9.971062103038285,2.290678825319735,2.9677425094761674,-3.3846193403915823,1.6116124911507739,-2.4900074755361357,0.22781861323490585,-5.1415200629238464,-0.8279576916696162,-1.9757770689050564,2.4357348817728037,-1.9673527709376852,0.6166796103812923,-0.9651737652599002,-5.675870613435663,3.5722173926324534,cDC2
158I||cDC2,158I||cDC2,158I,cDC2,93,IPF,2.387291998718833,17.56312286168292,3.5313468600717166,3.131194347058437,-2.384136876068123,2.2887546416971,-7.669373435238229,4.238013834443739,-1.0321679880546244,-0.8999795810405917,0.9078298838986538,-2.948560480666723,-0.7983864445486151,0.7087314926850308,-3.3745233641334567,-3.92572489282521,7.1132482962743016,cDC2
174I||cDC2,174I||cDC2,174I,cDC2,339,IPF,-5.250990177741796,-8.772279713971324,5.547559241241778,2.739404722996491,-4.469865652633424,-0.4042882412106833,-2.3641364660129693,1.869745953475528,-4.904757671460722,-3.483948131084933,0.8639431617695925,2.5404808870508724,-2.1059099902481266,-0.009887273868710383,-1.5995759171739075,-24.10539493824757,2.4374940333058506,cDC2
177I||cDC2,177I||cDC2,177I,cDC2,193,IPF,-1.4676981106936637,36.46749186220087,5.073113075226995,1.0499483513106038,-7.5196841505835135,-2.4796575223517947,2.139855356783383,2.9346326281448634,-1.5587242297756676,-1.6401507732350673,2.429551482527893,4.217102677647407,-1.7166587786698198,-4.944831951203952,5.078838488971072,13.204332917308411,1.5229677219703888,cDC2
178CO||cDC2,178CO||cDC2,178CO,cDC2,99,COPD,9.691169394281381,31.043610570236787,-5.990963989893619,-1.8495623307206357,-2.5059108117996387,1.2991167936749013,-6.985430863333654,-2.0609331362345213,-2.5703633810329776,0.173872428549054,-3.020654126719765,-2.9819716816633863,-1.0716676048477025,-2.67550757844769,2.544186568740982,39.11552450398978,0.9470192118458671,cDC2
179I||cDC2,179I||cDC2,179I,cDC2,230,IPF,-6.907127356014727,-16.164269984148017,4.133868995844137,2.36602019544045,-6.02726142549226,0.7023006543320249,-1.9030710484276194,2.1618558474104974,-5.642314479307544,-1.7130014690748216,-3.738286331237846,2.8389428300797634,-0.5839064162469266,0.8253996110487744,-3.1115294900862347,-24.820566360935832,-0.32957766562428736,cDC2
184CO||cDC2,184CO||cDC2,184CO,cDC2,373,COPD,-5.884379025457155,12.915072593788054,-2.9317346201195496,-1.2259640864815131,-2.491187340407998,-3.6857414816509912,-7.912527015528996,0.28348517910964754,1.1060943511118129,1.6395094820610172,-0.5312375834930718,0.14509494589478902,-0.3256432682508506,0.2981132219473103,-0.9173380019219111,8.466206903253308,2.3210853401354483,cDC2
192CO||cDC2,192CO||cDC2,192CO,cDC2,182,COPD,9.219286990351462,32.1651555997881,-1.8527370438599517,0.46757145482014745,-2.336955530734412,3.762178522200399,-6.578618279409984,1.3409995152979253,0.5709988987593754,0.04518712367287134,-2.3386021863406903,1.2426668234204123,-0.9293270736228526,0.4151122335248004,6.026318312924499,13.229705155302515,0.4238011057034078,cDC2
193CO||cDC2,193CO||cDC2,193CO,cDC2,142,COPD,5.737674055929143,-0.7161089294748526,-1.135170489754628,-2.5203802399416397,-8.686098231437214,1.7219154920844124,-7.3425062195458,1.672495057081409,-5.111743809473989,-1.4218833207624846,-1.0796987836937435,-4.257069916707263,-0.7159048813975611,-3.781374261969985,0.9186620949443935,9.893874078392486,2.451917934577075,cDC2
194CO||cDC2,194CO||cDC2,194CO,cDC2,183,COPD,-2.2853850083633347,2.477495950168757,-5.322072332275419,1.438559622599418,-1.0220508232080634,3.9495489661335665,-7.158930131369928,0.8238364647804339,-1.451594589548005,-0.23606897360445997,3.4135734004336524,1.701123246411212,-0.03220745641020567,-3.061059410064008,1.117987271447953,-11.333362787077629,0.9733569137907244,cDC2
209I||cDC2,209I||cDC2,209I,cDC2,79,IPF,-7.686600544722729,-10.77612396014051,3.008685766701809,3.7080493625468804,-0.2767384186586973,-5.180324100334953,5.814033601744384,0.10706568345622759,-9.273064484366364,-1.4762219744751242,-0.14625140809703222,14.254157563649784,-1.116426046710306,-0.5837833702181885,-3.0103233779034606,-39.12609731972426,3.8442579941191473,cDC2
210I||cDC2,210I||cDC2,210I,cDC2,153,IPF,-0.798770174164101,36.412847745155105,0.7112465556483555,6.680678830967315,3.3769569439524147,1.0917977320580725,-7.101971653969924,0.6127553802521983,0.25699700728209773,2.439413383066277,3.515299145459705,0.9122527728183205,-2.442745254508785,-3.6734037193418634,3.770092223059976,5.150446312257525,2.436175518023722,cDC2
212I||cDC2,212I||cDC2,212I,cDC2,57,IPF,7.315668414131193,-11.233915154013387,-3.7210461374031185,-0.9756588255556927,-0.1254791124568958,4.340429317867878,2.0080075995402975,-1.1040199944447855,-2.3058173061685117,-1.3282741431863683,-6.4140501576953675,0.43290075303933345,-0.36566636919524836,0.16753324183628837,-6.21748056878207,-16.992328838484116,2.6901788189454123,cDC2
221I||cDC2,221I||cDC2,221I,cDC2,112,IPF,-12.275241516549201,-16.252793882240976,-0.8291541783319496,0.42794409688863255,-5.815133843034829,-4.554683690685747,-7.427164763349358,2.643233727876398,-5.491181267274331,-1.976982996748808,-7.559372073896331,7.962759626985783,-0.7923338188266864,-0.8222893269636369,0.7155706954893801,-13.89877808615943,2.4879154476605168,cDC2
222I||cDC2,222I||cDC2,222I,cDC2,195,IPF,-16.303509115800424,-40.534559209588586,4.667931064318105,1.7167271852786827,-1.9907452035881916,-0.38043746004062584,-4.374179985930397,2.375288378553428,-6.581727622473758,-1.6639589618584303,-1.4643433031768438,-1.831807302241117,-1.6314378898792028,0.1669591170688457,-7.203366598208392,-42.764928724994434,1.7486115294541766,cDC2
225I||cDC2,225I||cDC2,225I,cDC2,341,IPF,-10.948973096608832,-10.275058402604719,5.985861222887295,2.160924956768255,-4.663408852621815,-0.8256235404849536,1.8039244302661348,3.659042321788952,-7.930700042629157,-1.4537026770450308,0.9252208964708274,-0.6543439921258932,-0.32866902712509544,-1.793829588006583,-1.4481537134344795,-23.546824625632535,-0.841632739810142,cDC2
226C||cDC2,226C||cDC2,226C,cDC2,141,Control,0.6005284616006392,-60.38548350358871,-1.0299118258419155,0.9647469968508575,2.2732409335199364,5.890701943953631,-2.519917708054695,-1.767066831159382,-2.957587535304291,-0.6154427480388104,2.4557791150423984,-13.196248778967778,-1.0142622475817615,3.6777162226141944,-7.5723485172349525,-66.05131640244774,2.399577310932102,cDC2
235CO||cDC2,235CO||cDC2,235CO,cDC2,57,COPD,-7.178082467086177,-52.760171793616486,-12.846558585390508,-1.6795994122522209,6.27975158042017,5.2547059241600325,-7.343264421657201,-5.223142879901538,8.08354343743112,0.36631889868825546,-5.4211562113090785,2.808941911369487,-0.20502479547397123,-4.821320713752007,-4.629217171671089,-57.907554231553924,5.846548309146327,cDC2
237CO||cDC2,237CO||cDC2,237CO,cDC2,181,COPD,-12.417667209467375,-44.694250325366134,-7.6790749137398535,2.742471957404608,-4.341231626786515,1.7880534930765195,-8.81615132266634,-6.087243891774303,3.8747779618332534,1.5140163932756119,-7.285768409473696,3.52494566856723,0.9651665184155935,-2.535602842901356,-5.8257569149706825,-34.00319837285263,-1.2065105909033398,cDC2
238CO||cDC2,238CO||cDC2,238CO,cDC2,71,COPD,5.669051608268012,34.64797204442359,0.9074118568969569,5.215943023076509,1.4934949014776635,0.8120404236307038,-10.243952336693775,-0.2624158798001599,0.7031224719066288,-0.7315971155312633,3.0288656546762724,-2.9585157477229975,-0.1831901239640328,-1.335897581852861,5.911730899545018,12.939120537913654,0.674954492735661,cDC2
439C||cDC2,439C||cDC2,439C,cDC2,60,Control,11.180590987718409,30.29964053960892,-16.59851784180964,2.5584784641340135,-0.4809940798641219,0.3607679761161562,-11.208600962440519,-1.0117944210232346,-0.594383725619883,3.3310440962457717,-6.354292443438923,-16.057642168160932,0.2389400907418664,-4.837339696511635,11.54486722882849,47.97970927525015,2.752542179031701,cDC2
454C||cDC2,454C||cDC2,454C,cDC2,61,Control,7.497288734014209,47.41652301148628,-0.41628772128272484,-1.0178011558952633,5.533867232792935,9.156508246546025,-0.057508276844061595,0.3138215802491224,-2.5004494780799593,0.19363878280555627,-6.29279682719889,-6.692888568720014,-0.43856450283442694,-1.0535009393705703,6.1135706221204345,24.63356352101391,1.2644939280546394,cDC2
484C||cDC2,484C||cDC2,484C,cDC2,90,Control,3.4341673181832424,21.839818448845598,2.1486765609423175,-1.0799107611504293,-2.4891721811252623,1.9256819102019043,2.9096298794053044,-1.7426568510005256,4.461166399919563,2.525228602965121,2.9067609397390495,2.9533181008994345,-1.4625171913536734,2.2850026178704232,5.743939480554637,-16.046915383946295,-1.8752702432055608,cDC2
49I||cDC2,49I||cDC2,49I,cDC2,110,IPF,-18.04878795717507,-14.541443975047398,-0.5408395004390663,2.052159883878063,-3.341263824364779,3.6458219892125547,-0.6923354637680253,-0.7720277208352414,-9.035630161945036,0.34866521092710856,-6.962698443431758,16.190827689463216,-0.9129220454533121,-2.9657965255805343,-3.2475737939123137,-26.301613941649048,-0.6830738952786654,cDC2
001C||cMonocyte,001C||cMonocyte,001C,cMonocyte,601,Control,9.605988221362129,-15.37238722506342,-1.9366754080705537,1.2530397883049693,-1.0005417478077385,-5.118414424492421,4.767568992354163,0.5231778655085907,-0.7853494641730425,-0.16457726516544988,1.4380300523457015,6.13679509115364,0.0778451219823072,0.4991138572578266,-4.193386163226338,-35.53391919792055,-0.01195089124418334,cMonocyte
003C||cMonocyte,003C||cMonocyte,003C,cMonocyte,451,Control,1.242467495013729,-21.109324637417203,3.77671880258999,1.7473641786513725,-0.5768949503978906,-2.5321069413718162,4.304783701439265,2.172845025265811,-2.9306660085759884,0.12292577260354198,-0.43703072510293806,-7.363079886768329,-0.465549144927001,-0.3533094211973299,-6.64697705422455,-30.151504974982632,-0.45369957854827375,cMonocyte
010I||cMonocyte,010I||cMonocyte,010I,cMonocyte,165,IPF,16.780526775330827,35.43377122479528,3.845607833946713,1.6916244602003112,-1.1808983404739886,2.9036421989050964,-6.247345619614414,3.112234388656039,5.695451984038486,-0.9538748469940818,1.0214068758691304,-11.92998274280421,-0.806814919058557,1.0258257232328531,-3.4970161576002434,19.601482511958594,2.475571306403906,cMonocyte
021I||cMonocyte,021I||cMonocyte,021I,cMonocyte,145,IPF,-2.489846558276579,79.75889510787843,-1.1949813708096182,-0.8790805373573661,0.9837500376034256,7.240948374046799,-3.2254755741715484,1.8294362901236458,-2.0557292780549914,3.089816286718103,-5.021952167809795,-2.3407676443896377,-5.336403656644014,0.43339077277101523,17.453063859027935,50.3671520376286,-0.2611288889336658,cMonocyte
222C||cMonocyte,222C||cMonocyte,222C,cMonocyte,1452,Control,7.262887789868751,30.132095817628024,1.0291490521317848,3.122054730796206,1.716520953568025,-2.3174303792789197,0.545032086570435,2.7945755026140966,0.8867988249817472,-0.19749298078204727,7.26726733086693,6.270541769511392,0.015031430436079452,1.143636724076697,0.19812517186146206,-11.186394378944978,0.16782341108940088,cMonocyte
022I||cMonocyte,022I||cMonocyte,022I,cMonocyte,150,IPF,6.573022628591223,30.501161869738226,0.9139655597261832,1.270700697979377,1.4728952052227888,5.985818019762096,-8.716341926714053,0.8902672701147436,-2.2081232508756363,0.05176776013089448,-1.7118698706439528,-17.078840532893192,-0.5186536949602505,0.4336514212586602,-2.098707601898865,34.55336938667082,-1.4155931412710725,cMonocyte
034I||cMonocyte,034I||cMonocyte,034I,cMonocyte,67,IPF,-51.367070806083454,-82.43855187062556,-9.804709393896635,0.2238292659597584,-0.28280735291898484,-0.014315606629387856,-10.033651844793015,2.3469601218482783,-8.681482727543735,0.5303531591210461,-18.052029721863757,-10.903653449192907,-0.8098979914442413,-3.363149908574759,-6.980271670288854,-38.57414872467208,3.2835674061339484,cMonocyte
040I||cMonocyte,040I||cMonocyte,040I,cMonocyte,87,IPF,-7.0602656305936495,-14.105729820902273,3.8370336265975884,1.31471776407608,0.3944400444728843,1.3741927556850537,-6.683084775530185,-6.003415762148533,0.1151549847711941,-0.0556428218309485,-4.518990976986787,7.786587819202559,-0.741125287441967,-2.9661199599166665,-15.141515177995958,-12.395131499098934,0.9003128771125917,cMonocyte
041I||cMonocyte,041I||cMonocyte,041I,cMonocyte,104,IPF,5.406208982888171,69.21999482296836,-0.4164801979449138,-0.8629127903596724,1.5957126320611936,1.842500716607668,1.8598168871482874,3.0129749392083576,0.35271410135308173,-0.5607834948459485,-3.514312472233304,-4.632090116538022,-3.9596065636563447,-2.4020396618655417,-2.613518766073614,61.761536328824604,-0.9203732868468415,cMonocyte
051I||cMonocyte,051I||cMonocyte,051I,cMonocyte,253,IPF,7.211294644155792,-0.33580101297609044,-4.027892753077612,3.5802132912938873,1.0177262061981247,-0.7518505255531521,-1.5585145365208495,0.09347254468985869,-3.2523175594951566,1.1640999340657021,1.8689812988089038,1.0881969335734702,-1.3829655780739887,3.759426662135019,-2.8611906862479404,-19.33279443686785,1.5827516239658777,cMonocyte
052CO||cMonocyte,052CO||cMonocyte,052CO,cMonocyte,289,COPD,0.5745909542501375,24.4623015688768,3.6025917311297846,1.0329884813415748,-2.188248257320221,6.606009179805088,1.7645233027250522,0.3621312461665239,-1.6923743375183449,-0.480255076843356,-2.3249988217934567,-8.102854593697904,-0.2968761146678757,1.3036765241257309,-2.245649606859613,7.116596548756422,1.3281847953978516,cMonocyte
053I||cMonocyte,053I||cMonocyte,053I,cMonocyte,66,IPF,-4.580827508358615,-67.77660142964241,-6.198374600234382,3.811577348613856,0.3088014000067084,0.6444689791157421,-12.728786683436121,-5.664912575053471,-7.4617973691102835,0.27612257474706664,-10.433768298581796,7.066497834638442,0.5868663177154411,4.854973489668245,-24.51727241906894,-36.46226091620517,-0.5355930805874318,cMonocyte
056CO||cMonocyte,056CO||cMonocyte,056CO,cMonocyte,216,COPD,-4.713185934428076,9.341840262415868,3.077855995606353,1.2308219912793257,-0.12466058030795937,2.956003216273493,-5.25000683484002,-2.08827555301981,-4.578780868727954,5.681045515023513,-3.190539247909873,-6.953748681671049,-0.6377512007163797,0.12231098594327906,-0.6871494386085988,-0.5424384987889999,1.6502968947509615,cMonocyte
065C||cMonocyte,065C||cMonocyte,065C,cMonocyte,157,Control,-0.6710484561231884,34.62413281515016,-6.336333861839218,-0.25656272858114615,-3.53665283499048,-6.608657649864106,-6.9537079824387416,-3.4057405989274687,3.118130542669899,1.5250035426358923,-4.346775251500379,8.226670259391295,0.9513509257155188,3.075838488091286,-3.703526391082565,33.7256431671675,0.4725966205731512,cMonocyte
092C||cMonocyte,092C||cMonocyte,092C,cMonocyte,180,Control,1.433180384536439,42.15313905825053,-2.5663729389350363,-1.6601459971780885,-0.3276999808573049,1.1512870030456097,2.634390723783216,-0.3772934662670639,0.908860628143325,0.3710084016232794,4.725906264178312,-1.2231625525512235,-0.6700862486228533,-0.5805655236758028,6.228556566922767,14.907838426588631,-0.046238816076731165,cMonocyte
098C||cMonocyte,098C||cMonocyte,098C,cMonocyte,453,Control,-9.702259535121916,7.289012201413558,6.0529324233102395,2.2332568946988807,0.12660887847813226,-2.0494063329444057,1.332639750477353,2.180491817312882,3.1972540860225833,-1.3939427619669211,4.220887994805117,4.513533844067304,-1.052896963845106,4.609688595139995,-2.7973865061829355,-33.129155236393856,0.567649150304816,cMonocyte
123I||cMonocyte,123I||cMonocyte,123I,cMonocyte,106,IPF,23.95431876714539,20.408322786609236,-2.6524283008490546,0.4125062712515142,5.433499216958313,3.1932731765975744,2.71444478050813,0.17062764198794955,2.5505388409335636,2.222926406164085,1.5328735179369994,-3.327387857860798,-1.5270022712897813,-1.1586810498192461,-5.2873657505974005,-9.859171325787054,7.312812922344813,cMonocyte
133C||cMonocyte,133C||cMonocyte,133C,cMonocyte,290,Control,9.854938738372061,17.716498461485845,4.5325349264583785,3.700144838171804,-1.4676670779590604,1.6220676089731727,2.995813446519822,2.119713587565635,0.021989769094870912,-0.34939759916225055,-1.3671899417379232,0.8313567032876847,-0.4402074058485866,0.5177410508280456,-3.998177482703772,-8.588958791339941,-1.090121738791653,cMonocyte
135I||cMonocyte,135I||cMonocyte,135I,cMonocyte,222,IPF,1.9014061161254683,52.947697585849895,4.090240184528654,3.6293502080253415,-1.505741404456131,-8.685838864357804,0.09701377340337707,4.348511421931989,0.012711647725426253,-1.8335241167615368,-3.4774249697420445,3.896372072115704,-1.2900761591492578,-2.233649132094088,-1.3673792799928928,38.80160893498626,-0.2113332984426953,cMonocyte
1372C||cMonocyte,1372C||cMonocyte,1372C,cMonocyte,621,Control,8.448331195317444,25.616361842524558,-0.44690581268575297,-0.4109692735246857,0.7905400608256152,2.6550256436558084,0.8537164863075826,0.8503239664481702,1.9738546350968973,2.278051620180727,4.291001406685606,1.5932208427991414,-0.17061160511968923,4.823478110549148,1.7560697903781888,-15.277057963338486,1.3797673661366312,cMonocyte
137C||cMonocyte,137C||cMonocyte,137C,cMonocyte,50,Control,-17.42549086326159,-57.70015125441642,-15.519348991999884,0.7897387829479191,0.24137789901937054,7.846219896844175,-5.4423052475396245,-1.763942846755322,-2.5464902022182287,-1.4601245966623464,-4.4514428030415845,12.194038291559052,0.310756262265364,0.33097312732632167,7.788911340164509,-72.78685906119303,-1.9085096732623146,cMonocyte
138I||cMonocyte,138I||cMonocyte,138I,cMonocyte,202,IPF,14.807282506102514,36.4740535779359,4.898648316462217,2.629719664163402,4.694402132940112,-2.244653742312736,3.7432517793660987,3.844945336052197,-0.5532733879342412,0.4849252279504324,-0.5816289626722393,-9.149773694895554,-2.0527200046511083,-1.3529242906235226,0.7154914506539126,11.40915626213795,1.3116309231692544,cMonocyte
145I||cMonocyte,145I||cMonocyte,145I,cMonocyte,227,IPF,-2.776237229857469,-7.037010832454358,1.2811129996242248,3.4742556650422776,0.5160804420880717,3.9965791959704955,-8.924245789794352,1.0492326832279388,0.5722651075103424,-0.027184770645445677,4.4971459002442264,-6.1207903176979785,-1.8443884220428965,-2.600140616725685,-4.585381634281744,-16.474536794165314,-0.5238710489381884,cMonocyte
152CO||cMonocyte,152CO||cMonocyte,152CO,cMonocyte,104,COPD,-5.20697147749154,-66.21858067067093,-7.141090326879146,0.2751600707364539,-1.6197787160263875,-1.4305541284208227,-10.484518464773153,-2.091821266722875,-12.06270796852444,0.03713390169473865,-8.125837481648576,0.9622659618050716,0.7195495222423215,-1.6649040812723568,-1.8306646498933987,-41.41001602532124,0.972346414203539,cMonocyte
157I||cMonocyte,157I||cMonocyte,157I,cMonocyte,108,IPF,-7.969678468436608,-42.84277341638364,-6.150344619455747,-1.066337843382046,-2.7671378282775447,-22.171520727630227,-7.902961837960636,-4.948857928605499,0.8918048458151432,-1.4415406345211446,-9.883920157438226,-8.907351076902376,-0.13392513900886197,-2.8534065521961205,-2.3152152856748445,6.6087733011882115,1.5223114995366311,cMonocyte
158I||cMonocyte,158I||cMonocyte,158I,cMonocyte,160,IPF,16.320821085202265,36.62177409726431,4.280073370187826,1.5590766282273814,1.0236294173630796,0.5850252275220971,-3.5037664617130515,1.6539783965167083,-1.1281402959451037,-2.2471506662509912,-0.8020804300604987,-11.36272845174243,-1.4991033928572906,1.6535001208199753,-7.393305205391851,33.6976545390576,1.4282547334011853,cMonocyte
160C||cMonocyte,160C||cMonocyte,160C,cMonocyte,86,Control,-17.15427244281978,-35.50111540128998,-2.208151489860851,-4.915345914002317,0.21509941803084615,-21.466277434064885,-8.578531273804192,0.08681660219747984,3.139599810091772,-0.9068213784504814,-10.525465489828491,1.5739021978057057,-1.1643600945484038,-3.7561571562697917,-2.7726020532771845,-2.660338315401482,-0.23933939803732612,cMonocyte
166I||cMonocyte,166I||cMonocyte,166I,cMonocyte,375,IPF,15.88709845267898,30.593925017229598,4.124282755007861,3.3709611445007774,2.0853568401072864,3.0247324768196897,-5.980573207442982,2.3476869663134976,1.5742473537290533,-0.4778843014508606,5.296099071711914,-0.31854582838650203,-2.416519148586067,0.3298132195729985,8.313771171514217,-14.1164042982103,4.760044233899351,cMonocyte
174I||cMonocyte,174I||cMonocyte,174I,cMonocyte,225,IPF,4.563197601210855,16.65029684169225,5.441904463046876,5.404361885339186,-1.587576424440752,-2.8012792656777568,-4.476713308395301,2.016365767143054,0.34072279902775043,-2.324587256981457,0.07567717774401973,-18.44055555441769,-1.2107453882136021,-2.1531181008778058,-3.0639485857534505,20.675097938586738,0.07783412743273589,cMonocyte
177I||cMonocyte,177I||cMonocyte,177I,cMonocyte,313,IPF,32.284399522716996,37.74560729341819,4.051578400810018,3.7241020765518225,-2.9891213515091306,-1.6946917325007842,1.1057458547617214,1.2666599698166128,4.6091165815503885,-0.727178263632513,5.2691364014302575,-6.115706032051565,-1.8580016000552129,-1.037873400881452,0.22974262887403543,14.09373985562865,-0.8584986635043121,cMonocyte
178CO||cMonocyte,178CO||cMonocyte,178CO,cMonocyte,126,COPD,27.348363072779602,49.62704641799684,-0.21630272215536323,2.693310997771412,-0.18992369933318456,1.1902510916940539,-1.3873650213083415,-0.7860681664418074,-0.9751389871251909,0.04100222761412424,-4.788001756496342,4.92494132103703,0.009414796230570054,-2.5178549085687,-2.970564791626963,35.24976604136412,0.6727234272117165,cMonocyte
179I||cMonocyte,179I||cMonocyte,179I,cMonocyte,122,IPF,-3.791810249654518,-6.606823117072213,-2.8615900046093077,3.0171333689507027,-1.347785052524136,7.292522023494242,-4.653093513923071,-0.36745107560136075,6.456579027747405,-0.32351807794782395,-4.530189150541303,-22.123629383058617,-1.8054123017373862,1.6652312337469235,-5.888473462516357,1.192561890617903,-1.0065652072995674,cMonocyte
184CO||cMonocyte,184CO||cMonocyte,184CO,cMonocyte,749,COPD,15.279435992940359,22.28934653682041,1.8657040616475902,0.5046451835348607,-3.098552358561943,-1.2347288495352777,-0.6232002265125777,-0.955600641859449,4.301843541028644,1.522758295618464,0.25567033877461004,-9.89596648269376,-0.060704898487484484,1.6588590929624545,4.689288815893974,4.190111774003207,0.4923623228774238,cMonocyte
186CO||cMonocyte,186CO||cMonocyte,186CO,cMonocyte,133,COPD,14.428415700680969,-15.82094926747173,1.9198523666769072,-0.647504637219973,0.0848236854328727,5.934874293281311,-4.421549099219764,-1.4247631780278458,-2.77148417058531,-2.24972804203678,-1.353886389706241,-3.470954068984127,-0.46403532131731756,-0.06456300378654008,-3.1855949705129527,-22.581522290464388,0.19822899086879356,cMonocyte
192CO||cMonocyte,192CO||cMonocyte,192CO,cMonocyte,157,COPD,11.662460685768211,29.68388035651989,-5.527083074241485,2.0938652309216295,-3.6102317037103395,2.044419358680946,4.239730195540567,-2.015484401594194,3.548638914411078,0.10899517646486913,-0.1894384698968895,-6.461653714941772,1.111852711271592,-1.2084027959784513,5.600391751363517,13.380299837516578,-2.108875227417351,cMonocyte
193CO||cMonocyte,193CO||cMonocyte,193CO,cMonocyte,464,COPD,24.459385739944935,39.05425774254941,2.3293810858585884,-0.9009498195090618,-3.201906756257197,0.20130564055645186,1.6631423409771058,1.9448227729552512,1.4742977497724281,-1.0789240585513418,-0.7173053406066943,-14.444184359737534,-0.3331286777131933,0.7524026289782082,-1.7077523737664604,34.56784690073956,-0.1716465592764109,cMonocyte
194CO||cMonocyte,194CO||cMonocyte,194CO,cMonocyte,289,COPD,8.214437756018198,28.260359223909987,-4.146711005559868,4.636529333831218,-4.238051418853402,-9.376157284069304,-5.33286662427915,-2.5696928899058715,1.9345406168670052,0.9637127401609218,3.8907820162798727,-13.538947889601534,1.0259662897758257,-1.531554876162783,-2.0373223350296006,42.26950379663807,-2.3662278143107587,cMonocyte
207CO||cMonocyte,207CO||cMonocyte,207CO,cMonocyte,378,COPD,6.607993388437539,4.589167161092262,-0.5880628054844927,-0.05147160990701479,-1.4892941695983772,1.5792448470968277,-2.574080273052384,-2.8820007779922148,3.0397280157390743,2.6786972615852256,-6.961810763273633,-11.0948035688656,-0.11144912676959697,-0.9022567424402991,10.49870653278871,-5.01236382751887,-0.21647239934477008,cMonocyte
208C||cMonocyte,208C||cMonocyte,208C,cMonocyte,57,Control,-2.795497350198319,39.02559797792135,-4.339577983795799,0.1216130899136266,2.0915558388301014,-0.16033742258842187,-3.6775790740518817,-1.0614546359544705,-6.637417565175913,1.5639059103965414,-4.183396576443538,-7.531387644250881,-0.4813221638771689,1.5603034714543629,-8.467677405496357,53.17106935591282,-1.6195557850814284,cMonocyte
209I||cMonocyte,209I||cMonocyte,209I,cMonocyte,187,IPF,13.664675797726469,38.98908027312629,3.999691159777821,3.5535446832284494,3.6947567089538973,-3.4447571107422728,8.622175932638287,1.781512069911924,1.8474921857100708,-2.2615222062614597,7.185104418678217,-9.619722388015433,-1.1678891522019337,1.1773375307944742,-4.181683285203314,8.919144443788763,0.20703871393928838,cMonocyte
210I||cMonocyte,210I||cMonocyte,210I,cMonocyte,54,IPF,-2.9301261149981506,-29.145981527498503,-2.115499951091199,-2.493589895302527,4.587618877134032,-11.882589563811512,-2.9975879035308672,-2.1197367915152916,4.6681857294738185,2.545061341048747,-12.216742367492827,-19.21170443928386,-2.0149957704815153,-5.857963227260606,4.627794521194536,0.20776706464992828,-3.5488557193589902,cMonocyte
212I||cMonocyte,212I||cMonocyte,212I,cMonocyte,112,IPF,-7.6442861431045115,-24.443655098569756,2.911107753641975,4.482412901823666,2.4184293142407483,1.580681838149363,-1.258124437351399,-0.6594149906615777,-1.1244289069388773,-1.5745559976920667,-7.371457088200134,1.6666020454520662,-0.03622463855800222,0.2005882635204695,-1.1816709308654876,-44.928239876221596,1.7537830829614747,cMonocyte
217CO||cMonocyte,217CO||cMonocyte,217CO,cMonocyte,692,COPD,2.732853685489047,-25.41904383303643,1.8321983754366522,1.608655082546283,-3.3245898825675777,4.80475620524757,-2.481919897978082,-4.352136471012828,3.6222084843549216,-0.9910922052172274,-3.5569972929496294,-5.4462363378373855,2.1408678295426955,2.146365302382549,-5.103766397677817,-33.76626396806073,-1.2279492273754702,cMonocyte
221I||cMonocyte,221I||cMonocyte,221I,cMonocyte,241,IPF,14.557352651932518,2.667685883133829,2.244911437089097,4.927325909614225,-1.336753837862229,-2.6998095164363316,-7.753456956088527,0.403610824356301,6.663200782048263,-0.48766049661910066,-0.8238439487147691,-8.795334959160323,-0.44823318113550625,-0.5200551591577333,-9.495576460237967,0.10684676067707242,2.0056581166317917,cMonocyte
222I||cMonocyte,222I||cMonocyte,222I,cMonocyte,464,IPF,7.046106606645582,-0.6711918675133017,3.2500063530644057,3.8918355825592696,-0.3185394991739051,-3.174260657986975,-0.8432759269116064,3.1020573612545412,4.303478092483252,-0.743204700316685,2.1622963513116753,-10.873857485230758,-0.5473869581236787,-0.6327856351938186,-2.829061470316573,-18.842679924114247,2.7473300810521684,cMonocyte
225I||cMonocyte,225I||cMonocyte,225I,cMonocyte,390,IPF,10.565992586718513,45.342483610921676,5.69369714673904,2.505970628686258,-0.8964836004146108,-0.6451155469407108,3.0289820096299906,3.0122087116417604,-1.3039872103368397,0.04506225316707946,1.6857812149218736,-6.030898280672527,0.09615733236440789,3.0403886042366883,-5.312552841207073,21.32367374125938,0.42274287971741953,cMonocyte
226C||cMonocyte,226C||cMonocyte,226C,cMonocyte,68,Control,1.1877435134176892,-74.59661301428517,-18.46320476852559,4.303286781729135,2.481958942479488,1.0646695648610573,-11.39355419503923,-1.7873326958593296,5.248222728483483,-2.3159735875036427,-24.59965681184169,-6.514675669881927,0.5067704410602263,-5.266209654189955,-5.461151760375509,-40.72487344120528,9.648254543393731,cMonocyte
235CO||cMonocyte,235CO||cMonocyte,235CO,cMonocyte,108,COPD,-18.58104120385067,-41.89879864775468,-0.20848289690149963,3.6864063630152257,2.5193556587584593,1.670623765163536,-8.005226162430889,2.4313345921976453,-7.618859535062221,-0.614505175499214,-14.436126712316362,-4.799865449141731,1.469056362929536,-0.33748044139588884,-1.411354964235898,-35.57145268544123,0.6509220644761968,cMonocyte
237CO||cMonocyte,237CO||cMonocyte,237CO,cMonocyte,446,COPD,-2.308395570980609,-4.584206907984875,-3.36797093782251,2.7196166403562625,-2.2098665727529925,2.3745022818890678,-4.648281819431457,-3.9569266520661652,2.597235488293647,2.7103499214045645,-5.386928246003449,-0.05383091561766539,0.3413124199102629,0.5094499581872182,-2.950603724329475,-9.573238510038857,-2.3658828080929903,cMonocyte
23CO||cMonocyte,23CO||cMonocyte,23CO,cMonocyte,199,COPD,18.770055283820486,43.8816606922152,-0.2697683594448308,4.298264960237224,3.677312728268295,-0.47542863204207164,8.996734876674294,-0.43242428300595614,1.2412721076894628,-2.4717470662240717,5.106628826234727,-0.3807344801974437,-1.3541518355451898,-3.2638445097372895,-4.411155282215182,15.698215930041918,-0.7543708566481839,cMonocyte
253C||cMonocyte,253C||cMonocyte,253C,cMonocyte,312,Control,5.363930572549769,52.136970177230616,2.6039633669464495,2.781623450541238,-1.682108465667608,-9.609295300303911,5.9259559381593885,3.08380199461042,-2.5409504504539724,-0.4866211155014831,2.8757156363324308,-4.035309977262464,-0.7035404509514182,2.2758299572592287,9.409703507703155,24.319842555228526,-0.7584970375390254,cMonocyte
296C||cMonocyte,296C||cMonocyte,296C,cMonocyte,548,Control,-4.009048727088221,40.39370231716041,2.107874589953976,1.884616336853592,0.38132304551917406,-3.255832771925887,6.594683143151417,1.1552909880203874,-2.974615092861434,1.5035390149811647,7.620809393756461,2.123238260689056,0.5205822883887692,1.6157377640584842,2.0494631085148995,1.020942152624132,-0.6308064726933874,cMonocyte
29I||cMonocyte,29I||cMonocyte,29I,cMonocyte,58,IPF,-17.403908286181355,-86.61497344653998,-5.2352408539278095,-1.3693841677754215,-2.4256201046850228,8.200901687138007,-10.4918472824091,-2.9673309903916993,-1.4799632144481996,0.4117927369304306,-2.5845399929281476,-9.201742523110228,-1.0432834037980023,-5.038741701544037,-4.807528596329974,-65.53144270019624,-1.7278589071942376,cMonocyte
439C||cMonocyte,439C||cMonocyte,439C,cMonocyte,397,Control,15.680842637036337,54.12281197786346,-4.000031936633893,2.5680099929499596,-0.43895251806574026,-0.3768178144072567,2.668474845517619,0.9006642361993177,7.111187434639498,3.2785274518341274,-0.3151171287442244,4.39759874121596,1.654394877539313,-2.728772551968954,2.8025006795421423,19.151493829278017,-1.2272047291620223,cMonocyte
454C||cMonocyte,454C||cMonocyte,454C,cMonocyte,68,Control,-15.430762321890366,-79.66686960310878,-2.8534045220213793,-2.713782862370923,-0.2527680429570143,6.524784919288555,-7.945996940621534,-1.1593986488716035,-2.809010483623713,0.20628103738509693,-17.35146677260363,-11.177405627098766,1.3595255512398525,-1.4419556639935227,2.6915085637815586,-63.53081766692196,2.110180988150795,cMonocyte
483C||cMonocyte,483C||cMonocyte,483C,cMonocyte,77,Control,3.936035752703829,-6.384959371903717,-0.14034150566448458,-2.725702660564709,-2.432320126002448,-17.164660911911906,-2.8040967161500974,-3.0612788097882735,2.756867423994099,-1.6316439886049565,-0.6441595373242573,-0.823507831235587,0.11920389470085253,-0.1734473159196045,6.330346931387437,-3.3944066258321106,0.7273318388826195,cMonocyte
49I||cMonocyte,49I||cMonocyte,49I,cMonocyte,85,IPF,-2.3249875031586402,8.269972822009082,0.6940014046610218,-1.2036037350760689,0.2300939080843512,0.8212066179297529,2.7260063872618425,-5.748092824861628,-3.9429310901881025,-0.9056265279182903,-1.6134695990607393,2.0157360939453044,0.21765999764713131,0.030491213185904763,-5.821358599702618,5.308083673986037,-3.21508066601456,cMonocyte
8CO||cMonocyte,8CO||cMonocyte,8CO,cMonocyte,95,COPD,1.7709183625894873,41.734975338046496,-17.19083812831585,3.9137533062756535,-2.1853452856601385,-4.725423574124543,-6.562601227869119,-3.2720610710925917,-0.9062269982172846,0.6871175416650213,-6.0577287789708825,2.4683909156636252,1.6103338337933888,-2.0390710057222394,7.940580178259242,48.785199482708286,0.592039581524275,cMonocyte
003C||ncMonocyte,003C||ncMonocyte,003C,ncMonocyte,78,Control,14.814839012003839,14.097867661907667,7.8575211232514235,-2.3031883296436977,-3.2154005656577986,1.5599038011956756,-0.13778650432738432,0.8891246643813365,-0.9871525114574363,0.5210450915813262,2.056465899591022,-3.0820683504277504,-1.0610095455009891,-0.8350639048158454,-6.708184708488607,1.2199208231892882,-0.35311588909256986,ncMonocyte
021I||ncMonocyte,021I||ncMonocyte,021I,ncMonocyte,125,IPF,21.76242719390758,105.04305245929085,-0.0704727525922534,4.097586420935434,-0.2620575637420093,-0.9480995106646112,1.372337643150087,-0.08716165010129767,1.730298140896098,3.4640012005716714,-1.208862987358191,-0.30931585038135134,-2.730324451262391,-6.418635442104732,8.857431514890376,78.4491851667682,0.4302860121564918,ncMonocyte
222C||ncMonocyte,222C||ncMonocyte,222C,ncMonocyte,55,Control,33.707203613829996,113.63519699190567,1.869109184548894,1.2684572024803387,-0.8719903652348476,-1.8047959212335136,0.5361728295633592,1.559761799633139,5.996807782176682,-1.058510520539523,6.524910413120663,6.521436906728791,0.047969342116218824,2.0212019013228884,-4.765190122055778,77.49299581993401,-0.37999582878568083,ncMonocyte
022I||ncMonocyte,022I||ncMonocyte,022I,ncMonocyte,121,IPF,12.914468429924467,8.332832202728701,3.7677512248002074,4.966040485733537,-0.5416384773788084,2.4316417777166395,-2.7654767773158104,1.1324929547125806,-1.0469998803603378,0.5949867926007324,5.796993804183688,4.256754187254851,-1.133800215389416,-1.1735271252630708,-3.253180209191935,-23.206875666206262,-0.16918724129749058,ncMonocyte
041I||ncMonocyte,041I||ncMonocyte,041I,ncMonocyte,61,IPF,7.17370623559505,35.50483400740936,-0.4701554553734865,2.725604569954834,-0.5586477233398617,-1.5195802844413882,6.69446127635025,-1.6614713268520875,0.11337356772414414,0.7650334572794507,-0.1687154062461847,-12.896579902487208,0.8354115752158079,-0.018900301624342853,-1.559561531872879,22.842953889880086,1.7047510351126494,ncMonocyte
052CO||ncMonocyte,052CO||ncMonocyte,052CO,ncMonocyte,146,COPD,19.728844213060025,65.28520099237481,5.839346077352783,4.209276558946787,-4.315829369756213,0.16933573293788162,11.465362277956928,0.7242184054776364,2.4216530303903774,-0.8973912967064629,-4.166325082082135,-4.433332763374601,0.9814301965182228,3.040502155466024,2.746442075292634,30.00598164290301,-1.1823252170776912,ncMonocyte
056CO||ncMonocyte,056CO||ncMonocyte,056CO,ncMonocyte,171,COPD,19.956350424783604,44.92741602121956,4.218787198437153,1.2580179833520813,-3.352478968255767,1.236227463763067,-4.209050819234983,-7.138205620884126,2.4969297029576234,2.8844833611476375,0.6129465486932762,-2.8626673370299085,0.03348683954715033,2.3325761975720853,-3.515224790632931,36.1067543379844,-3.8520226443268477,ncMonocyte
098C||ncMonocyte,098C||ncMonocyte,098C,ncMonocyte,71,Control,4.616349473556398,23.294617054172207,3.6855384920214433,1.540802591662124,1.2839728390863936,0.6120921291625854,-1.582142654824211,1.8288582032484486,3.5623267637651326,-1.4377408887249987,-4.1893449527749,14.62724672076674,0.647370121464713,-1.0334416028022868,0.5420451739589286,-14.6182435829985,-0.8515788669690169,ncMonocyte
135I||ncMonocyte,135I||ncMonocyte,135I,ncMonocyte,95,IPF,15.820461432842032,50.59301460618769,6.230241854536711,3.985151230130012,-2.274602545522032,-0.1649835628336196,3.572651588367632,1.8741424724654459,1.5213463916546701,-2.9140520106807934,6.820675601018007,-10.648386874274054,-1.1520423170253635,-3.896705860111136,-0.46893979112579204,30.94467976661615,-1.5130179051576067,ncMonocyte
145I||ncMonocyte,145I||ncMonocyte,145I,ncMonocyte,105,IPF,12.87607711651499,56.053505725237244,12.112062576482758,6.298700977852003,-0.41575528205904444,-1.3494048964588787,10.178620559144848,-0.47580817635646316,6.761741487697355,0.2780707663819244,-11.413478606982707,-6.287131651405875,-2.106093257003502,1.0730841737149917,-7.718213032273739,32.392000780497064,-1.9517472621228522,ncMonocyte
152CO||ncMonocyte,152CO||ncMonocyte,152CO,ncMonocyte,116,COPD,11.823224758931952,14.847304026117964,3.2040684079575485,-0.2014092919280061,-0.3830045442195122,-0.034685267720345726,-1.961700364806911,-4.105339552225959,11.646176345878029,0.635872700922446,-1.993049654308269,-6.99246144324721,-4.687788170001475,-2.3034059179161805,-1.9831305042131293,4.583555870480403,0.7467488433369128,ncMonocyte
157I||ncMonocyte,157I||ncMonocyte,157I,ncMonocyte,88,IPF,37.64505208612768,83.93515928543368,3.585228736014103,2.458779065662351,-1.2670906497979015,-1.526996156600292,4.830601773501091,-0.7645600150460713,6.459378565509039,-0.5064102874691556,2.3887444812991365,2.629559634273702,-0.6896837856468379,2.4628579537406092,0.23164393515613124,47.871982032085086,-2.9057325653771273,ncMonocyte
158I||ncMonocyte,158I||ncMonocyte,158I,ncMonocyte,95,IPF,30.40102193490098,146.47606997028268,-2.8673447506846688,-1.521599330787375,3.226010276601399,-0.31482304315766924,8.182789067629146,4.801219411725964,5.66678389554109,-1.3151044926553568,5.30255472616604,-2.1349215419727923,-5.1556934655355375,1.240926373117548,-4.186245346875534,116.79571831769489,0.07894330534601689,ncMonocyte
166I||ncMonocyte,166I||ncMonocyte,166I,ncMonocyte,88,IPF,39.09818062270945,73.93326977098593,-1.4486082648837393,-0.13171186921864625,2.769462646762099,0.8325013401882774,5.434758763949826,1.960693540722468,-0.30307572052971143,0.9422138653203623,-5.151482361422035,1.7225043297105096,-1.5231119090520329,-7.622980130063976,4.568961385323855,49.8638058686936,3.3424817173551937,ncMonocyte
174I||ncMonocyte,174I||ncMonocyte,174I,ncMonocyte,63,IPF,1.2387589871686309,19.94195222116146,2.8195952379271567,2.6908714024922142,-2.124944981900211,-1.1049562198999918,-5.680625784532944,-2.3578733844375246,9.875493177974349,-0.7753882985842246,0.9535749360807808,-11.034032621010905,-1.7159930428397707,-2.6888440321676845,-2.348286512691251,16.521111898273443,-1.7646061216516378,ncMonocyte
177I||ncMonocyte,177I||ncMonocyte,177I,ncMonocyte,207,IPF,29.187444866465594,139.76532282049956,7.24504314252437,4.75332658262143,-1.6424031287045835,-1.168474808435681,7.982753294436328,1.9482016118034668,4.423227674685234,1.256301306597266,11.0258154020376,-13.217931161783623,-2.0624071461103393,-0.40989091932733285,0.4574395678907687,101.85981471835868,-1.362349884223374,ncMonocyte
178CO||ncMonocyte,178CO||ncMonocyte,178CO,ncMonocyte,125,COPD,7.89645203972806,-28.135882578030753,1.9299600438067508,2.766794795177284,-2.195823636365208,0.45208413196938885,0.16650279940781548,-3.3987273946663814,2.928215364646571,4.046221428908055,0.29177013221107784,-11.451968061947035,-1.704188814013322,-3.441213997730967,2.8137389941241144,-37.27617051345765,-2.7399344182309298,ncMonocyte
184CO||ncMonocyte,184CO||ncMonocyte,184CO,ncMonocyte,578,COPD,25.44317248354172,61.08913173781228,2.8644420349272535,4.30928364123181,-3.7538062063360687,0.9590575115259576,3.216055034255792,-1.7576306745500083,9.217487106126775,0.517754045782063,4.0323994518884225,-5.91705249862586,-0.7551858745371122,-0.6078122711862497,3.7290656338823913,27.877865151753916,-1.5196469164565756,ncMonocyte
186CO||ncMonocyte,186CO||ncMonocyte,186CO,ncMonocyte,66,COPD,6.075211857646497,25.45714124076618,-10.552755990889727,-0.5047774692399764,1.7941490166608816,-1.7954847611280171,-2.7657986619093644,2.303205513115435,-3.6101164580489864,3.555809220534286,-8.567585965515738,-12.68303316219547,0.2860196656829124,-3.3614208786812454,-8.551171691252266,49.76966798533323,1.463578310170668,ncMonocyte
192CO||ncMonocyte,192CO||ncMonocyte,192CO,ncMonocyte,151,COPD,28.706125940356998,75.57325032871097,2.973024271001351,3.156491991801337,-3.1581508900684114,-0.269275954136916,4.953243543684943,-2.2588458565968916,4.802295493393763,-1.080000263797152,-1.3660227994941783,-9.245862283858198,0.8479981091086857,0.5875402678415493,8.876772526053443,52.02296201331066,-3.9457764076629007,ncMonocyte
193CO||ncMonocyte,193CO||ncMonocyte,193CO,ncMonocyte,791,COPD,29.3382542243382,57.185584228920796,5.764144973894445,1.9975876184843804,-3.9100187016080343,-1.2373395354485857,6.462569640681312,-0.13204072476376144,1.9341148897902694,-1.4870699595367054,4.8984796072767836,-14.748397523134432,0.18278942760738598,2.434972329282745,3.346901845721247,33.7059843727126,-0.7039506001685653,ncMonocyte
207CO||ncMonocyte,207CO||ncMonocyte,207CO,ncMonocyte,79,COPD,7.478549622324754,46.39092393649935,3.363397296842654,-4.818224867884621,-4.281049886435007,2.764795123822975,5.662150068898016,-4.4126518562092745,2.316751837370056,1.4316022273016662,-12.650496912183959,-8.931883306232633,0.8191441602869187,-2.7098820442178706,4.82815814720923,45.64326460520398,-1.3110072254024372,ncMonocyte
217CO||ncMonocyte,217CO||ncMonocyte,217CO,ncMonocyte,91,COPD,15.368601687275284,16.409523084075282,4.152679515315741,3.5127217600435614,-0.6025512694908675,2.4065735475140655,10.58605324706198,-4.932829060892643,-0.9303274065949972,-0.6680310243787364,-6.035210053163427,-6.484108826631503,0.8031387416724286,-1.6277498867633688,3.2698604759445953,-4.6244111014554115,-1.0931421422356296,ncMonocyte
221I||ncMonocyte,221I||ncMonocyte,221I,ncMonocyte,102,IPF,3.954153300652087,61.11022041874212,6.889812900944096,5.06299965132707,-1.1013802090396498,1.8619413371942692,0.5456450823933955,1.3784858234823845,2.2521716336832727,0.7196348347201893,9.660959311479624,-15.893147687905582,-2.2864687813092233,0.10268255846230528,-2.9904204718130765,36.23904926656359,-0.008601399570052334,ncMonocyte
222I||ncMonocyte,222I||ncMonocyte,222I,ncMonocyte,188,IPF,24.173315013276003,39.71354899257802,3.967536669402225,4.72602640677176,-1.3571390501818261,0.9810815627857435,3.5674641302818846,2.7448233578059766,4.065304388620307,-0.025027239847772078,3.35720766068447,-8.684240804575543,-0.7170849538032009,0.6285702973968048,-4.4858027417105735,13.874476532149657,-1.606503791331497,ncMonocyte
225I||ncMonocyte,225I||ncMonocyte,225I,ncMonocyte,192,IPF,23.270126887990553,97.19576763720445,9.020208193849271,4.361836121635513,-1.57975569117333,0.6338579812347799,6.649989401877172,3.464685364980872,-0.8475765389306761,0.8796412446929882,3.3167468345519744,-4.6612273847532615,-1.7126331854774357,-0.47050104549300065,-1.867886826765945,60.82802685152956,0.5034997473163637,ncMonocyte
235CO||ncMonocyte,235CO||ncMonocyte,235CO,ncMonocyte,55,COPD,-5.212128953963847,-5.924266657563807,-8.29135066957451,2.7000502018047072,-0.781083026744183,-1.9013495350090834,-1.0785805781736166,-2.825082627987902,5.226421498195908,0.49418287864629273,-4.7515442384859945,23.001201646220515,-3.1520989069954974,-7.084092439253536,-9.659079101957278,-19.12821160957039,2.629493283191194,ncMonocyte
237CO||ncMonocyte,237CO||ncMonocyte,237CO,ncMonocyte,232,COPD,4.521540829250436,11.577989285937655,-1.5764473480144878,3.946424015281748,-5.488327524030189,4.078794443233141,-3.647975369533807,-5.442923989335249,5.48964794067539,3.371427305374576,-2.218931891993613,-6.60835799778602,0.28109075214870893,-2.276182435302827,0.9354292627446718,6.146593187622941,-4.08912763327692,ncMonocyte
238CO||ncMonocyte,238CO||ncMonocyte,238CO,ncMonocyte,61,COPD,3.2159303323698936,24.777189426687574,-1.8286699766116976,4.96149013119248,0.12031928071500275,2.953839672473445,4.655219187146607,-3.1509657787230583,2.781804522408493,0.026836238312379853,1.0677582942776478,-19.09790718866177,-0.5486234064498038,0.6861653945914262,-8.963593964976338,24.913333416907413,-2.4766729640443046,ncMonocyte
439C||ncMonocyte,439C||ncMonocyte,439C,ncMonocyte,389,Control,8.846301280415684,54.32110139193895,-4.916807273419014,-0.9857071628112214,-4.891339173825087,0.12268025638566026,4.4164912626662085,-2.8615156271628264,9.209331375741465,2.047343048070533,2.7920644813298825,1.9374974099546585,2.005033304211854,-1.8705257749639141,2.0076958784504244,25.569524107268474,1.0624787119123755,ncMonocyte
454C||ncMonocyte,454C||ncMonocyte,454C,ncMonocyte,84,Control,-16.382559832989955,-52.65640919566445,-14.693069617992894,-0.9626095166303916,-3.0723374835692687,-1.2210076623500157,-0.9317132691588254,-1.9735039633158953,0.01888098013639865,0.9994417033518399,-8.201340899851687,-9.245790499467928,0.531023095918404,2.3507015861288036,7.922869414814563,-47.58610202444971,4.731292392642691,ncMonocyte
49I||ncMonocyte,49I||ncMonocyte,49I,ncMonocyte,65,IPF,-22.355627293629716,7.127045346316891,2.6101363406798983,0.9243827474654837,-8.648181675806118,0.6455295269736491,9.319752894926204,-3.274400770284384,-3.3766650344998537,2.2004554367790883,-5.879301200127737,-0.6042830515057257,-1.6919375054391208,-2.0685501815288254,-3.3209768291587456,1.18212978422466,0.43209829548889084,ncMonocyte
