Muscle contraction,Respiration,Chromatin modification (1),Heme metabolism,VEGF signaling,Protein processing in ER,Lipid met,Cholesterol met (darkred),Cell cycle,ECM organization,Apoptosis,Interferon signaling,Nrf2 signaling,Amino acid met,mRNA splicing,Fatty acid met,Adaptive immunity,Translation,Cholesterol met (salmon),Heat stress response,OxPhos,Innate immunity,Chromatin modification (2),Composite,Subject_Identity,celltype,age,Sex,disease,sexM
0.7096623629993011,0.10131392479223149,1.1133740511458399,-0.3332727767597098,0.08912704185208707,0.3568747927989082,-0.029008042968518413,0.07566080394544217,-0.6349475298593633,-0.3943439614835046,-0.22430099652417693,-0.3152487904977355,0.2000134550120635,0.0607112166709405,0.22530324516756395,-0.5201394503184497,0.02079717423396841,0.8539172794213477,0.5845933695207297,-0.13086768094343493,-0.38465513030737036,0.41852305562136743,0.12228961713818112,-77.25229207884375,003C,B,67,F,Control,0.0
0.19352243158561874,0.13761840001013884,1.1348137905912692,-0.1299143818494434,0.5277231207584044,0.07887975632403711,0.06349702043435354,0.11396959549426683,0.94763673116103,0.4122585451831799,0.3380182995056736,-0.8491130679422205,0.8344147303172706,0.01437379974013709,0.05418665246160187,0.07530186679713821,1.367708678721456,1.0723277478668634,-0.10841580486188175,0.37783589454034755,0.6504528109631982,-0.21395587836784832,-0.1752161983914851,36.217307398887904,010I,B,78,M,IPF,1.0
-0.04109693203621557,0.3016897693398562,0.3555720713306012,0.10627328034030595,0.4010435752978879,0.005684810980952837,-0.9346814607908075,0.0716539028151805,0.40730217087317483,0.8666095959390707,0.07662222395903812,-0.1512034316462586,-0.01904113545554434,0.4274703910222752,0.3246140345348869,0.2622264230818747,-0.081729300499115,-0.20272358698787282,-0.3180813815356128,0.29638753786481,0.33937392834110086,-0.47385758534597605,0.15483257887748317,22.408634078160492,222C,B,65,M,Control,1.0
0.23105453827087183,0.15586490612639234,0.08777655615469247,-0.04995500087790162,-0.1935195695855273,0.2091714477656746,-0.07448407084777503,-0.033590070929328496,-0.9499064229939842,-0.9954443849808285,-0.2663428152010582,-0.13737764153087254,0.45859156403152357,0.768603238739866,-0.2982535276397116,0.04151188878281567,-0.75140960405091,0.2704517765582938,-0.1326599477020805,-0.012447257145888645,-0.11874023061301862,-0.6078118321096218,-0.9050297818496987,-1.9808783399283179,022I,B,67,M,IPF,1.0
-0.4110603610688517,-0.28685948947680195,-0.03202017586964958,0.1839728404128552,0.2362829982856719,-0.23523758696904146,-0.1816004873921836,-0.2058830911817027,0.0736104188188187,0.3347585111107131,-0.28083754782100634,-0.3071736404060793,0.36490225779594837,0.8481015998731335,0.030886476120485788,-0.6051486710553375,-0.18068775414242527,0.3362860883838178,-0.04734850971945857,0.23555563140217425,-0.30189147191895443,-0.6649022807803285,-0.4634449545804429,-23.615217306661393,040I,B,70,M,IPF,1.0
-0.20867398140943746,0.05219070990022127,-0.41734763458749546,0.2238176290136966,0.5319823029217632,-0.11941629297720943,0.48585458518535973,0.2838631733172593,-0.45206926487393556,0.3416636235138697,-0.5423651291494508,0.13279681132699725,-0.3862881580743298,0.2273509556536098,-0.33561434539836277,-0.45851424252319734,1.4713417102801374,0.12224782882670594,-0.3955034937397146,-0.40853861145204523,-0.2589517432223137,-0.6133677628868061,-0.27717157049126767,-50.19914296911323,041I,B,59,M,IPF,1.0
-0.3069993775242883,0.40070860478114756,1.008423982187503,0.30520767463551446,0.31707859405901906,-0.12906365918743012,1.030842341951554,0.05621966839653699,0.8904946666242711,0.515492902087604,-0.051251518685332384,-0.12302948349080094,0.8061060756668765,0.6520257552260773,0.5523453314692435,-0.10761368382660474,1.1437871569062967,1.2632343412292961,0.37437060597784705,-0.07150150820877557,0.2433730138108641,0.5179568189300391,-0.11375696929788327,25.115783197451837,051I,B,62,M,IPF,1.0
-0.17036312194348327,0.15155351891424984,-0.5930620018919769,0.12521311800262472,-0.3799990823538793,0.1852392839325565,-0.35804563730700467,0.028337709951716424,-1.1757168212732432,-0.1325710260219957,-0.0084693832475264,0.3207751415443538,-0.5618054598749184,-0.1879666517014945,-0.43016902728343737,-0.4861830371674856,-0.04449178552834797,-1.3120698481920787,-0.26619300064126566,-0.3710386649542103,-0.7625399158178197,-0.2468098576106956,-0.5473023311957006,66.81116597437892,052CO,B,62,F,COPD,0.0
-0.28657778583574833,-0.30566266133883807,-0.39939133993491965,-0.0609321970032552,0.4364482424325091,0.09718386522995603,0.36218735524186896,0.2366325729677237,-1.7734296023268885,0.41274879246799717,0.2019868213372937,-0.3329747531267272,0.15547481766645832,0.2044795284694432,-0.08071973032337915,-0.7334127954953698,1.3570944116333432,1.0579464470489555,-0.3348980581307329,0.18041097229049183,-0.9349865104440929,0.28945419927383753,-0.36585280580526347,11.255773452544377,053I,B,60,M,IPF,1.0
-0.02814746943828042,-0.4172088618719294,0.22519395105185622,0.3334572770843458,-0.0923431442339286,-0.026380796683376,0.3454688259901554,0.20511447641908268,-0.9292229448741336,-0.15581182328103507,-0.1098986493237183,0.23397113443136863,0.34030521590155816,0.421852349479375,0.11060177862627948,-1.0095778484803926,2.8378037918591392,-0.7471722139688555,-1.1926896358985806,0.08142468429398006,0.32465474184593524,0.24116205911414773,-0.34732358507190975,119.66516823004072,056CO,B,57,F,COPD,0.0
0.07039117599271404,0.36665931035967114,0.8546299495855613,0.17195690449919307,0.08795790665530136,0.010559281524238264,-0.26288252071641716,-0.09029996297719148,0.7188684299636882,0.10408201777992473,0.48227590714350804,0.18618474091669304,0.24307822511850175,0.4497496986993418,0.7571668897504389,-0.23974765135363704,0.0944161633468067,0.24840616452758096,-0.3917382561001533,-0.365931122287164,0.7244978910044435,-0.03239946289320251,0.01698100398296582,62.84052137551607,098C,B,41,F,Control,0.0
-0.27744160936168977,0.24514403752508615,0.9296667774017746,0.4433041384155598,-0.37744197424149056,-0.037832370128468136,0.17367851608602858,-0.552508962061277,0.6688609072060899,0.9459454287849375,-0.25715558300995023,0.13045799082448117,0.20776433877234068,0.5582808159886274,0.3935969510344243,0.3019050911072715,0.5979525519208969,1.0822498520183093,0.4616189571654544,-0.309341981687291,0.6287058772737085,0.3452947170842906,-0.47237969547729186,19.52544844280328,123I,B,74,M,IPF,1.0
0.06827927666254326,-1.1980323295202346,-1.679882719149249,-0.0816406120589244,-0.4436294007297846,7.71282340060386e-05,-0.6278622898092384,0.23858763445154296,0.21728072162265488,-0.399720974085852,0.06203716196482163,0.35041103837634363,-0.2940644724069033,-0.3421619746198681,-0.32664615720768064,-0.5288119124696368,-2.746143442591411,0.09490598253480374,-1.0079082437129128,0.4424497740655204,-0.3935005830271649,-1.1092275869863943,-0.3527636058208949,68.97027770743497,133C,B,32,F,Control,0.0
-0.0994502858586492,0.05864594073943668,-0.21760180271127316,0.12509357753416808,0.09196354249136666,0.14380662080251264,-0.3669603776038869,-0.11495451842907245,0.459652913271395,0.06498542424528035,-0.23237327373891725,-0.8517714413388627,0.08474891863403691,0.674000880973729,0.18625140209421076,-0.13234828134691123,1.1513462382096284,-0.048834176857763006,-0.49182660565463393,-0.4988002703669418,-0.520900746629526,-0.3635701350369737,-0.4640952831745446,35.49247211674127,135I,B,59,M,IPF,1.0
-0.6780940155352451,-0.6417750559851756,-0.5798695246208863,0.282480118431567,-1.7155334570172989,0.014554841522955046,-0.8624844885107762,-0.045642871997456404,-0.2697075118647456,0.06862093580605937,0.2983839591393815,0.1736186320359231,-0.32504071209844376,-0.19493470267988072,0.38847039075405443,-0.33466770021569636,-0.033667514002036936,-0.03368380977197122,-1.0772467060869522,-0.7486036604073918,0.8394401311341134,-0.9746929036717924,-0.5499440739640106,16.348585334063962,138I,B,56,M,IPF,1.0
-0.036786986098773435,-0.06273560196488454,0.6352900577239774,0.22433359365390207,-0.021023401593939436,0.10005528660838517,0.20056528622406933,0.12782289017757592,-0.10683569244522531,-0.064118968960384,-0.6793012601352,-0.47981167499558725,-0.044849134144066154,0.06065347474627251,0.17814508905143736,-0.8393919088143581,-0.5557111802620485,0.33292924687234315,-0.01989725657586624,-0.020394511450734787,-0.345797245890728,-0.37558854587973456,-0.47835564544090253,-3.9848101250413617,145I,B,67,M,IPF,1.0
-0.22204991433336296,0.31822486221491053,0.9656761893330236,-0.007948059548133293,0.5910178464968513,-0.08387255735157934,0.4000754565350294,0.13273788738521627,0.5693692127551804,-0.3421845550773451,-0.08116180622008652,-0.47365625050645255,0.04708218942451312,1.0298334792154202,-0.5760154747855157,-0.09689000193263264,1.0868983007492263,0.6441618394655587,0.17727119343481199,-0.1438338911066737,-0.6408568243774839,0.0850071647389949,-0.1945144965486921,-14.893783543936859,157I,B,66,F,IPF,0.0
0.2523813397117964,0.27082591163395026,1.156764156465206,-0.060816127637119126,0.17702481286037872,0.2436195908433671,-0.11137107592115522,0.01018998259354311,0.44824249549778883,-0.034687219269392305,0.005682825291820088,0.28608795947299476,0.2923810882238904,0.7170696960019237,0.20601573097427808,0.24326323425524407,1.1484688532256349,0.43973043082242713,0.5235452350817824,0.03455138930859974,-0.19069935499194282,-0.002434267298226534,-0.0969934295108153,-16.643318979190273,174I,B,67,F,IPF,0.0
0.15681431634470977,-1.2628317557376574,-1.2439405362286957,0.310956477751965,-0.340473267204365,-0.2706956028662273,0.6043840526423399,0.08968275694655084,-0.10421875306339982,-1.0122217384903347,-0.2130798203108127,0.3415148940147835,-0.09570360453846133,-0.4999202311215996,0.6113916536036059,-1.2551953822219564,0.278400080603812,0.8170413052273041,-1.1786826274720172,0.370864770219801,0.04594115840412677,-0.6875514032695238,0.11732106566745448,104.67903202791737,178CO,B,58,F,COPD,0.0
-0.10020462891081121,0.5101758228680839,0.6870171675208179,-0.024066150743919604,0.06391946677672161,0.0662385334199068,-0.2110658083891525,0.09118774942484925,-1.6986606159415538,-0.2182086698892834,0.20884180469347766,-0.5582551815596338,0.39152988927477234,0.3988419669220956,0.5385799541965809,0.0662452763090462,-0.8536904845025166,0.2808627830680055,-0.25252613414748615,0.05290272134531153,0.0816956957851322,-0.19342912363180806,-0.18923680539774998,51.35332639372626,179I,B,70,M,IPF,1.0
-0.5971881464332711,-0.7315430688952743,-0.9878319399209853,-0.18339840268369362,-0.45422675409522234,-0.11415228073937408,-0.48465454794173585,0.09724939602376642,-0.1778333437687621,-0.5065027837294062,0.18393709435801836,0.18497820304582732,-0.027683533429391553,0.14043501479287362,-0.5933394164254573,-0.9167218947957978,0.2992948565939154,0.5692577068170265,-2.7722721084917414,0.02589726123914978,-0.264055731190388,-0.6180503163581509,-1.0107990837064382,46.7675446151032,184CO,B,55,F,COPD,0.0
-0.10282815990802732,0.5056132570636377,0.4721380682897127,0.0999629114290377,0.13279831580633739,0.031362634176462484,0.012004372816812155,0.07095254006773954,-0.11567550443977061,-0.2472903031673974,0.17706607830123333,-0.7491775213164908,0.3897664340010984,0.4649017167996277,-0.7456719341665462,-0.20409633071080774,0.5574916998618057,-0.2260089494451101,0.2610490196931981,-0.026221837229173223,-1.4641543876300274,0.1669447198328945,0.06916240929083255,59.810472747969484,192CO,B,66,M,COPD,1.0
0.07785687126733899,-0.12642731791239198,0.09033436220921566,-0.018602680834775898,0.09634298980601251,-0.021591688033633934,-0.6297459340851134,0.055993868967803194,-2.7806347586638887,-0.6489341659713405,0.45652995521696965,0.10243154334568712,0.4972369418043038,-0.1170538999001561,-0.44205590485799157,-0.03548935460587448,-1.4734835761337144,0.5996171423354609,0.03794974522413437,-0.2576646082336189,0.09397490196929839,-0.0695484039477302,-0.8641684349660691,10.268438382054446,193CO,B,63,M,COPD,1.0
-0.4039174000636483,-0.02046877526074071,0.5235062998671675,0.2575725059180068,-0.06002054331925066,0.07082404024337963,0.432514945960418,0.2039449986645723,0.9372582939311553,0.16158667432164475,0.7959507652623972,-1.0474131672024958,-0.46020815673922166,0.7537587383671918,-0.309891848210518,-0.45992689926386615,-0.3893508759226873,-0.476620637730505,-0.40775006067391767,0.1775487574127548,-0.7184602635720402,-0.5066625831960159,0.2000044397962922,-43.34121073028409,194CO,B,59,M,COPD,1.0
-0.9516691443318921,-0.18701522265122675,-0.08246214016158487,0.32803726543488404,-0.15899955690048323,-0.45228940276116764,-0.3442542857647517,0.02909814545710744,-0.5763476516979503,-1.3133804431668903,-0.8982465825115855,-0.3552381242002972,-0.8228832715357773,0.5258137680736357,0.11946109151955699,-0.5133517827519738,0.1815312036417365,0.11184478294381393,-0.8101460855468645,-0.42326336401928316,0.26416825064484617,-0.20060317150591123,-1.0716687077416405,30.420401023437993,207CO,B,60,F,COPD,0.0
0.08371406045551183,-0.12212543588398164,0.47488081534818205,0.3089786403297499,0.05904041507720284,0.2587685518646026,0.15680235104830587,0.10935917750538118,-0.06220821500515806,-0.41133888054681633,0.01739387659761549,0.0590031664857157,0.6544334137912805,0.5817556122573109,0.17008488322600313,0.15117071415319583,-0.3927236850563447,-0.3939592036566213,-0.13731164843547597,-0.3803071132064511,0.47103364311907475,0.3072211693697757,0.00496809014893538,45.08236903652565,209I,B,65,F,IPF,0.0
-0.06383267399518419,-0.02364537193190419,-0.124378875935011,0.19598063473867114,-0.18423442338286838,0.03510784743290591,-0.01101045303186399,-0.1551901191354039,0.07153683355629635,-0.052297642164735425,-0.9999337507243493,-1.0466128081140396,-0.13112539449290073,0.38622331228081946,-0.07454558324992906,-0.10770655151045352,0.24306714527187606,-0.3267992594154404,-0.8151316279739791,-0.15410924718642235,0.6086418313766154,-0.5227982306898243,-0.6834761758440165,-17.851827353454752,210I,B,68,M,IPF,1.0
0.060823041541093116,0.26432718480367456,-0.0852551124619639,0.29227975058552713,0.04993920131151615,0.04298447361042333,-0.14796604645084313,-0.03374282633917933,-0.1518439645135219,0.21504277451939177,-0.09010167932657918,-1.0325292379787652,-0.47643116635465665,0.09431388573163729,-0.2802929451199674,-0.15649093925403917,2.0334948026622763,-0.02536783840162109,-0.17088795126345374,-0.5671530742805194,-0.30855313933186423,0.4029135450598497,-0.08018995818533765,12.892283751494242,212I,B,71,M,IPF,1.0
-0.1840788165734655,-0.0025576928653099074,-1.0288822313800636,-0.08103932748564276,0.007824202198136941,0.10164955614212355,0.13372671538943082,0.1070302670174362,-1.3337434643362391,-0.30896107241582565,-0.20877363434095397,-3.1485995615696467,-0.5599723077089075,0.24269800578889955,2.7068881058636456,-0.34091460273929847,-2.3569427650821617,-0.30574892548308463,-0.6096779725408528,-0.10196557112640242,-0.3498755393141808,-0.41689709620146664,-0.3853676022286109,32.7744630402302,217CO,B,70,F,COPD,0.0
0.014221994796432498,-0.054529946731354036,-0.09568036112573798,-0.0957969991220886,0.24213245758758567,-0.21701835368332703,-0.263023076226157,-0.02596733854332296,0.1658411300681082,-0.06475538696171418,0.14041335914630163,-0.5960065073564209,-0.36428594008309184,-0.37616010460291,-0.6951995471670149,-0.517056874505879,-1.3983193574843649,-2.815228531697793,-0.4347698985961521,0.25205499689490457,0.33706489169792686,0.2249795400107742,-0.5189879732015751,-89.97415725095587,218C,B,29,M,Control,1.0
0.1548822225236464,0.7840915863064505,0.7142177901747812,0.08128131084025511,0.717105073000873,-0.09308631395290853,0.3957840979778435,0.19705815034150587,0.1806604889923441,0.9891374599993406,0.07937537976709953,0.3133308000615465,1.0150277831466379,1.3887851794492398,-0.22930327012668694,0.33051127911090034,1.3036941221291556,1.2318189326267166,0.11064310822736291,-0.46203849502592614,-0.5141945362599387,0.7160088174869998,-0.16948345621750005,56.489737082084964,221I,B,67,F,IPF,0.0
0.10559240684052482,0.7765657244984054,1.1608772237570415,0.23235396200990124,1.110036128630896,0.15190202140656084,0.4444543818856475,-0.03715158700150546,0.3195761190841026,0.4560751965968784,0.2945383589861776,-0.21461660022160092,0.2546720988942359,0.8855610212911899,-0.2563585554841021,0.16613723365375632,1.1002497772396207,1.7988434828646653,0.4653132194765005,-0.21733065958665285,-0.15826282351870483,0.7012182616158528,0.06202141977935877,24.550332846992244,222I,B,59,M,IPF,1.0
-0.5584506691208833,0.030539401216553012,-0.357822683930936,-0.042873607553200264,-0.2579543213362071,-0.015704538946546935,0.22406570208272575,0.11659597018539503,-0.16010664095154245,0.1368371617760459,0.32785509605977453,0.43548605611801827,0.6599604280839986,0.923063076216007,-0.2403425621844713,0.09704663182176995,-0.13567915504008082,-0.5765236623465594,0.4772708720115682,-0.462909519621566,0.6164735158658929,-0.2893992105597,-0.3693994065379182,-49.727286719396034,226C,B,32,M,Control,1.0
0.031063415051314283,-0.16361293558151296,-0.11123766770846238,0.16659799558761224,-0.5911409968357448,-0.08259339866608141,-0.2677459852699475,-0.18493507625548367,5.903909325945983,-0.20652073889839132,-0.2950144961553034,0.3405410123913556,0.7173887129743078,-0.017393753272699396,0.18567012810110126,-0.004938723762319623,-0.2687651647398012,0.6997030742951446,0.4779522177128012,0.08991641311130481,0.10292693598036419,-0.09854216884268775,-0.0819681305123217,-48.6467537631373,228I,B,56,M,IPF,1.0
-0.05965415373584399,0.1282634781886585,-0.780608938566441,0.054988927006833874,0.12338547440439993,0.5321870322508601,-0.2969616841617391,0.1413917785528556,0.22876773100959755,0.06852429343126364,0.42490764519347496,-0.03186123827882905,0.6343079039192948,0.44661566988259466,-0.2528225268037147,-0.6052765825126594,-0.2021437431938064,-1.9781618664445182,0.01672255583632743,-0.3097578804684408,-0.12173427712036208,-0.5189570952707352,0.12435232361417106,64.08091863730509,235CO,B,61,F,COPD,0.0
-0.5080078286956898,0.053296024493014106,-0.2969178345486587,0.4676781406564967,-0.20319738542996882,-0.040658936490757476,-0.570151998270688,0.10028700111487213,-0.8077426938546645,-0.7509626154449731,-0.44907067070812967,-0.3633139066046388,0.43574130934331223,0.26801267032292236,-0.17612980528516525,-0.9171851975688711,0.4643010742793873,0.36743932139681257,-1.0087346632537402,-0.5248124365515111,0.12215019018562527,-0.19109055824831792,-0.7834818763498682,48.328999933985386,237CO,B,57,F,COPD,0.0
0.12635831567979375,-0.34604236607583877,0.6754021071817732,0.1700112215410885,-0.08996047717330526,0.004682046843471641,-0.7149675141781214,0.12717723044157647,0.008183293678903294,-0.43418659329868625,0.3153087046047008,-0.10280562028037082,0.2828967500099058,0.20570858826327312,0.3527350296566242,-0.30788662544096784,0.30048191671529517,1.0354977562938603,0.0711231111460799,-0.057847065589982545,0.40702183711648515,-0.6773973287331717,-0.5413427361838044,8.92006823163996,238CO,B,66,M,COPD,1.0
0.023633670313276525,-0.20090693513514277,-0.1155190122105647,0.0036122600484711958,-0.30881541669157925,0.1412873655200923,0.3402122953292061,0.05482019780988017,0.11985146378107671,0.2518685756376957,0.8444078149429955,-0.4973686937275738,-0.18686294387133767,-0.15657981290229517,-0.18906605073092064,-0.25952936793214826,0.6206893752595599,0.10655111008694992,-0.20719372596213784,0.6804698890833206,0.09986668866694769,-0.44661512227632216,0.11226968444087106,-17.502633650602657,23CO,B,66,M,COPD,1.0
0.5065184563951853,0.5601118208108731,0.3708184773028915,-0.11465369104776436,0.5981874279196469,0.03294804756810006,0.40814411371842596,0.020646387841202825,-0.22236975812463788,-0.27778155634789065,-0.32434950395652323,-0.33468694031111845,0.0714377403104115,-0.07046193770556758,0.9245451075150308,-0.4145655239972781,1.1119264052749696,1.1470308984618742,-0.008704769125428252,-1.2481569575305655,-0.08167620182792389,0.22093255154766636,-0.40930996123820007,18.114043634390573,465C,B,56,M,Control,1.0
-0.06747410506989615,-0.3660664488660771,0.22362279032839433,0.279731215098816,0.2035767257654687,0.07088629502231895,0.8439197581287765,0.08475525272569287,-1.4473045510098126,0.03791742496105822,-0.29663044233538016,-0.768864249237357,0.29883246256018015,0.40812860749905383,-0.27309784273592863,-0.9254002003045747,0.9972543233292775,1.5799216034623134,-0.27917207665310045,0.03687141203645067,-0.8105996248046392,-0.8426817701779308,-0.5582093330051477,33.56730603678121,47I,B,64,M,IPF,1.0
-0.30722165269121204,0.40424565770200294,1.4664688598910285,0.0696820424357912,0.14170731875607026,-0.025552753189315325,0.44671680066551084,-0.09564357443481022,0.7725756879917897,0.7358030226215433,-0.09260643811530225,-0.4336973861855433,0.7242799215891533,1.2339761815120502,0.299465478371378,0.46000358288742416,2.3322864469125655,0.23037180769014878,0.5585419607759607,-0.34595299105903343,-0.25489949102701986,0.5604448257274215,-0.45975643377885334,-18.58554782571604,49I,B,66,M,IPF,1.0
-0.31939739120572386,-0.4528198488226264,-0.5695622807716547,-0.30631186744891425,0.0027086332028810837,0.1991650757679262,0.15917424018305826,-0.0836646493708286,-2.4873176975716564,0.40091489470679664,0.39327247293450307,-0.7237285861192153,-1.7291332940567363,0.13452800738547474,-0.6586103219156149,-0.3638649093402292,0.20661553797634996,-0.14392427889146442,0.20437418568231913,-0.45171555237673766,-1.0142569335193272,-0.4814325895706686,-0.9814322847992603,-96.08459860968436,59I,B,66,F,IPF,0.0
-0.1322698415578284,0.5537077223604827,0.20315684066312675,-0.1827310608059124,-0.1287301457932726,0.13798763880391351,0.15841653530089334,0.19621081312530386,0.4759600109469563,-0.04645592931542483,0.14221122748991624,-0.5626538185924831,0.39763212460634295,0.0633647504942331,0.5532603814328065,0.23663980356109457,0.869403385321811,1.1702894113509468,0.4351705471652512,0.24283045330774283,-0.6864624930922186,0.43097134343452925,0.39885453491568407,41.921688277347265,010I,Ciliated,78,M,IPF,1.0
-0.06335545438409727,0.5402119795222136,0.7866600393118869,0.2266709982147266,-0.028715805842338724,0.08016108775589632,-0.0532274032490876,0.32144325789247924,0.00400257309749069,0.3730658926782817,-0.15750282104718719,-0.7869016406915479,-0.0016658376020817975,0.9607631649092899,0.5135951373824106,-0.012248569272193591,0.5221246782517251,1.197682374467858,0.19345161748254866,0.06945582519002695,-0.38891533210036355,-0.03801263350664105,-0.07718442868483755,14.288499918720092,021I,Ciliated,69,M,IPF,1.0
0.03291923945115299,1.0545373169554189,-0.9128209057970402,0.009651426363248686,-0.40948765473044124,0.08833076242570713,-0.12788409874943574,0.20665440465122736,0.1291269512117939,-0.7815672217254162,-0.031778348440052256,-0.3980152271907127,0.10916277363398594,0.34064825667758,0.4953235831135043,0.15398194479755142,-0.8399050235403812,-0.09891846457907912,0.2499855077225725,0.29897848707383334,-0.4712131142804184,0.33361104811636383,0.5667347008942202,78.13839501034876,022I,Ciliated,67,M,IPF,1.0
-0.050517026932450984,0.9593626409651982,-0.3801264644421151,-0.016567669386234846,0.8807642621333923,0.013089904428779081,-0.2571335780519032,0.49809696323179936,-0.49432829326925126,0.05884657655950386,-0.007342878403325755,-0.11720698023133931,0.10068188558232188,-0.7158501969857117,0.20977718207753923,-0.002477469571915348,0.03179510896242495,0.42195017166343923,-0.4295545789865647,0.11743117145600475,0.0474847856444085,0.38204629664832507,0.915797738546627,18.326588779820145,025I,Ciliated,65,M,IPF,1.0
-0.033316883179471124,-0.049736664179711905,-0.7683916670863815,-0.11853457391660727,-0.40114411831231167,0.016974622058331376,0.5997654022835354,-0.03130286322035888,0.20209643937266036,-0.2923314962798644,-0.39281221035895364,0.16271499034926923,-2.0215203062674165,-0.25547357518367775,0.4158945654975483,0.24733586670320826,-2.1303015163234362,-1.438064959041777,0.17787065175239183,-0.05178773646652584,-0.5360974753178224,-1.935248518187497,-0.23730567256419868,-104.10906082325246,034I,Ciliated,54,M,IPF,1.0
-0.13956668221544813,0.6135049488166876,0.25688758920487326,-0.2997392871913332,-0.054105803412100764,0.27575336401160905,-0.2003785709738295,0.24669878039469462,0.6916865284433144,0.22818899408381202,-0.006438286852436113,-0.6888349514869012,0.28144162065445427,0.8034829288019819,0.5042386493808458,0.3514106455539126,-0.2609066589931916,1.000382617952704,0.1255527987673121,-0.0442637322523084,-0.15878148637798464,-0.6500233008960045,0.028373184357434862,-17.13026409185088,040I,Ciliated,70,M,IPF,1.0
-0.005590530756949885,0.24304073567097248,0.029080727536703793,-0.1035430038212556,0.0600832379286035,0.20143673402871365,0.25376527049747694,0.26764853893167856,0.3323413216968161,-0.2317082115300984,-0.08765880198673655,-0.27512440630100504,0.023212069739152887,0.14236041240807884,0.384583082731991,-0.04894765668092842,0.9490597925162693,0.285470011992328,-0.03394790103281791,-0.04203581596484409,-0.052394687370404966,0.29060074261236374,-0.16119671966307111,-1.5990815063969837,041I,Ciliated,59,M,IPF,1.0
-0.032790216796222696,0.40380170481487904,0.3014641702051243,-0.2657729595811247,-0.08637877831919166,0.13315434177492108,-0.04600305492584073,0.09250189376523965,0.7292678992827001,-0.052730395442121145,0.13310139508747126,-0.9105689249339273,0.03208327237909565,0.11056126785490783,0.3829473491897775,0.5592473911486813,-0.30504030213397204,1.1081239158510052,0.2841231534291114,0.1499216377001579,-0.30075995344974327,-0.22168896683909384,0.7194545556563482,44.38233530786373,051I,Ciliated,62,M,IPF,1.0
-0.17224461227131121,0.4643659245163124,-0.755085260548802,-0.46665193374903535,0.06036938815536472,0.16036926525909476,-0.05179246919452941,0.33213531527727164,0.1470631037047706,-0.2718490084085004,0.4286908509402491,-0.15460078377244638,0.22650714571048322,-0.23982611924444935,0.4800506569304887,0.27997128630885343,0.11790444759054335,-0.1836684475076098,-0.17742255172986093,0.25041562846047555,-0.15329658100243013,0.2929758286767253,0.04303030258701462,-10.552714934385046,053I,Ciliated,60,M,IPF,1.0
0.07712481685889382,1.055673191184561,0.8481125931950465,-0.12561091876918493,0.23451556123406253,0.02633492725548664,-0.016972013450953453,0.37651802583295735,-0.04643070064774951,-0.5115826703759315,-0.2434307657496459,-0.4673863576701071,-0.22454772776840778,-0.3714200037233838,0.5664487254357881,-0.579158523462399,-1.0842291775731987,0.8134788676063044,-0.4460989028454937,0.48203762141731205,-0.28157610231885416,0.1599648335476301,0.524548372096915,48.45606960944474,056CO,Ciliated,57,F,COPD,0.0
0.14574045759704743,0.257810618722941,-1.0591920176382685,-0.5012055418931435,0.3298424682530671,0.019084233025886896,0.11557535641124789,0.3073225373541534,-0.2880735739227953,-0.016099240204477377,0.3374021313690927,-0.6643774285539122,-0.07664214466948535,-0.07069828166687386,0.16543105913084452,-0.2306700053731457,-0.06592604175293258,0.9753294837574984,0.09260144450935591,-0.25977757934145623,-0.052433890836548785,0.5678588131904241,-0.22260208245815694,2.8231821291566583,098C,Ciliated,41,F,Control,0.0
-0.11606383139871985,0.31877362600115183,0.11242177962301204,-0.4435466779776187,0.5072013614799982,0.30735162903550955,0.4165015884182842,0.3055320599544376,0.24169844691982503,-0.2728655924860316,0.25367076621413137,-0.4374426062675145,0.16813298998712695,-0.3546118475690993,0.3973273613543194,0.28375173472480403,0.20281472298678893,0.6173292788875809,0.2880139099024763,0.4978039346935084,-0.5083665040076367,0.10486181130821803,-0.01492002414730061,86.07893397085684,123I,Ciliated,74,M,IPF,1.0
-0.10009971102427939,0.3895753006818842,-0.1719575563222919,-0.1463270533626609,-1.7298824350513575,0.08002082361503002,0.07334912919748106,0.1037981613677518,0.5162824789658756,-0.29652041980099053,-0.10383632797686762,-0.5643233201702947,0.0822294304089099,-0.2164548069034419,0.02114932655441388,0.11676455043413378,-0.6827016747531293,-0.12390816542920025,0.1257595928152701,-0.11212707277048255,-0.08632360034420175,0.36607043445222903,0.09701283785817047,-12.040665816939772,133C,Ciliated,32,F,Control,0.0
-0.1546692782921355,0.4930148333922266,-0.02641578195363877,-0.08761059337627244,-0.001252871489254485,0.19937799357907382,-0.21018394236995097,0.1831802077995558,0.7587295690597052,-0.04451704781268957,0.1612649227597783,-0.3717589258332945,0.10336598694831375,0.3446760140224022,0.4067333771423077,0.10985392934795582,-0.1390234340550171,0.7151297175020466,0.21997337459343333,0.007540354261505836,-0.28303248404767745,0.4272254727392557,-0.1653765751647365,37.34376291917898,135I,Ciliated,59,M,IPF,1.0
0.12443456526552137,0.40195315587005304,1.313971692569793,0.2565127549107783,-0.20990397704928312,-0.006891349521153181,-0.007812839351701618,0.027212491428306222,0.005588296152489318,-0.1516603171731248,0.16199009480169224,-0.6036787899127349,0.0620043084846968,0.048166589857022164,-0.06023945038784771,-0.15495425852094322,-0.6014284918556855,-0.13932967989988407,-0.3001790184045708,-0.07002014183050558,-0.4985737292104207,-0.06495345494573385,0.2659857251819497,77.03155446922385,1372C,Ciliated,21,F,Control,0.0
-0.09582731123594691,0.5807605090465173,0.2727357577380306,-0.03487725460296981,0.45424874090164397,0.5633717199714501,-0.4289890509295545,0.2028595212670003,0.4901846144956955,-0.5054595338908078,0.5236447658745013,-0.2160765983656094,0.05494954587331773,0.5252206196240202,0.5893832726733016,0.11145556689301542,-0.4867838511704382,0.46728146007072996,0.364164300322174,0.314622919067134,0.06843593617151537,-0.3837709163465372,0.22023932761566573,13.794304219464745,138I,Ciliated,56,M,IPF,1.0
-0.24609379141381688,0.49216693271020606,0.36159551232993953,0.005576564549836603,-0.267822021098396,0.15340376237703535,-0.23010336084088956,0.32540507146672387,0.3174355882201136,-0.3204322033158909,0.13856796616280986,-0.5664310510373354,0.07685673543676796,0.44732311028353555,0.5253578476445924,0.45578165677527566,0.5558258919647737,0.8321159708099054,-0.34398666363343927,0.2540623247954982,0.18675354696233867,1.1188658622918184,0.34566416716136356,101.82613542490485,145I,Ciliated,67,M,IPF,1.0
-0.21956699975858707,0.18724108824499908,0.36525993649917254,-0.027867609888704428,-0.3592120431784086,0.16702243977417058,-0.05044830217956015,0.3368569262521592,0.3264659593681057,-0.21729249499329223,0.13596881690966542,-0.5642460196475676,-0.23441656968943927,0.8867078047967119,0.41776772405921386,0.46751372107251743,0.6132508856348666,1.2267248957324972,0.41323917600175186,0.2761000817153163,-0.20012744000557034,0.27653659694244503,0.2613892105423629,27.089913110689736,157I,Ciliated,66,F,IPF,0.0
-0.06316374161047945,0.769005358234815,-0.35267763278772657,-0.5514227115469262,0.38087638820855974,0.09809299193548265,0.1394137229442312,0.14146462327191506,0.43488246536586905,-0.05805821338652322,0.2171762863608102,-0.9534108241669038,0.2449813217033262,0.4496006356201305,0.1271897279884529,0.633138629620073,-0.29774710113017017,0.3901851546821011,0.2195948600334417,0.5207405757289684,-1.3594673427168753,0.09055862379283014,0.467988401122434,49.47258695079047,158I,Ciliated,68,M,IPF,1.0
-0.17743488930639378,-1.3408126113266683,-0.4588417799378973,-0.12430759063745175,0.29546485033190906,-0.13840708186560688,0.022994771259010876,0.1609411239291828,-0.5876817491321867,0.23262123141739213,-0.14933019432871175,-0.3267304358513698,-0.2081094641680881,-0.9077092660633954,-0.3074389232546304,0.42967366623866243,-0.8390765523429813,-0.01942281870629846,-0.22680111898121025,0.2787463361827747,-0.33474619797904587,0.6635826001845598,-0.01815374530220796,80.3879312528788,160C,Ciliated,64,M,Control,1.0
0.0655669324876355,-0.3767864658734698,0.5866100579019636,-0.051118038938893336,-0.46589558123279284,0.07626371366660832,0.23896577576621192,0.254556929050922,0.2073352887926826,-0.19592556544510872,0.6153333127458249,-0.12831416631351905,0.03657354798201431,0.13286924486019228,-0.04758950342335613,0.28416887443374744,-0.32861935681389604,1.6276305089788239,-0.2584023805412759,0.6834571654957854,0.1697861010933677,-0.40265091978579987,-0.12134545103544891,-28.04929168835558,166I,Ciliated,63,M,IPF,1.0
-0.011764852358665034,0.6150866090284708,0.10950929467879661,-0.2477198803583795,0.15871012401817258,0.15019220996596985,-0.2953864124892253,0.06261265091511736,0.12161854485185951,-0.1649188493172362,0.2518902125102384,-0.3698329847997433,-0.18047837176592163,-0.3164853961602759,0.10765775143900681,0.5324445543410591,-0.13990894601483794,1.2509936758451594,0.226417439182018,0.15366807548997027,-0.06698119929728927,0.2128959914622586,0.13443808629977674,-1.7029612194134025,174I,Ciliated,67,F,IPF,0.0
-0.13438202466247176,-0.5481835970128098,0.9656363058210359,0.0992862470445463,0.29765721613238677,-0.029931383084563175,-0.48595267135524745,0.19143715262917177,-1.2954569140043537,-0.11193108304386515,0.15179078765193696,-0.5053182827198662,0.19946829076216696,-1.803708065471652,0.07368691693986466,-0.15978286418033213,0.03802746140822,0.06781289433933445,-0.19436590621720887,1.0358174191446856,-0.5655693635732542,1.2480973805452653,-0.1655360330717866,-68.37028097106341,177I,Ciliated,69,M,IPF,1.0
0.030591825741324595,-0.26112989875412407,-0.8310143323195313,-0.31085596756050377,0.2505652064841648,0.28219621322474003,0.11483002550110977,0.20923268196970354,1.0766046016281468,-0.046770427713171234,-0.24621898443736215,0.09900239195080761,-0.2552198027921701,0.29199032496492716,0.2440454725272928,-0.5625475998375651,-0.14822945635312756,-0.666569406045368,-0.33480599468935396,-0.07394338968621829,-1.0580851240568863,1.5407692071989496,-0.1506250712776863,-24.415956724937917,184CO,Ciliated,55,F,COPD,0.0
-0.022957787759386585,1.0658498940564063,-0.18734231183040062,0.07434948559631094,-0.10230112258247874,0.03239453985847232,0.05171155215972131,-0.07770419863793748,-0.017354246377797686,0.09827378370978176,-0.03772995013015085,-0.0708829874977793,0.16333991444585977,0.7699708178817439,0.6490024189922222,-0.00897333344911894,0.07459555704668434,-0.1267860626513455,0.22388303139647997,0.015145661877943091,0.20186747426171078,0.5154418963970906,0.23269772802012276,88.12232388761407,192C,Ciliated,62,F,Control,0.0
-0.1081592633316018,0.1169306180096966,0.2568249861898049,-0.3621644556789743,0.11339228597665495,0.19333400721870192,0.14640371264137525,0.2986134337515513,-0.028767164052882432,0.08077199694977764,0.007565356733555174,-0.0042398116274831735,0.10710066312900504,0.268262669735786,0.4854158009070796,0.3094411335655901,0.6598802924433663,1.3112776407056266,0.30450911536142783,0.3952236758067916,0.2797484089066549,0.2820890267673102,0.13550688778448838,88.11678377342598,192CO,Ciliated,66,M,COPD,1.0
-0.1558883595990669,0.7981513691890839,0.17575687913439356,-0.2678527988097438,-0.13517937372739802,0.26400188323193047,0.14869783549031126,0.3031808180519209,0.08034035984383188,0.3080495668932093,0.04659322629377362,-0.3177398318472813,-0.19839857260666066,0.8009096470410265,0.5337787307593636,0.34416340696584363,0.5392255282202592,1.222023291770689,0.049615103424112725,0.2799030324488668,-1.2920019629214108,1.174737673400092,-0.42267388350302887,54.243119197492774,193CO,Ciliated,63,M,COPD,1.0
-0.18552031409361108,-0.30322698318102537,-0.7327462053991234,-0.014514361270956105,0.5618176979076731,0.27426150709714847,0.18639814455717835,0.15113284102012198,-0.06280221391902827,-0.18503283505603504,0.49869749501748334,-0.28241858145997906,0.2797452495677441,0.2396384620618137,0.32332810644982907,-0.29721843384756647,-0.22047037149411425,0.2207534225004133,0.15239550254936202,0.30481182400041745,-1.0593929529909967,0.25871202068193855,0.08112553234389518,-10.282234101292214,194CO,Ciliated,59,M,COPD,1.0
-0.03704805019811124,0.2054771152749774,0.47447688297216795,-0.1192729964469796,0.09862900792148514,0.1864505211276749,0.22198551998780658,0.2627878821415193,0.6281777959313088,-0.5302070399255425,0.008041933071309817,-0.3986670004716764,0.051883685138334044,0.48481043043942873,0.3730689639950738,0.16307203128200556,-0.3031334183066069,0.8449513743874294,0.1181809695502763,0.1426752154747201,0.9305909369172991,0.3580556345103677,0.3704043444770626,12.002856646862927,209I,Ciliated,65,F,IPF,0.0
0.10468327890938302,0.35845240901610637,-0.07034568722511186,0.0589232378835027,0.12873531808486122,0.13055316661146912,0.6896831793426921,0.3172006003778994,1.4366055557389432,-0.2609333143221725,-0.11641394416485097,-0.050117918809550924,-0.16849334904242474,-0.052269844467809516,0.34416858227130936,-0.027765192583415168,-0.8559680052534117,0.7610070511239319,-0.9050413027854372,0.06350819783716886,0.02423204151476289,-0.08632534849670745,-0.34364436839789464,35.95640184767986,210I,Ciliated,68,M,IPF,1.0
-0.17490301396320984,-0.0466273565619222,0.564009591740862,-0.07925913418143124,0.21432267335234292,0.05286006934465463,0.03132826609101529,0.24369192689023966,0.8114721873405987,0.09763668763331348,0.026434697333636615,-0.5452916736760614,0.04316331332725299,0.7691619465856661,0.3172215527229166,0.3281625367596206,1.3783306503005757,1.3709798324811564,0.15762633612149374,0.26286159994601427,0.10766844552550643,0.5260859266348267,0.08960566094802967,-1.6071676879564525,212I,Ciliated,71,M,IPF,1.0
0.07129857519156395,0.37299867130184056,-0.4328402112738926,0.12459429405477057,-0.12626853937320714,0.21424190773038515,-0.14757048298265443,0.291494645805945,0.021427536578920436,-0.8263570214549134,-0.11299282461455294,-0.09271801295232486,-0.5142473141310789,0.412015218028407,0.3160463253025271,-0.20528649502710028,-0.5479061296312785,0.41895690582505113,-0.5649149197166787,0.056596869826850575,0.19642447703443858,-0.11199979787769358,-0.1230889302667883,4.105090830434244,214I,Ciliated,69,M,IPF,1.0
0.11904775459916396,0.5880548759058903,-0.4425718677820945,0.028882906443437665,0.39809718059383126,0.2812053789373665,-0.33774455231702577,0.28872625414816616,-0.10919732290724869,0.634148451124874,0.12933086005269856,-0.725541793791437,0.030988482793337678,0.8761593154005137,0.2559547119419853,-0.20726038353273743,-0.3695874221591289,1.0533287890175707,-0.3699784487325373,0.030789397981326704,-1.0707976258279108,1.0255817402081038,-1.2394087394835622,59.58864863818798,217CO,Ciliated,70,F,COPD,0.0
-0.05740543650478359,0.3800076266665773,0.321297197113835,0.5419119070121563,-0.05603613946988703,-0.12580011460962479,-0.4558692449323493,-0.3006842520790569,0.5236587834723068,0.6292441734772907,0.29951445425703954,0.4310814386997617,-0.007568326968036297,0.9308786087421371,0.19711050020187837,0.0788023797016343,0.9311933228692639,-1.0876822350718405,0.33378108841572257,-0.17010914540258235,-0.12899072450362983,-0.1800875697714888,-0.18691522549236184,-63.79415625735819,218C,Ciliated,29,M,Control,1.0
-0.05957167078577954,0.26080571254053386,-0.04752002266713662,-0.40458503524930267,-0.021987939365478333,0.2970624614040508,0.2883017691306041,0.2715221516986878,0.20500097351205399,-0.2955167409078785,0.04541717552391164,-0.38424845622509207,-0.06953334238889936,-0.09996507294220977,0.24287814732500407,0.25449904379066,0.35925375020741623,0.6425428278317333,0.14953185829899404,0.45142221338501926,0.06220415651233187,0.4079649361818353,0.053812969255942374,24.067127548768777,221I,Ciliated,67,F,IPF,0.0
0.02019178824019778,0.2993317976554461,0.33485238121382827,-0.4003277978271586,-0.14587384869756143,0.25150106892286966,0.20771757658946444,0.3868255032474295,0.2758410277712188,-0.002735419453213245,0.10694804850236689,-0.4142596264158962,-0.07726160846304178,0.09888301252064496,0.4207641269300133,0.2050485343055742,0.25855078210741267,1.0755272498822859,0.24403969363910893,0.2402358208994277,-0.30980545994121644,0.7670910791340101,0.22961388196752225,48.65457630889578,222I,Ciliated,59,M,IPF,1.0
-0.005898458214495511,0.7055876705706887,-0.07055688363991085,-0.2545958447899832,0.1235573883755405,0.1846791899243332,0.0707015575964906,0.20991151978505967,0.7978117797128136,-0.304441181489909,0.03886145883968667,-0.5175157301504587,0.06439673400912982,0.145614755449323,0.40694874383541013,0.3614978498343655,-0.0016629835738212256,0.7081972555882308,0.24956395293329392,0.17659863028393447,0.23652743186256384,0.15239932862930045,0.6265529696988448,36.60820679276107,225I,Ciliated,70,F,IPF,0.0
-0.2951243786807009,0.3984690970241977,0.4933074168257896,0.09296620172913797,-0.05431375570317112,0.01749893675355062,-0.1480043708030246,-0.02781430461057205,0.23378953930124735,0.4193419509316301,0.23520925404906462,0.29309001904475823,-0.09776956617312921,0.5457739814738097,-0.15937120687549558,0.2958407794267511,1.8421125704065222,0.3646573629873997,0.03395801010493281,0.2343236145643516,0.48822317655318437,-0.28543297180048366,-0.4642524358925027,34.916510155477795,226C,Ciliated,32,M,Control,1.0
-0.11939762562374936,-0.05485084410205121,-1.3601234750762679,-0.2051345895177885,-0.46983667432042653,0.0008540170754823542,0.3339518483180169,0.2904958495462738,-1.5571044991013898,-0.090853397249641,0.10628036285959447,-0.6425444360255275,-0.4825535480817045,-1.7958731175380642,-0.42220475927973083,-0.5962254820383901,-1.5795295079999088,4.35736435804552,-0.38898844252098375,0.1362989861808203,-0.9895740505810701,-1.4945759587072713,0.33829027568602654,7.694358097879318,228I,Ciliated,56,M,IPF,1.0
-0.09524517235836633,0.5754606124249988,0.1659695570543494,-0.20243101201866212,0.24964302752404588,-0.033628643554151884,-0.14778992219427353,0.1916452692282336,0.35818033623706563,0.25575337323961206,0.2697461714861422,-0.2888780725011333,-0.06076326379369284,0.10023853505378082,0.28556458594196876,0.40513847229226063,0.5956012416959576,4.252617160632565,-0.020030258864435282,0.24040628914280773,-0.06581745105453803,0.6343647116593039,0.016759319733298847,-16.446360817861596,235CO,Ciliated,61,F,COPD,0.0
-0.15514311493831207,0.3112492488073932,1.1326883826898233,-0.32635719850339867,-0.316875536139717,0.029323627218588846,0.13869358007570934,0.03301805512967635,0.4794031178323921,-0.31334046488797535,0.00508756176596541,-0.5167545302163711,0.2772537181444706,0.3467555092750353,0.41506968822879886,0.39214699081915916,0.8314741327603161,0.7916098192804949,0.22433844770854083,-0.09952274247842578,0.38098689289427184,0.21467041916351626,-0.13167951275623388,22.40879176491088,29I,Ciliated,61,M,IPF,1.0
0.16409616190107668,-0.5509861220620448,2.6758711025974264,0.023219192946098123,0.1804632505257904,-0.04250483217153053,-0.4865346104643901,-0.1049739354276891,-0.7493405480154741,-0.5298113795628554,-0.5289393395680165,-0.3739217251382217,-1.9969816139833128,-1.013701939241445,-0.05880252319941724,0.23493545368278565,-1.1290043936790652,4.151963254545554,-0.03458155149326473,0.003687052690126519,-0.011211592831677244,-0.00047594073961197865,0.010147568236067578,70.36639490122631,439C,Ciliated,66,F,Control,0.0
-0.32452902616739754,0.6045069017673911,-0.4713657301740312,0.09269988908322203,0.11331735645220584,0.383619934256561,-1.7799510137408427,0.08005277510481987,-0.6305938286811654,-0.4019255293026873,0.03576807169118369,-0.28781564256238124,-0.00868967888865834,-1.938783479017856,-0.0477119108634506,-2.137309789057375,-3.2090198931638323,-0.8220970637480626,-0.8743027070887974,0.3255272854578901,-0.7305680819585496,-0.9576922385900956,-1.8993616968126519,-170.65644127413623,47I,Ciliated,64,M,IPF,1.0
-0.10287757611981967,0.5735130559819476,0.04151478183056412,0.0896966379603517,0.06918066182631201,0.2396393688495888,0.1980628001410682,0.2414794306742704,0.45071980159537944,-0.3213220174894931,0.21761246926369002,-0.7462442125161737,0.007613214191917468,0.11917916622722682,0.4973106275859595,0.1251206819880216,0.7259035149557207,0.3225027521501337,-0.14342319004982187,0.1645482495480882,0.3765416046350993,0.21980926543961163,0.3506697040308524,36.293373848287594,49I,Ciliated,66,M,IPF,1.0
-0.09716508908257125,-0.6905243774124842,-1.3530425940139739,-0.2088978622190188,0.6762288923134305,0.017945227201416974,-0.5402966234733997,0.30453287911327404,-0.8585180664332615,0.4386130414391401,0.2460393420439256,-0.08553600863841909,-0.2357886855925385,-0.9693458513030437,-0.052408103967868644,0.031685849911070166,-0.41983698076759923,0.10594489411171627,0.06291827183772107,0.46632453960215553,0.02708942201652176,0.07279171843273276,0.0632079371430203,9.322002276483014,59I,Ciliated,66,F,IPF,0.0
0.2267135448742546,-0.09722414143903943,-0.6065513042529703,-0.19745671050583258,-0.2673932239402594,0.13492399366303837,0.010120789897896384,0.0819348885797925,-0.6095625276434918,0.20559540137376497,-0.2587046510842076,0.09920203485998196,-0.3647234399077879,-0.8895561518222124,-0.2446130834507756,-0.7518106722755153,-0.7362915465029536,-0.7295410973476868,-0.8362696137561056,0.17041797247689403,-1.2763100515760315,-0.1820960514224173,-0.31644071901796894,53.30030191470862,010I,Fibroblast,78,M,IPF,1.0
-0.40538958927748664,0.26209785315609746,-0.5660698995683557,0.14646864293758513,0.40368582984788975,0.12190618440055731,-0.05469519146702583,-0.1964515992684457,-0.4619772757691717,0.4352324290913254,-0.9280882360574231,0.03914715207060224,-0.6699827967769213,0.1406595488283408,0.039286057367227595,-0.2813503045894791,0.53959705365056,0.8923561469939542,-0.3681465331508662,-0.7620215339782818,-1.0113753148364513,-0.8166381766009262,0.14428279246375128,59.91786108481745,021I,Fibroblast,69,M,IPF,1.0
0.19785934751346035,-0.3210187984699681,-0.6392699867735833,0.0734138422497237,-0.006867449246268432,0.03243834296471262,0.4627126493461273,0.09540078444436961,-0.40838704602436765,-0.31531509397874813,-0.20998921408007667,-0.1206272715913884,0.1646705037433705,-0.46961709296658577,-0.05023672372426889,-0.03417181973938213,-0.29137408843721785,0.17916388760637256,0.20554003651473482,0.2755880061368052,-0.91213815600392,-0.7483869549887239,0.17891665079739402,-8.177602129787624,222C,Fibroblast,65,M,Control,1.0
0.14089364880297228,0.5942782404200881,0.3938266311644854,0.15378670397449323,0.30622564056063745,0.08433137373629776,-0.39698827804034315,-0.03251001431845835,-0.4792814485047793,-0.29145241249309645,-0.35963833997122013,0.3280149620692685,-0.07715232617505668,-0.03304535547818195,-0.1024915767765891,-0.2514388318995948,0.19908058826299294,0.60937938159371,-0.3230683738863358,-0.2296000335577694,-0.3249417611812784,-0.6564469460950613,0.025893852236202615,33.62821832594965,022I,Fibroblast,67,M,IPF,1.0
-0.19927607567321853,-0.3394899974028372,0.1740964436875077,0.0017414318235880683,0.1962344201845572,0.21493431863323958,-0.03470220098749483,0.019955465956218714,-0.09201931368915749,0.26618091414334105,-0.19409106188497863,0.4861763277146094,-0.17927918325365902,-0.21885557322784924,0.11983980857634895,-0.14906407646577755,0.06434375694674753,1.0588470821906626,-0.020776725229166428,-0.00012879626910954674,-1.3080674975835171,-0.8334396101636021,-1.0517926293278101,-2.2058765416958805,040I,Fibroblast,70,M,IPF,1.0
-0.30638602273662474,-0.9369216090877981,0.49689721335045156,0.06798520915107395,0.24878503377557132,0.13600281986605345,-0.8314333344161438,-0.0023888925613925124,-0.9609007415542057,0.11245400190387185,0.4762192783227802,-0.24028137089694981,-0.43073155535052515,0.6972268540847606,-0.30735140363934327,-0.26092353835891396,0.42820242802682407,-0.1475876983948363,-0.271049784663232,-0.4102679005732115,-1.0534713377366718,-1.2450763042713868,-0.9100003748198242,-84.50464084529662,041I,Fibroblast,59,M,IPF,1.0
-0.1904517994616736,-0.21104328902163733,1.2473121330751649,0.09677942259205939,0.4996128737937028,-0.00693649155833035,-0.008958039562999568,-0.09358556472326149,0.0748874084673918,-0.09334092498075053,0.3702813158484718,-0.3242752161610562,0.013493005393343391,0.42798505546183646,0.3006050622139785,-0.3303265346238977,-0.5172993748540622,-0.5658891983043683,-0.39061086613665547,-0.3881855124561877,-0.04148209767997729,-0.2284458722609038,-0.4639547981603769,51.54210678386815,051I,Fibroblast,62,M,IPF,1.0
0.22386794553954714,0.24375927430814534,0.0204004317504745,-0.2024452108639684,-0.009932455639542231,0.04424677436455264,0.19743260236331306,0.01090401792721037,-0.6331975737320857,0.019094995470493727,-0.03271123069867776,0.06986572851711294,-0.13014336927198275,-0.4509160249354858,-0.35695392550989913,-0.3928301172126791,-0.9176714798455432,-0.5906367986241805,-0.6851643878694385,0.029316133666250875,-0.34380320736202474,-0.6875075547942533,-0.099897550563671,23.137710891733274,098C,Fibroblast,41,F,Control,0.0
-0.012339789624865373,-0.1370995986407256,0.8648576581222994,0.04132185136292755,0.05555455525311889,0.13933978082296294,0.284514036737051,-0.08167246777230674,-0.439333638732694,-0.43494612703595975,-0.26295263253827267,0.33988871406813614,-0.2404022214595248,-0.2396678749027302,-0.29459095444795297,-0.791969720276935,-0.10910539646167798,0.5413957459240027,-1.033022436691968,0.15631660504633704,-0.73243738147881,-0.8850623612229702,-0.41464278501512636,36.91959824894398,135I,Fibroblast,59,M,IPF,1.0
-0.18878507929588287,0.2978471940848426,0.046807175217013594,0.3005721094168177,0.15124230400135175,-0.02418107619324461,-0.10349850057501438,-0.34423277104417854,-0.33617694011027666,0.31879049033917906,-0.1115855734226688,-0.3668629801032541,-0.9446921947733016,0.36117833970265273,0.13106750169347592,0.01175898635931984,0.4554209387713962,0.1305807114196257,-0.4656515357436436,-0.2062745574315365,0.3612483742632866,0.7628178163084739,0.23055624577180223,12.426753247325586,1372C,Fibroblast,21,F,Control,0.0
-0.32846979975131435,-0.33033782254893884,0.41621055050113354,0.48837896810872844,0.2678243034015119,0.02271908388261077,-1.2214836642690388,-0.16395878332176306,0.10932644933004353,0.06553965893152403,0.8157114007181175,-0.03325266968515479,0.23595124099356107,0.3550692496714354,0.5677537732755906,-0.14224201242219395,-1.1673345926439596,-0.23657034428129137,-0.6615883347565319,-0.09812514627455046,0.13173632794183635,-0.6071316915493588,-1.2228203580996793,-63.314167271901795,138I,Fibroblast,56,M,IPF,1.0
0.024023684656599827,-0.4292257999657776,0.45915015188343306,-0.2138403620392165,0.11943432731904843,0.005575688680773571,0.045549049744529384,0.0847937573733478,-1.0747210474365845,-0.6105996289594665,0.23621535573072183,0.8437962743722845,-0.37332399879852385,-1.5072006642172926,-0.1963853343114501,-0.8663238766754152,0.2690595588538616,-0.8718836079551197,-0.3172988493417599,0.43178100081949045,-0.41618377934320655,-1.0837021558851065,-1.0203732692871783,-33.33431956657398,174I,Fibroblast,67,F,IPF,0.0
-0.41229401927707293,0.12017300188866918,0.1516253485655518,0.10278108856062017,-0.053246337902144315,-0.1624914280712652,-0.43680693447875646,-0.2518909448283998,0.8379533443757095,0.342089280457345,0.4008518272920658,0.2681448723370747,0.2612259462328393,0.9159879997422875,0.3937560046290973,0.1713518287189395,0.16710097850352237,0.7603793390087037,0.882639239394295,-0.503506792915572,0.4506223948590156,0.29161173992116224,-0.3923065441290456,36.943965762267716,192C,Fibroblast,62,F,Control,0.0
-0.16815498261085277,-0.5011697378601425,-1.7869755335516695,0.15067454185778947,0.0796484769523267,0.7339422556794332,-0.21557498302557795,-0.18457988014750765,-1.527217673653499,-1.2859048086519773,-0.7960432287130177,0.12333799770255323,-1.1795030390131067,-1.765514811482409,-0.8458420587459532,-1.6178366304240102,-1.3815563286473962,-0.11715799286705213,-1.589944320114544,0.4739365509789553,-0.44931248933954854,-0.619943010765465,-1.2560036794984193,45.95467439748423,207CO,Fibroblast,60,F,COPD,0.0
-0.0680137597577398,-0.08280566006288034,1.3879097655776702,0.3627182811720249,0.04180318044069937,-0.06244427806656493,0.8698691617818822,-0.08004296350154405,-1.0926795188779388,-0.03583935931340913,-0.4135806945317367,0.477685000334691,0.1915843334104284,0.42341203072272293,-0.15336918175460143,-0.15356813089073515,0.020810476561682355,-1.5454795806613457,0.7106659239818964,0.06531271677070273,0.31783518833192215,-0.046821708160859565,0.4281921833813771,-15.904025521823716,228I,Fibroblast,56,M,IPF,1.0
0.5509614023922801,0.9806742644572276,-0.273016429447372,-0.06745686620023332,0.5052721094014838,-0.0383293213928167,0.28289447424774744,0.06088360571239531,-0.16694828639699127,-0.3308900203426045,-0.2458386405072611,0.30068273764793385,0.07387901606397729,-0.36584406277730414,-0.0742865730112643,-0.086513602263119,-0.06962996277953325,-0.7930320118266032,0.00723504777770136,-0.038927372213922666,-0.2099738511054297,0.36591040254493556,0.04602016050317867,68.85461098677759,001C,Macrophage,22,M,Control,1.0
-0.08978444604547574,0.7252935366590992,0.7176664305073022,-0.04402664800827744,0.5198227889574928,0.02168590284563221,0.06358029097875,0.06681120391554332,0.25460306758350365,-0.027415018934411062,0.13991713540404427,0.4240557189039273,0.5657991102998312,0.06481096401328029,0.23646133809982814,0.12261455254535647,0.6862360708541076,-0.14827440512718174,0.09527791754041225,0.07859953736083639,0.16379536909555467,1.0265909124213042,-0.20046096251945061,25.12270916256648,002C,Macrophage,25,F,Control,0.0
0.5066302872424141,0.09391788332340613,0.4736309189007947,-0.3600867864918648,-0.22615298624307717,0.019484227169014864,-0.16488803380601585,0.5396257318169737,-0.0669461859886976,0.044600962692876486,0.023144812899196444,0.11713816454405719,0.47979570359256546,-0.26556359043738503,0.02995977197131437,0.22916281468273245,0.1490380759740181,0.1760001265575069,0.2642513294976867,0.4205075675743108,0.3879008734545312,0.0364814278516306,0.25262912472153476,11.765692513990974,003C,Macrophage,67,F,Control,0.0
0.13687229213456018,0.37773462002612834,-0.3498280191697392,-0.04385867976592522,-0.35049993272042756,0.035728636249469106,0.5050479062186174,0.24663868444556175,0.18039448707427233,0.24116040746990816,0.11050860848204896,-0.3541435261026967,0.3800958526355655,-0.24649734747543245,0.15077313819448127,-0.06213010900338385,0.28366521873569545,0.43872508017215833,0.1751571427925473,-0.05714968167396081,-0.427191738293032,-0.06175431159889351,0.42602673766378185,53.50146187690844,010I,Macrophage,78,M,IPF,1.0
0.027434983168334946,-0.516661585682397,0.262968773887084,0.19090016450775527,-0.3287462051331703,0.003830886416027155,-0.1798879570668861,0.02235589005006928,-0.12501286077703533,-0.11394182078799359,0.17207317894299687,-0.26828789620092763,0.14674862978818348,0.6378219485760468,0.17598387383139533,-0.07907323035643826,1.0345657890132816,0.5330923201553416,0.05478691339974349,0.40299364896900386,-0.15963174146917378,-0.896149858855983,-0.055113082584870215,55.76851169361562,021I,Macrophage,69,M,IPF,1.0
0.3219396053317333,0.5163717041854934,0.592567942222539,0.04079385539409248,-0.036206812248284,0.017520332751516456,-0.26886163737228214,0.1696752661237928,0.3545299231230518,0.17545773051442926,0.19506889865149876,0.20137597102598134,0.11545424862990988,0.39124186319738435,0.11989877117200058,0.38697327585054203,-0.09891141566092256,-0.012462112753892654,0.18734067173523605,0.11854360612421841,0.9668494483478289,0.329293412902483,0.6587661026692736,24.99331867083499,222C,Macrophage,65,M,Control,1.0
0.1423424089951875,-0.11460700086214347,0.23119503224509294,0.03218494184567223,-0.6513877962545422,0.04475981449866525,0.09467563998833185,0.2901889575185853,-0.2788439599344015,-0.33231399282611773,0.08300603015143086,-0.12666344804299426,0.35603543603185916,0.1795803823622686,0.17762318069165176,0.05756765782135083,0.046012196270333004,0.34829882090847386,0.09204396191370098,0.4517639410888694,0.3910095488003693,-0.6248326468956084,0.31008916432646155,44.68956389533928,022I,Macrophage,67,M,IPF,1.0
-0.18529207993471558,0.860947010949271,-0.5011877757802308,0.1059572249272841,-0.4849270732027275,-0.007374732616812211,0.06135899046285958,0.19922230920572168,-0.14320559969736343,-1.2805406022419046,0.05401822063346308,-0.3612136137362181,0.3391105878947187,-0.6452878685321456,0.0469675321565039,-0.2630892546632822,0.211023425066977,0.5851025216506248,-0.10694079496900595,0.4562205726952964,0.013530833623068644,-0.38560299672614406,0.6686333386685908,42.67137093416664,025I,Macrophage,65,M,IPF,1.0
-0.2700231672337652,0.18138526047757692,0.20889819541849544,0.1401756929908591,-0.21328533536710853,0.05967103864882375,0.4829169771535028,-0.35229323284849723,-0.3729162740140331,-0.6335633068866593,-0.06675093292674926,0.32140414356244795,-0.20976054282819567,0.22935289629665476,-0.03984652297907046,-0.011731004383302258,0.8076338950241153,-0.5551312999572234,-0.5954418826290295,0.004432796908712671,0.20414024004434786,-0.3717203093916839,-0.5392526718108188,-94.22204602091793,034C,Macrophage,49,M,Control,1.0
0.04436614954219483,-0.7005553556058602,1.1359305837462819,-0.01850799594303342,-1.2042831557964466,-0.07893385843039935,0.05595332777752735,0.28706273770043594,-0.06836388179629019,-0.13093397069850043,0.20992277783610505,-0.37059335304722074,0.10310459855924231,0.29135827053629665,-0.03068690591158968,0.23279403969176501,0.007757204505261707,-0.28206523543407214,0.795060669732937,-0.026509888696418807,0.9479747837289991,-0.47572830681661327,0.19572983773699829,-30.9030718552756,034I,Macrophage,54,M,IPF,1.0
-0.10211968690042904,-0.44978753725673387,0.08367310633356317,0.04015953029752194,-0.4813262855066004,0.005026277144202898,-0.0590306217067496,0.30653499771502923,-0.060437702302455244,-0.1547444298670737,0.29972813135266724,-0.3481654627500521,0.4111493721506534,0.05515363331907448,0.06140803504230398,0.0338590316877892,-0.5417175995161316,0.4741744758952394,-0.03909974567689361,-0.10122746566949684,0.6538181904551101,-0.9050799588761144,0.010800644879325978,-28.34259596360281,040I,Macrophage,70,M,IPF,1.0
-0.37186324025700174,-0.5163446207995328,0.32111795245948144,0.009343882729569219,-0.9540616328990752,-0.08927341155999782,-0.3375903929414821,0.27539764343053186,-0.02045612539785771,-0.6443890346496963,0.2899593023592176,-0.3001936258856493,-0.1556684187264817,-0.2649118384276426,-0.23348981227166016,-0.583565352456951,0.4739672272328986,0.12397154690112973,0.39710863216569725,0.17010558061322015,0.5083157526248535,-0.3898727982784967,0.6014748183111723,7.254447014111954,041I,Macrophage,59,M,IPF,1.0
-0.3236168266839465,-1.0659310226542522,0.7865902822200259,0.04031957522583427,-0.2666633437743767,-0.03828513747454861,0.07502536618723224,0.028725806728698226,0.6412596634305537,0.07198374020482574,0.49354113543663486,-0.011144325413727493,0.2513338625813716,0.43811516742261297,0.2681601744064187,-0.48768854374355713,0.8373886628518533,0.7305585370577226,0.13463489753949134,-0.22715671063118711,0.25038303006611917,-0.04738939106534582,0.29738829882626244,9.615217384103204,051I,Macrophage,62,M,IPF,1.0
0.049960471684512994,-0.15858697556370394,-1.1113291293037342,-0.10816816820977249,0.31218913104477297,0.21268539033658446,0.4630350510333027,0.19144624616964348,-0.7029169861798253,-0.6699197518455061,-0.40545900637306215,0.40229381200822584,-0.7215494785199311,0.10385797880725216,-0.2619075905499686,-1.1101358939598478,-0.3666897174349444,-0.5044328013357176,-0.5859621462000433,0.2872308609214283,-0.11383182427112588,-1.0528459935101553,-1.2075004160728098,64.17105497276432,052CO,Macrophage,62,F,COPD,0.0
-0.27474949694987866,0.1492699773681498,0.48363635894890017,0.0661386118424623,-0.3283939301031724,0.005820529194991756,0.032483192015868724,0.22478301875606388,0.43434659896685596,-0.22917400728204726,0.28344681774537284,-0.059674753299249164,0.7836653383546576,-0.2701952722767921,0.6175222418975218,0.11614041502641059,0.8580165353547257,-0.020636038950230084,0.2745299438185409,0.4835142259330672,-0.04289269326559112,-0.2601680262729932,0.4732685741086093,13.375336053335323,053I,Macrophage,60,M,IPF,1.0
0.8924248604184795,0.960258290387098,0.04770377719508506,-0.0775979624022419,0.4547018027787771,0.08131907218439097,0.1192038663063889,0.5062762037597895,0.41952441379092614,-0.4059666693347424,-0.15158537810065711,0.07272683198347595,0.10201463257191601,0.00023602560044526984,-0.11426514385669907,-0.3666069217996572,-0.27321708077559076,0.15193595052706085,-0.24772167367953596,0.4537635863385908,0.4621671939206728,0.37980277510930727,0.8660251074512273,112.16162493921826,056CO,Macrophage,57,F,COPD,0.0
-0.2768466347443332,-0.3805606056832292,-0.31809784401726426,0.06343725634000294,-0.6683921060288917,-0.09627257487894589,0.36444746973525194,0.4879710878643044,-0.33620780720994164,-0.5792676373824298,0.5275803182768019,-0.3624644905132496,-0.09593826697582175,-1.014851550935504,-0.24502026627537626,-0.16182130180030233,-0.9687845033931944,-0.40474589188156035,0.03470113349237587,0.4891728932253308,0.4251670211569383,-1.180484840497052,0.048737259929521076,44.00512574774182,063I,Macrophage,68,M,IPF,1.0
-0.44432562791371966,-0.5213240988967635,-0.07816284740013067,-0.11813472899295115,-0.11090105981856765,0.016839156052291127,0.43553763784379185,-0.04578417712105135,0.0008135285609755707,-0.48852083654883843,-0.1724747336023514,-0.13066751341988816,0.05521646366021158,0.5575990188148814,0.021252431290207697,-0.42452932633924434,-0.5671568107544247,-0.08529992741248366,-0.532340646691372,-0.08471145891440335,-0.2700229388635733,0.3712108167954625,-0.33433685604696495,17.465551399438528,065C,Macrophage,66,F,Control,0.0
-0.6273251105431668,-0.30816812719868636,-0.43709338165336736,-0.09529042584204102,0.5922186572186015,0.08167168916043482,-0.1702136857999548,0.2916592493598442,0.07433459448098281,0.041824314811583954,-0.09625301281620992,0.011734945966263441,-0.30984947910174954,-0.09366260931852388,-0.5976123530384616,-0.8896342126149097,-0.4979905094677239,0.761464200625062,-0.9195518295306002,0.1452962554551081,-0.7876312956193403,0.12772328974989156,-0.6784133028381371,-17.653637587898288,081C,Macrophage,20,M,Control,1.0
0.9523399075315194,1.0431971913584146,-0.6618426647367182,-0.19249036737600664,1.1319880922024224,-0.04005868607251606,-0.033153674576340726,0.39034913329702686,-0.7878820051219397,-0.4849018282178136,-0.12998131569479288,-0.0625733205922301,-0.03574174085353215,-0.6409882008583074,0.0993122395795514,-0.95106697047737,-0.38866900760888484,-0.09377058326093499,-0.6480495847128254,0.5835853260069706,-0.1479747114886302,0.8073103081417072,2.3067840370763704,99.40485939909236,084C,Macrophage,46,M,Control,1.0
-0.2351830477558413,-0.06363043277115138,-0.8968547745295383,-0.150103368738638,0.06004034204926509,-0.1057969065792518,-0.2719474806894958,-0.6486025216981764,-0.7985455814320441,-0.24519262618370555,-0.21200418384964734,-0.2103922784576102,0.11146013678676092,-0.39411500833243635,-0.3458672764975225,0.07130795256068523,0.1471565655778161,0.20279892420715231,0.428549733201938,-0.11330938734949111,-0.3327034574624554,-0.44603824408390214,0.5543865032610472,8.909963363095141,092C,Macrophage,29,M,Control,1.0
-0.10986545233612983,1.079035555947001,0.1284656711565081,-0.20834293342500945,-0.1990152020857372,-0.03452122691071541,-0.516399674417032,-0.016080996841902395,-0.3674658263280304,0.059190630398279986,0.07625438930536181,-0.1384128128515172,0.08017628697936763,0.21978082080737896,-0.01922635368343929,0.2290933739425122,-0.7071043968692534,-0.15778473296663736,0.0729822254993057,-0.04293630000474129,-0.035467489405388304,-0.3358676358646706,-0.2047018074214171,8.962861963137952,098C,Macrophage,41,F,Control,0.0
-0.24021389724979078,0.08208163084202294,0.515198702892091,-0.07679021633639771,-1.213937285519636,-0.025347097851295332,-0.16652794095961113,0.014839297897127318,0.64634059575516,-0.2866050947637723,0.24242955450179532,-0.44237956665590417,-0.15719781519600032,-0.17821019256269408,0.04403364498437594,0.16189832140673466,0.2492895640965178,0.18701514775133812,0.5476633526277885,-0.07567513649233565,0.8283233085541168,-0.1276011029646105,-0.31821874254501126,35.879611082144265,123I,Macrophage,74,M,IPF,1.0
0.3361917473080984,0.25773768348708326,0.4723813849581615,-0.07419290593174674,-0.32527923194481906,-0.05708217850366282,0.003958362849158279,0.3096088918013972,0.5251090069503396,0.44789041370035276,0.0863942700062059,-0.5448320170295375,0.15621431394937513,0.17600159603224003,-0.028762901074220505,0.18534256516377348,-0.24311449668545715,0.46309344033155947,0.34331028937617286,0.0595971314712855,-0.016588253706434176,-0.2963468983844533,0.5769828163413485,-2.370645926955681,133C,Macrophage,32,F,Control,0.0
-0.22541360169300212,-0.0850859279156654,0.631721205939864,0.16955236466646953,-0.46177936212732107,-0.05515323063017781,-0.09395007512219289,0.026110038341685946,0.33640452094592393,-0.1504999068823362,0.38553673734900396,-0.6775688692528502,0.10390694342042386,0.055559026285828296,0.19172295886015905,0.12285409036259118,0.17239774442928946,0.816085231351791,0.17036926426252538,-0.0789167442901062,0.12985703500533471,-0.15794221215207405,-0.2990367097134793,13.850949407636847,135I,Macrophage,59,M,IPF,1.0
-0.8462346493861918,0.19706833657297582,-0.24084601533716835,0.13214249275197124,-0.6019810661799997,-0.022297795618992484,-0.08524458064686215,-0.2441487811153697,0.4239022985651518,0.06190324590052408,0.014068768295966587,-0.28644488119245937,-0.03515721207919253,0.13229716843910547,0.15290080010627907,0.05711125341245808,0.6668605207866445,0.07261130916094719,0.07057516245991693,-0.03179530584160795,-0.3715439624443691,-0.3338821042147605,0.036451201725853345,-17.540279478602468,1372C,Macrophage,21,F,Control,0.0
0.08434618293405978,0.10624933148760117,0.07847101052002894,0.1229823117076698,0.46037131023282984,0.03248234116495923,0.07945533331022413,-0.23479388661283185,0.26419977892133895,-0.13536967854994877,-0.40223282311410563,0.09446807451534278,-0.4482228637416637,0.17225321095157936,0.1816234102037832,-0.6519359550407042,-1.2311039929963097,-0.35315241199183994,0.057434739470172344,-0.09825212900842453,-0.931336929084498,0.1879287299028494,-0.956058390691436,-21.603482224850474,137C,Macrophage,54,M,Control,1.0
-0.2433002093393091,-0.27024109638294147,0.5723571994556684,0.27773294306018365,-0.6777100755190921,-0.012295473956592416,-0.377662237326615,0.16501871441230131,0.48929680627436334,-0.17466354830284797,0.5100599643740853,-0.6082562849704795,0.14301138348014342,-0.2159512486093194,0.43725744690029716,-0.25042892775032205,0.09815689620912263,0.3668461494885971,0.32828593421117264,0.34719222931628807,0.2905728784935177,-0.6064037476907391,-0.4912349867462562,23.340737808119123,138I,Macrophage,56,M,IPF,1.0
0.04360344459441822,0.43154094637326446,0.2904425590215439,0.1479941900963383,-0.4380432913814307,-0.01075554881825997,-0.3218172594918874,0.21888929405747076,-0.4253524944074317,-0.4788178007235207,-0.013244329235265192,-0.4517641044644192,0.15849220579186646,0.0007544978954982023,-0.016027829241937325,0.03513343461114274,0.08286187353624413,0.5292401410197535,0.19376087073540615,0.3009508016074961,0.1806755722890062,-0.26281137014045247,-0.19255245079392655,12.126958108941322,145I,Macrophage,67,M,IPF,1.0
0.3240869024803538,0.3778844169383689,0.27252865656873687,0.11505636653237176,-0.04451358914230029,-0.022939903534110937,-0.40302454914252955,0.5333174858974555,-0.17755089755716996,-0.4767281479773841,0.19764843352947012,-0.09189606537380321,-0.04032756636031495,-0.12626356703543543,0.017685767718789155,-0.11789004533447342,1.3144203216709895,-0.05475129731321206,0.031285842802639435,0.3531578784202417,0.5774146844090733,0.4384652603399729,-0.34820153514618213,19.489419073611955,152CO,Macrophage,57,M,COPD,1.0
0.03086158079811118,0.012101584162934607,0.03312414857288476,0.1510428401546074,0.6800955454567382,0.04559069496140275,-0.7664804929172693,0.18193365337879752,-0.2025474968126176,-0.6933312470759128,0.26111006674455245,0.22524598903717893,-0.3325850884896025,-0.35585240849310584,0.14481086499274537,-0.6294345629485815,1.064240726921046,0.334347982579806,-0.4391420583510991,0.36712706243186893,0.3293769888452987,-0.46415031243363264,-1.0837183420083012,10.806591325467041,153CO,Macrophage,62,M,COPD,1.0
-0.348693077144677,-0.011022618830328079,0.29666087484192116,0.03427469478954185,-0.5670798339302513,-0.09698707453665173,-0.0918230338549371,0.04830199308927931,0.3316361446734809,-0.19558153075715615,0.46180991719973236,-0.4771816447626499,0.09357781062348636,-0.17419324478824752,-0.17518051164946954,-0.14150360424881095,0.7473172718818705,0.7315978014168275,0.49279514422825754,0.33723444756264975,-0.24900068005652357,0.1522125792035239,0.5090086533318081,28.19070172380649,157I,Macrophage,66,F,IPF,0.0
-0.19689885853643904,0.22906711161949236,-0.046987836103706576,-0.07080039961331924,-0.255741210380616,-0.06704766157483734,0.16625062293876514,0.18916406343509773,-0.24512591113756038,-0.20526628905474742,0.2595330046379642,-0.2663545141632172,0.32800809658679503,-0.3208210893193438,-0.2591419340661506,-0.10184642835920125,-0.16276525384206397,0.24486770848250666,0.17068746353009218,0.24585848921518302,0.2215063415890837,-0.18331966852020046,0.483965283639017,64.74161727599228,158I,Macrophage,68,M,IPF,1.0
0.16144254440856592,-0.062176591244605034,0.41172002245891687,0.07246525675485263,0.12030321189904908,0.0015565689563958101,-0.1255150079961298,-0.015076128624961431,-0.33040805163482806,-0.10802625640680774,0.009127717595774795,0.10071036849289948,0.5351549349881283,-0.06896754354375433,0.20675320515653192,0.417996046129924,0.05312362337165974,-0.07426365332976226,-0.01757539457074117,-0.0017516826228050056,0.20389170392618852,-0.6595009768040364,0.5495820695542699,64.06817264530069,160C,Macrophage,64,M,Control,1.0
-0.18468263264597584,-0.11062600931029824,0.8256813471290612,0.045544696828752555,-0.41563100035343425,-0.08080429804946775,-0.12746738686996664,-0.12234659086320182,0.210868252358431,0.1372075249008359,0.8184317408797628,-0.14016238435789838,0.4291549452796468,0.33472689135905287,0.213517888048798,0.25441756922458025,1.1034797114492079,0.34771809538258586,0.1080847120138639,0.21728074799379368,0.3497426707766819,-0.10404186526161034,-0.04712873052016621,23.033921338180903,166I,Macrophage,63,M,IPF,1.0
-0.1835784290314753,-0.271470885142537,-0.07927088104393659,0.027280602532176425,-0.38601452609843945,-0.053814669831960704,0.24384197449751988,0.1393284863930999,-0.03360519137399667,-0.3642101738869853,0.29377831954762357,-0.26168087302889703,0.38499270468358376,-0.49481940476488956,-0.007419224531871289,0.01227572582524358,0.30274927187030004,0.19580273950461508,0.37151395385043967,0.5810503661174237,0.32520143500386883,-0.335039223614973,0.13560639040195638,-14.113912761355252,174I,Macrophage,67,F,IPF,0.0
-0.19659461008225487,0.6227056074863689,-0.3372058687327667,0.027406101754069472,-0.5015190150370672,0.011653164081746884,-0.1662074659245448,0.13582221563025265,-0.077045137678936,-0.4826626289731675,0.10865578034756833,-0.4666962048266854,0.25279587603292286,-0.6036672148154016,-0.05786093450393376,0.04967726472761852,0.6658878071161781,0.38691173502697274,0.3170081651423795,0.3837717636787249,-0.08158081382053045,-0.24495094569764966,-0.020279199422326033,17.389202889157616,177I,Macrophage,69,M,IPF,1.0
0.34346647843837214,0.6422848706922667,-0.48192302258319125,-0.05482710982478984,-0.3102614002321935,-0.12915242063717267,0.08427229677860612,0.26621043362574126,-0.6589808469466002,-1.7423501635973282,-0.3241830424726728,-0.25978545660491115,-0.1366035989776696,-0.5319078684667067,-0.36985390875376484,-0.4509010768131007,-0.047819798014151045,-0.17687284044829063,-0.26412824382471156,0.42908012039217946,-0.19088758180163515,0.038723057091650984,0.1530934227385592,-7.0322145144541715,178CO,Macrophage,58,F,COPD,0.0
-0.21568941126959393,0.031814848265077196,0.3089651896939513,0.005588414216202265,-0.493432204500065,-0.011878930611844873,0.04720350907596937,0.2727666752365424,-0.34144119818446267,-0.20569244807871576,0.24406122118507131,-0.4045980202394789,0.3564644663350852,0.039529053678061386,0.063924005268175,0.3872262426889769,0.333162930724305,0.48293630318406966,0.20746656244068787,0.5115112839132352,0.30858132386163567,-0.24183678303649597,0.5997602793312697,-6.834199730637216,179I,Macrophage,70,M,IPF,1.0
0.050765293962024796,0.4770653003073236,0.5913451633758934,0.18484565454154453,-0.17325866705454215,0.029513986428010022,0.01837246046921109,0.29891851790215684,0.39467310068606065,-0.3594973376377905,0.08607698274163904,-0.008083001008756321,0.19345846046055587,0.6671608703398814,0.03639137224531416,-0.25928518612984947,0.8512695403788092,0.11845573929090662,0.3011862797000393,0.49672244850385155,0.5617663159088401,0.9129898059372469,0.5481388281864428,42.95874939974903,184CO,Macrophage,55,F,COPD,0.0
0.4466415816091543,1.0745856980290405,0.07920587222041366,0.024644262551924177,0.5150964440581516,0.028142881924536498,-0.37298673739948496,0.4138316685729427,-0.4902387296991503,-0.5847837910613932,0.14890111448304338,0.23208053093913997,0.10431926559802807,-0.4198415771555147,-0.10083302388622388,-0.10091855915313068,-0.0014381565270207607,-0.15891317363976534,-0.17138377809420732,0.5024998833801768,0.9147345019926614,-0.5724429762887813,0.5799199424996874,51.72101961876632,186CO,Macrophage,66,M,COPD,1.0
-0.12690021537889803,0.03212738860158596,-0.007946759742312758,0.27158139648157653,-0.7098053750549735,-0.05325787105934507,-0.17702698591883628,-0.054316737883096454,0.4615806930623578,0.06105716883382295,0.44104930418288407,0.008925295389907415,-0.41708762244884284,0.23545077069831025,-0.1930265805706646,-0.18227506166777627,-0.0029474718828943385,-0.23180622423149136,-0.25825922421545777,-0.46082734390546254,0.26773027021877727,-0.2049321978847612,-0.328098089369319,-24.85274844807755,192C,Macrophage,62,F,Control,0.0
-0.19857713609510338,0.912392814316229,0.5602260667985651,0.01625988234869796,-0.15756734468057776,0.02957003643659696,-0.008231801154755972,0.4388750447500748,-0.11064786521253425,-0.05218504026520217,0.0708487716703684,0.10928671102514691,0.23623685413362044,-0.4796155087205794,-0.03782366981293406,0.006980038727983903,0.41194536740065085,0.3389817813260122,0.3480793009548439,0.18925465591041044,0.460102016427835,-0.21963127613459968,0.5258576702160317,99.05294551326864,192CO,Macrophage,66,M,COPD,1.0
-0.7984203149774817,0.9034112450338412,-0.04906803723556266,-0.0021513227328493157,0.5308214944129784,-0.021796837018923897,0.2410538857016504,0.03773895675594257,0.05858346578880715,-0.44625784699717114,-0.5640475768543829,0.5102915508572838,-0.4708435418338629,0.2044368114960541,-0.3759264478353905,-0.5350287909004668,0.7590057228039746,-0.2745867048283346,-0.10117710901265209,0.3117176728536697,-0.13667741936369945,-0.6300547534465156,0.8473207641573427,-19.379047669526088,193CO,Macrophage,63,M,COPD,1.0
0.0969186225111155,0.6718500326122804,0.9488467146246066,0.3413497220620474,0.16371660461171636,-0.003303741375236923,0.19313151980205007,0.5057260154603801,0.5169585209368719,0.34623822819271366,0.5634644996510277,0.3567032956343397,0.9742181683908049,0.09419491677876873,0.5520580436824993,0.4659049871575265,1.4246732271795008,0.2913684149044962,0.5981509101572289,0.9571663870526242,0.07667366502309586,0.3603403170041775,0.3557247237844326,115.56872823689874,194CO,Macrophage,59,M,COPD,1.0
0.8104041445907383,-0.15627102813685156,0.5914234560979263,0.3404171886359985,0.05572825504173641,0.04814917589794751,-0.5256111172867295,0.2430184101349105,0.3088138926529719,-0.6293013302738851,-0.03447487605998639,0.1383778104025773,-0.41863178005899326,-0.7370098870541091,0.055328251819494814,-0.18797687187552387,0.349625446298026,0.6885517526262909,-0.07720616716956241,0.33715902028284234,0.6746532965646418,-0.17098998125101406,-0.014713281388845145,41.67216060580027,207CO,Macrophage,60,F,COPD,0.0
-0.7093857363201961,0.514071282092959,0.39285756345252915,-0.010119809821786892,-0.05423019152625523,0.010334329035800654,0.16962123725727007,-0.15053159630312174,0.23582196563986876,-0.48122028508861964,0.19754155511954333,-0.6884472768580575,0.13965919352544084,0.6093041789388093,0.0574806270085324,-0.1700072077914547,-0.3725393721435904,0.6105664653617396,-0.17373922014501358,0.015155114574111221,0.901942405257252,0.23915558790982203,0.1749818578928056,35.37142021626305,208C,Macrophage,23,M,Control,1.0
-0.7158938038371429,-0.30791896961091497,0.23182673829989753,-0.025544168396431862,-0.8436787185655776,-0.11351229093985123,-0.07050453271384813,0.14364086373637328,0.008462679344597756,-0.45802374186573985,0.25679549627261783,-0.5179308479618283,0.09266900276464815,-0.3689239432869114,-0.285287282942776,-0.41279975822239806,-0.6440917865030193,0.049289511358230134,0.29778300678255,-0.0972687256845695,0.1810526683470449,-0.3420749626177896,0.2325107468136912,-3.429104927934733,209I,Macrophage,65,F,IPF,0.0
-0.20655686487639724,0.37828757966628607,0.1606683256779944,0.24631131962554434,-1.058302525489624,-0.07848656934464376,-0.2001330044857036,0.11479451736246327,0.6695609216108218,-0.4304657135912695,0.27378021086104054,-0.300531617288641,-0.24306493138027918,0.34665995091093177,-0.027032620808723953,-0.32440132010034284,-0.20325098442406553,0.3108690346007944,0.1434930159652972,0.3570602102147941,0.9212501264371666,-0.011682104061114928,0.29098397952398375,27.9784668293685,210I,Macrophage,68,M,IPF,1.0
-0.5524243592068234,-0.21014627538436184,0.6251173258530162,0.24115375077621218,-0.7360286207546121,-0.020769748620001215,-0.19805230572518334,0.09699003081513857,0.23473373769958472,-0.12235407569027397,0.6438289339114224,-0.37030487199337164,0.11513394242121688,-0.1532522650030193,-0.12451224753915054,0.6753983610123562,0.2205195962731784,0.7168274638709561,0.613463793665425,-0.0014755758145869663,0.024098194517532857,-0.16846272853897484,0.5230048420417126,-15.643157593982753,212I,Macrophage,71,M,IPF,1.0
-0.36075841149246773,-0.333826970627417,-0.3595031752563306,0.301990148419534,-0.5567229573966742,0.0026378530233997005,-0.06531346185935645,-0.19599304611859442,0.21672253229288194,-0.445402386062756,0.5370677638564428,-0.6306221868780597,-0.5654393255322724,0.4149332741672556,-0.35050748988731595,-0.5410902190357948,0.4784115189788777,-0.21106809631350948,-0.6006415935755263,0.14930717715432595,0.8990994763713156,-0.10472215326855251,-0.33316756714284435,16.91475380058384,214I,Macrophage,69,M,IPF,1.0
0.11915950072688246,-0.6812163434474459,-0.6912384950008891,0.007072826447900309,0.22683450305928868,-0.08619343855903033,0.2153083570460484,0.4192707456041255,-1.7013532686417703,-0.37977936630445513,-0.35415151220931324,-0.5269675457674753,-0.572826866889616,-0.9011086165804031,-0.4095093333162857,-0.22047434902972599,-0.8166886434857993,-0.19566599958312694,-0.40462949955619776,0.012490776156977652,0.2160435434900385,1.2166358687507466,-1.6119355288357444,-3.988656740426776,217CO,Macrophage,70,F,COPD,0.0
0.030510457744445538,0.0886243884544223,0.4669232594519961,0.21977576863684936,-0.34177889636336023,-0.1252405421286786,-0.07897745091802913,-0.4349882313224543,0.32868053463207336,0.5746073548143634,0.3796609345612671,-0.06377941668369684,0.04880262849015524,1.202338029061309,-0.10985481701218765,0.03717533050459958,-0.21739500232315281,-0.49406270490654386,0.4318691651531841,-0.3031967892467124,-0.23511034426509828,-0.6357722761958342,-0.5457039711120149,-46.705688141667316,218C,Macrophage,29,M,Control,1.0
-0.03879437202756297,0.03818781141009429,-0.022100371332130383,0.07349155631414117,-0.49462008988166517,-0.06075765332795896,0.20799613877624668,0.10186901638427803,0.2751273458813295,-0.37698169209198795,0.4331353730196171,-0.31149012134981735,0.5073271911029161,-0.4041418471048842,-0.3088169042173928,0.10290569748934122,0.6192132821024336,0.2985647168674085,0.2594326337727386,0.3482793496162622,-0.1209402294966105,0.41583634090821486,0.7914933690315521,-8.03565280398563,221I,Macrophage,67,F,IPF,0.0
-0.1329737728989359,0.11668099415234125,0.4357031695767762,0.08847088559361764,-0.41791359527559524,-0.08175387985016408,0.22991567039377708,0.09624424182986863,0.3755896113163599,-0.18482232022670825,0.41738801069186426,-0.1726333562113925,0.37199946576138215,-0.281093151079641,-0.2489907394515018,0.11704221696696435,1.0580917407318098,0.22198986116068986,0.5117685933637977,0.44768251217023486,0.6424026149524507,0.3180608338815949,0.8441131134872623,16.877760112834213,222I,Macrophage,59,M,IPF,1.0
-0.3529981552706897,-0.321365450057459,0.7796526177035312,0.12850128048693962,-0.40556417141913204,-0.0038789948882883406,0.19571305529528052,0.03568287571576615,0.015759756077211036,-0.2475973757215093,0.3091509934008291,-0.1297073493535867,0.4892493459623273,0.07726840184822667,0.04557321088204054,0.36525124245519813,0.19348748180075204,0.4956876438930896,0.22871195642386938,0.39069782068974523,0.5619560790569791,-0.6209004373015115,0.6084244238665509,-2.80702948951405,225I,Macrophage,70,F,IPF,0.0
-0.06907349168070995,0.3593551993445546,1.4022501506878322,0.11788903636606841,-0.3537507052068193,-0.0020200721405020643,-0.273157154598256,-0.17113300665665565,1.2823351521811341,0.6076806686440559,0.4940101067847334,0.3116669897020577,0.15369151131921288,0.3371895847440188,0.3085024077213901,0.5349156291338248,0.8965405063914978,-0.11150698346129903,0.7305802879699741,-0.15629367125211244,1.2054977387377899,0.24409386569953315,-0.010442551371324195,-36.14527984926092,226C,Macrophage,32,M,Control,1.0
-0.46329626662833306,-0.04603249318232904,0.7329740693912067,0.17623502460904855,-0.3872216430614594,-0.056675678499675246,-0.0518650405636241,0.1687740429178495,0.5300095239413641,-0.2680833807209612,0.30868650942775794,0.43917736599357815,0.7553559367252439,0.08180891349051161,0.17095636437844755,0.21354711387441644,-0.5948976611521649,0.10856888980712923,0.5839155326973073,0.14130822132651374,-0.28082789120247664,-0.9068410416336324,-0.5838475605507799,30.632655721288994,228I,Macrophage,56,M,IPF,1.0
0.21603001998767674,-0.49642378356590555,-0.7296319644005811,0.13571535385483185,-0.5373348662912292,-0.001004465049467565,0.26194426740509763,-0.09248597709908676,-0.656728271599566,0.09160091100907057,-0.07823942375073181,0.14030872532943497,-0.059845850596736604,-0.5185708364821111,-0.2746039393663532,-0.5233650092672423,-0.4886982257801735,-0.08892716197472082,-0.420970500676367,0.2525837854582179,0.1601519512249798,-0.621344062437576,-0.08649199555286516,-15.891267632138318,235CO,Macrophage,61,F,COPD,0.0
0.6360291399475121,0.27307814528535823,0.24789453116012802,0.3928518143974451,-0.1722791572784675,0.1947327520836971,-0.27138401846277604,0.23597356481138765,0.880283775088303,-0.984331841964447,-0.27357103736900673,-0.21723382206613215,0.17750742383753693,0.6943694257548978,0.058754636150440895,-0.607591808098967,0.20184983723532002,0.24516883685449797,-0.24863529494201136,0.2998659073821234,0.7188145792254966,0.9042774203627858,0.7271791672439122,96.05673716306826,237CO,Macrophage,57,F,COPD,0.0
0.6618191322817293,0.9270136582266312,0.8626498956642383,0.3567209337962977,0.04072666218213586,0.010759334382665318,-0.2802381096601418,0.8283474237896281,-0.18078966139235392,0.10294200948310432,0.38580273003891524,0.5750278124458025,0.263855216273586,0.4505838952059171,0.4317870295290306,-0.3505340211211862,0.3787353772699776,0.27770092202506697,0.24418099070407223,0.5766775444229398,1.2036739847873934,0.5285518049846496,0.6956797818137598,67.5473754627713,238CO,Macrophage,66,M,COPD,1.0
0.4827751435292527,-0.10705777760734804,0.528305775997735,-0.04132172905484408,0.3758113912327088,0.019992629437791256,0.16930543456360775,0.23398204815214715,0.037987570609159756,-0.35763779627992853,-0.020413418396680656,0.45701491282406836,0.11016614203038433,-0.47922371237800593,0.4990505810555486,0.18693720099728556,0.04245504000288492,0.299051224685087,0.2803425638754166,0.7411305150746876,-0.025410652740144406,0.5669924297250294,-0.42331962721674926,-8.305048441787301,23CO,Macrophage,66,M,COPD,1.0
-0.19301416838782473,-0.34987649865956155,-0.6720172173427027,0.04466764741141675,0.7722806388952712,-0.003560625328707351,-0.2617271554843727,0.0973273314801899,-0.35924111805392644,0.27802515850331644,-0.39400448467816723,-0.12304191036577762,0.09858088430990403,-0.3912590086031762,-0.06151486604659888,0.05649430577780287,-0.54833695775493,-0.16045153981699273,-0.19674604564777506,-0.0805027596931646,-0.29050543467392687,-0.10297463864019979,0.1396271531504301,9.602677954076754,253C,Macrophage,66,F,Control,0.0
0.13054689135414566,0.1497844486985703,0.06441810434477219,-0.07595215245086899,0.4240586831841039,0.03912359810541916,-0.6123444992088779,0.36894689431866895,0.4952387970640595,-0.3870659745956364,-0.26863585925073963,-0.16535866553881354,0.09761219765933446,0.5407716114097981,0.13778450366070272,-0.4362777128634046,0.05511043626018326,-0.0649126389332772,-0.390529946740296,-0.20623235048370478,0.6401192887498157,0.6995976583483146,0.8426869027480768,77.06854366813062,296C,Macrophage,80,F,Control,0.0
-0.19901882752903602,-0.13251407500811874,0.4457031992300424,0.09451903102938419,-0.6294837896975807,0.0009414883847287661,0.2012076298410127,0.21360507433901865,0.16545414400808922,-0.13904706010257192,0.37427938316263093,-0.11367995880607464,0.23689652572760722,0.012934548006515854,0.11174887183554034,-0.13318524514860003,0.059899691434813405,0.48810089616673324,0.2402523588058457,0.5508082617405973,0.6215463909657332,-0.2706175505388873,-0.38311101687456756,17.66829301431915,29I,Macrophage,61,M,IPF,1.0
0.022406475888516082,-0.31171636518816725,0.17121645119343495,0.16516987833060223,0.2461540603760734,0.02696236252868576,-0.18518232071295493,-0.7377681051120415,0.06722282782040967,0.14639404907488124,0.2525728317267307,0.3285302879156528,-0.27154134393584667,0.13768486769042118,-0.05452695825892438,0.17259536827027902,-0.20327292439913314,-0.694097414100735,-0.07777310922108266,-0.04842307842181213,0.2340406976619794,-0.15170205647953308,-0.38519620398248205,48.00216433503033,388C,Macrophage,61,M,Control,1.0
-1.4931616713954772,-0.4224262648377873,-1.2879413216398117,-0.1298172339261083,0.9843600580729543,-0.13566031174801974,0.20158917418166156,0.07900689947198405,-0.9228703436869092,-0.18058636561003089,-0.5884451193335518,0.3332043484034726,-0.0069273202654825325,-1.2946676788281066,-0.497496921437984,-0.6484149899841503,-0.01243474708428451,-0.9851953977129986,-0.8735991028302454,-0.20579797626520516,-0.3069388573799771,-0.48996328324080407,-0.8483650118893169,71.1886843259712,396C,Macrophage,37,F,Control,0.0
-0.08512689396829139,0.644894210459566,-0.10736201277304938,0.1153046626834112,0.06644851871203955,-0.018768400262284733,-0.24830713985705744,-0.3310853943164612,0.20922431477902262,-0.5106792364326039,-0.20111755475744214,0.5284576442546192,-0.4268028633671209,0.1084289566028687,-0.14923774969233877,-0.09749375245583337,-0.11412996077818206,-0.40056541307662974,-0.3927184678277993,-0.21197101671658639,0.06004443000979871,-0.05245944619445658,-0.00369359486720839,22.635747717901506,439C,Macrophage,66,F,Control,0.0
0.3983031557968559,0.5539136346438772,-0.24651453109560703,-0.01975548822589365,0.1409840371645569,0.11368564135787179,0.6198662430593807,0.29227880546544255,0.24393843091223433,0.5980671510334961,-0.4826275283095774,0.1218220894984144,0.09214984626880543,0.14387016049680315,-0.5371484595279462,-0.29729512285247667,-0.10906988112663171,-0.6582082264900095,-0.4500262252421705,0.3144762771058413,0.7979308777367073,0.27771066150500645,-0.382475901773717,10.38514624023831,454C,Macrophage,48,F,Control,0.0
0.5862273771026223,-0.29736081855918506,-0.4235244697246149,-0.22872156016410553,0.6950033510271383,0.034353633495722284,0.21324499102925898,0.5635671935048915,-0.4307738807163533,-0.26230759733903086,-0.16741805795480091,0.2933455947670708,-0.1581745047818826,-0.7302152931882764,0.20783152052216863,-0.37779437160514495,0.1967709198818834,0.26548546936921036,-0.28067504721129183,0.27441968596030186,-0.5693554840284476,0.1649752744311954,0.033009286427369076,-48.729045822435076,465C,Macrophage,56,M,Control,1.0
-0.18930441592104508,-0.0705315083994562,0.026694331363520785,-0.12178257777727244,-0.5844919865003224,-0.012437687808902205,0.1977012863533528,-0.29217920190031355,-0.031976707389433034,-0.6311640296662907,0.18289132586507195,-0.27277510243555897,0.05796869808338028,-0.4616794982461577,0.19422674179206562,-0.2302142827693931,0.28927705745091087,0.2597764637314559,-0.3637821555618773,0.3990433025652975,-0.2557039024313838,-0.26273751307410353,0.23386902614171207,49.03701666300012,47I,Macrophage,64,M,IPF,1.0
-0.5956264940296238,0.9906379751349252,-0.11684462123681433,0.06225231256850209,0.3867338483757452,-0.027125921151893738,-0.4353411304487659,0.18214862619847438,0.26883446441148234,0.32371312300648125,0.2785653465561295,0.2744322573611767,0.8816228588843266,0.24750789983336216,0.09502218823933589,-0.024271038333377275,0.5670589920911973,-0.08203537077585028,0.0643542990247965,0.36209240427901995,0.12269047120648134,-0.15092814320772124,0.5494187946194858,62.21709452041841,483C,Macrophage,35,M,Control,1.0
0.8811099787199488,-0.016555937259309563,-0.30253911728930843,0.13291912350638443,0.3029849824572506,-0.0023358539197923574,-0.16647446138574842,0.0979944983048242,0.691687848257442,0.6339444434429689,0.16829265474789415,0.42728201451203124,-0.17631190495094087,0.01779561662301895,-0.04220552158138044,-0.08009042233262782,-0.3518901348020121,0.7488802776802168,0.0496104425556314,0.11013146609862748,0.013127218465677118,0.18858399260927342,-0.3698127590641043,-7.020721480904373,484C,Macrophage,31,M,Control,1.0
0.11606709699855035,0.06405341911285145,0.07179727322536697,0.09922253141637909,-0.2230966517047207,0.047464190300104944,0.025200987503868923,-0.1914073885986398,0.37557812084425907,-0.00833084767835229,0.14470267276140308,-0.2597188645853387,0.1859117516231006,0.44314002933269225,0.4536431277299046,0.06248281217795734,1.0464075913547295,0.15858531834262068,-0.13607989450428215,0.12106264444464632,0.007780984414924968,-0.3057863560656416,-0.25738695773913217,28.22832110435379,49I,Macrophage,66,M,IPF,1.0
-0.271799203161919,-0.3076087269026319,0.35937551123977207,-0.15568454402669116,-0.48923679403452924,-0.02858213150736704,-0.4171838559872509,-0.08325923603421698,0.17300827366825822,-0.43578286943343025,0.2903060169927188,-0.37185176519275137,0.08382428915800694,-0.6202806785614609,-0.04374890629797892,-0.30137426188099947,0.2592862852180067,-0.09781131742181232,0.05638563627770225,0.4027048591155831,0.4413272098741244,-0.30188287738947006,0.198248226346257,-12.648866768631606,59I,Macrophage,66,F,IPF,0.0
1.0427866860843558,-1.4035313488854617,-0.8286811628333842,-0.07426870224403334,-0.20289715207016742,0.0332015791181608,-0.6136260089776723,0.15322815467521697,-2.0232700853487104,0.3769068854388435,-0.7381784245661063,0.22459618594879902,-0.8488873840018978,-0.8934108722244857,-1.0630115006874956,-0.858139770188997,0.03970034486856192,-0.545152112761041,-0.7066139367674167,0.13068209464661829,-0.7660813113542784,-0.47614088950232936,-2.2797137155354688,-24.75197262368548,8CO,Macrophage,65,M,COPD,1.0
0.07077549414810066,1.1513574435155398,0.35142224927381527,0.003436163985527406,0.3829295311350833,0.026009393267126014,0.25674643611768866,0.1383715362229335,1.0550829624715414,0.06251249954809772,-0.24547417894357024,-0.2549017353844473,0.20977863128497004,-0.13626706120181684,0.5241406166875939,0.25710111850539447,0.18659872308171424,-0.38971459905747996,0.04772592877759966,-0.03022938787261907,-0.0673646176727822,0.10704287615084086,1.0807298284119737,38.39039415720682,001C,Macrophage_Alveolar,22,M,Control,1.0
-0.9972332222839887,0.10594004834553783,-0.9068242152490763,0.15840349493387462,-0.6327823097101303,-0.06920800209061648,0.5041207658896742,-0.10360039909547325,-1.098836762067568,-0.15317634204402253,-0.021036013256277863,0.035301366511143475,-0.21611957351759659,-0.4840503490897146,-0.3929718937580393,-0.5166897067189115,-0.7480678637907592,-0.07735540461220484,-0.4980327124929455,-0.08485948345698709,-1.3160446706076256,1.0125410843797051,-0.1491780804194269,-41.9422203733976,002C,Macrophage_Alveolar,25,F,Control,0.0
0.43153724414860756,0.1514946433977772,0.381662314470435,-0.26286949457026776,-0.16682407129240723,-0.06881280910916844,-0.08716895403997185,0.3364826653008499,0.25609239704522796,0.24863663379099607,0.06968675827560732,-0.06836161488946373,0.4747106181242026,-0.6159432197950563,0.21748487493681493,0.24301236097005705,-0.13554899193200795,-0.30889481954678066,0.3374847770431374,0.04990575210442973,0.19532932220756766,0.6158230411804593,0.5324678795685265,38.17592430710253,003C,Macrophage_Alveolar,67,F,Control,0.0
0.17345712159410087,0.1515002270666127,-0.4803817369356121,-0.02558678521304819,-0.46539491016266343,-0.02093193016850407,0.35899281726747184,0.13369660184971222,-0.008157417397192857,0.25110997860403167,0.10935497316855532,-0.29499523526968624,0.21335866818217397,-0.5990028989324415,0.41538683901242274,0.16782042039620595,-0.19946886903224556,0.109127727498172,0.3147809746816916,-0.12319581722298859,-0.8577282499680923,0.08151061328092422,0.4120404136509581,57.83646483017822,010I,Macrophage_Alveolar,78,M,IPF,1.0
0.22074244255593034,-0.8768975279883988,-0.18860544066227453,0.09893724351232061,-0.5547299939388327,-0.045078890552739365,-0.12466617061545754,-0.13806840609023663,-0.20828881935620697,-0.04352843388154394,0.1123334900005221,-0.0975116688148646,0.010999816842617118,-0.4924411033303405,-0.038306785345368036,-0.06286296535768801,0.28175940746565714,-0.5516052718161457,0.2376721746139796,0.20344846151612203,-0.993765889969925,-1.2882537250426431,-0.3228872394605955,-11.555236090570688,021I,Macrophage_Alveolar,69,M,IPF,1.0
0.5175492339028491,0.5172419676275122,1.2533593995386882,0.054928816199592036,0.16085220710636652,0.06084283063756666,-0.1679132796182483,0.2915833328345419,0.7047933429167013,0.5890149758226954,0.5446800847680996,0.2775276976188395,0.22499687251739633,0.3075640260426742,0.585631284041439,0.5266724670043684,0.5502029758479114,0.05717435597071288,0.46151919585353973,0.2170566040637131,1.4885599824481153,0.571619618168852,0.5425396483369647,50.04502125835837,222C,Macrophage_Alveolar,65,M,Control,1.0
0.2732200313931166,-0.4149745223093879,-0.07211426785880691,0.11512301895970556,-0.5229585461754823,0.017398830831386297,0.03805698863177693,0.11792344834158011,-0.2468060828194505,-0.045941427387353025,0.006484718528754128,-0.39482651804810465,0.30127369513025704,0.07074136527035998,0.40743091641105444,0.297672259124572,-0.8454495501352007,-0.049448322908679856,0.2942453301844355,0.16462716450844406,0.38248095159720075,-0.8339887727599337,0.14090100482200388,-1.8669272256011713,022I,Macrophage_Alveolar,67,M,IPF,1.0
-0.1778041444299703,0.1786140889005654,-0.7055103621826188,0.1859350687323846,-0.18503532108984927,0.04439980862909891,0.15796292859909597,0.10019060565152005,-0.08074943066146748,-0.6783756405458642,0.044081759832531875,-0.38815640303689436,0.33952387139255724,-0.11401922785659233,0.3772113402035454,0.027578303474756243,-0.35993555576303876,-0.16060844826286164,-0.07973091668045822,0.23867729366425863,-0.330917156006776,-0.5941236636842222,0.6358875699246769,7.607635204489619,025I,Macrophage_Alveolar,65,M,IPF,1.0
0.22938056184692426,-0.8020837180432533,-1.6990366990336925,-0.0689249680883921,-0.39432367103510485,-0.019714122854576965,0.18313548191424556,0.019303333996157447,-1.2677134458903065,-0.6034897365588368,-0.08732262286194116,-0.10010121162478582,-0.19900985335850946,0.031171437737326342,-0.22979213465850226,0.3471836753377695,1.552266455052953,-0.47021179156383774,-0.5000360056305706,0.015627833520885665,0.16734577743161688,-0.3758487332385869,-0.6433083433062132,-112.02966147744907,034C,Macrophage_Alveolar,49,M,Control,1.0
0.4296625466803577,-0.29083103568874435,0.005077529404343765,0.005598355875618637,-0.4607387686442155,-0.05222406242313255,0.005537545405794204,0.2247183473105196,-0.12219273731608975,-0.4691231345736684,0.24708209919875654,-0.53949430107696,0.23336544744349538,-0.31806919758014673,0.2723555856051477,0.21133574291458265,-0.8837904812495486,-0.06961134270602076,0.10411587441715775,-0.46310668369520647,0.7080378407025562,-0.6646403603547791,-0.1554980349941867,-53.425408134253885,040I,Macrophage_Alveolar,70,M,IPF,1.0
-0.22113154867646104,-0.7211721841882502,-0.25022711939494374,-0.13067239610296602,-0.27739268872058537,-0.01912324608742215,-0.2747551793069278,0.1575412937553643,-0.4218905270785744,-0.9870669366208785,-0.0977916398066284,-0.3331533402720824,-0.16789826496716753,-0.355014382595691,-0.03201045372345146,-0.17844968527526092,-0.529966616351896,-0.4800305758737376,0.28361035390570305,0.029523046414487115,0.33962360479358933,-0.42582377282753425,0.26158494929242554,4.014088039670052,041I,Macrophage_Alveolar,59,M,IPF,1.0
-1.0264682515792425,-2.6218394570071553,-0.9479674707470143,-0.3673866082931185,-0.6943947396393285,-0.1095087937022062,-0.6065221652053484,0.44994706565695936,-1.0243513230799186,-1.1412970930319253,-0.51468901722571,-0.1456510358478296,-0.7524662063930511,-1.2462200029314634,-0.5297615975666092,-0.8631783480266951,-1.6131670868275252,-1.0251830317870865,-0.8079332979575558,-0.23777829528034616,-0.20993228369447672,-0.5456793379398586,-1.7976098067641235,14.093844931868352,051I,Macrophage_Alveolar,62,M,IPF,1.0
0.3022550827980321,0.20985344539537626,-0.4695620322087211,-0.08774552409969238,0.31714785256010436,0.08876053643182633,0.1316861525960158,0.2933408104192839,-0.4687732959936809,-0.16063048197767182,0.24271118137720754,0.21190196480582615,-0.01806660842984268,-0.026356834372311268,0.4872890287715939,-0.21485647971721342,-0.16700217605416498,-0.17772428980764246,0.046450562739355196,0.12741159471134708,-0.10493216767282745,-0.39673918913608236,0.5557573159186239,51.018850436776205,052CO,Macrophage_Alveolar,62,F,COPD,0.0
-0.16546203277859584,-0.23394680760291564,-0.5727883102435425,-0.02983022839339074,-0.6195812583129281,-0.057326225447021525,0.30855600246029025,-0.049410683592892995,-0.33338585994082226,-0.561789621918776,0.09619193771342065,-0.5003034771251169,0.23716614292931998,-0.4929433272459823,0.5111553378080255,0.16585558968053843,0.05263603314050363,-0.9367742046817229,0.18220031813778007,0.22673388286307253,-0.28896186502628607,-0.46443209934434765,-0.12208321598717667,-13.545104260949051,053I,Macrophage_Alveolar,60,M,IPF,1.0
0.872195276813421,0.21317090867961608,-0.2795290279635945,-0.014874098984125932,0.2041780558715093,0.03953971193768967,0.09819981751051413,0.42380747758044435,0.6105010247608355,-0.30219306249917455,0.19194210201936515,0.14650212292707304,0.2404922939584094,0.33207737601266624,0.34633413292273907,-0.4254795488132685,0.03445489868244561,0.47061158568134853,0.09425054710649769,0.31743650760344355,-0.18773291414828192,0.24918574655217304,0.5923405186553565,103.79224143750488,056CO,Macrophage_Alveolar,57,F,COPD,0.0
-0.27382116340359314,-0.1847877807081353,-0.5576126186475748,-0.01806192361866873,-0.07052867730680681,-0.06990575582231862,0.20176601254634383,0.5273267992533254,0.16979274838376518,-0.2784557434437645,0.43579272656061324,-0.24962491523053032,0.08272496791198525,-0.8379566498139019,0.19546015646391401,0.1726021808467813,-0.4106064631426532,-0.24355796396619347,0.2712509850471835,0.3036074059962188,0.20362572586045855,-1.0048802796452283,-0.2171336292591239,5.502741056325515,063I,Macrophage_Alveolar,68,M,IPF,1.0
-0.23768436913209595,-0.3751332678232437,-1.1962835590342606,0.12212100351819075,-0.19006323105434272,0.0818010746981945,-0.06061423229377709,-0.2260876501247217,-0.0770396039302642,-0.4733634559945168,0.06008904479376742,-0.4344295171031529,0.2269786948520914,-0.9214005930989507,0.08109691614235763,-0.4314323104352226,-0.6747491689866696,0.06793551673217313,-0.27859995871221704,0.021090529447247236,-0.3361606356610925,-0.1057609549842477,-0.14249586011880241,6.0725861252726645,065C,Macrophage_Alveolar,66,F,Control,0.0
0.1759463481444014,0.8333991347429425,-1.445293963479363,0.17275295890222772,0.2516105029783493,0.02889383066826147,0.03970611543013907,0.13011632334932505,-1.1264060223918018,-1.3123689015700892,-0.04670016208224241,-0.2720321702178703,0.0857473368304196,-0.00498594255509579,0.43663070902747875,-0.735019254596198,-1.194341858337822,-1.0012024333141953,-0.5973086965258148,0.26977935558611776,-1.1783427309735748,0.927639812229931,0.09576980993328965,-6.430655176703031,084C,Macrophage_Alveolar,46,M,Control,1.0
-0.32732187405637286,-0.3280615768496662,0.20051834904076257,-0.19836159449544713,-0.2014078714923062,-0.010601862285053491,-0.08594709146357951,-0.40200017845530595,-0.1634127418749215,0.11017635961956779,-0.1731379400405797,-0.4614434349931443,0.043681503384697715,-0.2898881103615661,-0.22898353652630024,0.2074407236839202,0.641523446645364,0.2933539892813832,0.8133368536879102,-0.3411598747524798,-0.25164982998250063,0.23396775593339367,0.6063041219493815,-26.147139902977212,092C,Macrophage_Alveolar,29,M,Control,1.0
-0.21133493562549704,0.7514594933181188,0.5231739314145981,-0.12420639899122737,-0.15394007067538626,-0.028421025103064428,-0.10702023370926829,-0.023261506621712946,0.4480213796564867,-0.09523711544326616,0.18357703723346713,-0.1243880194151852,0.1730896111712165,0.556642624498095,0.11683615531959382,0.5037056914428546,-0.47653892038954565,-0.40203626251627506,0.43262132795004066,0.05285690605578053,-0.12621473194648689,-0.039332576136337144,5.664330226479858e-05,25.86866646562555,098C,Macrophage_Alveolar,41,F,Control,0.0
0.2840913885705521,-0.18061600889614415,1.0270898043319514,-0.20134866916972402,-0.27843687934406786,0.04386359196604205,-0.09049859333421044,0.1373996851193382,0.21941593823138705,-0.3371158736489141,-0.015687933297202927,-0.2999949323762085,-0.09638196763837592,-0.01807153319884027,0.2131810497750276,0.36923295485427365,0.07894841632028873,-0.22531781424493144,0.7058966555108486,-0.20329623310725536,0.8930511531718804,-0.3045873714915582,-0.6587130938706013,-23.008451071320227,123I,Macrophage_Alveolar,74,M,IPF,1.0
0.2701270981268518,-0.061887355933295106,-0.008483956330381546,-0.2014387423260049,-0.3511045269949264,-0.050167143970774014,-0.12855448339369008,0.33994449453231756,-0.025954864007657882,0.20955317736155163,0.11179859595634328,-0.6161880625967504,0.08145622816154802,-0.8215303670598897,0.03537620232373148,0.49100190312203223,-1.004001528649063,-0.6261402389286513,0.42066284668841675,0.017831743077888505,0.048375644002690094,0.007443685181519847,0.5101407933783062,-29.45299031296544,133C,Macrophage_Alveolar,32,F,Control,0.0
0.04692467255829344,-0.5721586286992985,-0.05911583525214394,-0.08348162140097815,-0.565588652442637,0.035771232188594626,0.16603575720763608,-0.002714987854134203,0.7295214573268752,-0.14801330982524846,0.15897838868931116,-0.7667408424937813,-0.03536963114286544,-0.6407059777188787,-0.0072831682835800375,0.29890116363853586,-0.3080405456043471,-0.45884778423691974,0.3333805680032675,-0.3052152430075554,-0.12030855635259466,0.035458751421082034,-0.19515484194781033,-25.468471791206145,135I,Macrophage_Alveolar,59,M,IPF,1.0
-0.7039730118305648,0.10147212656750176,0.20158099337518937,0.047700437686270976,-0.16039003261805687,-0.00949480693110088,0.06745405479936506,0.1598382252569086,0.6482158780606337,0.34992312882557436,0.39937918678599904,-0.17095395095744093,0.24848226175047694,0.38841535942426225,0.5031566783122329,0.48292342863595755,0.38810018638650623,0.5570485771331019,0.4103464243826904,0.04408156951332878,0.22901885718038176,0.21513462887069065,0.14807790556621692,31.759007523057303,1372C,Macrophage_Alveolar,21,F,Control,0.0
0.2814792345120936,0.3865541833556633,1.1824560301914158,-0.03540342854012289,1.06389252983217,-0.01683456456628201,0.09485760780403901,-0.45112200437018096,0.11481907065377782,-0.27755897007701,-0.28422716890866306,0.18520011121120092,0.04717126486033076,0.11230969623908815,0.09216906713287368,0.11631897562415264,0.3309623977523061,-0.6569769887663078,0.41000799743442995,-0.03353883164456403,-0.9629297253089667,0.4274749261290949,0.14114144519021418,-3.696970304602577,137C,Macrophage_Alveolar,54,M,Control,1.0
0.39784360095693044,0.44692374347050634,0.07369098074684653,0.15388958181769033,-0.529792841530478,-0.043237968380123566,-0.34828213425956095,0.16117989114558237,-0.2988300968628582,-0.5346077864869034,-0.05181969770369384,-0.446267106381502,-0.09942857985701087,0.12636398432522225,0.10862015691339685,0.42009021066939206,-0.24052628293011494,-0.1450746804667673,0.4471293883969149,-0.10729393938511272,0.3239205850015092,-0.20547981863326667,-0.14092400881492617,24.678842097280533,145I,Macrophage_Alveolar,67,M,IPF,1.0
0.596760007291329,0.15635572525123959,1.0203432022670218,0.1663251130284817,0.23110680892403695,0.035079805076276296,0.2603540538721432,0.18802190006833625,0.21202148349674216,-0.13794608302678915,0.5611348648675613,-0.02991820825559839,0.2308928936627649,0.04213493981573722,0.6252685142111625,0.5277768742901242,1.0279705966443504,0.3756097155222934,0.4387256201694825,0.3264713955150759,0.9721297558788748,0.20781445631371437,-0.0056356822391583,7.216223621153544,152CO,Macrophage_Alveolar,57,M,COPD,1.0
0.4385817217763557,0.3591349946234763,0.1919631012595077,0.1683763671230899,0.46038035576106745,0.09236792168742763,0.13986619460039462,0.11071370025227098,0.33613501606532703,0.272619363940878,0.3901733041112307,-0.3819017649653977,-0.012554692127258411,0.43573053958672486,0.7248539378514927,0.14036841672120523,0.9244438317683015,0.3188682959400385,0.27551304288285766,0.12159685315595464,0.5028236854677127,0.3917283484429131,-0.1676911866843968,25.680462491564413,153CO,Macrophage_Alveolar,62,M,COPD,1.0
0.23726893460872273,0.03731288332318553,-0.26214110707265564,-0.04949708660506684,-0.48989743744665354,-0.08033247459526958,0.19503702753821855,-0.011057866652718129,0.0120166742543965,-0.21624492739815976,0.26666491170723655,-0.30552178504946464,0.1265652837897957,-0.11378861144098426,0.1289607680799098,0.3885613439362319,0.10014053756974851,-0.2470094977768828,0.8138388117591719,0.24246019874650168,-0.6157962325974081,-0.09252585761834743,0.12804320087987414,-14.999404096672944,157I,Macrophage_Alveolar,66,F,IPF,0.0
-0.14235083336956245,0.062348939189457046,-0.27499995381355985,-0.11427136203581995,-0.3622028782657361,-0.1058347756503404,0.2655753108186122,0.07557455542704128,-0.12997103209085656,-0.22209424965518493,0.11123096056918676,-0.40304797006596604,0.08793429548860271,-0.4337382601086228,-0.07330865759483426,0.435332142547931,-0.6648139404183739,-0.5908704479488829,0.3467009797271725,-0.14784634457110288,-0.10564284253695837,-0.6535939035907965,0.10898996115827764,19.28683063539382,158I,Macrophage_Alveolar,68,M,IPF,1.0
0.7753840348936869,-0.4088688524078954,0.4330241424186013,0.20866787801627326,0.12077949764583218,0.03791321122142018,-0.09760125967744984,0.07076723132159601,-0.2041534449885867,0.1560243451220535,0.12707150405966203,-0.021117432963808927,0.2170518573291851,-0.19162568222648416,0.24900106895798607,0.1531978053468846,-0.00880985318309592,-0.19234079662901854,-0.007105637521847121,-0.06131747622544647,0.5741084251851015,-0.2132137322414416,0.45586451376614123,39.904450909097335,160C,Macrophage_Alveolar,64,M,Control,1.0
0.20295973316732266,-0.4004103667096298,0.5639301489997743,0.11533108717111132,-0.6257108977781604,-0.075763386233017,0.06531762033758047,-0.20782916714890642,0.15264464466747737,0.19788962707529004,0.76662015824717,-0.2579616332849387,0.28401555882220375,-0.025862157383889216,0.26819397510598775,0.44988572709965774,1.207325202269622,-0.0310711688952162,0.39426043045942505,0.05078985680764799,0.45111659200886906,0.26500180699472176,-0.006562382452602794,-25.246219494265336,166I,Macrophage_Alveolar,63,M,IPF,1.0
0.011506468082157793,-0.5815588418278175,0.0034535160159830528,-0.07586957051431353,-0.47043966275175536,-0.04837572445395771,0.27590824727253843,-0.18560459347684238,-0.14563797383232233,-0.2407193420567466,0.058404766906086425,-0.31255136715716914,0.18502728717073097,-0.5846521905607338,0.18311464124556626,0.5237443498621895,0.13494926388475043,-0.24016762498299155,0.7661765808670276,0.36584681738593344,0.14519303229116823,-0.2241101902576703,-0.14366093928206256,-36.806164532353115,174I,Macrophage_Alveolar,67,F,IPF,0.0
0.1756619071242113,-0.24182477680890432,-0.0740365228026728,-0.08225750655461286,-0.2600285730649367,0.026065309562173546,0.07165541518745366,-0.03801397264052256,-0.06321593220608991,-0.1244231189917044,0.006906739235104337,-0.44298314820270723,0.13749476011693845,-0.26354098531324416,0.35116716161395695,0.4042227299480376,0.7556225601971618,-0.04481255733705694,0.6891375641141193,0.2091609005516397,-0.2720280933782431,0.16777107058348195,0.13712338196086207,39.18676319618115,177I,Macrophage_Alveolar,69,M,IPF,1.0
0.6601741857229643,0.21870498465373822,0.6132003335065273,-0.10923175099539895,0.24098312443966827,0.05245828037621808,0.1354700509301008,0.2392377356398736,-0.04753925325221512,-0.7202840910138811,-0.07123847129900433,-0.07864717256083162,0.15402108016305172,-0.07488000738316902,0.3421276300388793,0.08140361674327451,0.6230802186667534,0.06531083879354886,0.17394211667626358,0.21525310516950658,0.36028664071431377,0.3429398484038046,0.5487615480077355,28.88060405568341,178CO,Macrophage_Alveolar,58,F,COPD,0.0
-0.10183234233557159,0.10387576734717244,-0.2039874970007069,-0.01732114423334238,-0.43803576850341636,-0.03246293221835408,0.10770851115091187,0.1377966699108381,-0.2081391388765964,-0.5792915234479347,0.11201881548787158,-0.3356122941924265,0.08649779365938337,-0.45551225956604496,0.2362790791756361,0.24249444289125638,-0.05349675002136919,0.12446758328296932,0.35682209646735186,0.2595176770107374,0.37699089796906193,-0.29235707736074334,-0.07430747497114894,-25.704297039698677,179I,Macrophage_Alveolar,70,M,IPF,1.0
0.3019853756119164,0.4885014955318771,0.6876756426438266,0.1330663021703912,0.4752109237961223,0.09345089800734939,0.05566492212104434,0.2609610569698913,0.7690746197501821,-0.3738247852836496,0.3890506595863512,0.20600054671311407,0.16210605363558567,0.7427109133332177,0.6535625205959332,0.18104211884778013,0.9368897630872103,0.39310839261816455,0.31521202168252976,0.3118147225213936,0.3673233221910166,0.818289454553739,-0.18449056655011883,37.09522676234175,184CO,Macrophage_Alveolar,55,F,COPD,0.0
0.5419574201377237,0.7932120947165018,0.43610735457050825,0.1263326641058879,0.17679046116546873,-0.011156387409813544,0.2160299043458624,0.06767138012676305,0.1253372622945807,-0.37321689210770015,0.4057674299004546,0.23151649587641873,0.11278751844642135,-0.3210054207450533,0.08500078375194324,0.20883087572564538,0.3751137863078263,-0.07088064750889099,0.2815345383201569,0.3786223889406684,0.9856150877608596,-0.08583649446581906,0.18990348961475964,42.629395945923896,186CO,Macrophage_Alveolar,66,M,COPD,1.0
-0.0951327500602674,-0.6814951590394622,0.36908707086116155,0.006122153062466486,-0.05681041152095282,-0.08546746339371802,-0.3825265036229842,0.30734827728506114,0.10236616303596284,0.15062092545987663,0.6371447732063865,-0.10995470240687075,-0.414116320475937,0.16993081634406418,-0.0026265489647043366,-0.06718013837137907,0.2843514773162527,0.2944419637572847,-0.18786854483368143,0.2266600430444954,0.5689161933969377,0.5301288005679784,-0.36538993014645677,-5.817929916736795,192C,Macrophage_Alveolar,62,F,Control,0.0
0.1420523537683273,0.6879014374957879,1.2002435019581463,-0.010962787155467599,0.18293810350421558,0.12468422882522687,0.3174463381270114,0.0651320272425415,0.661423554636123,0.24694352652252674,0.2541498651707621,0.05211263456587549,0.3777945658061063,0.7720411055271805,0.46235947307848824,0.48370996727610915,1.0123368425229908,0.7070500526154705,1.0927014222860318,0.2605529791493393,0.04488006836145239,0.5012561436812603,0.2680596320649202,31.641035811346487,192CO,Macrophage_Alveolar,66,M,COPD,1.0
0.38742691232468246,0.5109868761969166,0.00672496247275524,0.018065328498840256,0.31754844866339876,0.010953508324585047,-0.03059403683256919,-0.17436071964133434,0.6376913225601516,0.14948273956418007,0.2652830337144789,-0.016694587005860143,0.22278131793300154,0.4499059819164742,0.6018070127930564,0.6750752771281593,0.8696845702407576,-0.027204915611954622,0.6541326941210408,0.2705893325907075,-0.6855271367671616,0.3027416897272395,-0.15981948852703265,66.54082532890621,193CO,Macrophage_Alveolar,63,M,COPD,1.0
0.8196805175974996,0.9763654800489926,0.05504575066624488,0.13965237277896306,0.20698329574807928,-0.04930988200338843,-0.43333893304009813,0.0016877547595400763,0.7262117768652095,-0.46440364809366275,0.1711215791144772,-0.17713406117152378,-0.4703823831185401,-0.3211573157632715,0.5081130027937253,0.2759296465633309,-0.40791429076443636,0.3068943269513666,0.20724986905813292,0.11093810077013351,0.795947366913138,-0.08244469244130685,0.1954514635944079,12.53925569640691,207CO,Macrophage_Alveolar,60,F,COPD,0.0
-0.9291729917341022,-0.20655304960966964,-0.14193456018762454,0.1656398589098931,0.1431080180480181,0.06497665584255133,0.381930082415101,0.14727132895693745,0.09240572356529188,-0.02779528769209863,0.1776595002254386,0.10269008166665368,0.2243462470581064,0.5216207656931924,0.025540658442329115,-0.3169077477655641,0.14509865401489677,0.3907665870743544,-0.14282042534904088,0.13261254089513544,0.3793739824838266,-0.051319125167213674,0.5791765504433609,17.04997465026898,208C,Macrophage_Alveolar,23,M,Control,1.0
-0.5397528826897255,0.12109280125177808,-0.03684049469229719,-0.0152533680166685,-0.362631653417446,-0.05298064390162956,0.03639970158188601,0.11635900385171055,0.3904515518064226,-0.3452944303626732,-0.11646316238500425,-0.45424848934090667,0.14229289140224113,-0.49713222477053765,0.1560208565358545,0.2927264298502807,-0.9735843843675612,-0.6019256651499985,0.5937295666392344,-0.15762446646013362,0.10759731214815337,-0.11899805561913972,-0.17433235167053746,3.4032591936334065,209I,Macrophage_Alveolar,65,F,IPF,0.0
0.03549209125856551,0.386437890957681,-0.11391562856284088,0.34204529440473636,-0.3142536866001893,-0.08341743731605608,-0.15053891390528507,-0.3017758040897329,0.29151385024238174,0.014294874473026544,-0.014535758690758831,0.051559084007622866,-0.120097239197383,0.16267236750524175,0.3920707399681887,0.192071566617983,0.24795697748053275,0.11653514976097132,0.1897157334803272,0.07421445158794926,0.4792733649820474,-0.47536600485963076,0.8592771331089997,-15.723572817447995,210I,Macrophage_Alveolar,68,M,IPF,1.0
-0.3372213125894792,0.03558186241302592,0.17314447027613292,0.25569054047516354,-0.29294411177214297,0.025702065382234116,0.12819003330996942,0.0463622371624994,0.2059001634921265,-0.15944915437168578,0.31981783001212216,-0.1849135739368692,0.18885934593168713,0.07100959653289485,0.20141963217390205,0.7084931477138893,0.09423079876487615,0.11084118528002057,0.605825749895649,-0.14915960297025888,0.07953584415540184,0.056132920683258904,0.22480309259160533,-10.003466744778471,212I,Macrophage_Alveolar,71,M,IPF,1.0
-0.01048345921338037,-0.14046079232851902,0.37492406025593716,0.45459833867976124,1.7942335242789396,0.1369072882805167,0.06337505650439168,0.06404530947657988,0.2399248856201524,0.19974731663551668,0.2185196631948643,0.2714453406729631,-0.03427195093849945,0.25584493877368014,0.44090567708467954,0.1946602103642294,0.8858346403187822,0.5827518885387644,0.5370448729303714,-0.12751339923107755,0.7195864317910319,1.4853139809585099,-0.18440662167402813,12.682095628127483,217CO,Macrophage_Alveolar,70,F,COPD,0.0
-0.1863158565751299,-0.5949299823939465,-1.267701387295259,-0.03354835172557354,0.03978652039399978,-0.03555632420663801,0.22995738292945656,-0.12226721014720787,-1.0574953151930642,0.6354791023282017,-0.04470699723933404,-0.08242730442160193,-0.19530675390504185,-0.10093071427079386,-0.22394282783800284,-0.1071609647624689,-1.041736952363434,-1.4586880323506757,-0.17972969393482457,-0.1378450368793234,-0.3117602681801882,-0.1542550098157704,-1.4946573027549637,-33.41181032651281,218C,Macrophage_Alveolar,29,M,Control,1.0
0.37954933920650147,-0.44324987283269074,-0.4136802531406013,0.05669505617755439,-0.5211484027908272,-0.05068905034492115,0.40743202499067216,0.13683903889643828,-0.29263002348085837,-0.1292638969074601,0.11346235910334818,-0.06198016467546476,0.1963671308972053,-0.5857650075791074,-0.14681139233046353,0.43922266871424326,0.20065811647314172,-0.38097833191463576,0.3242988868914409,0.09378945023761448,-0.17579747105094143,0.19558140826174747,0.038786364241841585,-27.869229367974757,221I,Macrophage_Alveolar,67,F,IPF,0.0
-0.17721341696183318,0.029644565400458386,0.028792173722019664,0.050846097153692836,-0.24528800118414898,-0.03542640080636043,0.3999111442735466,0.05907443079668356,0.04643922498523018,0.026090182176201362,0.1750858201936274,-0.3194178303739513,0.24581900975306026,-0.5612218761044824,0.03996025012457316,0.5276487961501052,0.22887452166053676,-0.47289694528365306,0.5964918380147974,0.26805411902042847,0.1837915938998594,0.37686800098841733,0.1866772213754356,6.291056438279783,222I,Macrophage_Alveolar,59,M,IPF,1.0
-0.08608368286358116,-0.5287327563228921,0.454203494964782,0.24138597581806584,-0.5911341582318832,-0.03463116187692773,0.08214322797639813,-0.13288625650292177,0.08636565891021808,-0.40268328249957386,0.16549613536172225,-0.06353166943862533,0.2504259728814803,-0.4307708441141435,0.21540776753982713,0.6376667119501297,-0.16942677685751284,-0.35805075096458355,0.527449190409933,0.032678235405358906,0.8937764351934501,-0.7174901572591009,0.2860238529618166,-23.527152171680335,225I,Macrophage_Alveolar,70,F,IPF,0.0
-0.9033025569798172,-1.51033191121908,-1.0165689778133513,0.06649868504223615,-0.3993418090016237,-0.0799162868934242,-0.5133336155737996,-0.05063197348076492,-0.4040866171171187,-0.27527559245614214,-0.1356580566160076,-0.19360489453033386,-0.4218302192088441,-1.0536177927904082,-0.4817302209419556,-0.2588592762724775,0.26559048208763436,-0.8458871129271397,-0.15636933924840973,-0.18548143695707497,-0.23974704266254376,-0.7246458688089943,-1.1536922175211233,-57.547535582998265,226C,Macrophage_Alveolar,32,M,Control,1.0
-0.06920625853179427,-0.8455898956415391,-0.6884270037292559,-0.07147825047215917,-0.9604407770775231,-0.15559037168278922,0.14804373283513522,0.0963564864496784,-0.7225435374968835,-0.6446595282402147,0.1250586583036649,-0.3445420916819867,-0.03999877100212012,-1.043554369687275,-0.36549880554547703,-0.40289078322448657,-0.289970943429587,-0.533344573182484,0.13065686401591353,-0.27154721624372236,-0.6345646676628388,-1.2033145865152362,-0.9490179132024926,7.076104273707674,228I,Macrophage_Alveolar,56,M,IPF,1.0
0.6544949374557436,0.08638460178031739,0.13773196416938835,0.289171142517465,0.5671078425130807,0.11900438009931391,-0.07275660107845026,0.006615351117902915,0.5026143271697392,0.47223888491098676,0.4161085104901135,0.591842688912973,0.49808968640456497,0.25254302485326424,0.5648449577387564,0.12213218858917682,0.08561689972650259,0.3458414739453396,0.25168304192524377,0.11214243432889551,0.6281592553337267,-0.38594637793912495,0.31254803324426045,46.30786805500182,235CO,Macrophage_Alveolar,61,F,COPD,0.0
0.4262864574355448,-1.1297349336169062,-1.246222823636998,0.22757061362374767,0.40228777784021097,0.0762391722015731,-0.7036577507810384,-0.03459304616973645,-0.7358489662197745,-1.069805410279734,-0.3263768764817494,-0.2886702888003123,-0.4806749587808987,-0.7878975396793515,0.11530257564013305,-1.032549623445306,1.811824995437533,0.22020208868485494,-0.9227867621465271,-0.2138359891000642,-0.3077887734322709,1.12237471064374,-0.7137054004719497,-43.398708317846726,237CO,Macrophage_Alveolar,57,F,COPD,0.0
0.4735488156652525,0.023852270701440283,-0.3122317158731201,0.4827332516757075,0.2103653445397226,0.021021838778031075,-0.2027598908674584,-0.01583030180462077,-0.13925938963367462,0.2653324134776337,0.6355604166983838,0.3559368179747333,0.3583136264620299,0.2508837859970499,0.7489344289045275,-0.009067382753841068,0.07981377814396157,0.3092673255533897,0.3116847946789479,0.2853616395321537,0.4429926840621538,-0.36525728564093607,0.34115325489287246,39.63228066375965,238CO,Macrophage_Alveolar,66,M,COPD,1.0
0.5515602647933573,-0.3342703735502291,1.2502787293019713,-0.04994728765007438,-0.2861589572987204,0.10250623876420759,0.4296089886903451,0.15411917947292775,-0.10782884002684812,-0.07846233119221366,0.2522782731138992,-0.015480881991850284,0.2544801029099719,-0.09231512662915417,0.6449558353102471,0.5877877540753769,0.1608304640444584,0.0015550093103359683,0.842555099532811,0.4765613933980194,0.32928190991585604,0.15265553667879636,-0.1734452723334052,-8.54830941184999,23CO,Macrophage_Alveolar,66,M,COPD,1.0
0.1799096029881961,-0.04352893241340759,-0.255152324403588,-0.21199105159972687,-0.9375374180863592,-0.01583090875585478,-0.0631056070295352,0.20489932078652762,-0.7851136428709388,-0.5369731116155566,-0.1327226558730577,-0.19781836256479032,-0.06996722563301483,-0.11516039744905227,0.028412792565729008,-0.026091015109968325,-0.8129262807860077,-0.8784174915655113,0.15596942361403518,-0.19749313349462985,-0.13508675218388147,-0.338422329308463,0.26105151986594244,-15.37087874463267,253C,Macrophage_Alveolar,66,F,Control,0.0
0.17305132858110536,0.31220296052802976,-0.20712538533319666,-0.04618020788954635,0.23749474225298517,0.016264199392925706,-0.4079163561959294,-0.3613110978120115,0.18862040670031355,-0.5684078625059219,-0.19893617137790806,-0.05679443037183542,-0.11382988002298061,-0.11175566133191897,0.1493226008721814,-0.17983586929165132,-0.10313485734629288,-0.3211341665153889,-0.38622501881163995,-0.2587612608390855,-0.6928411221590022,-0.1095464124108735,0.5088416648943175,54.804184730218054,296C,Macrophage_Alveolar,80,F,Control,0.0
-0.04391525357367469,0.2493683287088164,0.08694725343161716,0.06227680379911433,-0.4828538028390915,-0.012739144246917272,0.24529122075418475,0.07061425094841314,0.1188479694120516,-0.028176394934469273,0.1805865167179843,-0.003988143445162699,0.17355462850989417,-0.14195445947553995,0.17534983968705867,0.34485909303183776,0.18173442250636235,0.09497326359836693,0.7825342572489815,0.34451428731978834,0.1605225302575509,-0.38566710648163355,-0.4522490652619896,-18.430033403317825,29I,Macrophage_Alveolar,61,M,IPF,1.0
0.2507335404131454,0.15056772475528912,0.568794456178222,0.23014526799263865,0.1289295716641653,0.1957475673792462,-0.8945015027678961,-0.6421205310955806,0.6000797601882746,0.9650294962635279,0.5705847234290293,0.44096726642560125,0.19237462386566348,0.7528567320964263,0.29042050028349203,0.7205022392306205,0.9683408641042104,0.41235985252243934,0.28043168776285166,0.04978152153855683,0.5060696098561426,-0.2648130497045731,-0.10435345654593074,-12.440279752359062,388C,Macrophage_Alveolar,61,M,Control,1.0
0.6351826958760437,-0.24788936401796843,-1.5123107194786523,0.19268674515157816,1.0161136607195742,0.018191434460743994,-0.1762630362970168,-0.3252013681819531,0.4137265632785129,0.36635100610624677,-0.44728935846654433,0.3468221949529291,-0.03314360198104865,0.07665519285456937,-0.4599353643047165,-0.49888170083347916,-0.028127753552347805,-0.002405955052646955,-0.8924944843173286,-0.11544002659119877,-0.6755512222975543,-0.08179096015136746,0.46475144834345633,-5.345390830881411,396C,Macrophage_Alveolar,37,F,Control,0.0
-0.1980843113771441,-0.2933447807467385,0.49465448959774794,0.06947396468225048,0.3765466607326542,0.020940882062566526,-0.4297343804657768,-0.15061432622582283,-0.09909587190559642,-0.14202550760953514,0.1983114859570275,0.3216905135957113,-0.13217086150092305,0.27611649537134564,0.17207235462189988,0.20932640464422292,-0.13775357352504972,0.5068775483897173,-0.2227239965866853,-0.0912645052301454,0.3863643896212714,0.1878486686194053,0.2790652092028345,21.798687276791966,439C,Macrophage_Alveolar,66,F,Control,0.0
0.8274118164790689,-0.5822480017954921,-2.160016891631007,-0.1749907212420456,-0.552999702491102,-0.08115624720419803,-0.5257107363454386,0.5081132618441762,-1.5735287473665107,-0.4267256529055443,-0.7382610573496114,-0.08391063206546163,-0.8129683364186292,-1.6571907505139423,-0.8101868856912073,-0.7048814132052722,-1.0171341217206085,-1.210530640986145,-0.831122367480984,0.5164447547841624,-0.5851959619252426,-0.29414099203196303,-0.9723418112952258,-54.16376083103349,454C,Macrophage_Alveolar,48,F,Control,0.0
0.9156373440722725,-0.0674330078897384,-0.0014253965813113756,-0.16331864508185676,0.12741875435370528,0.08550419844595163,0.41799095550174764,0.20737183842008725,0.2544798179731248,0.08947419728681676,-0.1923977166275758,0.00460385319715574,0.3684298202159062,0.53282536488117,0.2740822025576617,0.6427024305646551,0.06445181854178185,0.23093470501769917,0.7222878797857388,0.052947633103168364,-0.636109091258718,0.3739522892147006,0.586817202807463,-25.379127023510275,465C,Macrophage_Alveolar,56,M,Control,1.0
-0.0028775178966978015,-0.3545816294124594,0.10000410356532019,-0.021933417506731015,-0.08293673369894425,0.013885287299269335,0.2311234288038128,-0.30643488884429315,0.2113822866713245,-0.19621758681636628,0.03673204938446263,-0.21956270428672844,0.1413314857441394,-0.6753463705264442,0.6580593980839364,0.3188675931873306,-0.19522194609593652,-0.11252447797654283,0.06266988409609542,0.3270139690438893,-0.3208028766677695,-0.21768346997807017,0.1290122822150937,9.887748545755397,47I,Macrophage_Alveolar,64,M,IPF,1.0
-0.2818132401002503,0.6746556212169585,0.10766782153409138,0.34811023527119267,0.23990496976095876,0.035154159006959854,-0.1811508224552576,-0.1266366177996673,0.6626899169435396,0.37349970751867095,0.2314076597535009,0.6046337813473412,0.5458716970511259,0.00034002534249725266,0.16880570081169607,0.06889722155144712,0.493562229198605,0.29494171795656476,-0.03175838906597109,0.12976361361359126,0.575372886923701,0.48482037153396945,0.8242837366749025,-18.279881330700256,483C,Macrophage_Alveolar,35,M,Control,1.0
0.7868587230007562,-0.5272361365090072,0.3521837644221419,0.11082138196417532,0.037006801205999154,-0.023871984554662697,-0.5659720881416062,0.2517722464496027,0.17994980290104126,-0.3663709272484114,0.5541607711642004,0.12655244467212742,0.04733880733648333,-0.02660332777251489,0.04184089947065296,-0.12232582282383395,0.6593373162207792,0.3473055888344423,-0.0056028726703605276,0.04384310889021239,-0.20602145220256085,0.3161879379859027,0.10011606301488923,52.43991716386464,484C,Macrophage_Alveolar,31,M,Control,1.0
0.3385706945356457,-0.0931915764873673,-0.1716205625592944,0.11809256138340196,-0.1793187677964938,0.0651664094089522,-0.1688294404562642,-0.13898464063282961,0.49318028013706916,-0.1256597292586158,0.02164232516835322,-0.24950980035274864,0.21147919892584185,-0.26455071466923963,0.6602494700299685,0.2876771032538644,0.24396543284590194,-0.0026761164794647423,0.0947322401561889,0.007504050558211776,0.16526176350943628,-0.17636496047426628,-0.23546096747284137,-6.723022061608923,49I,Macrophage_Alveolar,66,M,IPF,1.0
-0.7839370142209027,-0.25893924991117945,-0.283412429265325,-0.44246346996251606,-0.8801424958617233,-0.08505274394543816,-0.05898397389030915,-0.06944261705390434,-0.9104690477342094,-1.2652684524246285,-0.41724411902564307,-0.5961753449612031,-0.3716681180887844,-2.3092049073880205,-0.4055473506282427,-0.2847374783126912,-0.4942517127866634,-0.701875700875331,0.06720813966193794,-0.10658166323560465,-0.5207968654849829,-0.034055250687072235,-0.6765047733549374,-38.57431814070055,59I,Macrophage_Alveolar,66,F,IPF,0.0
1.1645766062446117,-0.44849505013017077,0.15958487838706906,-0.05027823051515116,-0.5201695260801408,0.16181108387174464,0.20522914160408623,-0.31802377125260456,-1.0686465346874494,0.6669179394769047,-0.2851120044850625,-0.3550175768040546,-0.2967313964937926,-0.1155910721764802,-0.15513277362845038,-0.5340670575043969,0.29011143596246325,-0.10174192276359463,-0.04127943328693622,0.011802458747926972,-0.4899448411174253,-0.508997804484463,-1.0062722139151368,18.422352594236802,8CO,Macrophage_Alveolar,65,M,COPD,1.0
0.30786554808529354,-0.7311819336610672,0.0593224939960236,-0.1951716383089485,-0.31820042618344996,-0.12927442401605105,-0.7636767389773989,0.20756165049448438,-0.436923593736314,-0.11146580642243645,-3.2173682127958045,-0.9167749913485443,0.20771316967686249,-0.7122549345757598,-0.4220736197958178,-2.5155871023877485,-0.9197419614845356,0.4723746843319545,-0.33918546810215255,-0.38138538052210463,-0.3924156477171655,-0.8822667966348869,-1.770332105503374,-84.50555449760675,001C,NK,22,M,Control,1.0
0.38007311617009176,-0.14257851734599944,-1.209637486567838,-0.1518648889462402,-0.4002976969315382,-0.0094753311351874,0.6798642852669609,0.08143745140500869,-0.9113317043717691,0.38152965127289495,-1.143422982910452,0.09589284440377148,-0.49356873180783045,-0.672681222697926,-0.3352902529312379,-1.1617751842346604,-1.4029584154954946,-0.24850994134793597,-0.26557375134203426,0.07733303544663143,-0.41432756539367155,-0.45394989674761405,-0.44566774664614217,-103.25245822424591,003C,NK,67,F,Control,0.0
-0.3832126166154572,1.0657819873411143,-0.14929051292814796,0.674879488266529,-0.9035158357809014,0.0876863406825181,-0.4724863114569012,0.06972968911759517,0.36795895687668073,-0.28748632362061644,-0.9943935709306838,-0.4125532569444993,-0.3974575436496846,0.12521827753093762,0.1520398291150519,-2.3963240231860237,0.407202643558276,0.3382629232744826,0.7847676183838963,-0.4824152306429877,0.5369566148580299,0.3617472498848558,-0.007005885654348155,57.87948650305377,021I,NK,69,M,IPF,1.0
-0.10835019160949032,1.3295920562917365,0.6070844186994685,0.08917708784191686,-0.01853415135850505,0.02953450535398111,-0.5207120861892152,-0.030796386019349038,1.0030449816312659,-0.0029300073610318703,0.057454540990247396,-0.05564355077278493,0.38787078170797734,0.753635109296798,0.46066734832654127,0.37259880398882245,0.35513842892007746,0.5545675268710383,0.38129230214901877,0.012009510406260214,0.4401904161148928,0.5133989962760296,0.617337031488337,56.70294744408209,222C,NK,65,M,Control,1.0
0.4901530201624513,-0.07132489359115333,-0.39752238079552477,0.0345019205069041,-0.7184436821333691,-0.021934857685220202,0.6113500916643587,0.10362637029985475,-0.06724494533634101,0.557985153423104,0.422519458871702,-0.45638247009294813,0.6385185215289139,0.6480345285748276,1.2100593671268685,0.3161723237450801,-0.2838937624515425,0.3213264972476834,-0.1397956673902424,0.16625974359411566,-0.048527614368142694,-0.1877664314189062,-0.015673435041886764,18.11080171884479,022I,NK,67,M,IPF,1.0
0.5065016848852895,1.2845956675421415,2.1228456615656457,0.3469883578867206,0.4194102677465356,-0.03616211049270819,0.7529981576970693,0.22133271804551052,0.9276382374544733,0.3667739740191258,-0.4889675548855705,-0.0734415236859133,0.5850813869706052,1.303109778426989,0.17893391279481718,0.13097962265057628,0.8386939144912028,0.7787695283996832,0.8807260941948594,-0.0025169527148065007,0.8177467753920816,1.7636709134564337,0.5202725397862463,48.57821377065862,051I,NK,62,M,IPF,1.0
-0.05723694128583595,1.3379858092066634,1.391579313824079,0.4822300999719985,0.09619066221217366,-0.01653077170690077,0.273809572064953,0.0629605088600666,0.3606757610736527,0.049617161075759295,-1.026927741381567,-0.09820886639950122,0.2255101676520767,-0.1561549428768713,0.17606275437434402,0.2528343149724736,0.9819356305876077,0.27444070291073197,0.6846003971396066,-0.4017423807284729,0.5204672886421124,1.05751829930429,-1.514825415742646,26.98167991644581,052CO,NK,62,F,COPD,0.0
0.6994163247357357,1.4494094007061502,2.005333879476806,0.40226143621025506,0.8452232886821514,0.02765955707511207,1.3125517779329678,0.09888909975866492,0.730816474876412,0.7346066800933632,-0.4212580848952708,0.19015858769529856,1.3956031038887946,1.1327233346531442,0.6167727807533837,0.4181886580284268,1.0464888877238738,0.47067500129880174,1.0164216795885255,0.23709444168612068,-0.17766021883663335,1.4108906120824376,0.9838707273638373,56.419358425651374,053I,NK,60,M,IPF,1.0
-0.08974404929864398,0.6275502579975828,-0.6738199985123224,0.16492628451913535,0.0369402241870747,0.17608334268752268,0.8397955778799872,0.2434971597732712,0.6932095269845675,-0.1566827289284639,-0.21144056156697386,0.11303681205920743,0.5157846726850571,-0.07529632927973862,0.493822023972914,-0.0654377268205852,0.5917335728031522,1.1399290594114952,-0.7435165626986868,0.16352568284302804,0.4952903529264266,2.0547105102761143,-0.8064079472692207,42.654166226472334,056CO,NK,57,F,COPD,0.0
-0.28470785010482313,-0.2424378866677867,0.040603892287742194,-0.22031398558116078,-0.09504875222715967,-0.09615776607335662,2.094572613957828,-0.013451347330487372,-0.660569129663448,0.1775641018873266,0.07827353434962633,0.4058410766403524,-0.32915934562205107,-0.7223716085280589,-0.9172301357175211,-2.1449089316624614,-2.0513563176702534,-0.8053734677559647,-0.5345708045824349,0.28399215300401887,-0.5830863126794137,-1.0582234909313313,0.01057103303773959,-3.2934157444877217,092C,NK,29,M,Control,1.0
0.1436811122044787,1.1819557534016998,1.0078234867876905,0.32088827606268483,0.37959803190126507,0.07257633810140174,-0.7825418376670444,-0.2594631774086481,1.18378545041666,-0.2661469236156532,0.7912850885259876,-0.10363924153807962,0.11192869494352509,1.409596956415098,0.990464391600365,0.3206182315597327,0.15660046773607714,1.1787738777221064,0.6972504901959089,-0.121812748113695,0.35702081104674016,0.37335066860725774,0.521351961598698,35.23046749580895,098C,NK,41,F,Control,0.0
0.6048870443325006,0.6785258996751405,1.212398317220378,0.1970999293020441,-0.078333876710437,-0.026775751270551117,-0.05238648343657285,-0.09632423923620262,1.201668526030743,0.40360988864034103,-0.011989021101137236,0.31618299129561295,0.4083185148868499,1.55735442104011,0.777522303607391,0.8174247022393238,1.2871885741753384,0.7584866738022648,1.1104687748642375,0.34828953754264996,0.4630569592970701,0.36587142960111435,0.09075987357415519,44.16019765692332,123I,NK,74,M,IPF,1.0
0.03923600513033671,-0.18477278572529424,-1.1864406593217103,-0.08373735118890607,0.18144377802966857,-0.12779373763722987,0.5265492321053133,0.03141710118075105,-0.7810822390040442,0.03455962220596201,0.08583441036247542,-0.43243007257806143,0.22470830543642248,0.46894295169147826,-0.3032697830347682,1.3454411172749032,-1.2692672778465943,0.369179883311178,-0.2840131733180636,0.022202215455800953,-0.10195887665937353,-0.7604644240233799,0.2727422030633277,-119.92220264348754,133C,NK,32,F,Control,0.0
-0.1551936637960052,0.9674843839993476,-0.340427721225679,0.4216753365304512,-0.2684391596804395,-0.0034533400963661226,0.21984673478958858,0.07216052870324827,0.3559795057432463,-0.16068690817487477,0.0038399003150134062,-0.32883211141131663,0.6743725794647523,0.4733887613140765,0.09559762136847184,0.16521340186806446,0.9560832895037847,0.6945084543189025,0.22756741362423238,0.031535836972676305,0.4976724396499899,0.9414347206442257,0.14117183675487516,9.996109096666398,135I,NK,59,M,IPF,1.0
-0.40669586543832414,0.8354715369434687,0.537110952307355,0.31410446330317693,0.1206956264076321,-0.06475496336865148,0.4322301430840478,-0.30958538415884657,0.401728010199024,-0.023968163603552632,-1.0232079541384866,0.16151051842458694,-0.08257426265943535,1.220769369887467,0.21689482856540557,-0.6210822816248165,-0.3795048809729741,-0.3506934523646845,0.7036433053784137,0.1845156267870293,-0.4127027134769688,1.104654654980321,0.38286377447098396,20.516829963737592,137C,NK,54,M,Control,1.0
0.0648452176021704,-0.04847387505649337,0.277648528858808,0.5683988656266672,-0.3681211624261482,0.11488570035443042,-2.6494968288673686,0.0031607933940215327,0.3469674566039625,-0.03298108663889712,0.2690207237480762,0.20312736668227335,0.0958028761254743,0.1265908828424749,-0.20724523803060751,0.27809541089425227,0.5351281701351298,0.01504579956515668,-0.7961031159203957,0.3116306419362816,0.21805772555819394,1.198165715352192,0.005166917499362053,39.27339443974638,138I,NK,56,M,IPF,1.0
0.5371303442547121,-0.7575655389329793,-1.1068105011492502,-0.06942301889150922,-0.3371491834206759,-0.15713062048411197,-0.14222428983865576,-0.13834534771548662,0.9896796339407762,0.619854766810996,-0.6261431577563917,-0.255050420949201,-0.41900030278882644,-0.36694058226407084,0.07098515803474499,-1.801569877315582,0.9071429760060693,-0.7299704413644893,-0.4590084433368082,0.2686014782838996,-0.20714871695164935,0.9312236947083853,0.0395724520649838,-127.1567790251897,145I,NK,67,M,IPF,1.0
-0.35004363955333445,1.5409269478313508,0.9693760464734553,0.2892027321952923,0.505080061639648,0.008080072822943905,-0.2055880505581001,0.08677680075984964,1.1457836404038715,0.22690322653841102,0.8661475001825834,-0.8544735679505593,0.9544278781776789,1.3989455390869685,1.1889457249963022,-0.27624027654764877,1.4331702545886729,1.1777072647234095,-0.06533699521865742,0.10388376410136654,0.7104872861545912,1.1354303800724665,0.506469061545488,46.54408755949804,152CO,NK,57,M,COPD,1.0
-0.3231865158284227,-0.43183045128345193,-0.3109969478353841,-0.14189384820556453,-0.10742776283860793,0.2620565205575941,-0.3017309823995483,0.08180194333167382,0.6140348971782955,-0.20605352710049865,0.472929410269474,0.003630260097991232,0.225699950907502,-0.3509873058039021,-0.5490310639239303,0.1282576352803221,0.298403745167939,-0.3012054828534076,-0.6585658883300529,0.03505965890834852,1.2280986177023103,-0.31222377847026606,-0.003330450836570388,85.94349924980646,153CO,NK,62,M,COPD,1.0
0.04558600906842978,1.2319819969155865,1.4418613475822133,0.43929500025523033,0.4131315541980778,-0.03010045500348152,0.4435406831822199,0.08385886544832052,1.2615323552273712,0.14980753039123876,-0.36157249702600947,-0.6124098336250391,0.5009937553665855,0.6132556050120757,0.17593276468302077,-0.3546845102660342,2.281921349626578,0.7585894542145217,0.33938654445260463,0.278400464774594,0.4632994343364578,0.628349449502177,0.6051876700547205,6.394818391853301,157I,NK,66,F,IPF,0.0
0.1048872204990443,0.025633105300548402,2.0659680516664922,-0.36517944785476236,-0.12633857685674785,0.012667536605293586,0.43941853267799347,-0.01745136545801641,1.018935435429446,0.06301390241330021,0.7874861039823755,0.214491969687173,0.8611746189750599,0.7756996432719954,-0.06176569441375879,0.10504161280090199,0.5614524868914096,0.4163841426534883,-0.5757222681055985,0.11012438887787941,0.06215599498556837,-0.10478814821989858,0.4565958150032336,10.777032378342877,158I,NK,68,M,IPF,1.0
0.33483298505279907,-0.06851240500106327,-0.8616109184869934,-0.1975594856036656,0.26286194760739545,-0.009990596169902076,-1.7654483038060458,0.08626857185240433,-0.4422973467885273,0.11959103820158004,0.22427452132028308,0.16101622313521924,0.14421129238125907,-0.19931413555370872,-0.9676718549696229,-0.11560692276085674,-1.5751147190965755,-0.2755393262557221,-0.24315164608701756,-0.10663454246051196,-0.6788528184164645,-1.4487848494016582,-0.20447785156606144,-21.5330896682831,160C,NK,64,M,Control,1.0
-0.28165513865672975,-0.3525350723239477,-0.15142785233486833,0.05981622893506939,-0.04184696841116711,0.2218259677205728,-0.13529992026670967,0.3408645602358211,0.180834238204858,0.3748549385624573,0.30809774288620745,-1.6772340914852468,0.6029737380793702,0.43269417954917466,0.5846132963758613,0.29192169767497383,0.44190119903106456,-0.8111051119631416,-0.2801511657423175,0.07830384251714609,-0.14437182782197064,-0.18108388902473285,0.4986469555948668,-25.171232590060875,166I,NK,63,M,IPF,1.0
0.6176298123050424,1.0847472980009825,1.5159625396634973,0.24717424016029624,0.5627647419766251,-0.016897306017529756,0.8638001484522473,0.039540912770914434,1.2313354366078826,0.30537085885075005,-0.04548016042563302,-0.5956281122116296,1.2941517068509207,-0.1858770734359038,0.009363187603070918,-0.03805651309532909,0.9588594206127753,0.4183014319447929,0.4235338357722669,0.32780287870068103,0.254456126267358,0.7968986948926822,0.7629838287594953,44.179340338795114,174I,NK,67,F,IPF,0.0
0.29067669218211656,1.179995640852413,1.1879557018700968,0.42018087681853267,0.6550490734229845,-0.02805872581433195,0.002580299718980379,0.229803580010218,1.1631778366748504,-0.07367351111215831,0.4125277498042965,0.08251151074900366,0.6685854723749476,1.614188075340027,0.45360667270486704,-0.39976928973553894,1.3457248532637163,0.788841930465185,0.5115860087285369,0.37771744057210715,0.6468305215044932,0.6415070907485654,0.9419816408064308,109.82744977183943,177I,NK,69,M,IPF,1.0
0.024581306885493606,0.8010431765429638,0.9049305821908096,0.6224088769528688,0.020901380985942526,0.09012660545267111,1.130726527836547,0.11004345722850797,0.8078834092131245,-0.566559383839324,-0.46413895910107067,0.017799901668845264,0.7136230061431942,0.4176325054056514,0.6519772804577127,-0.5687594019984347,2.1575485662110396,1.1831936627132875,0.10027656485795727,0.2771051711242905,0.5055092057667716,0.02551320879606574,-0.18513876280236247,37.82564332654954,178CO,NK,58,F,COPD,0.0
0.09928767810381488,1.2837911285874493,1.6620810626185187,0.4081127856442529,-0.0872196189678723,-0.06802702391740853,0.8290458161104163,0.14745887741857883,1.3448106459729847,0.3441636367523574,0.044258735582172776,-0.9958534046386992,0.6704291161838829,1.3956339537337668,0.4398235529996808,0.9412610296537074,0.3610614369380924,0.3041441368894707,0.6472896701667337,0.003898464702776127,0.7187280861976124,0.7592518739634133,0.6082240526605773,41.39815970435433,179I,NK,70,M,IPF,1.0
-0.6123357862710264,1.3044621579280717,0.2879873005233042,0.2177335977421475,0.16398558365094607,0.05374627989730979,0.1254798986910453,0.20234465325877007,0.5917382761546025,-0.475779670653872,-0.8157672047215107,-0.06285710008841833,0.18058550916793986,0.610139875933598,-0.37440782890605373,-0.23694206284264868,1.0036778137578357,1.0796430522407523,-0.08979790713237479,-0.013008464584189756,0.286170470709251,1.115808648042629,-0.3693702587700929,21.631684444665378,184CO,NK,55,F,COPD,0.0
0.10020913099343132,1.2720510599752146,1.215303181677223,0.14243929764548008,-0.023496319033836102,0.01453941478737894,0.4802224586639085,-0.07516448438670315,-0.4933024807041398,0.03226692801773732,0.4082815497674709,-0.1179784812238862,0.5124641179082837,0.7557830801036081,0.6041528089423847,0.9274207032657408,0.9412736320629106,0.858955078898729,0.5310104216106473,0.4099012201807199,1.2907217688115193,0.16343331894194313,0.5892104592228122,70.84035503295877,186CO,NK,66,M,COPD,1.0
-0.728356830827882,0.7091027148073051,0.14199728567097858,0.2173523035602675,-0.13794108869186483,-0.018019836235911534,1.0086773357783105,-0.08320973126937695,0.9749253088386671,-0.09158979967476814,0.23420019110654566,-0.038522773781852176,0.49088004288219933,1.1638080886840865,1.0433827587942675,0.41246254016029615,1.08319027694886,1.434637983268989,0.5269066659178596,-0.5572029575400581,0.42703011951469944,1.3188114828091873,0.2793102304438253,7.8382197801394655,192C,NK,62,F,Control,0.0
-0.5148611010990806,1.6597961904087233,1.014690322966546,0.026667356331275812,0.25867862673289527,-0.11058552530919019,0.6850798447737786,0.09775512295081618,0.20890277491531772,0.08762423979228129,-0.7692337505628309,-0.16697097148640722,0.5752893358756189,0.7578058706406428,0.06068661793542324,1.0116039838485473,0.22943830082133343,1.2187696212288448,1.1897356253430793,0.17040232262790514,-0.411907145152176,0.9173176286698077,0.290246510663995,68.47824836225995,192CO,NK,66,M,COPD,1.0
0.09346475778446761,1.879741603380011,0.4107146677424947,0.13432365624538295,0.5351564301439761,-0.057421472227564,0.06795694341010833,0.16087364666151438,0.6944767426625713,0.04843136384426142,-0.495716787306343,0.04538353329487184,0.7916375048722407,0.1255045684576456,0.20543075311897757,0.21216389138500028,1.0656681880686318,1.069111734112408,0.8250171215677995,-0.03160951609499855,0.3793315908876927,0.802566844371054,-0.09312648289931695,31.9768033175657,193CO,NK,63,M,COPD,1.0
-0.06692075361479653,1.1896932461717482,1.3443589851582418,0.4178038833996268,0.4242002683267505,-0.04172543163881139,-0.45502609632353,0.0849263262723752,0.2590582694635691,0.3977850044119,0.40621331391819493,-0.3943507680314642,0.8895682316934375,0.427271560287039,-0.22481037242420748,0.4662967056221156,1.2857244169234872,0.7230521958701185,0.30446799433680255,0.40624682410920704,-0.05979635959990824,0.8929914296790277,0.6896993374802441,15.71844707429316,194CO,NK,59,M,COPD,1.0
-0.8702854860009999,0.8515337937701102,0.8246819935941508,0.5667146620200204,-0.33270641453584815,-0.014966466995498577,0.3180682451523467,-0.03409437610242126,0.5679019297452542,-0.7678714298708944,-0.5648052014893813,-0.45258491330585066,0.15210753690055512,0.8086144640199792,0.771480234234027,0.3752969060682085,1.637597593643347,1.2158582842945664,-0.46661529473098917,-0.09944986172327439,0.12105253050576607,1.543547098496769,-0.5177147710461022,46.86888796450698,207CO,NK,60,F,COPD,0.0
0.5851453220373561,-0.7422361918771307,0.41041867860174797,-0.05366889703556342,-0.15514916307054927,0.19902568211548044,2.278313159933131,0.06409531896379417,-0.5192655433344133,0.2226504549003666,-0.12581262797903697,-0.10275599122392427,-0.09580321827952659,-0.16247465074422304,-0.20183010151262035,-0.9602919741685759,-0.28261595847462834,-0.6837777711986676,-0.5319610256015688,0.2859433024131968,-0.4344623061164968,0.054687451329435526,0.34849567660823305,55.12653712296647,209I,NK,65,F,IPF,0.0
0.04695919012197655,-0.03654695362332739,-0.27813670685531594,0.12844737280758256,-0.11078159606743684,-0.1009751112403302,0.6146605749490587,0.012072262592815693,0.015359662537354385,0.22659673454813645,0.607317659028782,-0.12180583594503082,0.6845050389517954,-0.3249585318024834,-0.2048230097828043,0.03583811271735712,0.2808407139162512,-0.05522841684306663,0.014168878649576687,-0.349240327154618,-0.25556420131142016,-0.10111512433060169,0.05434650589684135,63.80203634597887,212I,NK,71,M,IPF,1.0
0.31462785096996415,1.87534863039599,1.0153999069450155,0.6416019580330087,-0.07355262705321261,0.044240844918373795,0.13170759491550849,-0.06479007514742183,0.8809123851178814,0.3336078612310239,-0.02768004836593035,-0.17158846868907512,0.2297791823493307,0.9616803026573889,0.3344929301374363,-0.11983035242284629,1.4749417628884587,1.0984792582244005,0.9138847369653642,0.03958603218601189,0.6150963081708767,1.2023970058905888,0.06993450842039253,51.24802164490797,217CO,NK,70,F,COPD,0.0
-0.08586599810053826,1.3366931253481793,-0.06961174434685921,0.5349734724809849,-0.0007092063403179808,-0.01623847306075927,-0.4449996581419471,0.08520068174652973,1.2699012206670466,0.06651235331190744,-0.20415727373073417,-0.11177947449500333,0.2969320117419707,1.0731865395055162,-0.07572486433236074,0.40008035733582015,0.48724422456516875,0.6114244638994775,0.4887823577368236,-0.2441332132019615,0.2697497555592358,1.0543888469755218,-0.74467731998471,21.386958020344114,218C,NK,29,M,Control,1.0
0.5813013591394308,1.6160370651615688,1.0063904848912013,0.5566230694206018,0.8600963115542947,-0.06846224412918443,0.7589365655285528,-0.025455224096608605,1.6126045840608947,0.8177042289827499,0.45460238565600725,-0.22334110824252143,1.026652413907738,0.5118380425917074,0.3077347889689948,0.79956719864766,1.2917469275506857,1.1883141421253827,0.6139823022068676,0.28987116985887507,0.5653431510093292,1.1753955659440383,1.148331717977729,-7.401949124924672,221I,NK,67,F,IPF,0.0
0.24335437336098747,1.7244160620922457,1.0871756065676086,0.5969281354558501,0.7821333575454722,0.01612713339795244,0.45099829910211825,-0.04204261381372595,1.4067053236309321,0.7104173167013713,0.34421129490498825,0.33841143406223956,1.024350299866294,0.9111923799923225,0.06620791876507717,0.40416153547750067,1.3565519317517152,0.8088199610094405,0.728792162019283,0.024001076427428235,0.5948531427670515,1.6030981649787994,0.4637322923118025,13.01379880659284,222I,NK,59,M,IPF,1.0
0.5861521230002738,1.3039889091914303,1.988927647627438,0.48523158632137336,0.1274304750465294,-0.03166690997090643,0.7318769368836101,-0.006343563547828767,1.3078770057977385,0.05750595498777264,0.24272989811754433,0.11816419603567564,0.58950103930154,1.4149000996635923,1.4497940886839655,1.7058171482673712,1.4932157710153098,0.43762115327857376,0.5380156260695503,0.18692366333950702,1.2233217300410653,0.7069424479279366,0.9721310608457304,6.835945350809697,225I,NK,70,F,IPF,0.0
0.0842540983987098,-0.5033330874206448,-0.2785104754892893,-0.007968129247341568,1.3990957352370479,-0.00032393068369885106,1.0637384953184037,-0.04022182520878003,0.0971199373611402,0.710670836372048,0.41692764046463326,-1.2646310000268037,0.3548235494081783,-1.2945214396236477,-0.5432863651912169,0.6499553670148309,-0.5816577552371626,-1.5787919678214644,-0.01581069566212493,-0.10058572999382301,-0.4763200720067818,0.04847968315156035,-0.9781335617921946,-55.853023774432685,226C,NK,32,M,Control,1.0
0.8956877911065744,1.0655759626537054,0.5337539679859432,0.385928803449149,0.2240536024251858,0.09698053708080523,-0.6305307908091166,0.12536991663074692,0.979508354943779,0.6056413906711294,-0.1251203804915513,0.11689599689110479,0.8561082916327823,1.2863088447655482,0.49193327106562673,1.7717256102619598,0.08079427486868718,0.5583232589481169,1.510071103637993,-0.18550163118919366,0.037697907405917955,1.2777399806410557,0.022586171748255814,23.856161435411856,228I,NK,56,M,IPF,1.0
-0.11445664046563307,0.7842215707244301,-1.0211295386319064,0.22981574175292976,-0.3161799797315037,-0.050178320470896154,0.02668050335440195,-0.08247430584515719,1.066395536089768,0.15036416537346922,0.7743511140432617,0.35412546285580376,1.0046293257669616,0.6755044785911387,0.7044826812092823,0.5236513482486305,-0.17104859651643722,0.7413930701744325,0.3445776838979588,-0.12232581531410736,-0.20907098235142366,0.2768697843405774,0.558151306332399,-31.795980444245078,235CO,NK,61,F,COPD,0.0
0.16072554523757884,0.5276795649020862,0.16200398767891622,0.6841280258810735,-0.18896473335025094,-0.010669788742488792,-2.04549653358221,0.05423707813636041,1.3001888904079977,-0.1834302962584661,-0.8816762757731945,-0.47937518834271375,0.1923896922776679,0.9985386473913516,0.6686982612646298,0.19226367648422835,0.802266539447574,0.9107495139441809,-0.3183837261489329,0.19051143216637192,0.9715817766698707,0.2714468959756609,-2.017841234686779,30.79681111454999,237CO,NK,57,F,COPD,0.0
0.14685729801280722,0.21158815766533795,0.9144318080710343,0.021705825135998922,-0.13873320900482644,0.03848927118262174,0.38295858468739336,0.2809243484144192,0.8552614355355139,0.22770627179296749,1.5375576905365764,0.05057859005061832,0.5505077253336098,0.5918795555154333,1.1740238466265354,-0.281219994506711,1.3130607105007708,-0.9868907422200504,0.20297485423706005,0.4824480336265989,-0.7296629396874671,0.06955353471760117,0.5612386794546684,-26.694301086296168,23CO,NK,66,M,COPD,1.0
-0.16260740108967056,-0.28471342535887606,0.29028331174301397,-0.04221151566503011,-0.016258710917563382,0.07640531805554704,-0.5667776591323804,0.1869243566674397,0.5132267580115154,-0.47133277987183825,-0.256605556486226,0.20280038013975563,0.08840262881550026,0.6290235434305704,1.0939259363035907,-1.048160890162238,0.7920669923940283,0.8653634642102094,-1.0399051008851679,0.11611751180923507,-0.10270899858907899,0.1346375355605679,-0.31262128203705114,8.217013926298739,296C,NK,80,F,Control,0.0
0.1450618603339918,-2.113940054838426,-0.8493393778246671,-0.2872101855216534,-0.5674818326707078,-0.05067202755174404,-2.0712840915024118,0.26906258889456885,-1.5648518860774778,0.22669259264705244,0.6896374475156772,-0.15281191964468965,0.23289351030896832,-0.38293362330749975,0.24628909291645973,0.30427617370679083,0.283186362808649,-1.024525094410696,-1.0682846477127674,-0.02850622293808367,-1.8179782208318183,0.8077987341414864,-0.3468810678650495,55.8279408127484,388C,NK,61,M,Control,1.0
0.06952364658956271,1.1638384565012545,0.7522249914068255,0.7789114307675002,0.28100702042376785,0.08470346045264204,-0.27496846188110585,0.0529584476321795,-0.6986140039939267,-0.18321488444471384,0.3208791728969857,0.4687618406384164,0.048646574250855425,1.3192391109144905,0.5118150096396,0.8533247939169302,1.1112961876271132,0.9525047635677549,0.45303787187523453,0.2806728864661097,0.5070696921680485,1.3485399634104134,0.6535535769120084,-19.464846018553146,439C,NK,66,F,Control,0.0
0.6141462730280369,1.2908149570965592,0.8493568105501647,-0.35588428897017743,0.6799139538964372,0.16373337125425338,0.41423433268005955,-0.12971347369863043,0.20757485834573436,0.006942767438833332,-0.5196109287483208,-0.42330865547765334,1.0359399612347964,0.44554216784609085,0.4896526028929449,0.7352168634678972,1.6230460244492542,0.8781632452024859,0.9530729973108036,0.1491914086643635,-0.1659081197140996,1.1159873457551837,0.14758787622435926,-0.1646480213388546,465C,NK,56,M,Control,1.0
0.39448767892369746,0.435348541781116,-0.7440988160795488,0.21519960575069963,0.4583570338204056,-0.014464368561958197,-0.7997158471118163,0.2742037197769138,1.4914028779931043,0.22150738364715675,-0.9497730380484377,0.06478505256892085,-0.3345465611358301,0.1223305269493237,-0.15175324626478795,0.5895858141083345,0.44227430294852205,0.05292324303841134,0.3507256917013889,0.5156354585144257,0.40525931098166046,-0.15198787106466433,-0.36184873911857174,64.1338278190973,47I,NK,64,M,IPF,1.0
0.6220377336574785,1.5486255386177694,1.461166134397793,0.28227288456437444,0.35860095003590337,0.03377228777381959,0.2323617486975293,-0.0018679555890746165,0.41085277102313106,0.7329406122025113,-0.5782581429822368,0.16947204158676724,0.9752842306004316,1.99938645781779,0.7242590226901262,0.5283041614130102,1.5290695997420811,0.24903428841893754,0.8638320005625166,-0.0001459438250252026,0.6788773281517572,1.00458507511349,0.06476812115993488,57.57030952693779,49I,NK,66,M,IPF,1.0
0.42982977368335507,1.665135047430861,1.3048305007295042,0.46383439839681667,-0.07980522038169417,0.01750489337540653,0.47126218742239795,-0.1120470628170672,1.2360880766482494,0.3931462363790499,0.054365372646916946,0.2943889467217747,0.2712974180189519,0.6413440969711298,0.5602983140923669,0.3759230150285013,1.0031042619995925,0.7755452514833943,0.49074516862776274,0.22653714245695486,0.7222411560556412,0.8336248407122617,0.188636363088881,17.341265994918423,59I,NK,66,F,IPF,0.0
-1.0597320027908088,-0.554470325526362,-0.47735639276815556,-0.7610510347220638,-0.6193588479568264,-0.07411777156008287,0.5793871405617191,0.0933323743400978,-0.6767766035432988,0.7692359699280134,-0.9698639636739591,0.1713663466900814,-0.25285434355624525,-1.0734783172032094,-0.40285409041308445,-0.6909879917668892,-1.5399762671048958,0.07335204693459862,0.016275742138680348,-0.05498412937967215,-1.2050364987512494,-0.5519620299992172,-0.4888576498930577,-105.78878334468843,003C,T,67,F,Control,0.0
0.12338123581138098,0.8146468932209372,0.5893893162395162,0.01265753713938311,-0.15798351460488427,0.09477545138226934,-0.16387967568876632,0.16814066538892708,0.7094327099608023,0.0510409778041592,0.2666308317609029,-0.934433896807765,0.35088432353621407,-0.013160062711522848,0.7340041669656898,-0.11474291094699979,1.1918864107588438,-0.17992773003253423,0.20429286998003462,-0.07452718241683567,0.8838769884554221,0.27750988733492193,0.10989671644883092,43.021883868327556,010I,T,78,M,IPF,1.0
0.3862372709767235,-0.007773843191126917,0.8449838969691055,0.15284537395881725,0.23440783834866222,0.09942625396337862,-0.4566050774289108,-0.18255549582868583,0.10268380379576635,0.4032748585881864,-0.15299389707700004,-0.5671862874204183,-0.6399715667974494,-0.2573783419892037,0.3289856823837093,-0.9703159331685222,0.059262414769152595,0.3258889857842246,-0.15113237367881344,-0.7524923538380065,-0.3357501429105071,0.5806439221651172,-1.0402041571246188,77.81628584421944,021I,T,69,M,IPF,1.0
0.29237854005275443,0.4397185840985622,0.6540408253788526,0.5853596553627606,0.05296935554584136,-0.0052466963984555606,-0.3014404638137688,-0.12904313869904835,0.583896339898233,-0.04033601503242526,-0.06957260264104656,-0.19161250398309226,0.07200473842790595,0.1775767055611541,0.547588261271648,0.34367083159821743,-0.8078392757659885,-0.5027547134634464,-0.08171899399771078,0.0938285547104597,0.49370472477731026,0.06546548884490577,0.362037455366692,28.39751298971607,222C,T,65,M,Control,1.0
0.7452461899482743,0.6261502722441438,0.8653682910159797,0.015426298693854704,-0.27706275145508097,0.13336643912903764,0.031690409154220965,-0.001699777457640557,-0.225222304883033,0.3232096389712435,0.3878621918250954,-1.234794356945789,0.6322358154870344,0.6105488789854338,0.8184431356662177,0.03346826975377691,-0.24515802074281096,-0.6153221719341548,-0.1235371026651495,-0.25837082734043015,0.4564278221996247,0.16203707365430367,0.2156236777621546,19.167274820670404,022I,T,67,M,IPF,1.0
-0.6066674518334536,-1.165475539020597,-0.32730877569866634,-0.2360394271820652,-2.04532673642802,-0.11699256406212917,0.47651021093973317,-0.1040327067068017,-0.023373229546369945,0.21678653812984722,-0.44123932432818974,-0.6491988693232321,-0.39087702261862795,-0.21948559359744801,-0.3655912489154669,-0.7506626371048328,-1.3190780085267504,0.5463251018737666,-0.5371390177476918,-0.19689157941417945,-0.7141062093568246,-0.7914599247858258,-0.04501878102042761,31.666801722932867,034I,T,54,M,IPF,1.0
0.4341539874788357,-0.005909105919830149,0.8622535596101993,0.18712120999330492,-0.034047946710139346,0.13352221717024917,0.2666539868470302,-0.08548647417701472,0.20715107887066325,0.3911632796132904,-1.2261748840710143,-0.6683564846490454,-0.2797322341864368,0.5085044851230093,0.49742054328721513,-0.019154402320400506,0.30813369149602576,0.09520192604614265,0.2192435103309373,0.1477883478364632,-0.16203380085352131,0.6583016698154864,-0.6073471879895392,35.179533517691304,040I,T,70,M,IPF,1.0
-0.9801270044756338,-1.6139445780975405,-1.043923368385099,0.03856707681519535,-0.18048533575326084,-0.06253277255437294,0.35714462863359325,0.10186932429933626,4.332983394829833,0.3857802364029218,-0.19753345994274943,-0.22235682122273837,0.14745916859242808,-0.31378939722319144,-0.5305896768313768,-0.6286645262230482,0.8895511935399846,0.40172627048284854,-1.1369320365777291,-0.1544007796421706,0.9270604677930289,0.6840120286600784,-0.023696859193483487,54.94271077887031,041I,T,59,M,IPF,1.0
0.12570481062489852,-0.21743976669745915,0.2925412945275037,0.05207067893010734,-0.14869182293459063,-0.013088335284440351,0.7913527179875434,-0.059143629671254486,1.1749450558274885,0.31866171789352116,-0.4285335472019919,0.15723339557491384,0.7992990352399126,0.43966633438960473,-0.7639512338024054,-0.20695910553524252,0.5720579206014674,0.4619097979772505,0.4746153042229727,-0.1366773139256645,-0.06572876124548228,0.47073092267659283,-0.19300702551268134,7.035377447921624,051I,T,62,M,IPF,1.0
0.3298637404336024,0.7140339877639046,0.8287998087017222,0.2625082261601926,0.2345822088572368,0.02477544420178436,-0.26138162973188356,-0.043381911727721434,0.6693364868289459,0.21879066690956006,-0.2533287039003018,-1.770192715720495,-0.1239608286378644,0.12378093594387424,0.1445887337249447,-0.26338117918106874,0.386917471844121,0.39423416285328505,0.3314206627654046,-0.1559665722344379,-0.20625654447424313,0.5942318754781476,-0.47533316845282214,20.093025554816858,052CO,T,62,F,COPD,0.0
0.7624950353070533,-0.19219653692778213,0.19310426110497028,0.30894838868898084,0.35129116832358664,0.10665075282988684,0.6669287427431175,0.05903049560441998,0.30848424587097684,0.07499847049264705,0.2671700730425144,-0.42155393769720306,0.4543269784396724,-0.2707409992386464,0.026504953104544333,-1.1883877395193112,-0.5729925036956581,0.09153661804363766,-0.94404133953332,0.3120665431016479,0.36816360375806906,0.9281578113749179,-0.27696213235636113,71.37092582642497,056CO,T,57,F,COPD,0.0
0.06542803544556873,0.027506105646586627,0.5408862448710824,-0.07179266737297936,0.0002832590964399473,0.051388227521213935,-0.40740105558318007,-0.019324805909817652,0.2546410733492658,-0.16673218783406027,0.2809291836280455,0.23875107138840915,0.3993488535936123,0.5656946840482604,0.0022486332524969174,-0.13521014845014104,-1.707785445715527,-0.25669272868938353,-0.055159619051007136,0.16042002404562278,0.7742824011385367,-0.04208334364459938,0.028866138600199848,-33.69567557995686,098C,T,41,F,Control,0.0
0.7439577303317724,-0.7468410026950095,-0.6469759620096092,-0.054590725040041095,-0.39786297911637636,-0.032169704216182225,0.622864273807089,-0.02931004793841962,0.8930318356042656,0.7724426915373673,-0.029181570565322123,-0.25768944577214875,-0.5077000187072017,-0.5354062682617902,-0.5028897342035452,-0.26740343844371256,-1.619358416683532,-0.5802018756604277,-0.193977693165527,-0.05219067989182036,0.3092429647432288,-0.44739610410491043,-0.843531634324599,10.058126524670097,123I,T,74,M,IPF,1.0
0.1573132798693024,-0.27116636839881814,0.3984419786778294,-0.10272395913755153,0.10597760716404565,0.0030449722103619596,0.5881942625190203,0.0014224516970292589,-0.26479161396188455,-0.09166440263052261,0.3155736944328297,-0.34001620583862835,0.20869580811076222,0.05114008465096948,0.822570666896802,0.3102090667388147,-0.2695989958620773,0.25692945278523643,-0.22769411723697447,-0.08600661819158181,0.20392233657353845,-0.18713427822027276,0.1727737257261454,-61.454444880932584,133C,T,32,F,Control,0.0
0.37915801870390814,-1.1929201261221394,-0.09926475152921163,-0.18026795742825882,-0.30574904014041954,-0.12932540754413022,-0.31033784891682953,-0.08731288967314296,-0.2452090273960269,0.1306389970250034,0.09438473962079166,-0.856440424310597,-0.38999336971575593,-0.03429026432262385,0.05698675054769581,-0.7301125111904199,0.25759281987330346,1.1932543576104715,-0.6256044458380479,0.22907921589250432,-1.1837069406937935,0.07448732019902587,-0.30568186924715773,-25.516352068536033,135I,T,59,M,IPF,1.0
-0.3775322058980065,-0.6624611518512804,0.7681012535313941,0.23451641967202214,0.28751308741354903,0.11314750395328318,0.5613932275553191,-0.05473508634644142,0.5514239837790087,0.1630374413333214,0.7382852646156662,-1.343443973697137,0.0529975344454326,0.42347490343362204,0.4037503371179775,-0.1653119723235948,0.6652569519427278,0.23547664780591276,-0.04617004844744199,-0.36772078989690604,0.5258560983260633,0.8244209098637109,0.08171813458643651,54.63875439717546,138I,T,56,M,IPF,1.0
0.01815770101432428,0.41628223836910005,0.6282015172131612,0.37602635049043953,0.28760262745045095,-0.005073532827290549,0.726301985492075,-0.13685074970125846,0.3889405197130668,0.5097930955056443,-0.18458997392352244,-0.8367803495661199,-0.18415146778962432,-0.3643982345471656,0.18847976689854612,-0.2630955964174945,-1.0383194938033316,-0.16964260251106775,-0.17088147863979491,-0.12375296411983137,0.4001725001091004,0.5360699484547439,-0.10719515179934935,36.00850780182757,145I,T,67,M,IPF,1.0
0.9834649596225573,0.543286920555233,0.5831687182108464,0.052360756323642475,-0.007769610445502759,0.06707453843538086,-0.7251361371622678,0.05264787212204776,-0.22341799627393566,-0.23740181916305875,0.5442975253260842,-1.3643244293051255,0.014255551640418813,0.3291511060973303,0.21044958052515297,-0.17526857496366757,1.156668468006191,-0.0899344786885033,-0.24594719335646686,-0.03825971223407383,0.029212360915001682,0.38179600111777917,-0.28234158201943527,29.06378046861466,152CO,T,57,M,COPD,1.0
0.7534830238263754,-1.5759429898667061,-2.345785171742623,-0.5918689656146721,-1.2176288182557633,-0.016921744756350273,-0.2195896557210884,0.5238653337584706,-1.4148792509013204,-0.2590319888541654,0.41604025181382603,0.17258375917870958,-0.5392021741033303,-0.6510397392901544,-1.09231390086888,-2.4181847124644467,-1.9464600981519278,-1.2140011098862633,-1.7489470170441723,0.6671968238991643,-0.5346630168089788,-2.1420989538852364,-1.8013211702182317,-99.42828487456676,153CO,T,62,M,COPD,1.0
-1.21127585332232,0.03936727094735978,1.1473075847019318,-0.05752977620795102,-0.5480596335779949,-0.018018302877399653,0.35129702978615424,-0.10256322516803107,0.7435121776348576,0.3856874647624104,-0.28043431499911103,-0.8731240153218838,0.12315751938201991,0.2516167888487992,0.011765555196474067,-0.6302799115461248,1.3854175732981615,0.845497667238689,0.5894260391278594,-0.22444897986699516,-0.09943568513431715,0.57399155595588,-0.13836269743065843,8.09100374351415,157I,T,66,F,IPF,0.0
-0.7874054009388977,0.8266458814162196,0.9280748886316641,-0.0027507054669484122,-0.24718273192241544,-0.0451558925588324,0.5674359920389587,-0.06713331683088038,0.7568734288551583,0.12226299282556194,0.41701190324809834,-0.41280098039053437,0.19233789434520748,0.02344987403880481,0.11939353933962997,-0.32116073293357883,0.5814593715204313,0.006258430755235038,-0.14684998970808388,-0.031808091192070856,0.4789715606371209,0.08260479632346363,0.7828672744709555,28.182433283179385,158I,T,68,M,IPF,1.0
0.11947895371656185,0.46200551796953365,0.8676142484739263,-0.11176562386851623,-0.14919111446907582,0.09203291070331752,0.41534433679520627,0.015747393493532616,0.6709292968456303,0.40418522194207757,0.6494624426836515,-0.4632430074590099,0.6394749344276104,-0.3000185154371901,0.2544150429053029,-0.12867079037327922,1.8013677831077322,0.6460128794354073,0.7284027545052913,0.0036992410920627114,0.5509286833132182,0.7633991032630374,0.50545548129648,6.450280534450759,174I,T,67,F,IPF,0.0
-1.1869381053008043,-0.39162942104642834,0.5599441450654034,-0.22728196231432077,0.29528382972880196,0.10363094533116492,0.23546783872444332,0.2905950181885705,0.10939796139002918,0.5189654898730779,0.7413077799167671,0.3997282939306479,0.43768687537302886,0.3711454790024168,0.5441846608148015,-0.5189540376158069,-1.2126598971117881,-0.321815875011101,-0.5887064257071484,0.0938346548328407,0.34288773852274035,-0.18444643833480956,0.3548228135608938,158.680285123173,177I,T,69,M,IPF,1.0
0.09076379962242534,-0.08341604086810354,0.6337630574332557,-0.11504273869305728,0.2184846652279423,0.13006090944443893,-0.06587338124871255,0.2693080180358361,0.44755441938917,-0.45650448324469867,-0.03170593261471187,-0.14764279808061379,0.46975289185826025,0.20254843933048133,-0.025173429865198813,-0.19114165081295462,0.6951358740415692,1.74233621256401,-0.8946088811372626,0.02491672692343539,0.17417370842114702,0.37553535498875484,-0.08325064574447347,38.62123705222884,178CO,T,58,F,COPD,0.0
0.04170760547215418,-0.06601940347977958,0.012836195778956325,-0.1309558778158313,-0.043897541693705945,-0.11303840775496496,1.3637524391560831,0.08022302983850488,0.055647984244485686,0.38282608938321205,0.7952410647948981,-0.6000731044108273,0.15101373288335418,0.5679468215494938,-0.632067545472732,0.07115363274279585,-0.44594320871971965,-0.5392829094341117,-0.13114126619326844,0.2523265580127679,0.6549678862564494,0.09352470882323749,-0.05171471226156608,-17.90812369525662,179I,T,70,M,IPF,1.0
-0.2939752310945425,0.06789362187804189,0.5697206518019049,-0.13867960225615922,-0.3521648584625601,0.09182260153576116,0.13441850029868416,0.06484947875623817,0.47666940383400846,-0.21456888041519448,-0.37686655614629416,-0.8087324196939715,-0.30768178095132476,0.674938870715346,-0.12733813947573464,-0.42070749430447063,-0.3318150703962803,0.7913831536713914,-0.08911776434138383,-0.11781638897008648,-0.3914653985384459,1.0091273700062446,-0.9916514572712046,13.117009007544395,184CO,T,55,F,COPD,0.0
0.29263241575294857,-0.07621100830016962,-0.4646133093751912,-0.2200585663598008,-0.11937933292375588,0.04272631950337743,0.8728359912585397,0.03725130459178627,0.5964126576243868,0.12235317726796477,0.7951872505534086,-0.6561115653876884,-0.22387177659959595,-0.10847681288723374,-0.40624375244916605,-0.6400574770770542,-0.19538483040216992,-0.6454408555635021,-0.22745334770768522,0.2720857642116074,-0.513130359140774,0.2444119517108619,0.14066712147053645,96.74951515073789,186CO,T,66,M,COPD,1.0
0.054339475063156235,-2.0928508205077363,-0.9314916182376451,-0.2451128709466494,0.24863190105553057,-0.03385804050920977,0.4840897856730707,0.20395181033970783,-0.970530600686505,0.05239174297978045,0.7047798752699608,0.32810261318075495,-0.04892037557709882,-0.2323455321788663,-1.014000427121272,-1.3039939071632771,-0.2843685266653352,-0.5850507046842202,-0.6698256856797487,0.03769079908411237,-0.29313879576802554,-1.0840182052444052,-0.799694243029914,-0.32032626182372687,192C,T,62,F,Control,0.0
-0.43419074439332955,0.4181440750649077,1.1765716605565293,0.1097921890142487,-0.24131655744739974,0.03343706818235367,0.6590095075455066,0.03842706389692688,0.8860789994889714,0.23369905643224811,-0.07858884255250963,-0.5627247342158727,0.49179741333028454,0.11059689717390689,0.29907598154951026,-0.6884722985629363,0.31231683713780717,0.6102033647071071,0.4664950373030676,-0.015409293510344278,0.04224225335135963,0.6482636683917345,-0.11390117113855285,38.33554085820644,192CO,T,66,M,COPD,1.0
-0.24344902735415325,0.6760296443407441,0.954356322518137,-0.28540614807202275,-0.3856226672036158,-0.08532343336857179,0.20556203844976215,0.11989600835961159,0.489744961067667,0.09223303898305012,-0.22563720277794916,-0.8134829750810194,-0.12053213881704633,0.17026258308528816,-0.2977851831925382,-0.08863798094766742,0.6669661988724689,1.0188060493187376,0.7766997047509454,-0.3083512260199792,-0.2441682463729795,1.0116578965596819,-0.29121520070633433,51.20553264216796,193CO,T,63,M,COPD,1.0
-0.27571783509378595,0.29228040061900107,0.5235814583022419,-0.18259418448544504,-0.47885805639237505,0.0037120702085615574,0.20389549364052528,0.0397483756395504,1.0741558530506923,0.29152408357893,0.4727438278370146,-2.0963037725132896,0.3562660516905599,0.1812438400183359,-0.34151246164069715,-0.10102144878368305,0.1364919146218117,0.6826308428431132,0.4653937976134056,0.014516144175734103,-0.10099801633705814,0.3673965020780072,-0.4265896397631579,-38.0455677802443,194CO,T,59,M,COPD,1.0
-0.14394543732757456,-0.6168150885050611,0.4024134049746687,0.3606522445778621,0.0417141964938444,0.07673590282757158,0.0375281916182471,0.13575794953653827,-0.06722135833530812,-0.8198627215493266,-0.8720077615487839,-0.5052072320992417,-0.29294557282005224,0.17890410327556736,-0.06992566283311812,-0.848452564038094,-1.2729478371520255,1.2382992973074602,-1.2974290140148517,-0.46995645486668186,0.44353076827861293,0.2946705665615419,-0.8823633519897072,96.94452921650733,207CO,T,60,F,COPD,0.0
-0.6076085061020261,-1.8253463467394373,-0.8200516868208919,-0.36687295064928055,-1.7653367150840635,-0.2044286112350086,0.0279293483723092,0.23623435414422378,2.075888831992045,0.024492574354366956,0.25020279996743044,-1.4386099483328811,-0.5645466260238045,-1.1428427129682082,-0.7113165123302999,-0.912078255917083,-2.6824464539877875,0.7537110857466067,-1.377342955215063,0.4397548025068602,-0.4753666070134665,-0.7534054475032145,0.07054586096602804,54.665649337309134,209I,T,65,F,IPF,0.0
-0.4988253987462866,-1.4444567745229324,-0.574454393796488,-0.032883270335576496,0.3906187470832087,-0.04795308961442362,0.5037259161532288,0.09575049785440884,-1.0923546720419042,-0.18714303795603837,0.30791557977010703,0.3096753841373526,-0.38051486882505203,-0.5108235036588809,0.6690875778629222,-2.77682382684866,-0.9292097606727847,-0.8415950227782737,-1.046288643793779,0.11939757547931235,0.36037426431336,-1.1770588420815884,-1.6586278083047477,0.10904294427062491,210I,T,68,M,IPF,1.0
-0.42006115700298624,-1.1065213118958397,-1.479943419813125,-0.29467797766344667,-0.14683776107778942,0.0007210266022883282,0.5588950008976682,0.14778042914802986,0.17747197314182156,0.5717429112451201,0.10808380002901292,0.008134753637240935,-1.1753016601027186,-0.6613316604466006,-0.7509979961283065,-0.45872889070723016,0.38956474610393255,-0.3146320899388542,-0.9162142576308081,0.1123679620935362,-0.3883240080146528,-0.8256058935727894,-1.6336227934033176,-4.146040623251726,212I,T,71,M,IPF,1.0
-1.4737315393496973,0.23328192323476446,0.4542546683396557,-0.24423921485488934,-0.03337686596680007,0.03983984219081502,0.1819841488139074,0.22641839288576954,0.5985115264847083,-0.4072912827399448,-0.5050748228284012,-2.8468192147986136,-0.41287580165779986,-0.17699236005753974,0.03518744552538178,-0.71704238700986,-0.09677396033401353,1.2091236974775244,-0.3306214310640327,-0.15534929294132882,0.04147179022512214,0.5507314843579184,-0.5129054855112912,83.43383099894284,217CO,T,70,F,COPD,0.0
-0.20521994448444347,0.2603263929394627,0.043442729140309166,0.34651517654545944,0.2532554522360681,-0.007622678388240893,-0.30506237918899826,-0.11191288182959055,0.23364778916069512,0.20516894558792995,-0.18302837558360102,-1.0901932925765927,-0.33256552027713104,0.6798885417697615,0.011437836967913392,0.17594675478438654,-0.3944764989021757,-0.41431237776341545,0.1507934528853727,-0.8171449442194996,-0.15094053817985456,0.7202953013210159,-0.5396434734808189,-6.503715348947026,218C,T,29,M,Control,1.0
0.5495357210534894,-0.8329408621158877,-1.4428112006068057,-0.03465376869192024,0.002912354012448966,0.016504350389714453,0.5344280600756323,0.06471153245350775,-1.1524797314368718,0.19847597244402546,0.4085973780592946,-2.5390092722883857,0.24946685404794117,-0.8530368847611556,-0.5572923322960237,-0.5716191823246531,-0.8385317531280658,-0.07100672590371182,-1.2599275972500041,0.1992871489803594,-0.06746824718934935,-0.3638095087578167,0.6695313426799029,-49.0271446185677,221I,T,67,F,IPF,0.0
-0.16360430268856435,0.9377599056588792,1.520496247928873,0.28041179854781006,-0.13786988657714383,0.04663305139269472,0.6595605735588095,-0.1353159930078809,1.6701027024204995,0.8453032754993455,0.04208998510082816,-0.4780569352618305,0.6967351074329103,0.09262070526554755,0.5792918610702343,0.1153050953976183,0.8697155805138327,0.0946858541844713,0.6035160229605412,-0.01106999532999419,0.4713079327278091,0.7087920561723232,-0.04309181142404712,-4.487180565072585,222I,T,59,M,IPF,1.0
0.2704789117437648,-0.33381546122000566,0.24786275321741805,-0.17291840857437893,0.08325587447779255,0.007612256884811391,0.38039416997202696,-0.03263243262976251,-0.18561083129227518,-0.8687869993266507,0.06873522563177764,-1.3368455270723114,-0.5590640047497111,0.08611769399700878,0.008974142644687464,-0.07665401210010347,-1.4010280358338714,0.5934626960774921,-0.33132123481101966,-0.5582481860363023,0.19772386976474896,0.21383699595388903,0.041195013233191795,-19.79038666914917,225I,T,70,F,IPF,0.0
-1.3914095645082223,-0.4167510562404006,0.266073162799793,-0.39157854847786316,-0.1795095659979413,-0.07658916146893323,-0.11113939375952757,-0.031019994138141604,0.8836472799255649,0.2547013870576344,-0.000268515315453622,-0.15051428678411152,-0.03714249602105183,0.3402886576636815,-0.1936786411590628,-0.05073911478736598,0.7699937687594077,-0.061186973538720116,0.6291925479438818,-0.47630087595893233,-0.2533434876668169,0.2389273342672184,-0.04335839618796602,-68.29065419977051,226C,T,32,M,Control,1.0
0.7799967763268911,-1.3496698284102973,-1.6853898952050153,-0.277512639392168,0.05199701434845075,0.5410729860411104,0.09041356475219386,-0.0877001965044445,-1.0904009701168615,0.6944358242923153,-0.033350025486431276,0.16366739192471394,-0.31371868247741996,-0.9441207868023611,-0.3464583028201434,-0.9775536785890666,0.20029675095312655,-0.5024761006063019,-1.1636575953459016,0.2878637115179078,0.491958071569181,-0.8565288757499618,-0.69342481547323,17.431005947106684,235CO,T,61,F,COPD,0.0
0.0796473233991324,-1.4305666596794742,-0.9344199787965918,0.2388034678378489,1.0674216758446415,0.7591738457600502,0.49386597709901653,-0.06378703320862625,0.53750550203925,-0.630398038812708,-0.5801065041790044,-0.3280762687528641,-0.9081532586100866,-0.6880724566001016,-0.158584113552581,-0.7191299501295954,-1.922397605165056,0.5265104500542945,-1.7518898490322803,-0.225051857038483,-0.24238395974597202,0.2879965099020259,-1.6484915763836452,57.11675944890896,237CO,T,57,F,COPD,0.0
0.38462984691785346,-0.22258026941434794,0.7240844321669182,0.24915232078866836,0.5881457194824548,0.061465085987697184,-0.47696477500516266,-0.09252306637387905,-0.03682225268039857,0.29620054846755706,0.2737098120752947,0.010314645992511376,-0.541137575534135,0.3126670216539353,1.0198527246239344,0.47380172332910014,0.3308864190299424,-0.01508739631297401,-0.09248751600873699,0.19313239950842723,0.17876352336583043,0.65302948815846,-0.31621136132537475,42.39522093608373,238CO,T,66,M,COPD,1.0
0.6916388631467586,0.12481568461443,1.3398002004860958,-0.3071269819441513,0.1746806823433447,0.0304684217569541,-0.17959766205017053,0.0941223266979046,0.36091106222294406,0.5474709852580688,0.43031495775246986,-0.07599880906907099,0.6390579137098786,-0.4082342452074048,1.0182346360470862,-0.7040209832833543,0.7881270676473796,0.17660300455578984,0.45691608633286923,0.19636808001581949,0.4520934828701049,0.718646730040753,-0.1985205863595695,-21.244850157662857,23CO,T,66,M,COPD,1.0
0.3595528730628604,-0.9295182252176614,-1.076458152908763,0.47271717055282586,0.0689400967609573,0.1515872954529789,-0.6510756021516602,0.28336357754422403,-0.802869723233423,-0.2965665838548103,-0.04834259715356762,0.35981802104095334,-0.2262034057252884,0.02013854526337991,0.013486772532748891,-0.8733020635101797,-1.4066285357195456,-0.31385386399922965,-1.880151787219246,0.0951197805622058,0.08432252335645384,-0.20649355290759364,0.3116999533013343,43.901227677136184,296C,T,80,F,Control,0.0
-0.7890540590300248,0.12776159895651687,0.5606342751033743,0.512138932573665,0.5376946839095175,0.004852794469199752,-0.35390569084106377,-0.07699609021879467,-0.5486995897323045,-0.04294668636398101,0.057456565811198665,-0.13311879304267524,-0.23419180652025315,0.60066685080947,0.5932029732830484,0.42922676964836476,-0.1832002843691189,0.4296383846014805,0.11197884613389825,-0.043650417799770413,0.10883846269802082,-0.27071426964681966,0.0018680700009066535,51.53948664323508,439C,T,66,F,Control,0.0
0.7326635917978692,0.5124983072616216,-0.15172351412141033,-0.5042707607800326,-0.10721658721359881,0.06949352488071732,0.43552382334890716,0.0009707343387980946,-0.09273662159462763,-0.35204013407003293,-0.85093103194651,-0.47507167019936813,0.2628005870032832,0.032465093478334074,0.29039638192642164,-0.021329330941259314,0.2039838510014871,0.3967334671739818,0.19644986267811126,-0.27608199261735883,-0.003682669252077625,0.34893307403276613,-0.36178723643357275,-25.15739965699826,465C,T,56,M,Control,1.0
-0.13279970468385477,-0.07144817375114017,0.9323194216291436,-0.0052914719721517175,-0.22493778691997304,-0.03694635208182394,0.07123158515415576,0.11570651989535163,1.58363725610182,0.2412673280978057,-0.2580563917947102,-0.7112910188134028,0.18537273427625292,0.5238759594856411,0.3705378148514051,-0.11966914204784503,1.0212938089400567,0.7046171387592663,0.8926975363989931,-0.42828081998736134,-0.4232761654473406,1.1349252628956858,-0.2864267052972772,0.3125906190481059,49I,T,66,M,IPF,1.0
-1.3813412717900624,-0.0829304476862357,0.007614041510945908,-0.16117872714174727,-0.27633996964365015,-0.05559213215813776,-0.12487166654150308,0.05619218915944021,0.7344363161179988,0.16711619738861283,-0.23214035180202344,-1.3385367819985061,0.3734376973553232,-0.08799723802490884,0.1504520833937989,-0.4058119504201093,1.2173710483364855,0.25777275191811955,0.8332391464872364,0.4138908198172937,-0.27390147514000196,0.30300681133728236,0.03761721822165363,25.86737708255022,59I,T,66,F,IPF,0.0
0.8677988290890966,-0.8959803918539183,-0.49285962266215566,-0.2936429318217683,0.2344276412047652,-0.08465776628379958,0.6845495708986935,0.04825222106330535,0.33764754743533687,0.4640996771849791,-3.521592594534835,-0.09387007382582914,-0.08131946333679607,-0.16661635186252216,-0.40757408322672556,-0.5686716446640402,0.9684290496373935,-0.46520470242861867,0.03603110098000521,0.45039128927381866,-1.1512846670790207,0.6128870045959851,-0.7219187379171271,50.34869982374159,8CO,T,65,M,COPD,1.0
0.5141331727512419,0.01704821685375335,0.507197974320227,-0.5140086637108318,0.36767766509280086,-0.05954624007322674,0.24299193806980418,0.005666505755370326,-0.40350211516192197,-0.005856721676809032,0.044587675626386866,-0.1490203177044219,-0.09437394057663967,-0.5693358590064637,0.014956643812355373,0.035515212330404375,1.006278307782755,-0.11091819786165007,-0.036870625034296674,0.023847618463753745,0.05921492719854907,0.4222666441341463,0.05628090537066414,-89.47653778542978,003C,T_Cytotoxic,67,F,Control,0.0
0.44964588618756884,0.4254542905882096,-0.2810526744048065,0.016290383142745977,0.09185766392326852,-0.0021385242024615624,0.18584896722815586,0.17451517358360139,-0.4238087793451896,-0.4264183846369012,0.24169124265895944,-0.0244884968247268,0.23825663194595453,-0.5377847234054449,-0.383369328348185,-0.6735259699334093,1.0758807271671327,-0.1946138067888181,-0.21111365055238396,-0.07103125321976697,0.33790592852559487,-0.313111790186392,-0.24118100642503165,-13.886137920111121,010I,T_Cytotoxic,78,M,IPF,1.0
-0.14558971071507532,-0.16795497948598692,-0.6200490589314225,0.20741279407620808,-0.29299911652952476,0.04620637313819534,0.24929208241163048,-0.047115492711499944,-0.30009568205509424,-0.11670373386745395,0.033976859272601204,-0.8196433561055179,-0.10390669948312231,-0.24997276693359016,-0.4913274482852232,-0.43101895599641965,0.41433901990337674,-0.12886353735011416,-0.11529436359219841,-0.18194800561298616,-0.2633173839654646,-0.2960473781042614,-0.34615794838744085,-36.90632365289877,021I,T_Cytotoxic,69,M,IPF,1.0
0.37024617841749957,0.6918444561889685,0.7065891010045184,0.5609587435769379,-0.13973014083523067,0.025594146169511292,-0.06514815230538627,-0.13046918179650127,0.6028039583830702,-0.37108017703718243,0.15138188778565922,-0.2815516299969474,-0.18395230442027555,0.006468297179896768,0.22249683953115934,0.5356467918994064,-0.34835671420575365,-0.8123709768723137,0.2216918221323747,0.037975034132925155,0.5811606392289915,-0.33398028005358754,0.2576559387701037,14.764412406890314,222C,T_Cytotoxic,65,M,Control,1.0
0.459457636538753,0.04066409308255473,-0.046905808197594434,-0.0011325560232670574,-0.2847717054532294,0.0175764861705555,0.4852216486211375,0.17910679791858083,-0.1399161715819368,-0.389222753422185,0.014575748064183793,-0.24724362883651155,0.2975416405779544,0.16931337313273923,0.4189685387641307,-1.0212065800148808,0.3757168517564245,-0.9533177878035245,-0.48964626900693276,0.11803322297021038,0.13377854445129456,-0.24589771209114122,-0.19786270310774423,-10.297953310313272,022I,T_Cytotoxic,67,M,IPF,1.0
0.5390332974787422,-1.7769712214303144,-0.9503215409319531,-0.306936086642741,-0.06520175718860181,-0.19605550567362068,0.41395257555371345,0.2034816055689104,-1.2648909269845803,0.13516615900692008,-2.850177743715025,-2.0461416230113336,-2.5203623699420867,-1.3472512373430217,-0.2530790309374066,-0.2798987493746273,-1.339877359349801,-0.6100939123923385,-0.7546896170293731,0.16658051004766766,1.25733250589605,-0.9460793275205667,-0.8329371980371995,-5.958260824787835,034I,T_Cytotoxic,54,M,IPF,1.0
0.23133140407744746,0.10618547636072402,-0.13612760166705892,0.03723643100227421,-0.5634892396227242,-0.0692206732869686,0.740179661064417,0.08113127746934012,-0.6999780276284068,0.09894507910580129,-0.06727644076844287,-0.3918542798523185,0.4655370734012471,0.3508659763797948,0.17307018266184587,-0.5680724859329356,-1.440260689111339,0.0764028022474227,0.21213406222056855,-0.21437061505820382,-0.23449563884781863,0.33940753758418074,0.010703649696878988,-64.60631309852289,040I,T_Cytotoxic,70,M,IPF,1.0
0.3540863632807666,-0.6723444882187918,-0.43601635100073644,0.07693226990311298,-0.6009951330255379,0.0745820267108474,0.8078159289564816,0.22585585195812705,0.02815408310089057,-0.19855697117314047,0.349126088548428,-0.04921461959952833,0.45729377542141947,-0.6070065520921369,0.7089465632095878,-0.5482735591443348,1.2106688003835537,0.1727947896882923,-0.5558272649753735,-0.34277946059377346,0.39810987190008634,0.4592620325500105,0.14619072966431204,10.238925244877272,041I,T_Cytotoxic,59,M,IPF,1.0
0.7071175258488025,0.23699921503732874,0.829986767794107,0.23095768615304804,0.10574991687467196,-0.06963575004596308,0.7631821423310586,0.025658234240301864,1.3616827903189834,-0.28399672326578224,-0.42658457945947253,-1.0363475462887781,0.047809094091654084,-0.3690465971027369,-0.008325709222159495,-0.07251199718831988,0.6086118202933481,-0.31234631027071613,0.7834644880907782,-0.08758650370056816,0.2187924605427149,0.6723607409510779,0.08314047947350739,-8.80280540579524,051I,T_Cytotoxic,62,M,IPF,1.0
-0.012339594043363853,0.789472589386002,0.5895102106278601,0.09679990132436767,0.20214039162183292,0.0349144387193138,0.6513299886883166,0.10375839140414642,0.4490870967220701,-0.21194713892820147,-0.36249950208919934,-0.8870699339758858,0.08303733131642443,0.015250479101964504,-0.3737715777515664,0.1945517322740612,0.696676490550189,1.1090184655020907,0.7023675773436713,-0.12281017429480606,-0.27125006564700566,0.4886783061914404,-0.04928488177421847,11.210923433642684,052CO,T_Cytotoxic,62,F,COPD,0.0
0.18961305839546866,0.2841303969399589,0.6904930194905635,0.09761349971456296,-0.2365256140747488,-0.00491608726336835,1.1991451576378842,0.211843045654626,1.0332044272873309,0.8838340423710099,0.15304010088146947,0.08162979828142018,1.4220781389602535,0.5807458715942933,-0.5013937168762334,-0.052671690071613445,0.5671192411993538,0.6510618633103733,0.6746668415471655,0.37391429329126813,-0.9472999005481054,1.2674025632242063,1.0558416325940192,42.81724178374757,053I,T_Cytotoxic,60,M,IPF,1.0
0.31222809790080824,0.07145285455602883,-0.12808353582514026,0.38227169995252563,0.029033189020371955,0.0891298752669809,1.113054539371733,0.18788684710799763,-0.3330595140106099,-0.5674244526419194,-0.1529038506799155,-0.5349273746646185,-0.3906206768537354,-0.3057543331194599,0.5606536890812943,-1.3279556474127119,-0.5928150091743601,-0.5718217959867513,-0.9306308102058827,-0.0813689872780784,0.7162127608047506,0.03515332172438098,-0.49202323178870366,-13.401511911318405,056CO,T_Cytotoxic,57,F,COPD,0.0
0.24797285251678425,0.6162251614354183,0.9616140772729667,0.05362781947041873,-0.10749266464554255,-0.010628434255173807,-0.46604669941409516,-0.05610489368555684,0.6551460936125261,-0.471397208791304,0.6250715990774997,-0.1259836074087737,0.43950056469235366,1.032564471737861,-0.008487180536561856,0.013008115616986376,-0.7461668468521289,0.7515432797986161,0.5801802010378163,-0.008100403728940518,0.1761271524581123,0.2848408154541621,0.5030455675346096,0.3934838599528126,098C,T_Cytotoxic,41,F,Control,0.0
0.5055654861296281,-0.8142062012061622,-0.9888456284316729,-0.09778856595870357,-0.24242629974922558,0.14688340779307185,0.4722220344370743,-0.07833712640630716,-0.6223960699063175,0.24133324339275342,-0.46365992519907195,0.7965186797353829,-0.044461481349767955,-0.1536623923745736,-0.10944547532560714,-1.0151978119193303,-0.18781143942414075,-0.9421207474481796,-0.2634095910747919,0.2792554990447297,0.24176444091131402,-0.06769439818417912,0.09463057155334213,42.13335781257249,123I,T_Cytotoxic,74,M,IPF,1.0
0.21346982106284007,0.36376421140455273,0.1965685235760332,-0.08706809209567723,0.4955010043778456,-0.02905587681246563,0.11508042288020529,-0.059694456278165234,0.9813048656386146,-0.17581163869376804,0.17415987001807196,-1.0283832215428141,0.42662805002684295,0.7621765415238881,0.22957380559541707,1.7100978091660195,0.6130024485052846,0.7251512411090953,0.41074741482179844,0.13544938078764765,0.25964029281256457,0.5438640143087096,0.6532286150409652,-3.8974783931223316,133C,T_Cytotoxic,32,F,Control,0.0
0.039500146466956335,0.036655538658650615,0.2715038351707864,0.23586507926633296,0.02187370739765048,-0.058774492965034786,-0.17680467243994463,-0.09750178966896686,0.4266449470796927,-0.4801741961354584,-0.12264455871016257,-0.9289107379693995,-0.4512806235964524,-0.2264850385916676,0.3639310754493593,-0.2739322368834454,0.899752990325112,0.2567239549628365,-0.3292958733407501,-0.08907283780105704,0.2109075655584073,0.23224278120941064,-0.4279935436856961,-42.86928346974362,135I,T_Cytotoxic,59,M,IPF,1.0
-0.2168323254554892,-0.721410001820588,-1.6381452163916121,0.04783532402067409,0.03353749812929692,0.275275575698908,0.6089684343213303,-0.007263033613412465,0.3854172858857186,-0.3410033756549803,-0.1823316536869862,0.0050980620445526285,0.0960463181433473,0.014962858901248106,0.26054518838686214,-0.6571524975390985,0.21876858773690896,-0.6228838393164603,-0.6195361860962412,0.07231846844955794,0.1287411046740453,1.9723065082746631,-0.1749467258469332,39.75403281556601,1372C,T_Cytotoxic,21,F,Control,0.0
0.30338986495529874,-1.6577444467442715,-1.4223421037682267,-0.2570650856238307,-0.687712141606595,0.026090761599115816,0.4368620837789425,-0.017423123990478538,-0.5808913951549052,0.35300920686790865,-0.08702474992107212,0.09247479652530453,-0.6862723782772958,-1.442545311750866,0.37344807513748896,-1.0288781891746892,0.7256273259908037,-0.5428654947352342,-1.5264561297433152,0.6289082578518007,-0.8631522986544011,0.20373363152594884,-0.3468302537483404,43.01291646740374,138I,T_Cytotoxic,56,M,IPF,1.0
0.19468220793164787,0.4945656167677278,1.5368059352585164,0.2429124032969265,-0.06727401941773867,-0.03862586930812399,0.9859368424781486,0.08654714781126138,1.1876292246205118,-0.16405035400503926,0.4182922334072785,-0.1360494968683909,0.4207104692942151,0.7200355698697302,-0.3561584201484975,0.400913647381185,1.1603590059440392,1.1022135602222443,0.36946631742728886,0.045095102581059386,0.49474485210599944,1.553741863647582,0.46875590201632905,5.743628939105396,145I,T_Cytotoxic,67,M,IPF,1.0
-0.1393832800025871,-1.3354782544084454,-1.5225112934050573,-0.3233116430269602,-0.10384105846003144,-0.11149315040471844,0.1886396604236109,0.20010300704039638,-1.426917004570714,-0.22125899043033334,0.4958708303425691,0.17636444716370753,-0.3870325181974321,-0.5009908575472234,-1.1778517905944272,-1.8939341598988086,-1.0421252676201513,-0.303603937250136,-1.2388714751435042,0.4962945882763374,-0.5091318551076387,-0.6696077317764026,0.11792666600761048,-124.3446708423061,152CO,T_Cytotoxic,57,M,COPD,1.0
0.022566326638271184,0.24477962691756064,1.347788021451088,0.15517805273353294,-0.17126604792099814,0.020155658668312346,0.8294823060415033,0.020865229103922692,0.35051362750908804,0.2875306613799289,-0.0016231158908339809,-0.8061050588495562,-0.05548055267032816,0.5453255015898169,0.1155277012542474,-0.035820526005795134,1.591680454374349,1.4409011131103227,0.25505984814141186,-0.007442640882937244,0.22956823635762927,0.7226942672429106,0.30945006645740175,33.74073782042905,157I,T_Cytotoxic,66,F,IPF,0.0
0.2500619023249699,0.8581916875129609,0.692895326773385,-0.18068868954323594,-0.27336079958779624,-0.02378857090637725,0.7237118603752679,-0.006235604146450486,1.0895307425823264,-0.4679953066824683,0.5755625082186651,-0.23495014638038472,0.5896387942900018,0.14285886300934025,0.04447236467259269,-0.009590440310087232,1.0747219180732985,0.06926442701131073,0.47386995257076453,-0.09073442442524682,0.797891254404989,0.3535315705145995,0.6067194115560298,28.380932661872997,158I,T_Cytotoxic,68,M,IPF,1.0
0.2602220031458069,-0.3618440287836169,-0.32001716903843425,-0.5130420295144682,0.15948441386927742,0.06122309624423392,-0.5034744193755668,0.08387216445977458,-1.164562728778862,0.47917972758828453,0.026447210061586974,0.39978480575950054,0.5120894394619037,-0.18835225467565633,-0.4481630146122411,-2.7402656450633542,-0.42764581295242965,0.0203883329737343,-0.10828313690839028,0.27261133399989246,-1.0356615657011756,-0.9360322854816044,-0.09643970064504925,22.887902387425065,160C,T_Cytotoxic,64,M,Control,1.0
0.551936243224466,-0.7393698708529011,-0.9762381627401883,-0.12947867540148006,-0.15117733428490554,0.016723862197076358,1.484717692857389,0.18507318922225793,-0.2463495258988894,0.4708917785399528,0.7496994676917913,0.33941304749942625,0.05823776589582697,-1.0490835139875412,-0.1600877228252193,-0.35293842349173704,-0.6575610447602408,-1.4561734136970057,-0.9023455546957881,0.20380944793797698,0.09527422739752829,-0.5589534354677249,-0.024626739444905572,-19.618425787319786,166I,T_Cytotoxic,63,M,IPF,1.0
0.24136710251611396,0.16130192156017353,0.009770310995121025,-0.1543952660094147,-0.013810730712210856,-0.08070868892996726,0.3413096759201691,-0.03418606478227616,0.2859782800878737,-0.2282402456795258,0.5073001521896379,-0.31461937766358283,0.33591556406285106,-0.43282285090781514,0.5750977610693646,-0.18183192989347766,0.19507459098937419,0.004708070618561818,-0.1925280701392333,0.2673284098206151,0.18823380306310225,-0.006739969933377828,0.30668131778640506,-16.207903111078316,174I,T_Cytotoxic,67,F,IPF,0.0
0.2764135329477728,-0.2815208507040794,-0.4836918334181728,-0.21598831122039705,-0.44739954641378704,-0.10337682832400999,-0.647812718491992,0.10758358223712824,-0.3407391399968688,0.24835351210197046,-0.4734220052490244,-1.0495988179047309,0.08061703899503922,-0.12651578496100813,-0.48848079115871207,-0.033742283588867286,0.26886837531002955,-0.14758702199157597,-0.524270523183159,0.2974415247679695,0.10474805560521055,-0.22285318486794042,0.0735814948448826,2.7102736535323517,177I,T_Cytotoxic,69,M,IPF,1.0
-0.2722978222799718,0.18715749460440015,0.7409001897316649,0.18360517596605416,-0.25490933311402325,0.0539605181290409,-0.14710928543520024,-0.02695200144546625,0.5214018507213184,-0.494378599009927,-0.2841826277149218,-0.4697038346456547,0.5487426433297038,0.26744090526805575,0.2064757768507285,-0.4760590929746387,1.0107937572468748,1.1301063520564993,-0.28269985780622153,-0.07844155383662318,0.3618092982509567,0.9958354104355538,0.09683695125996081,59.48887623808584,178CO,T_Cytotoxic,58,F,COPD,0.0
0.050360819504799474,-0.5568653032236673,-0.15496100653540998,-0.1324840713975222,-0.34614654184065374,-0.24141124453073265,0.7803840750854868,0.18412289915933827,0.05344150592621433,-0.2054282417060962,0.8545736013565723,-0.2854893284644683,-0.028126290436899924,-0.38174979499031,-0.02230978518351065,-0.39550076627601694,-0.34473800983425334,0.03752644567515803,-0.7460522973942172,0.4834042518623079,0.23406675565805957,-0.09923171075315154,0.036765477707235,-44.57598063880685,179I,T_Cytotoxic,70,M,IPF,1.0
-0.11677709574082211,0.048934177176940714,0.10932417527069713,0.07659339553459121,-0.4754881050360498,0.003556468078817136,0.4659292448798305,0.06164908350501585,0.5620947314124671,-1.0664072327348961,-0.34799406816921397,-0.7156407755258347,-0.41735890846072343,-0.2567975418498533,-0.07111947309642529,-0.4074170523752865,0.3570676271572449,0.07129333468041076,-0.3645701285819758,-0.4895181163695783,-0.7610514445542669,0.834077322816321,-0.9176242240232915,-2.202995853140196,184CO,T_Cytotoxic,55,F,COPD,0.0
0.26050124388254103,0.6256630022805961,0.21804860026569328,-0.13153309290753012,0.05559224385015482,-0.006532998452171087,0.6650373422331576,-0.0003981952855886678,-0.01386942912365058,-0.23252913975579795,0.8615663971961831,-0.3822630350755856,-0.12022415912920364,0.39930252693362867,0.4054265197160329,0.11090374330331415,0.4982095692362312,0.22003745761833976,0.2271924277625524,-0.21293218308959544,0.7458125963315407,0.2032199158471275,0.2491060237213771,13.99069849753007,186CO,T_Cytotoxic,66,M,COPD,1.0
0.013423823430138988,0.6783115583848462,0.9522270852742064,0.05140696724734179,-0.08736594599688911,0.02475790445019732,0.5050587800376993,0.2016111095440033,0.9084663915795262,-0.06240098197159071,-0.009497139480001481,-0.2711754788494739,0.6878072413730629,0.14486952105249093,0.07939799921872845,-0.5135867173121125,0.6375237178709358,0.6446527406606941,0.7796674972507585,0.11197142495114236,-0.04267844838137816,0.8447060909418007,0.16406351075305073,24.621995130061197,192CO,T_Cytotoxic,66,M,COPD,1.0
0.460401445759055,0.6465004489586896,0.5929078160777068,-0.009757161512281658,-0.5459330189105319,-0.13480869196640757,0.3740289636102258,0.14173788310070373,0.6700755323034367,-0.3960544988296174,-8.026985016596974e-05,-1.0147354087842764,-0.2363357430951416,0.056412750635050836,0.3447897574753452,-0.20150676362437234,1.408882452639212,0.7792782757667103,0.3536044536573633,-0.3493039571251407,0.41603013758214274,-0.03863469397021867,-0.5344757218941635,73.49775844615854,193CO,T_Cytotoxic,63,M,COPD,1.0
0.06488928434962396,0.3726901662432069,0.4341572707075064,0.13934887037313165,-0.5597550985821441,-0.10919130693183018,0.493144551203541,0.2156866124915345,0.731937424111018,-0.003481934492059433,0.7316837741889971,-0.4063037489652303,0.5575885430290255,0.1872772404912915,0.8012152916416677,-0.10164032771635004,0.3342309345724432,-0.18986887472414668,-0.056679738134826914,0.11261983682267998,-0.520066423100671,0.4090216876855916,0.33889599048433383,8.64781751264049,194CO,T_Cytotoxic,59,M,COPD,1.0
-0.13753983046038243,-1.1037032908324718,-0.86431225142063,0.1998022612838297,-0.44298032700153306,0.09957782667053805,-0.23897512257202042,0.03445436507059928,0.0007414173476438229,-0.9121554077171192,-1.524234041568516,-0.9606029716627629,-0.5689248025057265,-0.41569173270778226,-0.23678265504450532,-0.9755007970611179,-1.4969681096818865,1.238164130873114,-1.1029480731172556,-0.6395990868142157,-0.026856704038842456,0.19581213845230616,-1.2522963395502216,-28.19061278138554,207CO,T_Cytotoxic,60,F,COPD,0.0
0.3966622745101056,-0.2755161224263616,-1.0020404878844256,0.13314731577107156,-0.20399970333273096,-0.15201354294214686,0.7656945774053312,-0.16261314095012086,-0.5577902834444836,-0.3093191648901379,0.3961689201427014,-0.3393070317535969,0.09652850355299528,-0.6057154060218874,0.451867320341434,-0.22961303135642622,0.6743738249493304,-0.5707128291437096,-0.47107876548659133,-0.04982619319659332,0.5377539535808322,-1.076981433648736,-0.2026543653269484,14.350405174982239,209I,T_Cytotoxic,65,F,IPF,0.0
0.009261113048167218,-1.5785917443260564,-1.1678735426323636,-0.22984726257000124,-0.6576405850911448,-0.23163081877258837,0.7672993711804228,-0.04840110262999137,0.12452555390126631,0.8199169882280224,0.22668917918203768,0.47914590681523866,-0.592309674001476,-0.8855337557057498,0.12954234302606718,-0.5396747095866795,-2.4979731386416546,-1.2438301411128465,-1.0935090758361465,-0.0769289914470134,0.28412098230578015,-1.4586177715061777,0.018631348347018864,-20.89556511286023,210I,T_Cytotoxic,68,M,IPF,1.0
0.2657454169556006,-0.05082450341362308,0.5766305379918624,0.16029381988986544,-0.16406302499502357,-0.11082342698441666,0.9048023631525459,0.13212934604393287,0.1630819764787073,0.22769199907238308,0.2655126974007233,-0.699414131516133,0.7378465281270659,0.585926713508751,0.23565025734213305,0.35269827766564915,1.3134754517493963,0.7512076390372138,0.5251667699903315,0.038318853458280976,-0.005079429528075888,0.8238560504473516,0.36866604931498614,-1.4970567273960906,212I,T_Cytotoxic,71,M,IPF,1.0
-0.010478905735017884,0.7916349415520997,-0.2690431072536274,0.06279920159094693,0.04969030815931628,-0.012863791940268456,0.6612720558639601,-0.009700169039472215,0.7562374942996036,-0.26983166578400675,-0.10108315325561912,-0.6859499940835323,0.32825606386649986,0.7361649043457983,-0.8872738218074394,-0.20260573472778434,1.237603205408279,1.7025925194640306,0.46951803501665956,0.06300839739463489,-0.38668893545288713,0.8676235239324539,-0.10792946884812087,14.600342099773805,217CO,T_Cytotoxic,70,F,COPD,0.0
-0.0208857169328774,-1.019887913804016,-1.5773064354746673,-0.030842496739359872,-0.5073087824298076,-0.06522993452626645,0.466838415428884,-0.26218982581104594,-1.1053000672413773,-0.46348370067028366,-0.17434553563124364,0.431901051790475,-0.8778082205366311,-0.3668407513778501,-0.031170390239523667,-0.8897655635227003,-0.6692487811708783,-0.6518682400307642,-0.8868494832467808,-0.856612699546221,-0.08176088735681648,-1.677244958411704,-1.0163003230979295,-17.659275663460093,218C,T_Cytotoxic,29,M,Control,1.0
0.6874921510116675,-1.5502138289364555,-0.06622823266361445,-0.28491405497907274,-0.5826926259384174,0.00431780010428695,0.7588729206970234,0.07264973506309208,-1.000512924867818,0.20638992239447315,0.47088386936378956,-0.2539529626324392,-0.10653466030369899,-0.5151531825714796,0.11172777373279161,-0.33993581526304756,0.18660080227126613,-0.40501910201154634,-1.1941178391916898,0.32076668206451464,0.19015930850786325,-1.0018363412460722,0.09802237929656063,-100.479358765057,221I,T_Cytotoxic,67,F,IPF,0.0
0.6542202692658633,0.6113970676667608,1.163453381287594,0.20906888615310676,-0.10502664214887489,-0.004146385814502475,0.6139739112877632,0.04360250352385586,1.070959234254065,0.11387381458242794,0.2642656851478256,-0.5259588987556594,0.22805392801108498,0.16710516850038254,0.9502762001278386,0.34607095264216814,1.4542786076996148,0.6662183801799614,0.8101343649814672,-0.14015279988778667,0.6479722694087883,0.52917226943034,0.43227895251114745,-14.371511714060329,222I,T_Cytotoxic,59,M,IPF,1.0
0.3413128550909189,-0.4987695814701488,0.418192800732508,-0.10970560203070996,-0.22192319427634058,-0.04791673869054435,0.9098124912454687,-0.05027236755506206,0.31781337239591956,-0.4509885206507577,0.8914526725969546,0.8752774318540727,0.4732348188231035,0.02756516738335705,0.8957822147834695,0.12992038280903198,1.2309978382133766,0.9718349712526486,-0.394505123499414,0.0039056670606362415,0.295464614798448,-0.42545691686124376,0.4053963087168413,72.29555730218007,225I,T_Cytotoxic,70,F,IPF,0.0
-0.7120671186833499,-0.2956251801078387,-0.03398663398989498,0.008977675305754104,0.5785341836323927,0.022606989604969707,-0.2079762990819669,0.01834328368824637,0.1125939039291045,-0.2470970434298632,0.01890054024732569,-0.7617294007516937,-0.020522173069177634,0.449802174764265,0.08650269187250029,0.13745913045355906,0.4456667446096988,-0.617201629899578,0.19546670631740576,-0.37675190569598976,0.2849827195706506,0.49058585260205606,-0.8884566217319855,-85.88824476731592,226C,T_Cytotoxic,32,M,Control,1.0
0.5893776030691105,0.32341431072988447,-0.3711789654290507,0.29727602216858945,0.05845810746821939,-0.10342952777922794,-0.20711936852078822,0.1382605064050979,-0.7292744975747939,0.6010588530868621,-0.24112385707582518,-0.3542498834571167,0.13572195473863286,0.15563235808807876,0.011673762280670328,0.22078509142291383,0.9239892759699898,-0.5349143842465571,0.6153505179476493,0.4462323309590002,-0.09277227377480494,0.21954633903460813,-0.11165762307098016,-44.60890083756659,228I,T_Cytotoxic,56,M,IPF,1.0
-0.08263218285114472,-0.41949525591688375,-0.29981238148883976,-0.09150726294710337,-0.2520032152106902,0.034003459442178266,-0.4450879770026463,-0.12120131994213273,-0.024368242042718563,-0.5775466307446759,0.5580099144697312,0.5486182108559872,-0.0023888615714315296,0.025813174119217137,0.7427948604035921,-0.031218565579001326,-0.7055207398884928,1.3087262310877714,-0.27391297072655196,0.37981324454918447,0.4064880616336219,-0.25305239552866404,-0.4318484491237518,-44.880596332261675,235CO,T_Cytotoxic,61,F,COPD,0.0
0.8120628718585869,-1.4687816050205558,-2.267835533954831,-0.18630376088205966,-0.62549482436353,-0.21303531616083823,0.8066535322936458,0.25677140979253116,0.09015127133779681,0.054492012589703764,-0.6591478753031258,-2.2648825727867417,-0.5477565311010157,-0.901659032153157,-1.3344143198408762,-1.6411363261062095,-0.22175854414156151,-0.5229134449943142,-1.6165339142562583,0.3342952449024639,-1.3073641321235723,0.9243289928254366,-0.725634066588938,107.43434979202627,237CO,T_Cytotoxic,57,F,COPD,0.0
0.15016657602843167,-0.3374564116922077,-1.6363669373332925,0.0013692746582751993,0.004150347366372932,-0.018585792040181657,0.36535581513485027,0.12519887030093246,0.15508074586659384,-0.5400852406412421,0.12394749475386092,-0.2846870657723411,-0.7550817529704739,-0.43148296955003834,0.1979827870321605,-0.14656302788375497,0.5782782926290104,-0.351761864101204,-0.226442643826565,-0.07670844424597457,-0.3372971463997805,-0.6984819105170955,-0.3582314766966357,-11.638538595997048,238CO,T_Cytotoxic,66,M,COPD,1.0
-0.18259458201215104,-0.9897522539910262,-0.6924762782973667,-0.38483280828521454,-0.05106758257850604,-0.12093796957111877,0.20069756558183116,0.3331949628015231,-0.37020084434854256,-0.19080424086026146,0.18570259457225763,0.9416503763189599,-0.43444497161960915,-0.9079512969674695,0.26495612506833865,-0.6476480041199525,-2.6846154766271497,0.30079604188899367,-0.7532656211721773,0.8275605892556955,-0.21799131379438283,-1.2446375494468986,-0.27495339639299304,19.138095563347765,23CO,T_Cytotoxic,66,M,COPD,1.0
-0.10942956780061884,-1.4229045173064008,-0.5630445921455075,-0.049496094780077375,-0.17084190340376415,0.0033342401809365032,0.644555238109832,0.2439021128953917,-1.1461551450279128,-0.3898981826326017,-0.23873444397614543,-0.02078817158590001,-0.72242265379997,-0.5667255536395993,-0.964955618797927,-0.5268819734709864,-0.7587456282096684,0.5014333480829258,-1.614115142902193,0.3854332601253473,-0.8563328449823273,-0.5318470080817136,-0.03487783954925452,-56.63892242202071,296C,T_Cytotoxic,80,F,Control,0.0
0.22974941933867943,0.37080930196329176,0.284581891406891,0.40637547641740723,0.45118805171120896,-0.02105258024592559,-0.0998137222333071,-0.1500619192890057,0.2067443936070405,-0.32090470179422864,0.273881114140817,-0.23334274804240093,-0.3500702239679487,1.0148935998530926,0.05286818935902901,0.4423908266345867,0.1604853444104679,-0.031233346264359793,0.20856799912601962,-0.14417077088354674,0.21662476669677014,-0.1870214888623581,-0.15810002355560418,13.365413563392899,439C,T_Cytotoxic,66,F,Control,0.0
-0.2564917481158868,-0.3793911543562816,-0.5993374359973872,-0.1822273714661912,-0.28577395646001746,0.025890837901545248,0.6764646311314261,0.2565765663860738,-0.19917033178294363,0.027473397878546912,-0.46848680163516787,0.043896330280205564,-0.21946076432282002,0.0405727552226812,-0.4601377326014647,0.02694883025610285,-0.14291715780485909,0.7386366978592687,0.04127747573727447,-0.02215048242884168,-1.121479463017902,0.32040300301139035,-1.5811831576753483,10.08006081615674,454C,T_Cytotoxic,48,F,Control,0.0
0.13435423185976025,0.8758679532841571,0.12920335154847415,-0.22947447022055814,0.25043762397148506,0.013551376443374553,0.12290239319391383,-0.044528106128932425,-0.29081751013973867,-0.06495077173553465,-0.7436959379560085,-0.57103340010498,0.2774229100414577,-0.02074263503090925,0.30712378575789795,-0.048795090066715216,0.5786367783826372,0.8516854408404823,0.05069591786575666,-0.05538602746737705,-0.02493800250496603,0.4020938162964416,0.045543908654158874,-33.95900520291792,465C,T_Cytotoxic,56,M,Control,1.0
0.22297219593989345,-1.0137238216018924,0.013936164592449403,0.018741916629933363,-0.3329837420007709,-0.15893144866370498,-0.4585852299860899,0.16030431294704856,0.39578035135235284,-0.03407957021741042,-0.17071153998986535,-0.5404204209298049,0.1247118819612884,-0.09807790047869201,-0.7533857812818087,-0.7372319513048103,0.9396575461626968,0.1334162873774706,0.0198357347518949,0.11126964741551315,-1.1103883896707754,1.6382309411704372,-0.46676934747478843,-24.327305130582268,47I,T_Cytotoxic,64,M,IPF,1.0
0.3629369489698892,-0.07579579377503033,1.2177545528824545,0.2450181675197076,0.3915672884373739,0.041132400585679046,-0.0013308639356957907,0.01829228607206844,0.6452755123467067,-0.3480777407372942,0.3273856286433299,-0.5995199350847761,-0.4811997054844463,-0.6690784724388399,0.5639800217104477,-0.3232963869045809,-0.5365470159836104,-0.03651674009578493,-0.4334936236641774,-0.43594920552610406,0.03596667135454514,-0.9713563194395842,-0.055671409144224936,-0.5133500031312579,484C,T_Cytotoxic,31,M,Control,1.0
0.2905391598832456,0.5953405205998836,1.0774362248278324,0.17821669967241388,0.38675420211408446,0.013903439161825779,0.3121586483438707,0.11671385709897603,0.7570968416535058,0.21571249183683536,-0.10989366797034765,-0.6182365564703055,0.014106843369254697,0.6269129655297083,-0.00011527996972073885,-0.08058907242641936,0.754039836771473,1.063703445588922,0.8946149617843584,0.1720868870151954,0.515235226668329,1.620753079828987,0.4328095099763104,-1.2702566468365966,49I,T_Cytotoxic,66,M,IPF,1.0
0.33246774456970346,-1.6294434902414994,-1.5966263699049483,-0.38327339005508043,-0.5213551509778528,-0.17347023802390615,0.7728021403713985,0.0683430444468803,3.768483965153911,-0.9892834546204367,0.33278401053211043,-2.5899244643689787,0.3192397970064158,-1.4414024241426788,2.0474293611932843,-1.3875487311607186,1.6156796794119859,0.3848658534723055,-0.4558860275151834,-0.0028668804951148376,0.04830151363504376,-2.319724716428313,0.06734817963772756,-86.72745283172904,59I,T_Cytotoxic,66,F,IPF,0.0
0.36754464696000794,0.014600637629576552,1.090642474530422,-0.33109301457079315,0.19833786980399848,0.09311930538561061,0.1975775219742391,0.451693802450407,-0.43698426721625583,0.200273060438836,0.004933975827959656,-0.1866441238125332,0.33998008080532055,-0.12136774026144483,-0.10561014326016474,-0.10302220330050257,3.6055411692903543,0.3826391640058003,0.054623567485883026,-0.030845414187459664,0.12524360246820104,0.5030474614237035,0.011106701854635616,-37.628733712645975,003C,cDC2,67,F,Control,0.0
-0.04801656704683158,0.3077052680894652,0.16390239616152197,-0.08519569541331973,-0.12399325893235719,0.09077968531198677,0.6084058464396956,0.2838987100264152,-0.35801430794613087,1.0656539813329917,-0.0058114047131029405,-0.29493645719961964,0.04651841630436018,0.20861378164577407,0.46215483811545105,-0.4765747921970603,0.3499781490503246,0.6920823177426167,-0.22299869946412032,0.12070522479493251,-0.762034831562138,-0.14031500632376434,2.3134743011483963,1.7007477030782607,010I,cDC2,78,M,IPF,1.0
-0.8744067110601578,-0.15038195043457533,-0.43756463314666516,0.19120950388236674,-0.23024975861957672,0.12193839514492474,0.18436623800676827,-0.37686683169466273,-0.0639700282218967,-0.19099717248772216,-0.17618061244667402,-0.16315174004190605,-0.656154253734668,-0.13760918257047214,0.7463850780078518,-2.4361458922227976,0.7341276985916618,0.17117519471999534,-0.7931463415237712,0.26698296254037684,-1.0081592231376708,-0.8537568734934763,-0.5721004506223404,-14.110229787735264,021I,cDC2,69,M,IPF,1.0
0.19048810722639226,0.560767073469276,1.1074139292424579,-0.043878137453069115,-0.1673799107878116,-0.067119845501135,-0.1559692335678556,0.39663196981911414,0.9497428314783836,0.44896310765345343,0.27551908509901535,-0.0470448486429001,0.33156273494929034,0.2414933780077713,0.37826283339271155,0.33903419527932677,-0.044793959505197024,0.38227845671518956,0.638901659097155,0.4742519972468287,0.511571804841058,0.6861514862523093,1.0025672516750228,-9.260859320098358,222C,cDC2,65,M,Control,1.0
0.4696379639906819,0.18940964203939176,-0.03468914929043172,0.18593097076241064,-0.28709936816792603,0.19502530632922638,0.12543334178417542,-0.06089357287325378,-0.11187099734280136,-0.10771325930192006,-0.23208018933341598,-0.5456057967792712,0.11133017347931773,0.2414437592554816,0.45179423139080377,-1.0718769618036488,-0.464053267299485,0.6107216600749724,-0.6016629646605156,0.12172060359302211,0.033129749771785635,-0.34610839823625983,1.7277426741250583,3.854894641710972,022I,cDC2,67,M,IPF,1.0
-0.2651170753946814,0.2696400592786311,-0.91524610703713,0.2003224367547294,0.04791125186320898,-0.0458603888418567,-0.2009535026447294,-0.1544763106375745,-0.28243730087261165,0.1439194928952142,0.24857290964834197,-0.21513639519825276,-0.13731911725743517,-0.6664476454965949,-0.09024964093436541,-0.864062945821341,1.0822917989016778,0.8766530229009984,-0.8466010873427268,0.04228973708814129,-0.12125945641504873,-0.6535024385544076,2.081167090726645,22.787878652594234,025I,cDC2,65,M,IPF,1.0
-1.357782574516643,-0.056236078062983474,0.8864266114295066,-0.11619103547970365,0.03113955695426962,-0.011450884123742427,0.5808294032466128,0.33932776409749527,-1.0212170552836657,0.4486399246297759,-0.37086443858930046,-1.5051284867677792,-0.41500224148206855,-0.15188437576297137,0.17150415691748,-0.5144545693213466,-1.1440821915896806,0.22144799993099412,0.3657237030479344,0.12944759919465304,0.24191800466295243,-0.2525607040066673,-0.40710250581491225,-87.52761867613339,034I,cDC2,54,M,IPF,1.0
-0.6266345509751047,0.4970731770008322,0.831821837986099,0.18714402519088938,0.1646614364176381,0.15497757947108542,0.369247288667666,0.3955982294145406,0.3085985020862697,0.24891648469827157,0.22862658863830054,-0.4388354736552443,0.1116543449265073,0.3251329084498518,0.07450608115357357,-0.772645747474904,1.8319660111572482,0.8494539845000273,-0.14235079239649925,0.10500066575608318,0.260121366997263,0.3527105302377241,0.15478395193252506,10.371371889303713,041I,cDC2,59,M,IPF,1.0
0.20857124543516042,-0.5461570529031529,0.043793356222054394,0.3503245762909461,-0.19669962574350947,0.010648272026606988,-0.15064601816028683,-0.14623983112119923,-0.21381911686602112,0.46574446761141314,0.01238774448344521,-0.20335472958598622,0.11717758875284617,-0.5071192844056355,-0.16275173893340966,-0.092476760703644,1.5529169753294179,0.7464061343168032,0.0759783126618098,0.1037948739964531,-0.5621320760913834,-0.447522137142209,-0.08122583981521417,-22.986610120274058,052CO,cDC2,62,F,COPD,0.0
-1.288385360136184,0.03912666426252089,-0.3067011635461172,0.31392060328960597,0.07834015700189133,0.04244738847281747,0.06882190470273536,0.1824792341934061,1.0195613504023089,1.2242992608473886,0.5397877021169505,-0.4866410738244132,1.0048011138888024,0.20675653451422962,0.664665466997227,-0.5037132630484297,1.2023536391080722,1.7275784339726907,-0.42684994834487067,0.3010792065051789,-0.22616122945982575,0.12222620912952062,0.35092805323446474,-13.505859846975099,053I,cDC2,60,M,IPF,1.0
0.5758893003572375,-0.23148619039581123,-0.7606630770138554,0.11509575092270974,0.005905828745009197,0.11184580505255837,-0.6966551699118045,0.13460290089099416,-0.4348046282260456,0.18232277438549763,-0.27822834250443673,-0.41635836462786446,-0.2986382376801709,-0.2705191701844831,0.20653051637627584,-0.8081719943641179,0.4073106157918865,0.5384457143897695,-0.8276961266623146,0.22022496119411422,-0.42437506392277824,-0.23647147075276898,1.6430224698647096,-18.318870386085027,056CO,cDC2,57,F,COPD,0.0
-0.669314102322977,0.2185605335048035,-0.056395354430659954,-0.16331680504258086,0.4507387488875483,0.032321561300431845,-0.04853682015970157,-0.10936281769294351,0.07290239075953782,-0.0010447742889778478,-0.19329319179671003,0.2355626587708947,0.31171887549702076,0.32550885999736645,0.1444568983067115,0.4571220826633799,-0.46904048348816213,0.9032682334494757,-0.5176717867703942,-0.03987426863980974,-0.031488767286557987,0.07495541932251658,-0.09418834257642265,-36.01250003433122,098C,cDC2,41,F,Control,0.0
-0.31559840323908944,0.3632114621201582,-0.4900225230407772,-0.2510992772121005,-0.2658730997275733,-0.00630416017920586,0.001453692421834486,-0.04241137272736265,-0.4252907325952111,-0.24871021741607877,0.3389322881004236,-1.2888150755371643,-0.0024404462348085604,-0.09652957365272267,-0.09117214589025704,-0.2612846093933058,-0.37581890226491543,-0.2316584832858872,-0.2624809530970823,-0.14015245953611982,-0.7265761095965658,-0.361185271545824,0.1300435816227936,8.533163334507817,133C,cDC2,32,F,Control,0.0
-0.8985840038142101,-0.28929162652057466,0.08874826753641984,0.35136987071398645,-0.06535378939301421,-0.13321113190940828,-0.21693463368532945,-0.05791146994298306,-0.03607022053961118,0.5072491830011421,0.03448977506845072,-0.7757110508704144,-0.2998859782944257,0.5537365830045525,0.05045123640191232,-0.549647602624078,0.7297156088128639,1.2689043579486485,-0.4049070529682423,0.0539185068026465,-0.5978196671015081,-0.26708589647839515,-0.4370074593589609,-34.70611002115087,135I,cDC2,59,M,IPF,1.0
-0.6370870461968928,-0.20243220078854676,-0.5415526069027676,0.19284676520359287,-0.022695652679526244,-0.1797273284266864,-0.09581530609675559,-0.3722205258095959,-0.40426719446576137,0.062194722002091946,-0.2557753817758645,-0.6097293419673502,-0.4152078235653618,-0.20430364852572358,-0.4082968184604095,-0.4555072433741539,-0.2565079771175138,1.1187996644350715,-0.7505802929119982,0.026685823283526436,-0.7824573999563766,-0.8506356027039543,2.105442786089931,6.156683523925848,1372C,cDC2,21,F,Control,0.0
-0.02657600489146113,-0.15329257248316724,-0.8930016688558827,0.5248451755823498,0.34493182272352335,0.1389170949297116,-0.05955450332366551,-0.010352548171755923,-0.3229953052140979,-0.5271506272778043,0.43873793894566127,-0.352253587632604,-0.7868460541965919,-0.0711926687576269,0.5355802614072904,-0.6737142871841184,-0.5146918282007892,-0.21192599763969772,-0.4090275408570486,0.01595026698167341,-0.5744403654912564,-0.1768504837979808,-0.7432466925864207,-10.238856482157015,138I,cDC2,56,M,IPF,1.0
0.02123080448521234,0.1377268322053162,0.2839965505548355,0.31600998308759193,-0.17951704289620532,-0.016507252099076865,-0.23622135795170215,0.15535815005834624,-0.0790292325249742,-0.03287624675599507,-0.22239146494346285,-0.5060297140277393,-0.2333169669038574,0.45610091597105257,0.6807046065064633,-0.5143851636992413,0.9706690538086822,1.2265489115057915,-0.2791876246066755,0.06787366613067022,-0.02470260408233591,0.21453966581924827,-0.3219286053453265,-30.225578689543955,145I,cDC2,67,M,IPF,1.0
0.10801859130368181,0.08955586425573878,0.7008059525219251,0.044475606236609976,0.39635223020367527,-0.030542973773342218,-0.5230804587285858,0.2721545569993163,-0.4718828133715198,-0.35587798102337187,0.22452115598277142,-0.8559016652011889,-0.4159077143121955,0.15531996117339616,0.21480770684807138,-0.13652021242565102,0.24477958259256305,0.7829628096350545,-0.6773372581654202,0.2592407613020611,0.2641385336550353,-0.27474572814391585,-0.4194655513636367,22.3116350158089,152CO,cDC2,57,M,COPD,1.0
0.4263938373313506,-1.2809743967637983,-2.927722036481238,0.026141583525314153,0.3797759996808925,0.14076400428027008,-0.4879459645691936,0.17782248424283614,-0.13392433979089122,-0.6392294800580558,-0.2501601487188796,-1.1495509298057562,-0.5807065173627087,-1.5576154857154187,0.22249478981962162,-1.20557482575635,-5.002757102046118,-0.7556695288713297,-1.8223616189827512,0.26305845764042707,-0.865337140814556,-1.5728290466799242,-0.27619161204836273,-60.203554314982625,153CO,cDC2,62,M,COPD,1.0
-0.8022974266839119,0.21769677062426396,0.3474344353114782,0.010162148067659391,0.024596971445883298,-0.06977105786318276,-0.06845488868589054,0.061048328001827905,0.33526806536626824,0.7216244058911713,0.4776744575308603,-0.7890051857305754,0.1511943472834587,0.5931968676814579,-0.10294667491441127,-0.5857245709132007,1.7462658803778528,1.849744350316333,0.013731240319326238,0.2873632987342899,-0.010033521445579032,0.4466828128742516,0.23021103915186078,9.971062103038285,157I,cDC2,66,F,IPF,0.0
0.4264740418100736,-0.03167579164931367,0.3000300943655681,-0.13240068349313452,-0.16536386645234052,-0.06804864921086225,-0.018123762354180378,0.2897966170327019,-0.7728089876138101,-0.012476683696755086,0.0372505623409185,-0.8200371197112658,-0.03533631298057071,-0.13227242947975423,0.2800536703489289,-0.624116175461594,0.050325472676641225,0.8596726908312476,-0.4424404722265397,0.08335181792622764,0.16811340726970697,0.10509674532915289,-0.35192698081359675,17.56312286168292,158I,cDC2,68,M,IPF,1.0
-0.5416256323464832,0.3042608549317553,0.5329967118314588,-0.10296377636354671,0.017477375838275147,-0.007536507557184026,0.36008901317151476,-0.049297787262885,-0.05894921961182132,0.6555958126326289,0.4006329111600986,-0.5455535975039224,-0.1357272667416739,0.12647225576969942,0.40908199550146895,-0.14120776964307327,0.7893752078651476,1.6253169274779964,-0.01903866738882086,0.16795071958165406,0.5629262106455876,0.16133738548394858,-0.35424277701478635,-8.772279713971324,174I,cDC2,67,F,IPF,0.0
-0.035507356965166006,0.09824347184575427,0.266375525298196,0.09675665883631758,-0.07028718708454249,0.02579237206354331,0.2587358656586604,0.09046285428740902,-0.21360309398168947,0.6271449812802826,0.31491096255675083,-0.567333946128269,0.5281238380715695,0.4228309715589231,0.4386333188700804,-0.405102174783378,1.5248573003242731,1.6247565441117617,-0.24608254507390243,0.13630058682726492,-0.2898968363771288,-0.12974410664524866,0.13700240790749768,36.46749186220087,177I,cDC2,69,M,IPF,1.0
-0.05444070254040959,0.054265476162354255,-0.4018524231462607,0.25747179857723657,0.3348516155333791,-0.11618673512861792,0.1750016999631088,0.2109068267567158,-0.8150769278844031,0.4913107860563256,-0.4480340655783467,-0.29132355873688415,-0.2690987181822322,-0.5591716157241868,0.3457341479825139,-1.1985193295556904,0.37888577958325376,1.5409682868062493,-0.6985322288959617,-0.01861918135464246,-0.5068762272668444,-0.27056006072438415,1.8544638334514407,31.043610570236787,178CO,cDC2,58,F,COPD,0.0
-0.5564745061490295,0.21254414601607233,0.3426512227799058,0.07529349805999509,0.07710097118563775,0.03183256132099748,0.2943699941724453,0.0012350594959768535,-0.5296227375767705,0.516332920691358,-0.15450244413963765,-0.8002115203698725,0.4020292137009773,0.5775423892687632,0.19806027568563583,0.24039899253932961,0.8963214194850867,1.2678714192290703,-0.061532780485584825,0.1432663744665024,-0.16775912511480326,-0.09980615308427553,0.2731241240692901,-16.164269984148017,179I,cDC2,70,M,IPF,1.0
-0.4692745228594311,0.2990901721758624,0.2548622020751041,0.24799170388934103,0.17780161963878127,0.10931931989510357,-0.13260406783557444,-0.1046641808308045,0.14001239297988263,0.3061732577233541,-0.13393855714567984,-0.3607552632647576,-0.2163089855338417,0.5895236789821541,0.26747142935722423,-0.3070299127732798,1.8059656283428005,1.5180764624857506,-0.034428903645598946,0.22179170029077855,-0.1005979722013381,0.5701911318823953,0.4214690419245699,12.915072593788054,184CO,cDC2,55,F,COPD,0.0
-0.5229927696261063,0.7067395409488255,0.9733206927684093,0.15216988074168217,0.23384581964590923,-0.07786117243907943,-0.05586239804280591,0.09464758801540046,-0.1232844376352445,0.5436713952727473,0.1519444707207215,-0.1291012012674885,0.1918804797564853,0.48378553967680743,0.6363520678475032,-0.14204695842255982,1.021444037166389,2.125537337861073,0.5037691079954196,0.12438592478386773,0.5487084400927642,0.06859232486132881,0.5643069301827206,32.1651555997881,192CO,cDC2,66,M,COPD,1.0
-1.0441095844208488,0.38689462393362245,0.5594125473619262,0.1280183137791325,0.016519798985262284,-0.032555522274521714,0.2712607133270588,0.032489252972066236,-0.9357833967736514,0.5086100676091038,-0.22406870864915926,-0.28283312389991655,0.2793445812442779,0.30076071915240904,0.37382277633953953,-0.6080280358807937,1.93514596056059,2.476607361756471,0.16561357046304173,0.1466144591538803,-0.40025083744568346,-0.006527468484371659,-0.1454709347852283,-0.7161089294748526,193CO,cDC2,63,M,COPD,1.0
-1.6145016154177647,0.597083843550392,0.6079463470935842,0.23389415907365993,0.43814456370539506,0.06260352051552459,0.010106922406120624,0.4771747013306406,0.10672368671241327,0.8876225472900329,0.4019134421384277,-0.2366324970941242,0.5572428293036825,0.4981528764656126,-0.37504724610742707,0.23846736016372194,-0.04974712464356516,0.9385613451119743,0.40815393527792754,0.3343423386359709,-0.34967435335364516,0.6119026458679239,-0.09106416417677884,2.477495950168757,194CO,cDC2,59,M,COPD,1.0
-0.6845480371836629,-0.28158200422168267,-0.15546762055337424,0.06632106548668906,0.11366283424966833,-0.06474339612801171,0.34634908153813077,-0.21322270990849151,0.409124460524953,-0.20739756233509613,-0.004774405546130952,-1.2866780938629636,-0.5385629297953725,0.06716312980282413,0.6947911123862425,-0.4691422548483123,-1.2898978405042556,-0.4318347477722618,-0.37026489685232883,0.054214459041617855,-0.16583138380338527,-0.1406808524439313,0.007305515258060357,-10.77612396014051,209I,cDC2,65,F,IPF,0.0
-0.19683261078636452,0.3263030193315867,0.32741053005433923,0.3528770992004912,-0.41314551190493787,-0.027524108571773044,-0.08819278564823271,0.09361950754105941,0.7761660562620466,1.1233096744938198,0.21433092547263702,-0.11549446635395218,-0.6227888496814613,0.5311752698386499,0.8519437654187226,-0.32144340572173924,0.48455657517042106,1.2600904291001296,-0.23537586864975782,0.08062025617254276,0.9880116623270391,0.31737772086843713,-0.5110555080957336,36.412847745155105,210I,cDC2,68,M,IPF,1.0
-1.529727557187256,-0.4516188501867024,-0.26810112681489756,0.06139846173594205,-0.1619753676396211,-0.06877042034201654,-0.14155257449233377,0.06663584327970251,-0.09009663444034989,0.1233893796434456,0.3993769592477123,-0.694039634660665,-1.1554280684803135,0.21822901105432965,-0.5254102170714562,-0.014656040040156764,-0.02026175394083223,0.7405422138741841,-0.1404997624649615,0.06401534567860935,0.11761115507535057,-0.1806045797236442,0.008023635471859254,-11.233915154013387,212I,cDC2,71,M,IPF,1.0
-0.20412239558535172,0.4056012536576128,-0.2641470547814757,0.14352290704815546,0.5109110914212764,-0.04243366710446733,0.1905689660112588,0.39049155113617756,0.113442151155443,2.2544948777225304,0.5013662639264127,-0.43050715478731066,0.8399828373360111,-0.005276553655602389,0.13622852839079813,-0.012496595161465455,0.375524057235241,1.236017442221189,-0.17833026408499472,0.26621672916269784,-0.20208350153752594,0.29136232853536603,0.5030915000139309,-16.252793882240976,221I,cDC2,67,F,IPF,0.0
-0.46738621819197584,0.592673226430813,0.4492080908867361,0.11940906216975658,0.2136366350466087,0.06037548226956876,0.018109742141159204,0.25757151839263376,0.2005071774957704,0.9291353477430065,0.4560846146413254,-0.24071404472250227,0.42998376810601885,0.5758816173854839,0.3007732129607884,0.08719552302764616,0.7999528646534193,1.5462069177115432,0.40013345354397045,0.3048278954175507,0.9043774938363638,0.5291009481734915,0.4925128354736692,-40.534559209588586,222I,cDC2,59,M,IPF,1.0
-0.10782186983372141,0.365082188677306,0.7809872688770984,0.11427048760892497,0.19716102543705816,0.01649948025618516,0.04033096540014342,0.07398152267802174,-0.10757226070694835,0.4335490690511242,0.3101681910622203,-0.22657191112994493,0.29104367609508114,0.4944252763880878,0.6779441282593848,0.11012358589547191,0.858496685233483,1.1874267264239236,-0.11243822611890836,-0.017122285716303136,0.21651173864332893,0.15033184840450306,0.5175616485880209,-10.275058402604719,225I,cDC2,70,F,IPF,0.0
-0.2655039449897918,0.2698326570101126,-0.4882837822635366,0.005194012591846298,-0.3310718797672899,-0.08950377998154514,0.44096648304055425,-0.4144448745955231,0.2820676209357818,-0.09050693144562083,0.16460831061114778,0.2950573795044764,-0.2059990191784715,-0.45350252555072335,-1.2267489329362502,-0.6022217135852869,0.33432686967135755,-0.7187275001753038,0.5980226998124989,-0.26517078791799614,0.6035770379705514,-0.715969883048606,-0.8830504328397947,-60.38548350358871,226C,cDC2,32,M,Control,1.0
0.17741180572163356,-1.095736026909413,-2.9245945097477835,0.09583976119728507,0.22828041619639391,0.07611918092453585,-0.6877205773724748,-0.006520231146177693,-2.590809243291822,0.26946721845529537,0.016699476536622754,0.10503730546223906,-0.7253478874211705,-1.3908130351771408,0.6707557401103027,-2.6111269677690965,-0.8933868706706475,3.098668385486665,-1.3325803977466453,-0.8415988568549647,-0.22776484696276564,-2.445552051777672,-1.7992895006844458,-52.760171793616486,235CO,cDC2,61,F,COPD,0.0
0.0006012038477074188,-0.1329950130263742,-0.015325823027130835,0.45236175667972073,0.37146555660769887,0.033853800711535764,-0.6971525143716574,-0.0708124192511076,-0.05181134105724681,-0.12485029662536933,-0.33776800417623926,-0.4315560933296827,-0.5693681440463537,0.17930340748717263,0.4258944697477602,-0.1974256264260374,-0.4326370122474505,0.524998094214916,-0.7648737814924693,-0.15366888530893416,-0.26864708958114697,0.01460621183525098,0.40829931437406786,-44.694250325366134,237CO,cDC2,57,F,COPD,0.0
0.25106388690329307,0.7423155429437814,0.3023828326757809,0.5179554065046339,0.20179382884166014,0.11466795603779109,-0.23314722813017255,0.03945202976394128,-0.39775380362933405,0.2717074047601467,0.3964072919554505,0.18919058652393408,0.03500470876902371,0.6017193409362276,0.48523845909424934,-0.2352472505596512,1.815704125617944,0.9479506774199301,0.23417745232673234,0.11733643929494539,0.6842560304498109,0.26476808409825087,0.9008573231744065,34.64797204442359,238CO,cDC2,66,M,COPD,1.0
0.1471131735144017,-0.9884595991981024,-0.25552762877028223,0.09059925038803432,0.1143714944570485,-0.0648137531230735,-0.641542665042105,-0.5854081743811612,-1.7653730801488718,-0.05530415362274092,-0.20689022796649406,0.2961325165501377,-0.9975471211842719,-1.8578029516952543,0.03908752402969687,-0.7825945087343505,-1.4787627126138445,-1.23993819082825,-1.1784679948142056,0.06930325222576424,-0.504432077674034,-1.0889879749927711,-0.8663695948956608,30.29964053960892,439C,cDC2,66,F,Control,0.0
0.022930573836542845,0.3433649780682904,-0.5951757198249837,0.23592852270383508,-0.177065718464749,0.022689228904554715,0.16550280012835403,0.0846857232506372,-0.4147420616606597,-0.20129818810893085,0.35742418196182735,0.20679664324406774,0.12025917475345455,-0.416295458818188,-0.04877953030720186,-0.3336144867585035,0.6493870249619339,0.4432273823011269,-0.6164461312929785,-0.08608421511652482,0.05855072510055892,-0.5267977812155556,-0.9948474653359077,47.41652301148628,454C,cDC2,48,F,Control,0.0
0.5835643101327807,-0.2690273814823044,0.07439601921815614,0.08506519044603231,-0.21707285592348102,-0.018441833679728112,-0.05418700928494391,-0.2866781493097247,0.4128113738727874,0.5049422300245104,-0.09798297659276167,0.09987104449058835,0.010610432441679158,0.14217201049897846,0.8715765575815213,-0.7121936920996906,-0.04514026242900841,0.4152981753687141,0.05128505718079828,-0.06251446626410843,-0.6262257373083313,-0.11644163271949345,-0.21506273686746746,21.839818448845598,484C,cDC2,31,M,Control,1.0
-0.4404145276972965,0.03428977620155568,0.7463349725069064,0.08420394653012706,-0.10383442417231466,0.10421324001936741,-0.18983738958524402,0.20616824810115236,-0.25230572460248063,1.4395137422329698,0.014547640194575565,-0.27733190147735376,0.3236392815917036,0.2735625158709297,0.2747785443054565,-0.4353032757308739,1.0863468003417245,0.7468035663459528,-0.3767726219697392,0.19267116396094805,-0.1489765642711644,0.16315338368497176,0.1569975721689341,-14.541443975047398,49I,cDC2,66,M,IPF,1.0
0.014324676049369864,0.5125764881669607,1.7858131896086804,-0.03569198316356167,-0.24065661026439,-0.0034475011956672866,0.5017096347289101,0.3493340918749067,1.2668533759585257,0.9174700366271699,0.009895330572141165,-0.4034194383868955,0.5897467224035335,0.36954132847851856,0.7786636600125493,0.12173809620289205,0.5280557454043928,-0.009717694153740465,0.9997954747345583,-0.057728562872578514,0.0927584158214085,0.771803934310878,1.0031895394605492,-15.37238722506342,001C,cMonocyte,22,M,Control,1.0
0.15413571742944726,0.5788170802138619,0.9782085997629774,0.040287816976840786,0.19468071735021264,-0.021696808877311183,0.007936811119981981,0.5575341648656901,0.2886083592106997,0.3413853531511451,0.10949597525347439,-0.1830647802129622,-0.2304115592826372,0.1703054086214833,0.6035516873738875,0.7993031592248765,1.21560665934529,0.22717720245172965,0.6680129324951098,0.3458058676328817,0.42525494680693626,0.8043061719520183,-0.13655213770420446,-21.109324637417203,003C,cMonocyte,67,F,Control,0.0
0.027664820073118747,0.2447301133333429,1.3361924746327356,-0.07453278093793647,-0.5239703337889992,-0.07357622775555327,0.30365758687994077,0.27027153585017605,-0.2977317525233799,0.5836574200240696,-0.664935649943858,-0.6914403104111253,0.27222610718479057,0.27555141216602874,-0.27158812807007615,1.4667286802225181,0.8144009446732882,1.61906045039552,0.8999145725229734,0.02570661756948863,-0.2776489638883248,0.2411128480154835,-0.5922592230738047,35.43377122479528,010I,cMonocyte,78,M,IPF,1.0
-0.19803978833391392,0.20862621780446794,0.15836869881307752,0.3629099428699279,0.003611239419347311,0.062130971235299405,-0.39611328734699097,-0.3276194347094943,0.603552314017379,0.16138487067766943,-0.5409006669901326,0.01627234011935312,-0.21517616191992694,0.48020323106497137,-0.1824899353491139,-0.7855580847772298,2.387862878150801,-0.3557987784499801,-0.0450411801181133,0.29664633822806724,-0.017046130548745302,0.381864757570207,-0.6052047396772311,79.75889510787843,021I,cMonocyte,69,M,IPF,1.0
0.15796176275612056,0.6842404257633222,1.5521074878336076,0.16620125070482372,0.0434907260757048,0.04968895591375862,0.15795603759266505,-0.018632973170478274,0.9769572225285976,0.657234748374792,0.3878186716693112,0.16961003461679994,0.12055995466423655,0.6447778539297424,0.4109337566031905,0.9833189263162068,0.34782763417765117,0.3005820536847934,0.5504243457353521,0.11494227754885206,0.3348858813918588,0.42362935915753336,0.8146550125864089,30.132095817628024,222C,cMonocyte,65,M,Control,1.0
-0.11140084458639558,0.40348233901322683,0.5799657285620737,-0.000975899322049177,-0.564309613599555,0.002220110014324101,0.736590458399933,0.1612613993703084,0.6939998721266994,-0.19848850633669565,-0.5542516608647843,-0.2562573462815683,0.3404630346524291,0.6109465784620779,0.0359329806797349,0.9245057321372591,-0.33525426759834664,-0.7039373648267249,0.6707823468372962,0.606515456899567,0.2606960204256596,0.72438166870307,-0.21243991229655043,30.501161869738226,022I,cMonocyte,67,M,IPF,1.0
0.15101697498696617,-1.433312353549563,0.20338606928349554,-0.06033262543986128,0.02480773955941285,-0.08742124418749514,0.9008397082362012,-0.4031886571737449,-3.4774676070436676,-0.0390494288272818,-0.7430824314662885,0.04778138656603384,-1.5165332185881526,-1.1437152238971728,-0.924073286922912,-0.004098551970407739,-1.631103023837798,1.889131157738947,-0.5430439819423247,0.018537079274727707,-1.6402241036333012,-1.5384499568645884,-0.6752757939640053,-82.43855187062556,034I,cMonocyte,54,M,IPF,1.0
-0.07377162785723135,-1.416712960848964,0.43767233484815826,0.05475080221073436,0.3049609002045909,-0.021423473751814793,0.47700944824676833,0.2772936163406468,-0.8903301279218266,-0.157300059941289,-0.6454377131387579,0.0946684118870601,0.4312784761985378,-0.006592928297401345,-0.5000408981609232,0.5282587768234003,-1.7384128222068223,-0.19980900862695347,-0.1880991435131365,-0.07807315624634886,-2.361502426004955,0.752473496457402,-0.9188087505945567,-14.105729820902273,040I,cMonocyte,70,M,IPF,1.0
0.09180272334720037,-0.18517113776315805,0.6071010787010426,0.03136566638893052,0.26440122644390945,-0.02271840230242519,0.25833345386421214,0.1123373726534749,-1.009527754087935,-0.06191012999699423,-0.6928740160461939,-0.07580717451623213,-0.35045740685721083,0.8288268886625483,-0.4335051861397173,-2.8312582718987542,2.960534767020854,-0.26910181891574503,0.8784326345726063,0.3389074916380773,0.9496639106497105,-0.37946704508637885,0.08142640809788862,69.21999482296836,041I,cMonocyte,59,M,IPF,1.0
0.008465373545567818,-0.5746945289094079,0.6559078197706701,0.014720187612078942,-0.15365181199622785,0.035166233010299044,0.7688724116563822,-0.13770929058410186,0.237174947264867,0.6363552719560354,-0.19459267507250153,-0.04212667502829164,0.5072283577665576,0.6552241359841104,0.29184468622665694,-0.02799851247645444,-0.24247396525218218,0.58682191071929,0.47720844056441786,-0.2534469238966066,-0.3614001208332676,0.6619982046865648,0.028295192772170186,-0.33580101297609044,051I,cMonocyte,62,M,IPF,1.0
-0.02191596864496461,0.5103374041482189,1.12002099510563,0.20998701020170418,0.03890185365500334,0.2540421777795589,0.12520757658088766,-0.2219029487525074,0.06996401610632501,0.1703185063844124,-0.4770592264772476,-0.46053520945072474,-0.4201762383670815,-0.44097828542681733,0.447692878880479,0.2389696482485259,0.6358491235388785,0.19522528738295494,0.5983810725814251,-0.13072140730945417,-0.7040234461361857,0.08939084147003255,-0.2698993972952214,24.4623015688768,052CO,cMonocyte,62,F,COPD,0.0
0.07129350528439946,-0.6495811521848819,-0.14333838865444853,-0.0691991486163291,0.17018265328787288,0.0031142420416519863,-0.038703454735372775,-0.049398469018328645,-1.7425962393168615,0.03133958586303123,-0.4168570102140601,-0.19218172190687896,0.17765860503881759,-0.7108946445937457,-0.1985425688889927,0.14211226977529257,1.24717053264176,-1.1814515433844277,-0.4052773284587782,0.21234479128732836,0.1651027395199631,-0.42169318991715166,-0.9794692408909196,-67.77660142964241,053I,cMonocyte,60,M,IPF,1.0
-0.2317503470171476,0.16584635268170153,0.47358469112682006,-0.2420785427009313,-0.5084839910595298,-0.028260308578465728,-0.1388603313859906,-0.007169350307217805,0.48604791703379985,0.08766582182527911,-0.5298409558823685,-0.391697516729838,-0.7093711563570282,-0.08089915275727394,0.30055216647378674,0.33289364834748214,0.8400671925842365,-0.5088292513462463,0.20570635588330263,0.359263687006754,-1.8824951049499101,0.840572308703306,-0.5152965046065697,9.341840262415868,056CO,cMonocyte,57,F,COPD,0.0
-0.005281259879175265,-0.12522894640031904,-0.11147777496251213,-0.18053335502249993,-0.40332950790768896,0.07275256695156836,0.32281401559351186,0.30100162550309,-0.09558577774345976,0.14410984687663794,-0.4192884091993948,-0.22618630561028946,0.6526237797397744,-0.2416228260708213,-0.27154553647574986,-0.3525710412250811,0.48106332891494075,-0.8799506578592862,-0.047765169982475375,-0.03381586487001652,-0.790766789480612,1.3410562639695018,-0.2728869495249575,34.62413281515016,065C,cMonocyte,66,F,Control,0.0
0.06090808265093168,0.14493546898934193,0.19371436224576707,-0.05300220524511743,0.08341075100850699,-0.06367335309152158,0.13295710848637526,-0.4710621796880569,-0.6721198370001843,0.692974851439395,-0.18781208426975504,-0.10463428047998655,0.1495991131337361,-0.7241738388244477,-0.00273203581305031,-0.021197996485288074,-0.3700759641170818,2.8640064519670543,0.13447213179775241,-0.03304038053538333,-0.31774728911112804,-0.12006467131728017,0.7871252214392597,42.15313905825053,092C,cMonocyte,29,M,Control,1.0
0.038430601462376174,0.5308980313247816,0.30328796549434167,-0.14965379247037544,-0.14726564363072328,0.05260026795412806,-0.10484602540505641,0.05278816811202906,0.17233132321536287,-0.1872778831951575,-0.23642164371683458,0.37998159262502257,0.6535071127714253,0.07413964314176488,-0.18633423766020488,0.5535258154419739,-0.626318786179214,-0.039773785217625576,0.3677495719621552,-0.10168366928038416,-0.7277929534741436,0.09916575400852422,0.1582092835744369,7.289012201413558,098C,cMonocyte,41,F,Control,0.0
-0.3062864368514913,-0.254921784180118,0.041577688527665954,-0.18734463856748637,-0.28066683918709534,0.00765585658537254,0.03791934346301084,-0.732077487767473,-0.8273857125542723,-0.37240469982378765,-0.31956061027714106,0.34824126049692206,-1.1372237915749153,0.2694280168226311,-0.12888965539656974,0.7165796990186533,0.1583669971299485,-0.5122237380069593,0.7100201312878887,-0.07889320662895959,0.38985556691606726,-0.08322911028255012,-0.7676102514415722,20.408322786609236,123I,cMonocyte,74,M,IPF,1.0
0.11355986942376332,0.3589550007454413,0.7684277668531317,0.1053023369858127,-0.13130566791927367,-0.06097515459421307,0.1536059608552613,0.017136358926212257,1.1064709345829944,-0.004071430762070991,0.0330422545736081,0.004671554224658022,0.26365602218964834,0.3330204634508614,0.2121322790678215,0.6988112733872726,1.410057706246085,1.0387376513900586,0.6653971173097701,0.20091212975763126,-0.4405793360995945,0.3408587004887484,0.09593344904184338,17.716498461485845,133C,cMonocyte,32,F,Control,0.0
-0.1405959890474283,-0.602706395140738,0.4490039774238703,0.33048454878853095,-0.0838661294417284,0.07417221315521191,-0.13469140012966885,-0.1370830843987889,1.4648157089688196,0.05996058609261125,-0.37222062174329584,-0.21382675921516445,0.2998335762898028,0.7767980648940991,-0.01740347465332738,-1.1941488145513872,0.5937467443061094,-0.02438077330585613,0.22051663596033524,-0.023279479697767117,-0.5193400349475819,0.7845978821567842,0.045255133877467955,52.947697585849895,135I,cMonocyte,59,M,IPF,1.0
-0.12189536029474136,0.00018568965006491266,-0.06656001961096185,0.3433399573674259,-0.3427932347401389,0.12462057055464196,-0.29593405570000214,-0.1749768568866328,0.370618417560011,0.04618197778776052,-0.09011698744119966,-0.49619007231237433,0.18143512531346928,0.19419230125671832,0.30318074064864714,0.38425787124991057,1.723212590487588,0.09421314439796098,0.34635626760034516,-0.11795008433401832,-1.2307694713508914,0.6938458417269393,0.459129775158102,25.616361842524558,1372C,cMonocyte,21,F,Control,0.0
-0.005343275446982703,-1.920819601593467,-2.805376548471541,0.15850881694326363,-0.08093787067882187,0.00233013008340839,1.0653809850527758,-0.7764685178550174,-1.8276224061472406,-0.7955808545559915,-0.8411333536359797,0.46369080864154966,-0.4790307334282028,-1.3470388322255122,1.3086703463302547,-1.902249156572998,-4.229141935270709,0.8755565222595414,-0.5994027695114705,0.1207264937850987,-2.8177833875364287,-1.9403833650079356,-1.2456323598624637,-57.70015125441642,137C,cMonocyte,54,M,Control,1.0
-0.0923428697566671,0.21347893020512007,0.6806783948127769,0.4464113260375155,-0.004156250276811184,0.15459513816685294,0.3898339430888006,-0.11841516413848463,0.7221871481530003,0.6511994355407458,0.03321860222265818,0.07314503006230454,-0.07585535745390384,0.11628352550694934,0.48691544200671044,0.43433796059762353,0.5005272063174865,0.10286455655373432,0.5122791866331304,0.4131446008783167,0.3679924071888029,0.27872266228440146,-0.40081848799421477,36.4740535779359,138I,cMonocyte,56,M,IPF,1.0
-0.23953512432951432,0.46469270938970314,0.7764670209428155,0.18707604902127567,-0.3643879777204899,-0.033037016779896296,0.2780193378528681,0.2548872499862426,0.047831932375893664,0.2980243053619239,-0.16816725808822006,0.032732826056367084,-0.07098049830247335,0.7907597561172934,0.3904611698784724,0.5429049706307091,1.9205029603901194,2.474564497430627,0.5560191119624416,0.35703436320884907,-0.0555984531888845,0.9360593138734026,-0.44867271027905675,-7.037010832454358,145I,cMonocyte,67,M,IPF,1.0
-0.15313863166390287,-0.008184354392934296,-0.9698647581647682,0.057344518296652,0.04054041826311207,-0.0651858829984627,0.6611406060656152,0.20920928901349362,-2.1893840201875454,-0.6392974309447671,-0.24712634832503708,-0.43879508938248046,-0.21173297947898187,0.48292688302173786,-0.666116191702606,0.5881516265053943,-0.15564424283449885,0.326422303384853,-0.32223195676783256,0.6467799071637397,0.16619242212077606,-0.7795673010310975,-0.9497928913948892,-66.21858067067093,152CO,cMonocyte,57,M,COPD,1.0
-0.26895926094952954,-0.30451300597643094,-0.3809343825739193,0.004545935958434238,0.16663195267133663,-0.10000971607964759,-0.4740575401145262,0.2696736127072297,-0.4961132739909928,-0.29604976585471193,-0.224537382772337,-0.047239213743620445,-0.48612784311979534,0.15260604742001124,-0.011465754375609226,1.0230279479173916,2.1034693849047352,0.18127537319744935,0.2078482533390128,0.4728663642058307,-0.5461177055415235,-0.3313974507858218,-0.3234831521220495,-42.84277341638364,157I,cMonocyte,66,F,IPF,0.0
0.12204129189323447,0.3083281433564614,0.2618768075930406,-0.07460957107745089,0.3492045816121004,-0.10529597345261706,0.3113237676303266,-0.06725531386312636,-0.5687209113844914,-0.21450614270142535,-0.23009809066571832,-0.19998579892790874,0.041146163484660145,-0.07892356723097572,-0.2124872151699509,0.6560853735728605,-0.3600538288135454,0.43988634575765934,0.4089702854890012,0.2719785175095123,0.32251902404816335,-0.25551918012963043,-0.33469718712247487,36.62177409726431,158I,cMonocyte,68,M,IPF,1.0
-0.021526801080980096,-0.7924285137188515,-0.09375809541347062,-0.05752078575032085,-0.39438122997185565,-0.07767940800089895,0.01662363034036018,0.25660246190048136,1.9206335725924963,-0.2809052906884671,-0.005843641336517973,0.05384212628691076,-0.11257272918488145,0.002217357762346001,-0.570294174669539,0.06694717912998374,0.5885099709520294,-0.2865115390792229,-0.16572713765036098,0.02985714829048062,0.23038943400830966,-0.282774457795798,-0.5360908301191355,-35.50111540128998,160C,cMonocyte,64,M,Control,1.0
-0.07646374458361688,0.09596552590490452,0.7458884981336195,0.2326489283034667,0.10931232665953794,0.15433754860795526,-0.5838990571412571,-0.25224825763191355,0.650774595379615,0.4433724239173386,0.5446625001528448,0.08541080262006046,0.5361030310399165,1.0012879832449955,0.03676019747768178,-0.11958214461651528,1.914405235140892,-0.005903881326077142,-0.09563424835855944,0.2048177081092264,-0.33643485112636734,-0.01654255420815448,-0.12871923556169393,30.593925017229598,166I,cMonocyte,63,M,IPF,1.0
-0.12498399723824717,0.2467482288382515,1.5594756182913296,-0.0470984168198358,-0.21187009871193965,0.04349271636220002,0.8311196701274842,0.3199674030671624,-0.045112015228583054,0.38965723521589957,0.03212143952536628,-0.08766584123662831,0.22270740661861038,0.03964683337410492,0.07522768652652918,1.4145817504482592,1.8964012057973145,0.70619249940886,0.5452725616414482,0.6896712452864767,0.8534663735303757,0.35626346849863677,-0.4103854246801631,16.65029684169225,174I,cMonocyte,67,F,IPF,0.0
-0.215989772255346,0.560592159097349,0.8697684691330156,0.14422799665878636,-0.09398587294277802,-0.07795871869554291,0.06147518066934287,0.13823470826406845,0.24488837950732595,0.2306755017480002,-0.29528196745474183,-0.42818479990762415,0.08797755578933161,0.9133879853010752,0.27479541652184836,0.021969162801449258,1.0363203269776906,0.8153812682820545,0.412559544435212,0.5518344747517765,0.028007533412763973,0.057384883266528304,-0.48357566763178605,37.74560729341819,177I,cMonocyte,69,M,IPF,1.0
-0.2557756041799897,-0.022045393788960727,0.39988881744679294,-0.00975001469811387,-0.037636387271565264,0.0032427570214915496,-0.10253798729466293,0.30661102725144235,-0.6364484062336397,-0.11655447979242047,-0.430314039770839,-0.5605175225192076,0.3523375492398541,0.03876990638849607,-0.028983506669518003,0.4442785556450898,0.5714739494507051,0.618327839373683,0.23387967220758768,0.4403364409683932,-0.031628384115352355,0.42717040045591853,-0.40863499954558724,49.62704641799684,178CO,cMonocyte,58,F,COPD,0.0
-0.15493945308964366,-0.36374238784148955,0.6919378898236628,0.037179286236474686,-0.4302742556519993,0.11151435030176844,0.009115154598720972,0.18878385787778482,-1.1129774327375308,-0.20523260635435608,-0.4196214246836672,-0.4425664781249332,0.48308871665583764,0.0959653458404483,0.1194446182623246,1.0842355579063205,1.1960375624099029,5.93615579270268,0.219181410081052,0.543197689063492,0.4661434786046636,-0.1431290447686723,-0.6019305034980005,-6.606823117072213,179I,cMonocyte,70,M,IPF,1.0
-0.2694364220534109,0.6895810419477342,1.114676879888527,0.28647835514161063,-0.08474652712347217,0.07865187422273084,0.27708714607830603,0.12089900687548608,0.7624145260976706,-0.3748583556107849,-0.2851894647615255,-0.1584254681422932,-0.4390328503449692,0.5519468510960734,-0.11875489887663462,0.6779446979822074,1.5143173869700248,0.6357876958562277,0.36148032393384827,0.33999332311408187,-0.13664036123013737,1.1059348116488952,-0.3210347991566502,22.28934653682041,184CO,cMonocyte,55,F,COPD,0.0
-0.20198821721666857,0.3496308443376391,1.2829886181770127,0.024724719353241043,0.18715079024133865,-0.002685765028492673,0.27023102962599904,0.012677062996415585,3.1589787959015236,-0.2781423327503355,-0.14136029816814663,-0.06606306209881081,-0.07562179234718813,-0.25816377113945266,-0.3816472053991547,1.0593374098900827,-0.10006341484413422,-1.0206969063468825,0.2695307421590083,0.6995613734092074,0.1077678264434583,0.544102711390883,-0.5615743848263781,-15.82094926747173,186CO,cMonocyte,66,M,COPD,1.0
-0.28688480324585486,0.41915858211117724,1.0750186923175789,-0.11534773980170879,0.4347536036955745,0.258569009204358,0.4895070869281612,0.1881130681092976,-0.2670221330073027,0.1587355405287512,-0.5796408728039464,-0.19305112518419232,0.6616031901772852,0.23644114927916665,0.11061966763555736,1.056488555264142,-0.21674563550400505,2.0878547722044853,0.14319239632100006,-0.012220485401925349,0.21909068390516043,-0.2310787744234461,-0.536073111909116,29.68388035651989,192CO,cMonocyte,66,M,COPD,1.0
-0.18692646119333897,0.9835344505490179,0.9276282953663776,0.2163321152133809,-0.2875143672693481,0.05045365999710749,-0.09020543089387739,0.09995949437859036,0.9286131295814053,0.37654674270158756,-0.2656136327018425,-0.3773401027936403,0.3238131597527948,1.155527598185574,0.2036924797709834,1.1546325048588102,1.1705845541143383,1.109457551797582,0.7440867664657358,0.33552905937773353,0.07096282878366407,0.414101291575682,-0.001971107184558574,39.05425774254941,193CO,cMonocyte,63,M,COPD,1.0
-0.1497078722052555,0.793348526565884,1.7830258695425856,0.3703047464623458,0.015078889647362067,0.1435804144662633,0.5303238360255076,0.12062886055836924,1.0258217562355494,0.4587108800941908,0.10595609377606535,-0.30497624387626565,0.8586778857808725,0.5252475995939402,0.14758091694673062,0.9377277588970632,0.5678177867357556,-0.12369411967707332,0.8492832080150126,0.8700738684677846,0.258411994961828,1.3344808070582967,-0.34724550524613995,28.260359223909987,194CO,cMonocyte,59,M,COPD,1.0
-0.18895918429528524,-0.194911073003194,0.5897594826516201,0.5479548667304112,-0.1641898827720949,0.17042583128729108,-0.8916822611834239,-0.030543306191305637,0.17692335480328814,-0.48496760900872715,-0.203596412257367,-0.09089728427310974,-0.9460715888586357,0.3911411406966318,0.06734837030067885,0.6511610207877877,0.10643552819551842,0.5043043070219304,0.052079691800568276,0.2880423353164445,0.5565774923420805,1.3176382260551704,-0.07711678079295617,4.589167161092262,207CO,cMonocyte,60,F,COPD,0.0
-0.05699805148422892,-0.6980466579850015,-0.6071171750809176,0.18296172600421445,0.0661687786673794,0.03005223248791454,-0.5711550521574439,0.25590084309907896,-0.9292530525971181,-0.2055043801638954,-0.10450026705473808,-0.7287585324493135,0.10531160420882463,-0.3369446765688264,-0.32215903532978546,0.19555122110850146,-0.49347286082533076,1.94790216003746,-0.6183969730881205,0.12451510238690827,0.35059064531897194,-0.41114743972671397,0.5365447451985379,39.02559797792135,208C,cMonocyte,23,M,Control,1.0
0.12344071956011866,0.3744436999943294,1.232226678233124,0.224136737400572,0.41373967064115386,-0.008949878307465922,0.13665486546161992,0.17334074079208478,0.16894232961620215,0.27208260395425704,-0.8242668325870488,0.34821772697065134,0.20370698194385867,0.5849262841880902,0.1283284287312774,0.49775837900013603,-0.2905704870976232,2.6315550942599457,0.5016768848016382,0.0731876232931799,-0.08358483029153994,0.8636533789123674,-0.10036635192397705,38.98908027312629,209I,cMonocyte,65,F,IPF,0.0
-0.36515104346014254,-2.3944775968688723,-0.3002189742406165,0.12218625192231677,-0.5817708872261226,0.5624194430904548,-0.1813443723267928,0.15677789332362294,-1.707774988258023,0.05050195539435253,-0.2855794859433122,0.060067027505012485,-0.5699351136786858,-1.2569239634983322,-0.4719848833091978,-1.9142114261214354,-1.288712839007468,2.5602400876827107,-1.0697592504871678,0.22087181293939429,1.3720640378792526,-0.8213653320383725,-1.2727152069791732,-29.145981527498503,210I,cMonocyte,68,M,IPF,1.0
-0.06840772142178764,0.1146515772203321,1.002635786081547,0.34732344325375036,-0.3326825622493352,-0.09889697302106218,-0.47383386181583237,0.27966577244133134,0.057316201110812336,-0.006050555956039348,0.5434067945138632,0.0042269825777342665,0.7391682562705043,-0.4231741799279215,0.20272865318536287,1.8617682912432472,1.4123293115585343,1.6908122057849277,0.3830576786465464,0.44040242788440137,-0.24494345402237797,0.06992737876805248,-0.19199231210019266,-24.443655098569756,212I,cMonocyte,71,M,IPF,1.0
-0.11571421150041945,0.7762760749269259,1.2915972930292352,0.2094205583543121,-0.21142812110376408,0.08341266062031824,0.3692264238883369,0.17474520014315512,0.7388133596064085,0.4415827648025929,0.40661462167040285,-0.4258392506505088,0.4462756945231426,0.3288647111124006,0.16298643693206522,2.308417543188868,0.43180427416012823,0.5280201592721051,0.5677602231303671,0.12261757365722023,0.9107000569902997,1.4234159296012925,-0.2210985254679528,-25.41904383303643,217CO,cMonocyte,70,F,COPD,0.0
-0.06451479540056054,0.42196864844985155,0.9073491954486157,0.10435308606242953,0.431147658835787,0.0050370660224883955,0.6294262639085835,0.29731457569030156,1.3197187899985494,0.8321319791288831,-0.10642273850330959,-0.0079017188494281,0.40271286634493475,0.6355734140558891,0.03886262749255215,0.8247379879327562,1.9705638434725863,1.250447693678898,0.38060114053536576,0.1607068635020151,-0.5504430864437347,0.22807275723199832,0.06993673684803506,2.667685883133829,221I,cMonocyte,67,F,IPF,0.0
-0.10611913184371059,0.8417105660400493,1.7062948845743224,0.026860824274436448,-0.10067636205244601,0.028235597980498142,0.3280018848939967,-0.18864375052982602,0.4763880591057926,0.75477545759702,-0.010461039313428521,-0.16082254071801141,0.1600854976178278,0.8288301399744455,0.27128025557354446,0.7225360675939169,1.8450920745084929,1.1409817051960867,0.8654187225940615,0.44724000089844534,0.3004356450318803,0.4307658530962092,0.13518918819969492,-0.6711918675133017,222I,cMonocyte,59,M,IPF,1.0
0.003325803753175459,0.8029963838110228,1.6457879393113535,0.0640554114001411,-0.013315631589474393,0.11555145442978212,0.322322542152538,-0.15407830785151952,0.5480877150083421,-0.05665689799419486,-0.1645678636510413,-0.1824373532019745,0.16147677669525323,0.6701578619855274,0.39810552951266626,0.9844600980487449,0.5537949076110545,0.8697608898559889,0.2766930157179763,0.4540459377005029,0.8328627881267083,0.5562166299772656,-0.07249386363781611,45.342483610921676,225I,cMonocyte,70,F,IPF,0.0
-0.1620531973847887,-1.2163905980112601,-3.397080434720565,0.22189925685689738,0.12311688157369416,-0.07754773127203524,-2.253958488776932,-0.8790689502460637,-1.8261716407918127,-0.6558152111993738,-0.2015399738395884,-0.1019520463066855,-0.3393696933096244,-1.435164509519942,-0.7165151873713062,0.19760797859290757,-0.023824817667464353,-1.217064853705043,-0.6470702131545607,0.23601473081831179,0.5172911210336537,-0.40525909822106826,-1.750554097716682,-74.59661301428517,226C,cMonocyte,32,M,Control,1.0
-0.23885270404295467,-0.499604235554296,-1.790660763940411,0.13288403902958998,-0.17534054244981384,0.02674430201828116,-0.43017395154862825,0.2849811190526183,-1.0978523732137817,0.23422781388590588,-0.2559987341599826,0.11968382188799666,0.190479415516015,-0.801414565552758,-0.4918973271020194,-1.4942191102831566,-0.6298157664298989,1.513422597399137,-0.2535437501567439,0.26628623001889223,0.08922565851900903,0.009419021397624412,-0.6063833483531866,-41.89879864775468,235CO,cMonocyte,61,F,COPD,0.0
-0.2934823659364672,0.005575989713555369,0.04829967713044543,0.5115236835985562,-0.2230917746481171,0.20934660565763014,-0.37416765147605086,-0.07899812567026332,-0.639637164312641,-0.41016650239347435,-0.6905548966379526,0.012198658078581202,0.35023076417688365,-0.14116045029685365,0.08412610695555105,-0.19994077739413535,-0.2611564765382665,0.4639474064482279,-0.7111931243054248,0.29950208269372497,0.03026040849408713,1.2036203911425,-0.9175972915122429,-4.584206907984875,237CO,cMonocyte,57,F,COPD,0.0
-0.23207126005761217,0.31426183528018004,1.566920978639279,0.09902482434443932,-0.32865739698047425,0.03300369890959179,0.6161385963073848,-0.027731202354090656,-0.04039106057055667,-0.01372612619703074,0.09105093642804678,-0.2916863861269721,0.388142861162928,0.4278076728270235,1.1176324148347487,0.9195234172064226,0.8682932334345674,-0.11400575117160477,1.030055015754618,0.7598597591876302,0.282435932818529,0.28851750701682866,-0.27530702792593115,43.8816606922152,23CO,cMonocyte,66,M,COPD,1.0
0.05378226497833454,0.2824909722362215,0.8107991455888539,0.37111252649542553,0.11912887895148333,-0.010187078920735584,-0.5558143409981317,0.20214637058682072,0.7881964604169159,0.14520405389614455,0.1761689733203469,-0.9438015881530888,0.07143300308581088,0.6489469741213119,0.6020360790132623,0.6602672806223433,0.009935946378622156,-0.07563808800440384,0.4042194786857178,-0.03135746919158428,-1.2430314785747103,-0.6716892858413198,0.5854560022169365,52.136970177230616,253C,cMonocyte,66,F,Control,0.0
0.07188917176393222,0.2802016583596522,0.3924916179448742,-0.08821024337231627,0.2915820175387315,-0.00514617215685753,-0.9388981056990225,0.5568804735212508,0.6153516664744995,-0.04530397507530717,-0.16884179734871635,-0.06672128545870216,-0.005522515258683887,0.6752195605475461,0.3954574801818639,0.11385578897927676,-0.5507494190981055,0.33708666271358007,-0.30757639155231076,-0.22301013314118276,-0.36898142960548813,0.26284447062723054,0.4340344761447922,40.39370231716041,296C,cMonocyte,80,F,Control,0.0
-0.5478731085872747,-0.9832640833509628,-0.9601159296516127,0.13321548915809858,0.5877294134116887,0.5319462133250439,1.1784001463834226,0.5851708469685125,-1.9548379866530134,-0.7549275534664057,-0.304320663203375,-0.33699862693179794,0.33810076038843834,-0.9030479116499648,-0.18504495414216143,0.0758258923723922,-2.3876693890400165,-0.5726512948907853,0.15809397149963597,1.1982371099169349,0.14828281987880185,1.3165504418537335,-1.1334319571089386,-86.61497344653998,29I,cMonocyte,61,M,IPF,1.0
0.0009796722982313355,0.07805997600259988,0.2875671478839172,0.24498352444427404,0.15396689562314467,0.01716625750554469,-0.4653535126155723,-0.8104584390598287,0.0772834402392837,-0.046370286224787734,0.2761526503953672,0.4285172744648415,-1.063336398043063,0.12716043582306055,0.46926198841268973,0.1377452106407403,0.31860694478114415,0.5351730978887719,-0.8833816827028174,-0.5381511333909941,0.6098164726604456,0.6586783230274027,-0.2167081593424033,54.12281197786346,439C,cMonocyte,66,F,Control,0.0
-0.275987987270023,-1.4711295012762917,-0.6762170009321253,0.07201185746712233,-0.6495705220173558,0.014967640291778606,0.964934342559772,0.3761850382280118,-0.09521498913621236,-0.49615544982768883,-0.3593889827148726,0.01263022709270789,0.29114140712419334,-0.9830338143938794,-0.4521983605187517,-0.23658257073434028,-2.1118507069792125,-1.6661056447252516,-0.49540679823561506,0.09715755981628102,0.6632769660924872,0.9567358863924903,-1.2953209919838589,-79.66686960310878,454C,cMonocyte,48,F,Control,0.0
-0.07157608878647016,-0.982370002998721,-1.6918104125018296,0.050243309594846935,0.2407760059519449,-0.051333079716797354,-0.49666657419115395,0.41701616323698404,1.9329940107668395,-0.18573162448010144,0.23024287342841984,0.0909374405349229,-0.022446782353155052,-1.3147139339570963,-0.2966471825501059,-0.36332337626181405,-0.31914397156900925,0.4382132956000186,-0.807367097739949,0.19825827106709046,0.21934393375878972,0.49040680551891785,-1.2640351224111208,-6.384959371903717,483C,cMonocyte,35,M,Control,1.0
-0.38514033046646434,-0.4567921971624034,0.5236108323897943,0.04731319694036015,-0.4808014998595332,0.13085467050921673,0.02426618259031203,0.031187310486113076,-0.38569904280129813,-0.02870720318115964,-0.3827122187765476,0.09477075278017594,0.2989065367804934,-0.21294375872050297,0.06222556357819392,0.20102345465222524,-0.31969595832404674,-0.9827188102975086,-0.33277659594718073,0.2702092275169264,-0.5702378891845226,-0.2674134873346978,-1.4621199050709373,8.269972822009082,49I,cMonocyte,66,M,IPF,1.0
-0.3505208803851064,-0.4447085819230079,0.8775392875596861,0.5526490626023998,0.1471642390737364,0.7856216109661976,0.35602948235269155,0.03660668472827348,-0.720613741871959,0.37465411585140435,-0.6158352630720513,-0.6325429034852837,0.05523598192619294,0.017172425664231123,0.0032359845436792517,0.5378355877463931,1.1760154727399452,-1.5124451252788742,-0.11395809707247005,0.2824249114848981,-1.001568148984826,-0.7624021265649781,-1.0163996954558179,41.734975338046496,8CO,cMonocyte,65,M,COPD,1.0
0.2845338271252066,0.21110447194512802,0.8283487940245651,0.06382048139263923,0.07277764508241333,-0.0017292067384679852,0.540605076063121,0.35991509764787677,0.18840298541368816,0.5399915306427995,-0.014148893462279155,-0.3694832461712191,0.15332190432944534,0.2977111072510366,0.394617644083816,0.277334906409321,-0.8803703670757747,0.9833749330000493,0.4139194934645736,0.2693758231020411,0.4556849339822892,0.8376766185499944,0.4362171957465332,14.097867661907667,003C,ncMonocyte,67,F,Control,0.0
-0.30512483378120525,0.7226124424877428,0.750034173553501,0.4780075968083865,0.053025161717578456,0.2983911931967633,-1.345970047930806,0.21004867332207547,1.7615595975376293,0.3501472873155396,-0.6253252074099777,0.13774147905183745,0.3041390999334995,0.9215093180623053,0.3820530432273345,0.3858190692586916,0.8575427629381357,2.2463909801474635,0.41256030851408815,0.4878661630971736,-1.9433482531532482,0.2744733063340766,-0.20071153694268307,105.04305245929085,021I,ncMonocyte,69,M,IPF,1.0
0.12781626502812904,-0.2989418651708114,0.08787653859204513,0.06660511870135208,-0.18878711184007138,-0.10964114231087038,-0.24534069826392996,-0.021128197875340815,-0.5541640964764982,0.05789954736778445,0.2601013506374945,-0.13215937867874425,0.09442274942055554,-0.42351071468435847,-0.032829210012385784,0.4566713537510252,0.4912795987192192,-0.7363488349076095,0.19164052887453162,0.11255956142762585,-0.22237401894142744,-0.7656352315439656,0.5802354402587847,113.63519699190567,222C,ncMonocyte,65,M,Control,1.0
-0.059878735405935954,0.9200823595738076,1.3165240244219962,0.2094492210820833,-0.19234570054468608,-0.010817270618698097,-0.2717668992577001,0.1791927819839979,0.7214528217365422,-0.2397760893240177,0.007135440614377726,-0.08016030209972837,0.7697170604943945,1.3109255886481608,0.15990643645290128,0.9587053010562429,-1.2648601466523783,0.7151441649988599,0.9844288407800406,0.532322392179796,0.2860977829503266,0.6469166808374092,-0.675584257318863,8.332832202728701,022I,ncMonocyte,67,M,IPF,1.0
0.252667280594841,0.2290546649031363,1.133992213963865,0.3067456352472861,-0.09447828852778574,-0.07932489424920236,-0.024899109138568846,0.060468255644294915,-0.6142681961891434,0.05020612708292025,-0.19181801191315642,0.06338678639856199,0.03643555745887898,0.8077544927883582,0.03769280612119244,0.5796958865528506,-0.7842240607591939,0.09017426405656637,0.7110782646046918,0.5313640289673413,0.947870066021516,-1.0020684119610226,-0.36989663465129896,35.50483400740936,041I,ncMonocyte,59,M,IPF,1.0
0.1459613230838021,0.7221851426674678,1.6991811844234284,0.4559849221644544,-0.2788697160305025,0.11275487066833505,-0.6638695259218433,-0.0987275744799726,0.20934577798248988,0.14932126125285752,-0.3575643551682115,-0.08165445567188377,-0.5980816015250022,0.6558223718457719,0.4067122645725555,0.5093224886054375,-0.688948317904002,0.17352645469775138,0.847054370591948,0.1772879469792609,-1.2803826808276986,-0.5259505438037152,-0.16756539613196988,65.28520099237481,052CO,ncMonocyte,62,F,COPD,0.0
-0.012443920025896065,0.4954493660996736,1.0275171299412853,0.15766382169625112,-0.5339967821832511,-0.06960061419315446,-0.521063328509177,0.06855492176474606,0.2770593752814906,-0.3729610449472573,-0.7745476916098636,-0.14979960095138078,0.12456298265467236,0.496093937980469,0.24540539952488166,-0.05451821406162494,-1.1369564403384513,-0.9397753198553398,0.1702249894862974,0.6740399871735068,-1.3276717655877308,0.5326781220222758,0.05530607158870141,44.92741602121956,056CO,ncMonocyte,57,F,COPD,0.0
-0.05007246825206926,-0.3319159733621407,-0.5095459435791432,-0.07043194602952726,0.1934035864766973,-0.20279313254744366,-0.46199143896847544,-0.11669326664181484,-0.3069364954474596,0.32571405473518605,-0.05243101087187556,0.17602459432296513,-0.05979765643532113,-0.7984091659213564,-0.2881541395068634,-2.1666219539979132,-1.8691377118165646,0.2385067999402937,-0.029450652783300862,0.045035301636617585,-0.13529638010338585,-0.6844225441127227,0.5417660384189925,23.294617054172207,098C,ncMonocyte,41,F,Control,0.0
0.13681782091493228,0.4859581254668871,1.2103781487728105,0.5033315059472322,-0.08691139324627374,0.11725060297607923,-0.7857419986256137,-0.10274568458288402,0.5839028203477062,-0.28131637663504,-0.2803430555786104,-0.18304616743895355,0.3422127054481607,0.770677901473141,0.35292877959493874,0.9235124765659469,-0.6465240190846772,-0.11924729991945246,0.5489776933122634,0.020600254634884147,-0.1604948633814865,0.52947060937489,-0.020109789984269953,50.59301460618769,135I,ncMonocyte,59,M,IPF,1.0
-0.06910746130755853,0.534658605018073,0.8219119078530209,0.5107396894075148,0.06440386163298076,0.18805265327406562,-0.6403542185116918,0.20886838811040848,0.5154256489434299,0.33736430877947843,-0.3084339640818143,-0.15065346445693395,-0.12398274723534106,1.1471182823117572,0.9666058026986974,0.32607118347465575,-1.537282523366169,0.7359421368146627,0.8720794127022182,0.5191181346587624,-0.3973062888350472,0.2618513667839206,0.21935618382145786,56.053505725237244,145I,ncMonocyte,67,M,IPF,1.0
-0.24225721985273302,0.8836201724507033,0.3708506184556174,0.1778239921805276,-0.04756971681227634,-0.13399788268806714,-0.4683232671514503,-0.09008885195387062,-0.07360571605805068,-0.49948537525477144,-0.16401429935105652,-0.015063383376414614,0.004703344429319835,0.9047704672427908,-0.10838409773657334,-0.6458678265320978,-0.7229837844624151,-0.6930777427719349,0.014915591095544429,0.6850865276034367,-1.104299893759243,-0.7028620561856623,-0.24351403168060826,14.847304026117964,152CO,ncMonocyte,57,M,COPD,1.0
0.11295601175376262,0.580893916443183,1.460412235641417,0.16183003963777828,-0.18489092878988792,0.03201599742701079,-0.3476983174935931,0.11713635350435245,-0.31210237934598617,0.32842224361712075,0.2349951061598838,-0.15460650122953343,-0.1755378390856861,1.1726709931411443,0.22025742466707096,0.3073440217687214,0.4231631706055561,1.2757307817182066,1.1576610497275501,0.5063031825365536,-1.3727958046458142,0.2301412780999245,0.45571844860046967,83.93515928543368,157I,ncMonocyte,66,F,IPF,0.0
0.12914077661819523,0.3621023032185744,1.5025885330335702,0.22553374222031172,-0.1318178870714829,-0.03181498650949202,-0.12745401005940085,0.1965287069904166,-0.5091998527078586,0.02823266349724922,0.24678447179700966,1.8390741347184218,0.2136083010667435,0.5843193845250412,-0.23945571958096648,-0.6443828156797808,-0.2614992815970519,-0.6063971290573318,0.6512452565288689,0.25423498127191313,0.3958448713776776,-1.1679617316722324,0.22521915767619613,146.47606997028268,158I,ncMonocyte,68,M,IPF,1.0
-0.010161721030721164,-0.3794768487905585,-0.8080186457321076,0.15559258779285798,0.02746395275391622,-0.05366593743816636,-0.3244830314207789,-0.09643201410332566,-0.2956356693834617,-0.314823966182825,0.17853240710669274,-0.23609003042174387,0.053761433124455534,-0.7050622350266758,-0.42939887592211984,-2.266877491645663,-0.6654043629861326,0.7406231707282259,-0.13920805265520375,0.26053632759416895,-0.45456064373517185,-0.7308968779408099,-0.23415001400476812,73.93326977098593,166I,ncMonocyte,63,M,IPF,1.0
-0.008572283610148392,-0.19250764959725877,0.5522123095915963,0.25689464729162226,-0.05495012581437164,0.03141823748999461,0.0954718377077185,0.044397929966109036,-0.5872556318471248,-0.39086369372556345,0.3129850326004028,-0.10180889780841276,-0.2636932012549501,-0.017513789151809477,-0.21667360442705264,0.31052660449512587,-0.22325889966877493,1.195624538379265,0.5944619167892196,0.593649199585589,-0.21953517769174746,-0.8985331026111727,0.11846999220261631,19.94195222116146,174I,ncMonocyte,67,F,IPF,0.0
-0.07830098938422617,0.6864276415134,2.231005810233696,0.34954058173177976,0.18816140351427216,-0.05735394919975679,-0.17787813385144327,-0.24162082648830957,1.3528895734049462,-0.034164540731533306,-0.16552188682911106,0.041475308887671855,0.6806599451829335,1.4479953843638507,0.45960101877471915,0.0691169316720735,0.3359312151446564,1.0991843693212497,0.7825379123763658,0.8020085450726876,-0.13574711136740134,0.2054358573861349,0.2977760021915662,139.76532282049956,177I,ncMonocyte,69,M,IPF,1.0
-0.07443779184839419,0.5099316456091499,1.817970953597168,0.3153682981508206,-0.21840794566032004,0.017671923639596913,-0.25479233978262217,0.26073265920309013,-0.8729450475063847,-0.5851083665436463,-0.6965161096226339,-0.12186433926091896,0.031825703609945306,0.9663918996687412,-0.3277540594122991,-0.15723046497015547,-0.3067102223392753,0.970409209031983,0.09648005579285776,1.7963617740177062,0.3525250156289043,0.17981181356300352,-0.038976208692114496,-28.135882578030753,178CO,ncMonocyte,58,F,COPD,0.0
0.0003571168274310475,0.8232788851868862,1.6218620834569633,0.2832874473371092,-0.3190749411310555,-0.010882204340190571,-0.46135790683423,-0.048731896552994716,0.40974402140742117,-0.4608160435112832,-0.1437021982291651,0.29542085929320605,-0.0920393712983415,1.0148926291642855,-0.007533132303789757,0.468245604317986,-0.051040884813949125,0.704145714069114,0.6160867916711681,0.6682902601993206,-1.0420204206616028,0.06292505887377779,0.1842311334149944,61.08913173781228,184CO,ncMonocyte,55,F,COPD,0.0
0.15261252517088494,-0.07157959978146879,-0.8661705490952739,-0.027261903851831606,0.46758384341748305,-0.12012597417883085,0.07030524993455302,-0.18292526724571126,-1.3089735232575896,-0.7446362324133948,0.0117249870001155,-0.3439264131702126,-0.158657920764862,-0.2318688314946525,-0.14909319617996114,0.2550225392765853,-1.1269236709477677,-1.2988782936389953,-0.23235147031115178,1.367741567819186,-0.5205408290188644,-1.8677433457423385,-0.8531803301899462,25.45714124076618,186CO,ncMonocyte,66,M,COPD,1.0
-0.11609657172416202,1.0090779782952988,2.2165337039553297,0.45627779998076384,0.11394375603222434,-0.019980892867042476,0.08408031512437447,-0.05136216374342006,0.7996304228161333,0.46640602121127245,0.12085730305084023,0.05378900781698169,0.6096923331527612,0.9864019137616493,0.5449529754717911,0.9220803234051708,0.5862535434868447,0.7707714047394224,0.7277105344730572,0.037442214186170546,0.009153324772187627,0.10388044508685004,0.46764418768904487,75.57325032871097,192CO,ncMonocyte,66,M,COPD,1.0
0.12504487506809797,1.3481116961823842,2.195758700639229,0.28352768530149436,-0.11181801121771016,-0.03990067254137838,-0.15607495380357067,0.06238221362260025,1.0551777136894913,0.16339712350780605,-0.18378340994758516,-0.2496515722737185,0.2368290328559466,1.2198181623572153,0.3111011370742453,0.9902785954077556,0.5727194918645344,0.99952781534927,1.1862393040678925,0.5452044485912384,-0.6586635510620641,0.0628015718636734,0.12612098635071353,57.185584228920796,193CO,ncMonocyte,63,M,COPD,1.0
-0.32676791777085057,0.3596029378941482,0.28133130034663517,0.36435726293263043,-0.20282012407646863,-0.08801571371558306,-0.7779447071409707,0.1906338115702936,3.905022729756615,-0.9371121743547206,-0.32975606788747636,0.6761652034510968,-0.22795132338948898,-0.1523049812377137,-0.24388205065455723,0.28080114849592813,-0.7876921564543393,0.49748063382111174,0.05390061929516054,0.24395403821560316,0.3449695856221561,0.40908624728395443,-0.5888221723255237,46.39092393649935,207CO,ncMonocyte,60,F,COPD,0.0
0.2607813908144451,0.7296097675337803,1.1286076856016747,0.2757603727184279,0.29271425508788984,0.07389634522315386,-0.12301951831435172,-0.06284541362825138,0.3225990412028125,0.6534728696881733,0.1549491115424997,-0.6791088888308041,0.5115976087549953,0.706092567510456,-0.24851724319840493,0.7867885819912338,-0.36997629662242026,0.3068546089652936,0.17932225819736908,0.0876404231659936,0.9078895041729121,1.7438717877590502,0.1557211332784529,16.409523084075282,217CO,ncMonocyte,70,F,COPD,0.0
0.18434646176694083,1.041475805717988,1.096518090867262,0.41509901523851506,0.12188017192499137,-0.1180062265381073,-0.3809412388614479,0.23880004414451186,1.2495009300497173,0.5404954341071975,-0.08295779582145969,0.21439700219723581,0.7143376615189851,0.9306635224417343,-0.03357624793670104,0.2422367588884805,1.2720568719926275,1.7516740482885094,0.593029370271998,0.919678945514565,-0.6958265090627431,0.27842596041658485,0.5478732142065114,61.11022041874212,221I,ncMonocyte,67,F,IPF,0.0
0.1682306410430139,1.138965606147737,2.176893363904106,0.3865988199425272,-0.19259181699622,-0.05051557970220805,-0.5929226586818495,0.11785562109749606,1.2882192883531907,0.702183564964141,0.05142467041076239,0.4882171935886348,0.6354599765909348,1.03692499309041,0.3682357328748291,0.5150756851636644,0.41169701838335643,0.6666277482909725,1.2194857354137132,0.8130745425424256,0.714554335833258,0.12566941183913236,0.567391262409509,39.71354899257802,222I,ncMonocyte,59,M,IPF,1.0
0.2231434976201021,0.9741588835701065,2.6323864514945163,0.2674210836901924,-0.1811441871714667,0.005079713144373193,-0.3115675518085339,0.4076835956862029,0.5323167266252851,0.37431813925211743,0.12393153415060341,0.03914372049906845,0.10239355865359345,1.378425498612409,0.7682011585106964,0.8438812848834427,0.3957574641940917,0.482453140795416,0.5525041530532326,0.7329741618614005,0.7066048111020755,0.3610339015259284,0.5034495142112049,97.19576763720445,225I,ncMonocyte,70,F,IPF,0.0
0.04412559869349318,-1.2309649320562615,-0.5387712488528325,0.1636887378982593,-0.8261417474476825,-0.18087031111975074,-0.0499972816343185,-0.025654258253650426,-1.9053236250114522,-0.8806020408743348,0.0016194932899378407,-0.07666479062125313,-0.4369286827758785,-0.9036073401146043,-0.2249961427124569,-1.2999431676137938,-2.7403910852403603,0.9563236953767841,-0.6774447518485904,-0.02821564244567915,-0.5626747193111995,-1.4346133358147364,-0.4084275621857562,-5.924266657563807,235CO,ncMonocyte,61,F,COPD,0.0
-0.35368493886905256,0.23676336703291342,0.46013947895280727,0.49566608751874325,0.0020129931126245688,0.05981469380905224,-0.4889210051510561,-0.012174887573652149,0.32305505881812857,-0.6670165983824633,-0.4730889595149083,0.07142401387447529,0.648374166883598,0.5433227126316431,-0.05639832490778722,-0.21969629542421104,-0.8013878286511897,-0.026033683298314965,-0.852301084532499,0.4500102187163336,0.06752387797505673,0.8555995901687196,-0.8498188769442295,11.577989285937655,237CO,ncMonocyte,57,F,COPD,0.0
-0.08059530944354372,-0.23469060111697715,-0.40774105612754424,0.23560944459120778,0.10766420074868106,-0.09709377609884982,-0.9687980411542031,-0.6403503101012359,-1.302728451630209,-0.8981110058420686,-0.16759021791383102,-0.2057476110704952,-0.5082001693909933,0.13793656340787278,0.16706651466683606,-0.6153327812221978,-0.7446181537736447,-1.220962448392379,0.2601640073501926,0.4016197200670918,-1.4829163546208903,0.014282159550010866,-0.40311304331919556,24.777189426687574,238CO,ncMonocyte,66,M,COPD,1.0
-0.1780115003523681,0.43433285596152477,1.0388617911502862,0.09286386211051378,0.22408257152439875,0.0106895510518249,-0.5669945133808122,0.0641479266659292,0.9807410976834884,-0.6613879153871091,0.2665899622865732,0.8674874369118618,-0.7380274618655398,0.5200688919679822,0.539975670656203,0.09456263547511803,-0.08495474093856839,0.7364832441760657,-0.34058365183623623,-0.4034281754313576,0.7084362132618612,0.842779704976597,-0.08451657701126108,54.32110139193895,439C,ncMonocyte,66,F,Control,0.0
-0.23635632813128535,-0.14954222915754953,0.8870306358005663,-0.0074661624352971535,0.033524699601863855,0.05920621828730522,-0.4465733596611737,-0.029455989270997393,0.2638872583402797,-0.6167329725240878,-0.1735517593121865,0.13168224128005387,0.45331110684085424,0.0899341282188886,-0.23942843149191248,-0.07801170828819179,-0.5809354131731813,-1.571870915079785,-0.5469533473936194,0.1609734389059879,1.0334139797907864,0.9394662258100378,-1.1779273795490453,-52.65640919566445,454C,ncMonocyte,48,F,Control,0.0
-0.18464646247401892,-0.008546535942279122,1.5772453075416693,0.22547289196682305,0.5604954035112741,0.10960430480972982,-0.11629573893615466,-0.2225412302704103,-0.16080760505121128,0.22291455223529208,-0.2227493492921063,-0.05533631932526194,0.22151654648020086,0.5740572655575049,0.251158154811551,-0.2767581751806565,-0.4119689422106792,-0.3304446548448455,0.12810399600872682,0.5489695462159189,-0.5748176866997894,0.9960813008895208,-0.29821028230848706,7.127045346316891,49I,ncMonocyte,66,M,IPF,1.0
