instance,celltype,Subject_Identity,Disease_Identity,n_cells,subclass_majority,Muscle contraction,Respiration,Chromatin modification (1),Heme metabolism,VEGF signaling,Protein processing in ER,Lipid met,Cholesterol met (darkred),Cell cycle,ECM organization,Apoptosis,Interferon signaling,Nrf2 signaling,Amino acid met,mRNA splicing,Fatty acid met,Adaptive immunity,Translation,Cholesterol met (salmon),Heat stress response,OxPhos,Innate immunity,Chromatin modification (2)
0,AT2,THD0001,Control,61,AT2,-0.005774542607772263,0.19013862684335378,0.34523851439049874,-0.3670359618745617,-0.04120112346177646,0.0005322986868035832,-0.1996101283536581,-0.01149945020193698,0.27519743823485593,0.12043671519614174,-0.5581921236069013,-0.1547254511445115,0.1622305791376571,0.3950378664793537,0.2182464575568345,0.2702410608510093,-0.15965326021122378,0.11092308934291564,0.3861106298152235,-0.011828606313891661,-0.08769073756818217,0.14000981215023708,-0.0051895409577114165
1,AT2,THD0001,Control,61,AT2,0.04249042840276757,0.14086115314201955,0.5961367531015473,-0.17801746680658684,0.038419106546342216,-0.10817112167564814,-0.4804766669422729,0.06873598857534821,-0.13125028964766822,-0.05246952166498437,-0.43491704111509694,-0.10578384470238462,0.19088120599517586,0.2930611117256336,0.15694949122714313,0.09890624996807099,0.7324823448713529,-0.026353726573351575,-0.19227931300935808,0.2806469279363893,-0.007236229339728813,0.2970401215315828,0.1049683109182225
2,AT2,THD0001,Control,61,AT2,-0.010924349454411359,0.17560642134312351,0.847798747893145,-0.9300239235668769,-0.1403528735452747,0.060946518722006786,0.06636453051614412,0.05385226145180238,-0.1110723195363904,0.07478770246439166,-0.020122263706727646,0.0316582584719106,-0.004674987411962931,-0.20447052524383505,0.17184398126858325,0.308039794086504,0.72963355035513,0.28800562590017226,-0.23968557674048893,0.1275908112651162,0.2767114087409653,0.4280308515851327,-0.2397752785889609
3,AT2,THD0001,Control,61,AT2,0.05087176444430057,0.31342462203267074,0.5060687940174853,0.004701558274282134,-0.14356830944230797,0.13323574712133765,0.13248704132091452,0.02407209780776471,1.016211157953237,0.2865600941618338,-0.26927056640853464,-0.25924488759306813,0.04840973052276978,0.09114420957890593,0.3948933751863532,0.06293424989303564,-0.15527285385533374,0.15290346811649874,0.1872673169275204,0.09548663099376542,0.33167694547780685,0.28764833284669605,-0.06657400642779991
4,AT2,THD0001,Control,61,AT2,0.022170013312173338,0.2115825225340808,0.40661696446174445,-0.2348392952042745,0.21808507927149356,0.22113533598737697,0.3193926480950925,0.07248452241805495,0.12113790802434653,-0.20438215965564363,0.03335143092736287,-0.28295503253999865,0.14244290553214953,0.3581668002828093,0.05699484480807826,0.2544680053907582,0.9352253448974559,-0.11564576189652029,0.066922063732058,0.19827043800562852,0.6515340126756419,0.20496453140746967,0.028394412924700407
5,AT2,THD0001,Control,61,AT2,0.16317763429449444,0.08406320103467398,0.21088767434657227,0.13200241236610877,0.08549560762546558,0.0040174198441269215,-0.1463790988295721,0.0006310998695872195,0.0982766450119084,-0.04701157424841362,-0.6954279026463133,-0.2818388772104799,0.11345817451684004,-0.3021301377747903,0.06548277705122367,0.21583837056961414,0.4449560334672155,-0.03371879606290466,-0.005537072655964689,-0.19202717145312906,0.3208383494165966,0.30882964576334343,0.098240219100642
6,AT2,THD0001,Control,61,AT2,0.05997131031939335,0.2977768726704184,0.23168549219794657,-0.04805708191161331,0.01872582566513379,0.108044794001222,-0.2647894002976574,0.012833663426813295,0.6171031345663307,0.19185753657127555,-0.06805084356500099,-0.636864610754656,0.07064953816194006,-0.04697158503980078,0.46112613830394983,0.16338193441508006,0.4790128304411789,0.21199002586498222,0.1965274736378186,-0.3055953601573218,0.17690624144793596,0.7433334572269038,0.09448638864335579
7,AT2,THD0001,Control,61,AT2,0.006456464542971608,0.3048958893695782,0.6060973836884248,-1.0003952919456205,-0.05506765503731498,0.0920058092981201,-0.382940644105405,0.07561051916806602,-0.009061018506414055,0.07739227295374163,0.07108662556622504,-0.03936914674034682,0.15872895535071613,0.20827137687265856,0.3297911283258455,-0.023387541781174474,0.18914749352048046,-0.19641970267370729,-0.01896754194506527,0.018578677426263516,0.470007319634599,0.13412644363586562,-0.08862691269484745
8,AT2,THD0001,Control,61,AT2,-0.0062957491512967015,0.3599525166254491,0.20133053101191023,0.19704223999529727,0.04468616333222137,0.09195557815395129,-0.06287621065209971,0.030847170901649304,0.2621507659789688,0.08894391269624995,-0.16305278343493756,0.4349877798598302,0.08080950433209871,0.5530944498397052,-0.004969767889111781,0.09732997604616594,0.46808316610119277,0.44716370502297936,-0.07134866580623703,0.07428050471237876,0.3723125732731401,0.10470709468178324,-0.1987554696614702
9,AT2,THD0001,Control,61,AT2,0.05395602046435028,0.33392956697242376,0.42081046142629397,0.03503220308139757,-0.10649324621854933,-0.035775464658534636,-0.23436073623745984,-0.0012983415269072276,-0.21739665029547608,0.17751372238398166,-0.4292894686759922,0.561858318579869,0.03216522932210122,0.18331995926550895,0.1678375390273772,0.273815335776844,0.5149806025032669,-0.025876038371085017,0.03913545576659049,-0.2936544798331516,0.17062925168271229,0.3892661165828093,0.4009422921303852
10,AT2,THD0001,Control,61,AT2,-0.04680326602717116,0.1338274219290153,0.31592785499247145,-0.003987371365447033,0.12777726135933815,-0.03672785952158108,-0.2793341676328943,0.016812728361694902,-0.11653726250023495,0.09436526716439707,-0.23118727734601405,-0.20753137562380672,0.26189217749478383,0.18944791650120424,0.15072987979138372,0.08012390910820341,-0.11722261172320413,-0.33032400562459363,0.03098196802872632,-0.11066375133844883,-0.14872430104441448,-0.1472715552412428,-0.12347012679724578
11,AT2,THD0001,Control,61,AT2,-0.003931155691995861,-0.022770528476762017,0.20836314287413799,-0.02121234814863115,0.14702315722416878,0.04358899268737104,-0.2392669223891134,-0.01303729906405587,0.5191890021278944,-0.17121253406644205,-0.12029754604092448,-0.08978006668800191,0.048849515135362655,0.10440484843277924,0.18365810784642286,0.23436975379760952,0.5002310369778815,0.24959203493376247,0.04947849278295251,0.18773693236420655,0.09556898992800524,0.4754312458122675,0.5132285537556746
12,AT2,THD0001,Control,61,AT2,0.06885366199368548,0.29250436145311903,0.47743735331837,0.010792983188028026,-0.11930720471710882,-0.026074407554440335,-0.12435496018594053,-0.01893879753822826,0.02709058061773812,0.06436601310825704,-0.4105504770210677,0.4445295175417819,-0.03284818130922354,-0.39551092772369895,0.1715179155725052,0.3298417974226657,0.3923519968270832,0.20328568218695534,0.28756484961512446,-0.23222599023293727,0.3552254826206762,0.43516897585280323,-0.045633673916417906
13,AT2,THD0001,Control,61,AT2,-0.03168565929411609,0.1803808347795431,0.29210117618785647,0.20754555004789702,0.15381384323397024,-0.03185790323753111,-0.602901717323347,-0.010858508050325491,-0.09733317037776436,0.10198593253234145,0.000952598317922302,0.0319270243662845,-0.3186337437646381,-0.05924420783756242,0.3801998352288764,0.07152364086420715,0.3146095469014043,-0.1730264851855263,0.17705225083887433,0.08406856619897196,0.15111099023652103,-0.06379368985228172,0.06223539666936858
14,AT2,THD0001,Control,61,AT2,0.09278045499305598,0.12821687479796506,0.31921886807362315,0.44519740168628535,-0.050401222835359624,0.050820026928139805,0.11562234398274553,-0.017526182720355808,-0.017138094653699427,-0.3497405369828814,-0.030099548288910535,0.02111347815309873,0.2583832535757657,-0.021790917768040895,0.17577011540843313,0.26300254281211705,1.3754845002972995,0.09134885806870359,0.31697544883017176,-0.14906963232870268,0.3157448040317282,0.12481555811117198,0.21438475207233995
15,AT2,THD0001,Control,61,AT2,0.08282937438306408,0.391698023336744,0.7112543358916583,-0.21866689283170695,-0.18205097746249543,0.042977209322476895,-0.13539151620999043,-0.030618481078756796,0.2088590713575434,0.06722802147463547,-0.29240265941751764,0.11984329122153657,0.16040691087913403,0.34013457110623324,0.16888770130707098,0.2307187929763676,0.41262571161744593,0.20770887148349976,-0.5123064297915545,-0.24932524895009794,0.7734829025150132,0.14796446797763232,0.27402214019959126
16,AT2,THD0001,Control,61,AT2,0.016812695193017643,0.2137271062688469,0.4799744236683412,-0.36260896657284974,-0.10096095314422768,-0.04063217771055539,-0.9024299789423967,-0.04451213634606532,-0.144597153616422,0.0977291528641283,-0.021542898170838928,0.18000960779715264,-0.08031718882051139,0.2687856089804005,0.21682251446908032,0.20083949236077317,0.00883517816788329,-0.16547399602216104,0.3408153278510783,-0.003469643862657807,0.31415921084753623,0.29955606636927373,0.04364982245034953
17,AT2,THD0001,Control,61,AT2,0.1017804415941973,0.11314094275760948,0.3316169162837181,-0.3735822921246932,-0.13612071848694776,0.08003903465484051,0.08036313286871469,0.01864695822440743,0.43703945375180125,0.5209927853187205,-0.2831188391811058,-0.1687386996152415,0.06196517280491135,0.24777217654566178,0.16056186763690117,-0.05066123910417743,0.26109975874673513,0.3776863377438729,-0.1748105027554314,-0.04470945255147959,0.09193189010545437,0.02234402973363434,-0.07240874622374713
18,AT2,THD0001,Control,61,AT2,0.11398137840997682,0.3544086609411332,0.3243043913125606,-0.11620623004414979,-0.004948609451046948,-0.04571904269987987,0.1293193959074704,0.09648221069106858,1.3040579195229918,0.37756669551142646,-0.23628506094050522,0.2209248719674535,0.22231067294865137,0.05516990517159829,0.24623495359040393,0.30372639410444113,0.7531352812756507,-0.5208990543591445,0.02103302273621839,-0.4701716879418061,0.2360361959513228,0.34895343889964914,0.028315337519150392
19,AT2,THD0001,Control,60,AT2,0.08742980644389851,0.1633088258992425,0.08263070721687271,-0.965230736852126,0.16713932010532953,-0.019514512001897445,-0.4176188705269784,-0.03744047502444036,0.7358684474224519,0.042821063778509943,-0.4427570820121801,-0.7550067618383608,-0.06935496979258854,0.3327399022406791,0.28250642671581533,0.30218215703609097,0.7083631690687299,0.5628487570171689,0.3174052635895908,0.031240701710942273,0.019248518224883725,0.014056476395750531,0.20705171670449626
50,AT2,THD0002,Control,62,AT2,0.06378092900208555,0.2478585251089013,-0.012343263658796542,-0.7446867654518291,-0.1404602874926475,0.1665685042077014,-0.26617811363283345,0.009385734605554735,0.13020937454194886,-0.10730452150139297,-0.27199474261509576,-0.5985782437303659,-0.18234868227993922,0.032507785005911706,-0.038907598017398334,-0.08648949023086955,-0.9021272577615498,0.12920969512680858,-0.2011013956065277,0.3799827537348065,0.8511542869030331,-0.3351006591018538,-0.2627544205401138
51,AT2,THD0002,Control,62,AT2,0.12117337003750013,0.2386971264858682,-0.07114573835772006,0.12761009811937715,0.026657079728883426,0.008494904336114939,0.3400118162994722,0.00023205008086306204,0.31339225029537293,0.4079074824250631,-0.13064345005289124,-0.2605450929958111,-0.4386766692133249,0.14848746298750004,-0.07523497719402836,0.04234632232719383,-0.17360886000465173,0.43877691193821666,-0.1540880325734508,0.3654843594031147,0.7036143544693261,0.2094101808599265,-0.019876207480023972
52,AT2,THD0002,Control,62,AT2,0.03257691764582268,0.14851094772477963,-0.01686663018191819,0.10745658014785633,0.026711437912422448,0.07312294103205039,0.294590566048238,0.02868774770185354,-0.34467762415112063,0.019272479306857104,-0.08576440984378438,0.11256955675042629,-0.2180939168984116,-0.021062161757910904,-0.10181851685786218,-0.42646846478465894,-1.0944957267746358,0.367665322056999,-0.10996353841272118,0.27675836136518356,0.8438658279172477,0.07206318899872238,-0.2164453691611822
53,AT2,THD0002,Control,62,AT2,0.07922931227409225,0.026664207125868415,0.27990206720321975,0.20378328802220008,0.2781234717525657,0.029310016172658576,-0.290738588146124,0.028900507664071082,0.18484778914635394,0.30167289396978114,-0.1575772878547996,-0.6724143513521021,0.014549504851381002,-0.18670469096112688,0.3113756564109356,-0.15545955271720185,-0.2400655892520113,0.09715046582831482,-0.19025346614007385,-0.2604714387937037,0.632461978080764,-0.06436074510143672,-0.16724799165037185
54,AT2,THD0002,Control,62,AT2,0.018518293607092336,0.23967335866178358,0.26438460131743247,-0.08320009705118474,0.24298280316685042,-0.03216937588983045,-0.23653615242818718,0.026018357941650277,-0.5061220486380732,-0.4000351801768957,-0.4482107527403872,0.020051245016077808,-0.21974061319787863,-0.2600713340085878,0.070534870338119,0.06354297531453032,-0.1750211886956975,0.2966263385273914,-0.7792589006679285,0.308804729223667,0.7657359763775116,-0.15155235575880777,0.11899811416142073
55,AT2,THD0002,Control,62,AT2,0.06805787437609116,0.1383384371696508,-0.07657248589258221,-0.04293476389360894,-0.0679330397812769,0.043114823581083865,-0.4319374681648488,-0.05945498860319138,0.7554014939666989,-0.5346474561960437,-0.08070452633803353,-0.6219905147407294,-0.2117652735078599,-0.5792691681218431,0.08786465788265287,-0.3862619893725576,-0.42851729977105035,-0.17619582720440793,-0.300265051962972,0.5373387337448302,0.8237158434377648,-0.17874591524796887,-0.027682239139055168
56,AT2,THD0002,Control,62,AT2,0.10435496695771547,-0.0688946772247881,0.2785244380358447,0.03187322015341234,-0.16052190679966835,-0.15175012193348567,0.20749345950518921,-0.0019335047075236152,-0.21725429136602706,-0.14426600029472786,-0.5036417948816571,-0.5437474480639883,-0.029589373814639112,-0.22568161373801307,0.18461152019351593,0.0032542218567618193,0.17274298395380655,-0.10028151809065947,-0.33539759339234204,0.1570672496396772,0.7100184864489328,-0.16334599744735084,-0.13137876783803015
57,AT2,THD0002,Control,61,AT2,0.16759262827277283,0.42373934096248655,0.2772842937685354,0.01396970723084998,-0.09753704872497264,-0.05196015873568709,0.533531557315488,0.012641463404136598,0.9752329173234163,0.46139981658088375,-0.26029701885863055,0.09364749188154974,-0.39268844653975293,-0.6405729201710588,-0.16929223718531392,-0.366472179387747,-1.659858298727535,0.1963924530128156,-0.308247036215586,0.23997360698949377,0.7307085847240515,-0.0315453449182789,0.18027567119589558
58,AT2,THD0002,Control,61,AT2,0.05115820497585052,-0.12198920325706467,0.3462795689591551,0.04170418473641502,-0.09236087333898538,0.09604921228181784,0.21599036896956164,-0.0407706889550849,0.2445557357483802,-0.040329605030277146,-0.11078348028846956,-0.5503468288229652,-0.09293795581263498,0.5223681334677301,0.0952915044104337,-0.15005349832701392,-0.9142071172080142,-0.13257599033854767,0.10542220445871288,0.2241941405384624,0.7520342940047999,-0.6274408900262376,-0.030295845598238863
59,AT2,THD0002,Control,61,AT2,0.11542276462590766,0.15495594359512008,0.2773106384962389,-0.16068480608036162,0.05513436171625642,-0.1640145072114637,-0.42682387871926714,0.008230282541233095,-0.07927682173682392,-0.010371465660805431,0.07290606110791296,-0.507830440564365,-0.4860979775954931,0.32573397276997923,0.009427574993286857,-0.13512667701653022,0.10702562332331049,0.6379526719693873,-0.5776784006927442,0.1370079329732356,0.8836649231711856,-0.5334083606818233,-0.24853344354193704
60,AT2,THD0002,Control,61,AT2,0.12106067038988154,0.28799611115851187,0.2833691724770154,0.18212332847801585,0.018578668479375726,-0.0496285581615684,0.3646522994566892,-0.00015651999963690096,0.5982297103221962,-0.1971004801192744,-0.36778344121522655,-0.5197917531720097,-0.11069026830513129,0.08774563692445145,-0.07431016648440215,-0.07662033934511842,0.6048990273628694,-0.1189471141370084,-0.3648807403907546,0.17373254684726272,0.7960935183412062,-0.3209860738584964,-0.16702120029175582
61,AT2,THD0002,Control,61,AT2,0.17204405271644246,0.0684331770987813,0.024332111724218758,0.18686661024719137,0.1099597069496292,0.022805258776935136,0.539163433316741,0.03744587527254223,0.2038132025667772,0.8168259894618033,-0.08296161646516167,0.06695522641009503,-0.25310162357023563,-0.9039056524393847,0.006412656324035235,-0.2964751998102326,-0.04969780662384923,0.23653235202768197,-0.17591585924095204,0.29892692160882217,0.7235761734390248,-0.19731362811471947,0.028566736949292383
62,AT2,THD0002,Control,61,AT2,0.05064665775098617,0.08174774589788958,0.1660308149301006,0.36184067796076497,-0.05647062023534674,-0.05525256843618298,0.047844570699663046,-0.03098552811252757,0.31597017326415816,0.030308275930502032,-0.11129813927808792,-0.29359831162572214,-0.29065535872488796,0.07173826604409844,0.22392064573419393,0.12476364223207867,-0.19863794823330652,0.1565772388954887,-0.44928001923469124,0.2003355100109662,0.8111405193652237,-0.21939926622280745,-0.22045498270717379
63,AT2,THD0002,Control,61,AT2,0.026866454442511983,0.03308400017080954,-0.3019915640749235,-0.8108942376882091,0.19655459594589614,-0.09205182767572799,0.1274673471654901,-0.020328894149533958,-0.4218115538785043,-0.0438149061354841,-0.5587462021336765,-0.6059372391087017,-0.04018960699033287,-0.029278288429496778,-0.30089525310863247,0.10477394228336798,-0.7528738490624124,0.5521358365848515,-0.24676137860750355,0.23057771749098177,0.6613860994813157,-0.36686344075972016,-0.26956307441563365
64,AT2,THD0002,Control,61,AT2,-0.020067790388457636,0.20077917398418874,-0.08300348120911878,-0.031097637268664286,0.12532279340032398,-0.11025754223510678,-0.2540562854795285,-0.020065556872640132,-0.5008685804652118,0.14274023701235877,-0.011236279017366981,-0.5788327439944773,-0.2494310277875355,0.14019837087624965,0.014381942613631161,-0.0416910838360115,-0.5605544237852376,-0.12679056495348623,-0.12610497619736794,0.32638074287430513,0.6185112546949213,-0.350917275658846,0.22035708742015295
65,AT2,THD0002,Control,61,AT2,0.08070125907017509,0.14307629843586983,0.19137878449225718,-0.046258284322836914,-0.011616398968029065,0.008219586176505558,0.4064831468202491,-0.01774343462566682,-0.07430063768741414,0.507213890071753,-0.07088697753062217,0.1568899952333722,-0.13093251264390515,0.11163214166593896,0.23586718864570763,-0.3961183638802447,-1.1051555759176948,0.5671604663402788,-0.16725671750430587,0.3325232340203229,0.8597093964099023,-0.17182210412231674,-0.2301246198866291
66,AT2,THD0002,Control,61,AT2,-0.04190858434088591,0.03144903795521197,0.4364800824218868,0.2533310807161518,-0.14484522790631077,-0.04253135003965519,0.051693925240362065,0.0025403216653788405,-0.3478205464376604,-0.046716604488083235,-0.16790812194678423,-0.44504681219541964,-0.24971385178050542,0.6385119722723978,-0.056295273790144984,0.0002694429342198247,-0.4549736357300787,0.565950502757539,0.009745276011930273,0.16313319677639893,0.7424525429215856,-0.04784333908440996,0.07534174034068451
314,AT2,TILD028,IPF,61,AT2,0.17468683856729125,0.048583645229060585,-0.27140028023830765,0.8821851148745647,0.2503546743385844,-0.14570837292404326,-0.364913956555827,-0.039520720860784876,-0.8252465044255649,0.251339127704299,0.5047913076724047,1.3828106219874674,-0.4124124511489218,0.30157822280059554,-0.17211862432031935,-1.012522687898853,-0.988231466395157,-0.10426792776694296,-1.5819362889417419,0.07403027437564363,-0.1327923376061154,-1.0714168877580432,-0.45011295598669676
352,AT2,VUHD65,Control,66,AT2,0.12914023440542763,-0.15829184647343011,0.027091575748994283,0.36210812917374363,-0.030718213331023002,-0.03123121001166539,-0.06628595843280122,-0.01792580629743177,0.10746640869218811,-0.017231415820742325,0.7186929810346435,0.06804507050442128,-0.07761360877516477,-0.14235940436582967,0.01523089725028905,0.15232079150561884,0.4714248253334764,0.291158673412465,0.07375587772281658,-0.33714190985359954,-0.8336662794319499,-0.02615998483801746,-0.03687240804537492
353,AT2,VUHD65,Control,66,AT2,0.05580216537576229,0.055163484664470734,0.2749132623114417,0.1540282264941754,-0.023297784501138515,0.01727634160893393,0.49371437333373097,0.03421025931626742,0.3505547626592021,-0.2866306831355211,0.9107209720555257,0.38988382961895185,0.07825127210154939,0.05600113436997698,0.2282536716161103,0.375745448125857,1.133992044137697,0.005919912649759709,-0.003867836830598128,-0.2704594098642198,-0.6532789224143984,0.05662849861804573,0.08321397990698759
354,AT2,VUHD65,Control,66,AT2,0.0921226327529055,-0.4028163521679931,-0.10779093410851628,0.3126324801955707,-0.03047729478388897,0.03784352582160917,-0.3856550789553022,-0.04301003860892833,1.1550926421211936,-0.17484913243602387,0.8517768721065364,0.25707588811635596,0.062363137182609656,-0.6459244985905152,0.06098951764418453,0.16413501491921972,0.7962197970703888,0.26635485252606617,-0.21807062141416997,-0.02865959373066454,-0.7296589957936946,0.0034721486992225327,-0.04071388019105499
355,AT2,VUHD65,Control,65,AT2,0.07645969132786469,-0.04756197608791891,-0.28065618983614266,0.047948062686991734,-0.07411315976456069,-0.05946467191200965,0.05355078003509784,-0.010522881675999247,-0.09623648831920546,-0.02901234903914382,0.715742977139356,0.25939007849880663,-0.0017725560232921996,-0.8156570216131696,0.10569617973024588,-0.015183502160219842,0.10609251890239402,0.42685725521076306,0.38698993550956223,0.12264303779601377,-0.980805404096875,0.1477727370254408,0.04043853909196914
356,AT2,VUHD65,Control,65,AT2,0.05870464012119977,0.025678746982925257,0.24626483287972853,0.21272609896771413,0.14382891202826972,-0.10246952123810418,0.0772236995890185,-0.020473834222280572,-0.1923373835761083,-0.09497802310805169,0.673315382553891,0.6422963409009235,0.025151002417078676,-0.23761345843721218,0.3282170002769093,0.026972148177732577,-0.09457402917978773,-0.34647850166551086,0.04937998838659488,0.09682790865297292,-0.4759714164302375,0.09838275294404324,-0.20817488588147512
360,AT2,VUHD66,Control,63,AT2,-0.04948337933392368,0.05205889893354921,-0.3053279388356119,0.14731337978301118,0.04019929046618262,0.01367304117993422,0.46027812431220644,-0.08845014404040721,0.827731668952932,0.3617602030628353,0.17324380215267046,-0.191025078234334,-0.12153151010686591,-0.426724397710071,-0.080515306479068,-0.11980290332849977,0.04278456709044416,-0.6474514233053875,-0.2935168363613918,0.25699929566655466,0.36484769870804956,-0.053163088156877855,-0.011575602851810592
361,AT2,VUHD66,Control,63,AT2,0.017814270381595936,0.14542776983543051,-0.9172521905981923,-0.8145886473708072,0.0619977849917422,-0.0616995024605235,-0.6307111821136543,0.020559273296503314,-0.1348690451475491,0.403868548991535,0.04511651694518498,0.38076840834296083,-0.10077446338458945,-0.3398495936878369,0.06252953323656939,0.07317240605305109,-0.21562605494998882,-0.6994881303681222,-0.06638950650506813,-0.18970897383796836,-0.2613069663704862,0.046960916686021516,-0.002768967293777305
362,AT2,VUHD66,Control,63,AT2,-0.14192369563125307,0.2161420315135089,-0.570095754733776,-0.6424764009777146,-0.04269866412706857,-0.13718322043279002,0.16764365163817604,0.003874165759982659,0.45715453084954677,0.7445725478207021,0.06006119257502676,0.29311277569113753,0.042371125293213636,-0.5348227545234464,-0.18079303521168724,0.03639975890329433,-0.04323916475351618,-0.7777468675908041,0.06288917970080679,-0.011418278204888065,-0.7649734131401908,0.25902071583333913,0.41500165473146117
363,AT2,VUHD66,Control,63,AT2,-0.14765171562849752,0.01859422591330611,-0.44149621563281616,-0.8386260693760822,-0.042384663751725546,-0.06463602354882045,-0.4644291147384213,-0.04204563934338839,0.6896715696488437,0.5124152723390378,0.3716506047712057,0.6915808071303833,-0.12215258732781722,-0.0647104571777001,-0.13540984947270474,0.2173918017983935,0.9128890213053216,-0.731101879134678,0.012132047826455328,0.015972131743355995,-0.03846300936157311,0.2705097533995766,0.10429241834515734
364,AT2,VUHD66,Control,63,AT2,-0.0019756816461403573,0.10631408549215898,-0.41013487083927147,0.2223087865117088,-0.1893853839510126,0.03666126931022162,-0.05392779014100774,0.004294601259293339,0.5898262375313462,0.566143737286796,0.06215836353518446,0.8903212253431988,0.1596112224467838,0.1257528692059682,0.04776471066554437,0.11688889784589454,-0.1908943363264267,-0.3460823442243197,0.30336432046784895,0.07118521795075836,-0.15005766194674228,0.5068387022582674,0.3799883074188693
365,AT2,VUHD66,Control,63,AT2,-0.08347293170161604,0.178264875540647,-0.608976472722792,0.03831822093011191,-0.11274539158876917,-0.0887479258254731,0.24099921614021416,-0.006299430326819129,0.02408849127724,0.6576953450939055,0.18303253826965762,0.5109668131669085,0.0017327006871731311,-0.45760900061178994,0.12491144780535841,0.2529173885587157,-0.22473474135158017,-0.8097943070439753,-0.18135837021539894,-0.076139342367526,-0.20528254485232203,-0.13586929060894537,0.2454595793749039
366,AT2,VUHD66,Control,63,AT2,-0.1248856860488664,0.17842156036466847,-0.7952764400104225,-0.7776036661490884,0.12025112408276756,-0.17571430915721317,-0.2948481980801405,-0.014769970464951494,0.09943117573696834,0.8996604375301187,0.42416714636374153,-0.012720451264366134,-0.2347062208366216,-1.0593151618046066,-0.12211412117525665,0.16720233792850742,0.7312105534264026,-0.5307304589363787,-0.030236878450789886,-0.04053446205524471,0.18461787891461037,0.037371371302380114,0.18730194738906344
367,AT2,VUHD66,Control,63,AT2,-0.10975585612748882,0.21196026125094844,-0.6084475022341523,0.019465787636892166,-0.07499719603523519,-0.06674828694444782,-0.37183542674941783,0.026833076324438168,0.2665391790099066,0.3878845865790328,0.2651017833417582,0.6681590056442576,-0.17142345636325973,-0.6944532471715609,-0.0766125742185942,0.18280701878024924,0.031276596570741125,-0.4795788075408193,-0.012906057475009156,-0.1707439261960822,-0.07756346708095456,-0.2677614806518652,-0.09427787232838226
460,AT2,VUHD67,Control,59,AT2,0.06623330939958397,-0.09732573681192128,-0.7437217255617804,-0.7626774728345787,0.11363952380201542,0.017519496683733815,0.209252873654671,0.03760565429025139,-0.11074191105814109,0.09303135870550076,0.09501670298720592,-0.5555215609813566,0.26317492686520216,-0.49664253874614345,-0.13069427903817102,-0.5487667094657329,-0.024965433058569193,-0.2263346760182848,0.08243182849224001,-0.16150150812678535,-1.0327252884283262,-0.2514521534143395,-0.3342410414583715
461,AT2,VUHD67,Control,59,AT2,-0.005746882752586414,0.28999573984009225,-0.2493880709009552,-0.10519067828770168,-0.07004613021305714,0.007712160503093902,0.2977808016485478,0.05071332649751876,0.3715777249900412,-0.2842057648645587,-0.07931609097399113,0.32862526437039025,0.2580610962591831,-0.16928689170938413,-0.20237851002009827,-0.3353783106716461,-0.5376853517075962,-0.45628594757766516,0.3737505193823703,0.17910868696692148,-1.156622160926808,-0.1642204418276051,-0.03968890018701785
462,AT2,VUHD67,Control,59,AT2,-0.03508966580886396,0.07667404251780724,0.04041859418069689,0.05346326528350235,0.17421687781265532,0.06964269345203222,0.09357972308624668,0.030590367531676953,-0.35343028498953594,-0.5710397701122483,-0.30666906241034136,0.0790372081349039,-0.10218407042305303,-0.25498027630680004,-0.34638054496691867,-0.21559327533490613,0.3050285560648617,-0.2295439921646114,-0.15633145002982782,0.0384193848518052,-1.4796297157046305,0.04029689947141036,-0.36345917347772955
463,AT2,VUHD67,Control,59,AT2,-0.012001953279919085,0.0702533321291846,-0.6246165684281954,0.07866389472813022,0.0984488011289219,0.05279260222664761,0.5726657578041917,0.011372990735669913,-0.2043923317494434,-0.06816844765039554,-0.09275892081056586,-0.3424655895110018,-0.022289383986309638,-0.6925867721872908,-0.15424412059016152,-0.1980636761402206,0.42137927335867215,-0.6033474547230291,0.23833269841004143,-0.1868813667244408,-0.9915642834400086,-0.3826625308009783,-0.24186151841943185
464,AT2,VUHD67,Control,59,AT2,-0.020549036416320186,0.15404877051590643,-0.572491216087737,-0.7425084438447369,-0.28851486108346514,-0.022763765300291512,0.4605557170879754,0.09482119940784148,0.04165087276751184,-0.046463286674232995,0.2970567428704159,-0.31671245730654674,0.14190704836091225,0.0792964591238271,0.10325544290744777,-0.31328072832410303,-0.8003550150968499,0.22700143359361677,-0.10466448524144528,-0.22419910748433897,-1.1016845474449977,-0.24547508801292844,-0.3713840701142289
465,AT2,VUHD67,Control,59,AT2,-0.005750682599773336,0.02225281037194598,-0.514446747749587,-0.2605035739396861,-0.2889812010016981,0.005488757886478588,0.9195832505938824,0.028176941132386987,-0.14344226963102352,-0.0004706957692599276,-0.2630902026895977,-0.2475660080961347,0.10739187949229151,-0.10594563401612267,-0.26265269902835187,-0.3338412395685335,-0.5469578879480753,0.05061424098690755,0.11975998280295594,0.0723482411323115,-0.671950259917042,-0.34572441726153086,-0.05496962102283902
466,AT2,VUHD67,Control,59,AT2,-0.014187063448547687,-0.11972458081655056,-0.41670899157758184,0.007343759380080622,0.1688935700552461,0.04103433156643625,0.058221120956974744,0.06227004606591507,-0.25060744974162896,0.001568170654690798,-0.0786414190769211,0.2385533676421899,-0.06091190859314053,-0.4391436180783213,-0.39067493027632844,-0.2792456156213852,0.10884229805164407,-0.2796211633107305,0.14236245139454978,-0.12464284721549576,-1.4126064243837533,-0.5033950134491962,-0.004952417172066008
467,AT2,VUHD67,Control,59,AT2,0.039857606812406285,0.22983384308371146,-0.6696863461198956,0.027591732362362124,0.21697249792882134,0.10550492023808071,0.2942263228618537,0.07187421529713006,0.27091145382629933,-0.3149094571604382,-0.20549634884905307,-0.029189605938598984,0.006125479412515657,0.2869772967536568,-0.2015163633229974,-0.0462298462846944,-0.2786582393104284,-0.5024759517260016,0.23369321438482127,-0.05790193281598254,-1.2438361693954254,-0.22947129320139364,-0.28401855462932835
468,AT2,VUHD67,Control,59,AT2,-0.027489553271699982,0.37393075379762264,-0.3176410873364619,-0.8401505212471859,0.03744391325653522,0.18504066087418292,0.2211010594295619,0.12086840203941454,0.765283360129755,-0.3326164948532587,-0.17167766531554698,-0.40398729760708146,0.19192508230390593,0.17013016190982597,-0.38749425342447563,-0.19381864830982012,-0.5073536595260558,-0.5927389177192284,-0.5232553209738753,-0.10730265635669445,-1.1457808897489932,-0.2708017519860535,-0.06414977108974816
469,AT2,VUHD67,Control,59,AT2,-0.108543135365235,0.2601176318134162,-0.4848186033762897,0.3473430571534616,0.10306527086525251,-0.03600651852866442,0.33535015173310273,0.14457596748559315,-0.11600909519824136,0.08654177702096232,-0.2647548938202165,-0.013828374550670694,0.20341947153701828,-0.1537118096513336,-0.28685684347264606,-0.3478463260212339,-0.5205408532107725,-0.07863884429163617,-0.008985048336046762,-0.10983118043189134,-0.8463738328274912,-0.04632609591814727,-0.2436788842981392
470,AT2,VUHD67,Control,59,AT2,0.010650460243433819,0.15060364950050745,-0.7647396814410841,0.1415590201476575,0.10299270882913014,-0.059784689075184354,-0.09554903024167183,0.04163102714332457,0.2315285200616566,-0.5618576383412776,0.15957460052419017,-0.22857361426286846,0.16030034558329753,-0.21695789033190885,-0.2047433421591576,-0.2023201005380006,0.19462105508348712,-0.6271351459729932,0.05873131870123437,-0.13678628430771397,-1.5509095249755513,-0.11562764178597132,-0.180226756339704
471,AT2,VUHD67,Control,59,AT2,0.04173623383101934,0.1894606038100642,-0.4858953284224156,-0.21430122668097898,0.06876983685994396,0.2531193490771512,0.32759547806427713,-0.006425995128496596,0.528678607445653,0.06239672747021216,-0.1208940122722801,-0.24437298265543886,0.17749970283042688,-0.09839678419521554,-0.2111209765832788,0.04301380397213339,-0.14697249515843247,0.7015410723783255,0.012469954632484598,-0.10028374806518418,-1.1390154478648373,-0.5434574576008578,-0.042206795903824465
472,AT2,VUHD67,Control,59,AT2,-0.003968495547477993,0.03300317312688598,-0.26614275044789926,-0.11054978205061497,0.04946013426000029,0.06006308451084424,0.2676628322597475,0.028226422973744565,-0.34604876542222357,-0.12013454489626729,-0.16248107115272606,0.2916245202695499,0.08495769594503033,-0.19376705629012594,-0.05767573355326419,-0.15135368759912704,-0.5154392987006762,-0.7792699601162739,0.3800171406973584,-0.03692033239055639,-1.1927285766598315,-0.20420465498563678,-0.10822934270672502
473,AT2,VUHD67,Control,59,AT2,-0.00025362902354518924,-0.2105212869169125,-0.7708636255517959,-0.07544615076093356,-0.13327976375419887,0.01831821037485023,0.26211808201385955,0.027852332518589783,-0.14397614638254946,-0.28660631518857055,-0.29178690831199533,-0.2980538554500693,0.11958548178983369,-0.05050381816534923,-0.31690960848730554,-0.3374079870022395,-0.2831590439007837,-0.2673260410457988,0.17264963623177965,-0.028209196064484514,-0.8946716081495669,-0.2887425351872759,-0.2855569152476073
474,AT2,VUHD67,Control,59,AT2,0.04661013479627073,0.12423860025626308,-0.6671432426829534,-0.09514048630243925,0.0665402140747594,0.09107492936310269,0.07956378463443217,-0.011877423333276738,-0.3070158805987627,-0.38170218099584957,0.19682484609138023,-0.41187532319524883,0.21400501681925954,0.4933820364249634,-0.19242575584226534,-0.0683547076678888,0.7243116024836578,-0.23940597628491578,-0.2318105443047208,-0.05314784867989724,-0.5960127503157264,0.021725154926115677,-0.21558489671375333
475,AT2,VUHD67,Control,59,AT2,-0.023560949301000816,0.10641798924816967,-0.5961652626999058,-0.7130130334941859,0.15246375553268593,0.09457815499068159,1.1533598424048954,-0.025382452688827387,-0.984018902347003,-0.12698054280984863,-0.03220398093277209,-0.355829582060359,0.12080294530945698,-0.15111543171058725,-0.24884517271745255,-0.3639209912325926,-0.15363635273243162,-0.6232479622329614,-0.9664917073247585,-0.2633647361037139,-1.3358377705738098,-0.37324241209421516,-0.13475489815193814
476,AT2,VUHD67,Control,59,AT2,0.03257603035922826,0.16604369825317705,-0.5455942575253822,0.17193180165559993,-0.03694013347379832,-0.06280012004396296,0.9623493275374148,0.029913053030902866,-0.06265618851309719,0.06267191582237254,0.01933220751578665,-0.369696945124929,0.1268287165665196,-0.13157309789435004,-0.08495101218313048,-0.2789696515831401,0.043618537844432294,-0.3535547584118494,-0.12537527410185445,-0.13556788930616,-2.5049865402705502,-0.43248398263374854,-0.21355601669611485
477,AT2,VUHD67,Control,59,AT2,-0.036219224399067225,0.041000487617022276,-0.4799003749962109,-0.05447789619273064,-0.0017107651673902262,0.07202481076245743,0.35514789413019454,0.08715941534412389,-0.48967029068656515,-0.5660882336213149,-0.33163696665221565,-0.3881747153821194,0.017710944160369325,-0.09200874463727284,-0.2788195853904689,-0.08256334787836725,-0.007826110803894339,-0.29233637002966323,0.18665830365120348,-0.03913359791298978,-0.8547166967292031,-0.421793483253683,-0.2765566955549339
478,AT2,VUHD67,Control,58,AT2,0.035821181835818304,0.114604584989759,-0.8151626384419223,0.001404098969856043,0.14054103833370934,-0.0976320819732097,0.06480769963731996,0.0696955020361664,-0.15413528038622357,-0.07292248084471119,-0.20327770061380315,-0.05160159498120119,0.04531850474760039,-0.31470899515251494,-0.15261385799593524,-0.04585282326172191,-1.0547332221652033,0.037390130335876,0.19600692778121986,0.037511455701533185,-0.8425177148892241,-0.19383214367858134,-0.056514474909594575
639,AT2,VUHD071,Control,49,AT2,-0.1938504048289413,-1.1142225690085321,-1.3577277631991571,0.23711031144316763,-0.11987616917452318,-0.17917718853782427,-0.6450164657845,0.012019159004665304,-2.060904627576957,-1.8976002800390712,0.5566832352579556,0.3014205033581284,-0.7230541887155368,-1.8495067947753403,-0.9286983304064583,-1.6358903942591225,-1.0591671520580994,-1.116826826549183,-1.7505835687853797,0.382829864676982,-0.5653846228629041,-1.9519128662263212,-1.4712787042393047
640,AT2,VUHD071,Control,49,AT2,-0.2534868016883387,-0.813231274360868,-2.057467979548385,-0.4245588904553267,-0.10003464859165821,-0.06243457260946741,-0.2270251423923125,-0.03309476685665014,-2.5791806234830124,-1.4006542679060083,-0.07696435451163866,-0.9747618804742144,-1.016009363018299,-2.109669204579684,-1.347294945350489,-1.2324731379141156,0.18791831530514438,-0.26120280539156726,-1.3139631415383974,0.5062828527076619,-0.455323580229804,-0.7742097738455029,-1.0295289181960299
651,AT2,VUILD53,IPF,55,AT2,-0.1624091109507838,-0.5816898343007412,-1.253718112487547,0.7659902245037686,-0.2100436628859199,0.040893023026534095,-0.3535899558227471,0.05192397854605026,-0.363229397972496,-0.5569027239998956,0.5487929129952815,0.03015118877337221,-0.9612600043055046,0.3796340086922875,-1.2972395892589652,-1.138837066221508,0.1872231473893334,-0.7059328978364348,-1.604879756785937,0.2618400563334181,-0.7768455156224958,-2.0367230328883825,-0.6943156539224374
652,AT2,VUILD53,IPF,54,AT2,-0.2806521146628958,-0.5636146981561212,-1.4776493107863986,0.8264778025498892,-0.1392321322843082,-0.07217880635982285,-0.46466438590286646,0.019908488102856836,-0.39642041842958176,-0.53870008773198,0.6516897234245134,0.3055244624894284,-0.7534390375568926,-1.5720525457900665,-1.3705906110396109,-0.9977563515116935,0.36798512166271846,-0.7977081889947175,-1.3328160756421334,-0.4972187948829356,-0.14547254960316108,-0.8016678283541421,-0.7762773230934217
653,AT2,VUILD59,IPF,60,AT2,-0.31668797677751076,-0.008463970309923527,-0.8564538679768646,1.1770712404392814,0.2264446266941987,-0.05768284385812549,0.3374845742292271,-0.10975232576533578,2.621816537340246,0.07931761519756125,1.0889610203955817,0.4433497781446446,-0.5190869548303454,-0.06867437508257226,-0.5292826346138397,-0.6401735221209107,-0.5164288711269232,-1.0148001797549553,-1.1416566520641553,-0.17836767172702242,-0.8059631239717233,-0.18488079038400998,-0.21679948947614708
654,AT2,VUILD59,IPF,60,AT2,-0.17718541243247546,0.010021634114755226,-0.45940588413464484,0.8208512640811526,0.33479762817000785,-0.13204633194834242,0.04344557747470829,-0.06969355191156185,0.6965769253545764,-0.09522757564908274,1.1219885107449998,-0.20043359622818405,-0.4330410570185034,-0.23295977203426535,-0.5421611452449023,-0.6485614573731413,-1.543863839943999,-0.7842176836434978,-0.9513643323212375,0.14774000607197327,-0.41673723165031135,-0.2786262004717437,-0.2588087012417808
655,AT2,VUILD59,IPF,60,AT2,-0.2058281721553599,0.28154247415416234,-0.5634895887893128,0.7969760563640418,-0.3156996598653344,-0.04205563795521522,0.5877651859622156,0.02617583407533195,0.7943200899166235,0.645160882356366,0.9054044823851948,0.5804164321492256,-0.387607856183967,-0.3941171861815899,-0.47263386989719,-0.30712284309903526,-0.22197777467467228,-0.06909197727240284,-0.8650952761785888,0.13038174793235036,-0.7119673650891974,-0.1173774133213454,0.2831082886880309
656,AT2,VUILD59,IPF,60,AT2,-0.14961664291344215,0.03503419187569193,-0.5210967140026185,0.8130916788885828,0.10604153128884174,-0.15490075939412484,-0.07275149791572107,-0.1788019106332173,1.003860726561632,0.021336949174604422,1.14792941036028,0.4460492862037439,-0.3365677154062343,-0.18952420312080293,-0.6761842979256294,-0.3641231408435742,-0.10821051422901243,-0.40310591499059484,-0.6885580984380009,0.2962389305884029,-0.44679923751951184,-0.6256561907526654,-0.1382522947876443
657,AT2,VUILD59,IPF,60,AT2,-0.10243830834901681,-0.215143902556392,-0.690039337574258,0.6698180736377097,-0.10258850406536471,-0.22829459785780493,-0.10819212155779986,-0.034649226932418384,0.9385461642506379,0.0026556003264964134,0.9346569358579385,0.13831073610117098,-0.47049364560829254,-0.20567467543264006,-0.6014337136732627,-0.1103542820011745,-0.8850854486465078,-0.4480380975169408,-1.2446332256480777,0.020433435868597846,-0.9631320359313774,-0.5097559166142118,-0.4597692319454283
658,AT2,VUILD59,IPF,60,AT2,-0.22710578867249168,-0.030290685138508792,-0.339577225910881,0.8896018825818589,0.09605392470716549,-0.10974171814808094,0.7549178723311848,0.00393197181711636,0.5102564171742803,-0.18617167911340435,0.9143025911608127,0.6048138028808681,-0.6499257090280799,-0.47134862644054376,-0.6081844527093111,-0.32560355181788764,-0.32215628951230746,-0.4172911397048326,-0.8594119744075024,0.03176706728696483,-0.9831360236548091,-0.4797561058848526,-0.2808202780165794
659,AT2,VUILD59,IPF,60,AT2,-0.06868747878312657,-0.08022290504562198,-0.4403431213266562,1.0451989641315593,-0.056541055408003284,-0.23127828585239874,-0.15448689686874365,-0.03868441195630458,0.10182450273535192,0.4163408799672905,1.1060356071646258,3.715367271010639,-0.2963425301621613,-0.6317423446833643,-0.6498178985277598,-0.5470039882119659,-1.3914452187995308,-0.970306820012343,-1.2209315591337158,0.25955157684274444,-0.630875238308067,-0.13495188549150294,-0.3274159910655864
660,AT2,VUILD59,IPF,60,AT2,-0.1174164933739912,0.45200719262595607,-0.43213964034823926,0.9527437125802894,-0.13666378211940244,-0.10930899995439396,-0.4408223740912266,-0.06421136471922662,0.634239990236829,0.2511732801703823,0.9448157081171905,0.22507765051290585,-0.20494958518575887,-0.31798328770098216,-0.43668936344223613,-0.4528755501974246,-0.6716684799025029,-0.5579996370044431,-0.2670054998432166,0.08402104589607441,-0.8297218249459115,-0.18698308515986606,0.192048755497684
661,AT2,VUILD59,IPF,60,AT2,-0.23323992859666826,0.2740428813719082,-0.6397292666907615,0.9670563217356292,0.2907063140941562,-0.15167258235342487,0.14994531055327762,-0.1237141028354923,0.9786703246386129,0.23354212056349677,1.0632886370779577,0.7276990936754835,-0.3849675803623209,-0.6147528347290887,-0.44653602315588425,-0.39098884849975857,-0.8671664049898098,-0.2964482014297976,-0.667047633226604,-0.03346630504301713,-0.8305034080521769,-0.43569966515878755,-0.37641560544996
662,AT2,VUILD59,IPF,59,AT2,-0.11192048403123867,0.3893473246440021,-0.35919338042585547,1.0045271450999107,0.14702819889053598,0.045806553832946566,0.6197451308320651,0.09552417892828,3.3781475916951895,0.18969301889348678,1.019687151141195,0.030218224841163335,-0.235860419801664,-0.6928684904311668,-0.14313724296762725,-0.13155670365656155,-0.13722025175851696,-0.1538440791039323,-1.6058938223345476,-0.0730798184650715,-0.981297909240316,-0.5005483125131697,-0.134296322613979
663,AT2,VUILD59,IPF,59,AT2,-0.12896112621539996,0.11208212632294512,-0.480465746976139,1.5442115161691277,-0.2841774824863151,-0.052565710686425064,0.4353223914174016,-0.07034618670459247,0.7783105530943264,0.1698829009279806,0.770447163782859,0.3597578502381684,-1.0017934280424408,-1.0437014289194149,-0.49253683258799213,-0.5759725487547918,-0.6156522498029872,-0.9530731625278143,-0.9871773572829126,-0.059768011184393094,-0.5966419186013981,-0.45849348690568387,-0.12978717752036179
664,AT2,VUILD59,IPF,59,AT2,0.009201173010738778,-0.12735361784105934,-0.8265459083355271,1.0907350047515634,0.185181757404505,-0.18200129056982634,-0.1254296041833426,-0.10412441872075617,2.2891903765888615,-0.03629671577850046,0.8774868010554481,0.591094581228494,-0.40509203339725486,-0.5589367778754217,-0.45471323321719465,-0.2691619520636315,-0.6813081342310954,-0.6738759284480988,-0.8625455345664426,0.6959467321326861,-0.7424059219176222,0.09709993846141204,0.07824730195272872
665,AT2,VUILD59,IPF,59,AT2,-0.21415841877397357,0.11403008986492122,-0.8323602316700803,1.1466901418684483,0.014867657257326377,-0.14203209044481574,-0.07468115225370503,-0.05850108360974691,-0.15831561977765796,0.03219215243798048,0.6300886160736945,-0.11115421101474195,-0.7279188359096674,-0.2157387749540135,-0.5256720224111244,-0.2642014460980822,-0.25085434382138766,-0.8186830455853414,-1.2989859594223248,-0.015084126064918851,-0.6551264207137827,-0.21028969162415173,-0.38400554686959293
666,AT2,VUILD59,IPF,59,AT2,-0.2396504484479092,0.37292532329967426,-0.46031358089581353,1.0655297448567131,0.23925945629239592,-0.1262216522917448,-0.08506567114605275,-0.14945692301237015,0.16616138994719062,-0.38142400493713635,0.5448879419190598,1.0680756813838654,-0.49817299853454833,-0.6344594319382131,-0.8452518874356016,-0.5101390817562576,-0.7319613794108174,-0.964491071293811,-1.1346233984757748,0.18096801078705615,-0.5684312605102814,0.07358230107932048,0.024119144557360826
667,AT2,VUILD59,IPF,59,AT2,-0.14204170991432852,0.353314340571234,-0.26703243297713297,0.9534229693980818,0.25887243684822325,-0.03474434217894886,-0.15406096591052815,-0.07801162791235894,0.783770105021648,0.25033412548698314,0.6107581016863723,0.7778527330998452,-0.3907275961933729,-0.025947150713961146,-0.5041790944592016,-0.3855481845122435,-0.9022486851921926,-0.16977943881888471,-0.3697448281021951,0.028245643733006705,-0.005457979400927566,-0.47396052591215293,-0.13637385224557952
668,AT2,VUILD59,IPF,59,AT2,-0.12331838085925612,0.1738610125334141,-0.26915692172936206,0.9864908831070323,-0.08934260815356472,-0.2129782870310087,0.22875260103145614,-0.05804417791850221,1.21039262525672,0.5266924918048174,0.9124982251711442,0.8333468221179867,-0.43610503417186236,0.38402338287856824,-0.416657595305526,-0.1413668711879198,-0.8660170345403391,-0.38947443132467413,-0.215586270578245,0.11330982439172238,-0.6140371255480861,-0.5146505218278309,-0.05034870710794918
669,AT2,VUILD59,IPF,59,AT2,-0.1513641339728588,-0.544038853040758,-0.4293191381010598,0.8342181799125797,0.02247515739685478,-0.0909292015341459,-0.1618311746382605,-0.12276165926822982,0.6487764751724818,-0.15769813431556662,0.766540678091063,0.35283382110009504,-0.42565449745219675,-1.0730008350858102,-0.21930230663861694,-0.4542702512920407,0.004647270110260954,-0.41240100578027844,-1.0876202381056126,0.23457021937569325,-0.3489894916650829,0.0838568851222609,-0.44298726483989376
670,AT2,VUILD59,IPF,59,AT2,-0.06395841534376334,0.5882006689112249,-0.08381393005571064,1.265605971147454,0.1083305809087077,-0.06538037644609024,0.30835731828334056,-0.017315366837955745,2.219855531735727,0.3541853450768724,1.0758879492028535,0.9770162955844478,-0.07178743976179322,0.6974158873521284,-0.5786567294056475,-0.4684920983779985,-0.9779843415732247,0.12034040804289507,-0.641925894142642,0.06347450357371813,-0.5863095586798731,-0.5861274492207313,-0.30485201418303715
671,AT2,VUILD59,IPF,59,AT2,-0.0952129050638953,0.4278044742535989,0.05649872656344346,1.0187963066419066,0.3093286563797118,-0.16697951424154356,-0.21946818407815338,-0.0014991830743596932,0.7074315750531702,-0.053727902715082654,0.9032634702462756,1.0739867699530639,-0.28549555503750956,-0.5253091712602734,-0.3646755703187663,-0.4350176382062485,-1.0584591159582153,-0.20202118128190172,-0.7725032750437995,0.3246962902083825,-1.121503233744803,-0.272761093167513,-0.4230989537950679
672,AT2,VUILD59,IPF,59,AT2,-0.10307633935139777,0.21105800966081995,-0.5955375492035667,1.0308051090526675,0.07257247239888551,0.0707583946544727,0.5244357655389212,-0.103819168492614,0.7928530097916998,0.4377189679032757,0.9600228578446377,-0.06481783056450104,-0.2879234449030893,-0.12495261320532744,-0.5052014645102336,-0.6003693365612612,-1.2058976950607951,-0.5709718053968645,-0.8055309143255998,-0.11871797254975852,-0.5856611452341296,-0.2720622957423982,-0.06992637732950988
673,AT2,VUILD59,IPF,59,AT2,-0.1088930263121513,0.07930817011070063,-0.7087101092267373,0.857914593925348,-0.057980605439712785,-0.1308453403760464,-0.06312010443244533,-0.020198646755502758,0.992854968162099,0.3185057374876198,1.0113487914196686,0.1896336382521124,-0.29304970263646557,-0.3354004694374013,-0.6646498526073743,-0.03185535838387349,-0.8721420742427114,-0.8146966196232888,-0.42108848594256226,0.20230261545793457,-0.5457261258006383,0.6710679989561189,-0.18320512994537624
674,AT2,VUILD59,IPF,59,AT2,-0.15929412524384587,0.2820245373525126,-0.2713719840108215,1.1390272400890866,0.1611063727756491,-0.2567137983184635,0.30250298444613744,-0.14535596207075652,0.7483107614686791,0.6463431140890996,0.8889277413347594,0.06839779160495028,-0.21766660473083083,-0.5111767869416864,-0.3950357815096628,-0.5848870530918839,-0.5096687646864813,-0.8082928353541086,-0.9027668073430717,0.24307755246802862,-0.8106162456002618,-0.3577511240392597,-0.20727618076816434
675,AT2,VUILD59,IPF,59,AT2,-0.13191463082332483,-0.08513236270815132,-0.514378230660015,0.9428797005682751,0.010826764021600417,-0.19931515008189674,-0.08447418120508557,0.0008856975130350775,0.3597538250236177,-0.6241060158939041,0.8965757633945675,1.7431601603435352,-0.3548596649149207,-0.26773488579626165,-0.4788758286911013,0.035462729228986065,-1.758901706736499,-0.78866830297046,-0.7609282096322414,0.23721003112255665,-0.46228553920000753,0.1963348566400546,-0.3273980137165775
676,AT2,VUILD59,IPF,59,AT2,-0.030280314070380804,-0.35535535541131646,-0.4521939759874546,0.8916314548425411,0.4416671926926006,-0.1969361813698634,0.4700965634608008,-0.02582846504618458,0.1519998859113878,-0.011715159044841765,0.7662896290159078,0.5120310021311355,-0.27579412592289837,-0.7561539783809281,-0.7552459999557105,-0.783527163783306,-1.603895863068734,-0.9999731294618328,-0.9189203949975233,-0.13757616551246,-0.817846701857178,-0.14117677763105255,-0.21486896233450825
677,AT2,VUILD59,IPF,59,AT2,-0.07292264082298924,0.15742330106866317,-0.4516767098558242,1.1426425795131678,-0.05845978582623208,-0.2101919885562063,0.4164845811191202,-0.15079957662169796,0.8371787497574266,-0.28067531298248444,0.6258427081865572,0.16366977034127791,-0.36941533223469114,-0.1360607887890408,-0.39227987449799234,-0.7324963191560775,-1.4238047200732615,-0.365721500726324,-3.482557200966022,0.13805918946951282,-0.40877599186092933,-0.05638001046374548,0.13000529150668053
678,AT2,VUILD59,IPF,59,AT2,-0.12992085491336935,0.0074734791808758385,-0.688254782487162,1.0514360358066062,0.001214475447541748,-0.004637124248983351,0.11005015541757619,-0.09822382043676772,-0.37410545049564026,0.10336497468502577,1.0053341650452714,0.9684327161322166,-0.46163585499079773,-0.4832595195997487,-0.5838741007009701,-0.36707027187118824,0.25912996013398815,-0.9475514018554037,-0.6575800767513629,0.24293912731617812,-2.9279362297637985,-0.009737537548826138,-0.15998563199878052
679,AT2,VUILD59,IPF,59,AT2,-0.03593095123727842,0.162321487884354,-0.05182374602161895,1.029733241504662,-0.19793808346221226,-0.06289825951518972,0.1509813843641354,-0.06873183116578829,0.6890664386763866,0.30820059676379147,0.6872899708173594,0.15750096106067124,-0.4799355525725756,0.21517394158781475,-0.5356787351736394,-0.24383633577126573,-0.7322760926260089,-0.8480015973260434,-0.7703106580209889,0.20476341969748948,-2.532604907205527,-0.5783887529020596,-0.1824968053766021
680,AT2,VUILD59,IPF,59,AT2,-0.172483498239292,0.2853570431537495,-0.47825721118875353,0.9332249202387441,-0.12172225392009331,-0.11307434281451575,-0.00025064950276810095,-0.11502031088896761,1.2571837692648737,0.5872349256186324,0.9367000191261495,0.5325132278196207,-0.4192020843611427,-0.4620783139321632,-0.229140870294088,-0.453090404475723,-0.7557293598330963,-0.5159101312690186,-1.0944739524372056,-0.1587718160563277,-0.7190765237386836,-0.21817354230417915,-0.3033622400185832
681,AT2,VUILD59,IPF,59,AT2,-0.2175585031174101,-0.23763004347427985,-0.18020831959537845,1.4941626477488634,0.19369172045017702,-0.21532735878706125,0.8572921918772283,-0.06631675309195688,0.21948035123209014,-0.36699137446559127,0.7329077828602019,0.4542421473201784,-0.44229335138767245,0.004237623734698249,-0.8160826207922343,-0.6506123554182749,0.37150446201498116,0.0679958135146225,-1.0277240439271667,0.23878980121684712,-0.773695873318975,-0.19947405829706696,0.05072075784654927
682,AT2,VUILD59,IPF,59,AT2,-0.15340129741336936,-0.2884167687688209,-0.6804518204209954,1.079577271935823,0.13944305039043248,-0.17965383873712112,0.3844662992961013,-0.06425954942673512,-0.24981445789475,-0.02042703005385336,0.6899363830253308,2.0541152660938082,-0.4141343509022487,-0.8952759433341153,-0.6271134329445937,-0.8224640317081442,-1.9085886314605456,-0.4228662316069946,-0.9710826958447909,0.35469073272536783,-2.622882116288767,-0.618010457667517,-0.30190647527804104
683,AT2,VUILD59,IPF,59,AT2,-0.13184099504412614,0.44184119200150457,-0.5252697630891013,0.8610317605747518,-0.04070509939714734,-0.12546199004006772,-0.7256853810954069,-0.026299076686933015,0.8276613007769756,-0.34152411901458934,0.8895743104345025,0.575711845870679,-0.33784112894341656,-0.1421618688704633,-0.22753430192740293,-0.12416650682914548,-0.3475092885554602,-0.45751852834190493,-0.8115152250785791,0.07179698406636303,-2.424010156342979,-0.2730975519225781,0.056071039503667826
915,AT2,VUILD60,IPF,69,AT2,-0.29831514965621864,0.03259118185171245,0.26123014668468036,0.7354497948266401,-0.21590502330507053,0.03098592213841378,0.4760857931899551,-0.12980428729563637,0.2845231448317234,0.051066503072172226,0.2860740359148995,0.12975577034391014,0.01865469306700489,0.5077306157384305,0.07808207995268741,-0.6388026557058106,-0.936332760227862,-0.4077969385738807,-0.06939273056037548,0.1908229336844014,-1.1366097690384707,-0.7334340840499027,0.24990919989796492
916,AT2,VUILD60,IPF,68,AT2,-0.35728528595627773,-0.06298032471741961,0.030311404712698428,1.0054720885804918,-0.10858111265306111,-0.2164332633653021,-0.030824430854726723,-0.11681069255354892,0.5858786179703349,-0.5199522726982423,0.585693114813791,0.4664930900088366,0.0646682923233112,0.49300879972638084,0.17222333435152348,-0.8097419359204501,-0.7144220519404461,-0.877289013821872,-0.5838826145782392,0.23712107554752956,-2.6336059899130113,-0.13944959281159244,0.06510427600309847
960,AT2,VUILD61,IPF,57,AT2,0.02794818527565427,-0.46224045335306524,-0.41166803041558764,0.7526451343456303,0.01784373870138977,-0.11013740761523773,-0.6529092545389031,-0.04629795890405191,-0.21475135371355963,-0.6690696071480734,0.2705190085597226,-0.12492678458417343,0.017309628923243402,1.5336836444805726,0.057482733803043404,-0.5866886197994171,-0.2672647283194995,-0.11155844635552549,-0.2306292425370034,-0.5520601837594666,-2.7620511391169025,-0.0637836585201774,0.0063403667407850054
961,AT2,VUILD61,IPF,57,AT2,0.05193760225427895,-0.3788791965608026,-0.25997282821376,0.6226515091392788,0.1790960719283338,0.09546426447680163,-0.39349973478745814,-0.04535511017355953,0.18488338816282762,-0.42964072998368646,-0.0043964557673698244,0.21933111233546973,0.06047560086643269,0.7046308547924386,0.046606997142464024,-0.3805287409703127,0.3039325635234154,0.4753576735481489,0.010450591267152688,-0.4308061050614734,-1.7443031954412536,-0.4278638038061134,-0.17487966539299654
962,AT2,VUILD61,IPF,57,AT2,0.02002573605122406,-0.7800788325516124,-0.5835544400756771,0.24537361226196971,-0.015749379267086853,-0.01775988699957432,-0.35121506377178247,0.0006223524470818226,-0.5666626354948213,-0.3125136216200845,0.24182002402618105,0.6395385480945981,-0.20382623488970492,0.2556816664207095,0.1357594680569068,-0.6758358832123912,0.7951768288605584,0.275351345895181,0.144902823773387,-0.20731404024461023,-1.352130659893214,-0.496759976070065,-0.2536002173627507
963,AT2,VUILD61,IPF,56,AT2,0.003313180561370273,-0.2950278923137254,-0.7590232421580142,0.6090522267658016,0.10853773402492148,-0.06190195369608418,0.27835851053428706,-0.05206169613112821,0.16017151567880833,0.1439265004389557,0.12284400186978979,-0.04919743417080123,0.10463966207706066,0.401578753366467,-0.12799805024585434,-0.19678610825432336,-0.16656823180260116,0.29720623018421666,-0.18292553147651872,-0.41585625364211337,-1.3474692846326026,-0.20848606236452444,-0.13314556980834374
964,AT2,VUILD61,IPF,56,AT2,0.03416687363016538,-0.2706468424260385,-0.9324217292060079,0.8073699679683475,-0.07187425688738469,0.1169331929962398,-0.389652987310441,-0.0911151907816018,-1.2348369381164843,-0.12155136188353731,0.344038702922091,0.4923450564331723,-0.027723393444268742,0.30767623864301613,-0.008453410685825318,-0.4868979848735156,-0.02276637189892583,-0.007389548571522547,0.18229070771209774,-0.4208765551022528,-0.935050356233998,-0.46213417672734086,-0.36615421362721734
965,AT2,VUILD61,IPF,56,AT2,-0.004794396883647475,-0.25582673977942494,-0.16797989538285632,0.5469151380760047,0.10502304245836812,-0.02596319154736971,-0.16048425841662295,-0.12496658025454863,-0.1320744208540903,-0.09195390396541088,-0.5766462711239128,0.7195683378352531,0.33117748606472963,0.5009690773040697,0.1971700453897248,-0.3490182520379918,-0.6642465985905469,0.07460487185446055,-1.8429818495753607,-0.21077434469582904,-1.5949675016287261,-0.6421895473106832,0.021972768403072163
966,AT2,VUILD61,IPF,56,AT2,0.058347367622216685,-0.14513800391482515,-0.17523000186699608,0.7690682572931625,0.2267140834026183,-0.10676169785082684,-0.37374341327051847,0.009258245175324711,0.01395701576235833,-0.26761612745553837,0.31458275617551196,0.49888086070123283,0.4365353735513628,0.5483771392688281,0.09340662616077576,-0.11215153933463748,0.09105345556285489,-0.2568518599995031,-0.10300854446539592,-0.6659901995519366,-1.628429798559142,-0.26105451170189453,-0.22748215059288893
1075,AT2,VUILD63,IPF,50,AT2,-0.41375171579619274,-2.197960078546757,-0.8277048130291744,0.43743221619341854,-0.07474883644354652,0.46932810865143776,-2.5767180291463747,-0.23886022668509016,0.029822000056150266,-1.7300046076407798,-0.07507907709958235,0.156157333820615,-0.32429985890381674,0.4720301942724106,-0.6682653696729464,-2.206840606398054,-1.3542513654697894,-0.5916707449907854,-0.6285692954775715,-0.04539897101216509,-2.7386559874540586,-1.1061268369502548,-0.5856781357340869
1076,AT2,VUILD63,IPF,49,AT2,-0.49144753546832914,-1.6787879992407595,-1.6559711944706097,0.22782481788414005,-0.13753979483109616,-0.2607207615751913,1.389430324706232,-0.22004198540866599,-2.4891728532075077,-0.6524356693892791,-0.07504676279245302,0.31429755712135865,-0.8017186455124892,-0.44687200550464334,-0.699102503041804,-2.364072116928246,2.646497128540829,-1.4963741498853855,-0.63379846695011,-0.14655544487736566,-0.6176028525567019,-0.7471688038533828,-1.0711298092055304
1079,AT2,VUILD64,IPF,62,AT2,-0.22922253233302964,-0.5721770536051892,-0.08514875003014254,0.5622544528698532,0.00869845972986833,-0.06859947107427572,-0.39687604418916794,-0.09450489495491354,0.0042049039308622565,-0.5151342096806152,0.4333834672742676,0.5026939474677687,-0.7778721165430642,-0.48802328045581667,-0.2224432726075144,-1.0673253707216708,-1.0239506150864255,-0.5752825987294955,-1.0098965939101818,0.22391679691544164,-0.11679269759948187,-1.0465137401159703,-0.3508932774486872
1080,AT2,VUILD64,IPF,61,AT2,-0.1958561021690537,-0.43459997202696193,-0.823248398164323,0.6790176169884362,0.37600929474870987,-0.11557242230132449,-0.6546750462797134,-0.16467363728529893,3.121594382703288,-0.49180603261681266,0.5298982097142516,1.073645761268916,-0.5152314749468478,0.7717691016230809,-0.6869163766970426,-0.9821329770015982,-2.3054561724495484,-0.026382491499924797,-0.9588171590038885,0.3247458860269,0.08208605253665875,-0.8311083048190209,-1.1065179248212813
1081,AT2,VUILD64,IPF,61,AT2,-0.2808993865530129,-0.4061958941835132,0.04434926452523626,0.8551587752300903,0.4358426488212228,0.7194454788674906,-1.0909803009001922,-0.12146621811617989,0.10644887451377662,-0.459781175892065,0.4185250369806122,0.4672802090647744,-0.6912115054429022,-0.1822095163336928,-0.8165699373267333,-0.8912883074683032,-0.04923003948125107,0.07019467940269956,-3.4618627773731276,0.5365988222136064,-0.464304844441642,-0.20056301003186164,-0.6014640118948302
1082,AT2,VUILD64,IPF,61,AT2,-0.1910145304776326,-0.4284169779706379,0.21740212201548745,0.7110208252462769,0.00776552250027618,-0.05459473870892474,-1.2043782882989176,-0.1777989550481447,0.3072821350371229,2.4751105235390485,0.18517562294493214,0.17013488481374853,-0.9248268361925709,-0.39484402215612374,-0.7062925388406299,-0.7589169423600544,-1.0388595414109285,0.22092857232276364,-1.2484398017850649,0.47474391819484457,-0.009557395875041137,-1.6492510862760181,-0.4147791464242002
1083,AT2,VUILD64,IPF,61,AT2,-0.37332268388264117,-0.4944785622250746,-0.30708199456822755,0.5115526366254334,0.4834248064922464,-0.18996394019051158,-0.5346464468042799,-0.129480356771217,-0.7651161571414218,-0.4885607017547045,0.5595753933917683,0.6125531100343821,-0.3851746370073968,0.6526516513295417,-0.6568018246684021,-1.0843195817054123,-1.2509121916201416,1.5695739017526849,-1.0814233656181542,0.426077765896708,0.028290075176233036,-1.1160200911209628,-0.49059813017685283
1084,AT2,VUILD64,IPF,61,AT2,-0.19763689921005556,-0.6733871842677308,-0.12250237677933364,0.6630196400427596,0.03947483779102873,-0.032685553193247695,-1.1597340335750097,-0.048593066942742465,0.4412594153554104,-0.2645517439126353,0.1592416860048517,0.9418851548349205,-0.450034809581108,-1.2477120643278798,-0.5151161050432228,-1.1836679365244165,-1.0214658899531228,-0.6155746897063243,-1.1253171651291485,0.3207664198599312,-0.09261118691367927,-0.688721456762794,-0.869688252075433
1085,AT2,VUILD64,IPF,61,AT2,-0.2508708426197675,-0.3808507772362136,-0.9141779737529854,0.8031777284159334,-0.10002780249620716,-0.16748798283524885,-0.9729690433016294,-0.14799112726242464,-0.2146720060970779,0.16696058646858836,0.23724386685627438,0.7705967510501109,-0.49086174163922125,-0.8099933534902892,-0.5524666405926272,-0.8119430957064484,-0.962809615222695,0.14219492814912724,-1.1169836615622453,0.2964793322351109,0.01868048110858837,-0.6476435174319177,-0.47315027589396796
1114,AT2,VUILD65,IPF,72,AT2,0.23031138422064248,0.14554501993506855,-0.9285541050536346,0.8781157926189135,0.20422679445631,-0.11859019566564487,-0.5070929373421899,-0.10351060333878412,0.0741582145400884,-0.07848045878929383,0.5716738400445096,-0.11012386960701716,-0.13607828857713594,-0.973585410738703,-0.3758609155552302,-0.9699239137778103,-0.6857028354825762,-0.3140774830317138,-0.8049941185358489,0.09914608853982379,-1.1932730434017595,-0.5952751474301725,-0.06019997753144813
83,Ciliated,THD0005,Control,72,Ciliated,-0.21872015430316416,0.02530492125253468,-0.26686164276534574,-0.07818860101280554,0.2508866379845331,0.236714498411034,0.8255413941271077,0.06421261021879654,-0.5274004505250843,0.08965046494963512,-0.3771509941444165,-0.0511329906123207,-0.37901340895893215,-0.05410578606535873,0.2906338303436796,-0.18735465728361822,-1.3011990113913066,-0.08001968876896337,-1.2506485030987287,0.46486814014168387,1.2407819418540087,-0.07102376930615364,0.10731425614571971
84,Ciliated,THD0005,Control,71,Ciliated,-0.08238772659763215,0.18219802823773681,-1.0163394955682055,0.03975483211357408,0.1796052901559423,0.06856783824482214,-0.19210798486093592,-0.04253302844328856,0.522979587854968,-0.0006621833176847025,-0.5346753352838252,-0.3674762787523634,-0.08474239390183197,0.36390162242943663,-0.1086185504283821,-0.29908181916767557,-1.4199226531550657,0.6754774490247484,-0.9824210418344648,0.41257468038303485,1.1505549928948995,0.13201703928912437,0.06540994387961613
134,Ciliated,TILD001,IPF,53,Ciliated,-0.053899634762119446,-0.5185747073098702,0.3999589024225104,-0.1092247483407341,0.02198549142000983,-0.052505628209910366,0.023368969974711103,-0.1348479462392474,-0.26648376846545285,-0.059801650979845175,-0.607912807984899,0.39028644066738194,-0.14844386501469906,0.47119516638355735,0.04986084255519112,-0.08355381357210392,0.349103033192863,-0.5070266399641842,-0.3117234550390195,0.307123428038805,0.13786367715699258,0.07806513934001641,-0.24037065776077496
135,Ciliated,TILD001,IPF,53,Ciliated,0.060111765536011906,-0.3971681844870925,0.0005577301528236498,-0.06368664438591733,0.2528260264505269,0.08676259578454323,-1.3706524253236512,-0.31278484453190386,-0.7059804105095737,0.17930855299973417,-0.5781203253260335,-0.3024020025557569,0.02838593755558546,0.926083790615305,0.15966451821215968,-0.2186928207337251,0.11675613335097286,-0.23414531041621475,-0.333775478997687,-0.0237139597825961,0.7122124316203776,-0.09704672644140645,0.09203039412651205
179,Ciliated,TILD006,IPF,89,Ciliated,-0.44184137106306104,-0.5973145566696302,0.6377297749760454,0.41466938784255425,-0.26306226183303255,-0.09537757469128763,-0.042710953265255834,0.005978655877998576,-0.3455420144563356,-0.4461088244791146,0.01328862814978288,0.796432637472256,0.22570151079702994,-0.6488705551118024,-1.1802012981620857,-0.9477010147573888,-1.132298024655458,-0.5780250300758308,-1.4358919661040657,0.8639714240679855,0.6876716888655289,-0.2360864472657722,-0.33446550621750254
192,Ciliated,TILD010,IPF,61,Ciliated,-0.23630241432367416,-0.6001554988623284,-0.33689576868164284,0.1539325051791564,-0.18131234794774556,-0.02234892833379394,-0.17402987899850622,-1.439285189480515,-0.9993576013416997,-0.5515607705633103,-0.3399236633380755,0.7449606296428397,-0.348821560115138,0.14222162191866658,-0.46279567705868296,-0.6577823937815236,-0.002336219801863328,-0.3810793176961418,-0.5527048572730164,0.7310098200659698,0.042997320668113126,0.5343525459728962,0.4083708248746833
193,Ciliated,TILD010,IPF,61,Ciliated,-0.29893747917591335,-0.6694206220671008,-0.3839091039179442,0.7587388064923184,-0.21077843573989022,-0.13399068958447954,-0.4681870893547624,0.006389987484184503,-0.9231189995626893,-0.2576786017538858,-0.05959426499447383,1.0662793889701432,-0.423956159106608,-0.28128479605217577,-0.9419682362624292,-0.46724002799640435,0.2129324027958846,-0.22275407918509801,-0.8738410170840096,0.23998456866116724,0.5377103222176726,0.1342542502123816,-0.40766459142588807
275,Ciliated,TILD015,IPF,60,Ciliated,-0.06253165931050696,0.13691007753145043,-0.3549570875951406,0.11617913627472622,-0.020368731929268663,0.038684714553422504,0.4996715685447792,-0.3018909625659803,-0.7752579339583406,0.2070004887496902,-0.13257510039266063,0.17274155403719488,-0.09594718691435705,0.44459253276458527,-0.16770337864455465,-0.22742697563037959,0.20047814227847077,-0.13298646994519603,-0.5728490717526826,0.5386709569539732,0.41423914797296246,0.6489923615149034,0.14322743427279686
276,Ciliated,TILD015,IPF,60,Ciliated,-0.2523212047682696,0.3359767724892489,0.2795600412806569,0.7994263034736077,0.01654061425958342,0.22027220631165972,0.5035736390074806,0.05315494939451568,-0.3416330511991788,-0.29006946013699075,-0.30070227192713356,0.2660684431184927,-0.28447817603727005,0.41662423512690455,-0.48718907434700814,-0.29991345645701367,0.7713613586340904,-0.041352837718617794,-0.9753932073169047,0.20337824686774975,0.5909339516797159,0.350198250859996,0.14736038075004526
325,Ciliated,TILD028,IPF,63,Ciliated,0.08325380891007525,-0.11652281063550064,0.2995849476975131,0.07415916105153293,0.11686758588605381,-0.03949376671367305,-0.3868168543811367,-0.19535572536924692,-0.16608147113278168,0.38560361994038433,-0.39444934233809265,0.7343508589950627,-0.04373812412833925,0.4292345192542935,0.21881178841679344,-0.33510840764080413,-0.8738006262867617,-0.20222898558752248,-0.26079359878366554,0.5628162737673998,1.1923664804412912,0.9721151184846111,0.09870335825977265
326,Ciliated,TILD028,IPF,63,Ciliated,0.03366539195298444,0.20629906749075377,0.890355443318605,0.12291425670344455,-0.3099790371900913,-0.012158792834587043,-0.3529642142327322,0.02968973493456576,0.16360769944248826,0.2762530497729486,-0.06623915363669831,0.3009482714933064,0.2366476214852585,0.031378550918987176,-0.11122482603162408,-0.31042023650931383,-0.20661626599474048,0.14476967180251968,-0.23713712565989425,0.4518600624098954,0.9316960061727165,0.0612738587409885,0.053478671652427125
327,Ciliated,TILD028,IPF,63,Ciliated,0.03209945555569977,0.11146792428564577,-0.24474884413594106,0.5724797823114399,0.38767143523474146,0.0547558149623979,-0.4823356693873396,-0.3989540053213107,-0.8297360964571681,0.20617136655288085,-0.27641453674560995,0.6978620579924658,0.17942303728022158,0.13731489590697565,0.13250962508035538,-0.2774853400903149,-0.05870171807409285,0.6017301159897837,-0.34319539168633356,0.876174762900578,1.0317373969753227,2.0585514325259626,-0.27606532211775286
328,Ciliated,TILD028,IPF,62,Ciliated,0.10154470084196139,-0.16736528873118112,-0.5943227370628645,0.5282830939072887,0.10534625798336984,-0.07392157165259522,-0.4990040346469101,0.025578375337667714,-1.1800054241456825,0.7705784333942219,-0.5514574604978004,0.8203170410508478,0.30887115883689353,0.9213046770179802,0.019650152036447505,-0.2870362179699819,0.20521251573381527,-0.11956062348635002,-0.1816364844117161,0.350097534707549,1.4119408551370465,0.28270234144383644,0.16232544058865792
329,Ciliated,TILD028,IPF,62,Ciliated,0.10939765013822467,-0.2618800555195718,1.0598054994726642,0.9311767433286344,0.31134356103968286,0.021153842282375976,-0.5411316128932561,0.1975563875189585,-0.5055642514343924,0.2897947313880858,-0.36141422808720386,0.88675302282322,-0.018418354069842668,0.5951250283688148,-0.40930076899443585,-0.37400906968559866,-1.0555710172978234,0.8074477507335956,-0.32405220413729124,0.2463699404337493,1.2280811143729142,0.694024381876718,0.14960583249996137
332,Ciliated,VUHD65,Control,65,Ciliated,0.20524908563709054,0.15858552356633343,0.19647997853134452,-0.5526720696983928,0.06774250202926829,0.001631117458410168,-0.48170444266037216,0.018049076947173788,1.2680434692416958,-0.19333536767190665,-0.29840491980401757,-0.12442864813460554,0.10546224804577733,-0.3319806592746976,-0.07319986521165986,0.17257264040909173,-0.442017370786906,0.5116298893834953,0.4373277839319846,-0.12029519235318659,-0.6718010364382202,-0.5438279053427812,-0.19730488421480635
333,Ciliated,VUHD65,Control,64,Ciliated,0.09509110254637756,-0.006522701768366524,-0.10429474858127546,-0.481049381365911,0.4681207971290874,0.07978421490502782,-0.3349087543515242,-0.10162147101124139,0.08968273302673795,0.2811987634399665,-0.08465103410230453,-0.003153599634737354,-0.4055891314552817,-0.2632260239576882,-0.029460704379507752,-0.11418801277237894,0.040226093865813224,0.22862553158061633,0.3801652405051614,0.18221078683278408,-0.3570912077228702,-0.2009446401103082,-0.10203925349200832
334,Ciliated,VUHD65,Control,64,Ciliated,0.1394987424242199,0.10714555849776103,-0.5439644271980312,-0.10039002406002712,0.2162368409914913,-0.008505013563207363,-0.8639240304062965,0.0353727893934661,0.0037564196269734822,-0.09990289000448505,-0.5998665170596722,0.013621082051856387,-0.30418336849307615,-0.7149731795828729,0.12865202033361714,0.09536867858169368,-0.19286165669569755,0.5996567083025096,0.26747816574878375,0.1443097167196184,-1.1427646879456779,-0.41806760134027426,-0.2535607549230895
335,Ciliated,VUHD65,Control,64,Ciliated,-0.025916369434015252,0.1205033634167083,0.0859238877188847,-0.20252728112568566,0.2346950416111055,-0.06846304215483223,-0.0982041545849057,0.012251961093962711,0.5687914765762332,0.22685555509477615,-0.5945921765837439,0.34846223965532064,-0.25630221245601176,-0.558297159480908,0.2664149600855288,0.14787354383815174,0.3947013761110741,0.019246189672270073,0.43079367784680445,-0.004603092728572179,-0.317684299342377,-0.2957620024680345,-0.17624134105636707
336,Ciliated,VUHD65,Control,64,Ciliated,0.0809063942261643,-0.0345715292819006,-0.48172888807521236,-0.6770572737583346,0.2380103905093025,0.1499390596229401,-0.015244963680018379,0.09006520623782138,-0.17837313265631932,-0.2587740069532611,0.011823722978709404,-0.006350324687173448,0.054901894518192294,-0.20464501090519577,-0.04684093394655581,-0.05998939082463725,-0.2308488855909879,-0.007899853966111238,0.2117033540894228,0.04210427035750206,-0.3401212878433623,0.011612195512134056,-0.29879148781348985
337,Ciliated,VUHD65,Control,64,Ciliated,0.03302342056498436,-0.0017448969968145937,-0.12206774626202896,-0.17250795343265898,-0.1878446348750544,0.10465944114438255,-0.007604418596067479,-0.10913636016439637,-0.004702320222020108,0.0855251676204058,-0.3686917372749065,0.09558069321630365,-0.25999245707447216,-0.2837274835657135,0.08482046603730221,0.027904967399921526,-0.2668752502655479,-0.15634292589214135,0.5060307520300154,0.006951910873332801,-0.44446176671792154,-0.28593311933229143,-0.22558939967316402
338,Ciliated,VUHD65,Control,64,Ciliated,0.13314032583087343,-0.0792987321026298,-0.17039244862653455,-0.3410902992370597,-0.05258762460272074,-0.13568460022746545,0.22355625771579574,0.0782296843333258,0.3376516807951882,0.1705836844996752,-0.12714479665983236,-0.6683174025983122,-0.21359048317656226,0.19136586232193017,0.1926204327720842,-0.17028025462992916,-0.5054340400620329,-0.14236201626799697,0.3567934125710345,0.1327005579576387,-0.6379157265283628,-0.25155385572555433,-0.271722298951122
368,Ciliated,VUHD66,Control,60,Ciliated,-0.021409107285301102,0.04281022829119763,0.063089105509764,-0.23755151529708998,-0.09429807070199651,-0.015824358337624897,-0.014554684388391775,-0.0875375751528373,-1.0653272095933608,-0.17697643112271802,0.34603012137932004,0.2844469567317779,0.05083816898699479,0.25330993794779194,-0.04944879693023725,0.07851179125260119,-0.055783676090260456,-0.8696452982303656,-0.15535418616833677,0.00015912574852480332,0.43537516250120434,0.087669727219069,0.18454518743392237
369,Ciliated,VUHD66,Control,60,Ciliated,-0.10998952235425492,0.005703831544609019,-0.20557306741924578,0.007025145273152977,-0.2163204159214329,-0.06388036517838835,0.6216659474598994,-0.04445464633593056,0.16876200895186516,0.012689313412763005,-0.07590098198944654,-0.2661002242077766,-0.05928410810196342,0.00046621163237177323,0.046521098663539234,-0.002492683127850958,0.8673129997084535,0.4466420094370611,-0.3455372660043035,-0.05112426723657611,-0.08873022254714198,0.15719170325816897,0.09899588562469666
370,Ciliated,VUHD66,Control,60,Ciliated,-0.05877521942303714,-0.10971362461463442,0.17209240558165773,0.5996571278474828,-0.09620648740702772,-0.05256180203417449,0.2084832360996574,-0.0924346809520939,-0.14552587222125668,0.5661525419837282,-0.06986264017644246,0.09356862240569337,-0.23455998777516712,0.04931622609134772,0.06753071162078991,0.2235012779621623,1.1528056415095866,1.0115904129801354,-0.3420129030120785,-0.008577877566391758,0.2515207510585161,0.3300726001532797,0.10491565909033218
371,Ciliated,VUHD66,Control,60,Ciliated,0.04597568141931363,0.11654758164677059,0.026122371726016107,0.3310280754593909,-0.12205710700409182,-0.14763162742102587,0.16789309074173306,-0.07315844942108682,-0.044730901443818055,-0.14076439291679804,-0.43805922505868616,-0.061577803373474224,0.2413058860323548,0.043828937529966645,-0.32392194893428466,-0.16033787726989263,-0.2688067903745895,-0.15313888264135941,-0.37153412099999633,0.04390973253656318,0.8949343933773297,0.2886313573521305,0.10785293407678626
372,Ciliated,VUHD66,Control,60,Ciliated,-0.074153861773275,-0.379198780435199,-0.23578789962837973,0.10584080205905476,0.021131931285404325,0.08466657211343497,-0.32481807416259745,-0.03185400371577108,-0.6909586383208182,-0.20409329181340588,0.04928467176346822,0.23082655315491718,-0.059440784661725594,0.1299308361135649,-0.17910085098470557,-0.015441578195250574,0.2843470079804599,-0.27151034088605625,-0.1870575964957685,-0.13051458042101807,0.09632904282322514,0.42685808509583356,0.13286039577833061
373,Ciliated,VUHD66,Control,60,Ciliated,-0.008460794433481154,-0.11756571072218358,0.07283588209267172,0.10696356024181417,0.06458834533628827,0.02323637341202959,0.4631826537143767,0.029880029673568023,-0.5529423726842482,-0.1807282924175452,0.2694044329654664,0.07165001292678448,0.07584502051118114,-0.2121772961585464,-0.26923242210351983,-0.013479333566452426,-0.1611255598810483,-0.5361950485627299,-0.43483484144631973,0.31696979935204167,0.47874056180527874,0.0018155988684083703,0.13061855003672598
374,Ciliated,VUHD66,Control,60,Ciliated,-0.0194649894823749,-0.15438384411237485,-0.320373335495048,0.11701775588729403,0.26011609077646014,-0.11532468067881835,0.3353489783092019,-0.1375175501436193,-0.03743629371147664,-0.1970931014944953,-0.009195190394155787,0.5914790907298888,-0.14705249545355994,0.22718010362686578,0.0923766049335499,0.21041847160490937,-0.14625569912645542,-0.8909663966714416,-0.2578483409814814,-0.166298793656751,0.615953173575203,0.6313740660648899,0.005653278076004285
375,Ciliated,VUHD66,Control,59,Ciliated,0.031291515182102915,-0.1458897885126932,-0.5299207374600067,-0.015204264981068059,-0.045731644069693905,-0.0935062218737793,0.8300703010806875,-0.03538037712885258,-0.16553637389154846,-0.3415048739619746,-0.1459779717109162,0.682853268465714,0.049022280790083216,-0.21213408158626018,-0.3753291067425231,0.1878957461611139,0.7392354925156153,0.2848702051350224,-0.44282749442446506,-0.16605802251752627,0.2921478988796158,-0.5038845388586063,-0.17836421764435606
376,Ciliated,VUHD66,Control,59,Ciliated,0.03602859693620818,0.0930399546022943,-0.6354850561521658,0.4408159317194049,0.023926933152311133,-0.029105670866159783,0.17272508965798122,0.11851957218372902,-0.4591548227364951,-0.08336780240202572,-0.06378606976063533,0.037514844441660616,0.4088463827123044,0.6578821676883467,0.021237997374213356,-0.22882368455704521,0.35644286999777636,0.007459755982186999,-0.42532602558394816,-0.03522596289740868,0.5774298398951201,-0.2817491046661597,0.04377161082338304
377,Ciliated,VUHD66,Control,59,Ciliated,-0.10011715190179855,-0.1430884337147462,0.12127308897574451,0.49368439876782627,-0.48373592479255034,0.014728389644645842,0.1874774861504143,-0.1296588938524774,-0.06524388271753233,0.13913951548288062,0.24543189761461728,-0.26099162472757387,0.15196701595178186,-0.16548581700322226,0.04451134093747616,0.1556866806735015,0.3763035549070763,-0.3601566924837725,-0.29042085709574006,-0.19539236366269833,0.4181069495846413,0.49486237534478283,0.33751848086964104
378,Ciliated,VUHD66,Control,59,Ciliated,-0.0598563934848468,-0.15286281631903278,0.18979486877484786,0.3652825869489251,0.26719020628755485,-0.040922631408041255,0.19801099433136887,-0.005579891274632712,-0.2769798179502058,0.09006299570112797,0.22603157467066445,0.18842893680826708,0.2749957203864771,-0.22756885635087745,-0.04288311192134596,-0.023420880673880144,0.0933481141063513,-0.13076110684710898,-0.2406465466358072,0.1304341556662079,-0.12268912448013948,0.15177409548223084,0.023461843127792426
379,Ciliated,VUHD66,Control,59,Ciliated,-0.079125993692912,0.056564943323872706,-0.4182441528003001,0.391135616826011,-0.03998406594990858,-0.049150410889155706,0.2226213618877301,0.03146319690674377,-0.1255719876752046,-0.23552555539406705,0.34298192850172293,0.6012798101587458,-0.20035225019692568,0.162617339268645,-0.05584422565095541,0.04103582022122147,0.8466471130082396,0.1465119226530207,-0.06934165294957376,-0.19533548671794096,0.5147770183981669,0.11023421906104644,0.06143607568357557
380,Ciliated,VUHD66,Control,59,Ciliated,-0.011794997150636224,0.06785929490458598,0.38565989332965817,0.09725619647809208,0.10116323022063933,0.023023208906719037,0.18578215762763203,-0.09986004140569213,0.5846594157452643,0.1958685558614749,0.21685437104326274,0.3133468458118766,0.18799065513660426,0.21175826940556935,0.03809701394667049,0.13226239494904912,0.5552225021954625,0.194705057732147,-0.017863959767562533,-0.10565804612438673,-0.15392323456426493,0.3185247472284614,-0.025823567525359727
381,Ciliated,VUHD66,Control,59,Ciliated,-0.03782529079765022,-0.08598209504766426,-1.077442041854259,-0.07344318125162631,0.0012317132278712763,-0.05851815579145115,0.10305287137824465,-0.1414778271696132,-0.1571243331529391,0.1337065338181067,0.49364927175144063,-0.022321319930682884,-0.013046651550587644,0.23016692111314632,-0.0027181828532095095,0.19271384018348758,-0.22926280525812529,-0.3435844782344211,-0.20379971364657024,0.1237345170597004,-0.06695040297763617,-0.1146387737374183,0.03540355203025012
382,Ciliated,VUHD66,Control,59,Ciliated,0.0028078984438743215,-0.26181465015247984,-0.2050333277786431,0.3380394816588328,-0.07097842462268976,-0.051802984931110685,-0.009534917731081376,-0.08686244099252871,-0.12691098740483622,-0.30627186907171927,0.19959487333559056,-0.0980083915526375,0.09817815210939757,0.38430109047128863,-0.04342207234420499,0.1130637687660353,0.06386072905982747,0.11127089370784113,0.014332190648548595,0.04885348672420645,-0.7089992719031237,0.2211751843168264,0.17051357745121218
479,Ciliated,VUHD67,Control,69,Ciliated,-0.01716976740760802,0.04213641865811135,0.15576558087400055,-0.32561157111637856,-0.00897200400536528,0.010427454899936007,0.1756617840729054,0.08193900544411903,-0.11565863181137744,-0.5771993265248858,0.3640265405437712,-0.11319941027803633,0.333791373171116,-0.09054489451072548,0.305327532646948,0.132271178767278,0.16178623603349127,-0.12303855226770503,0.4828079517234898,0.24089141058603827,0.0693612724396917,-0.08748589813709307,0.37675772866108237
480,Ciliated,VUHD67,Control,69,Ciliated,0.020029385976577038,0.14000811366653937,-0.18928565944841133,0.043066960236976565,0.08231025871616077,0.05960847723018239,-0.13696730418868164,0.09712719165442235,-0.04246202307714986,0.49592245095521237,-0.2650610368984681,-0.24646112659867966,0.29481201845900024,-0.06139583360239017,-0.04456652815922625,-0.12468834687962743,-0.012885943350310439,-0.11405116088989405,0.44991989113669867,-0.25768523896414897,-0.3029333243783728,-0.1743011790720444,0.21705882741149693
481,Ciliated,VUHD67,Control,68,Ciliated,0.016823709709636436,0.26206751526485383,-0.18227542420211465,0.05723277736841318,-0.13746185440890082,0.02732669482616675,-0.061843030510722895,-0.09002714020110344,0.4469708298660368,0.1481693158870609,-0.1657274807994049,-0.1843151359512157,0.32623658988635745,0.007285544762387133,0.30957471518676344,0.12433053444744416,-0.3585198310284445,0.4973638881912694,0.49850298298182444,0.16446215476161932,-0.0008156989407469934,0.2867917363863672,0.31176033540559933
592,Ciliated,VUHD70,Control,59,Ciliated,0.09505478605354158,0.13882880292495434,0.05537376954904481,0.17235329199605154,-0.005389297110290256,0.06789740569401674,-0.3942715424576373,-5.544502374262017e-05,0.05154783303885252,0.537916000187089,-0.2414853462719957,-0.5375366561208522,-0.21093622273022275,-0.031820760896464524,0.36656529892767725,-0.18550221722090587,0.1137164089462446,1.005418525662442,0.4310149059129787,-0.021287888674709047,0.05525509866061275,0.44103536905233465,-0.36034454664749715
593,Ciliated,VUHD70,Control,59,Ciliated,0.040209240757706564,-0.07941103295144593,-0.17419558823894163,-0.16457988408670288,-0.20633673509503928,-0.05851327007622884,-0.6861663858847328,0.03520756157931142,-0.028880121746226062,-0.09888285990220086,-0.07627223895117728,-0.7109011253828228,-0.3690624748552899,-0.0416110209679128,0.2693197015074666,-0.30624582689009966,-0.5307842177798772,0.45554178954348706,0.41641905764754705,-0.0513249055155385,-1.6011129468123468,0.38039307983768006,-0.11515258355503648
594,Ciliated,VUHD70,Control,59,Ciliated,0.11973274365847462,0.18221079098343249,-0.12886159769940173,-0.5961332217012466,-0.08080311270051639,-0.11781007164364923,-0.6411707227961589,0.10588166934722276,0.30063733116844693,0.03568826039621046,-0.26590580192363733,-0.31594617098825895,-0.23274943329683723,-0.2917117504298065,0.2249799395221925,-0.5122617389059896,-0.10787027562730957,0.9748229472077553,0.517139895450857,-0.0757697554893362,-0.6277833195246109,0.27541580206001626,-0.5504350602272164
595,Ciliated,VUHD70,Control,59,Ciliated,0.04836962215936173,-0.016860459054415876,-0.3584229011718745,0.17567760167835292,0.1250095846374522,-0.021810660207856478,-0.21193287114726875,0.080444024914953,0.45964862825243713,-0.09548389296024112,-0.1330246718756463,0.0361967832638761,-0.1933010778863585,-0.018439274994367975,0.10636132865295726,-0.33731006301168737,0.4984435772085934,0.7092297231565191,0.24428331122578156,0.13068571467156934,0.015294471509486995,0.4061036011643642,-0.49608219505044443
596,Ciliated,VUHD70,Control,58,Ciliated,-0.045127849199468446,0.06660338512778376,0.38704671475936137,-0.03903267116079931,-0.07803963716202576,-0.14450659427111634,-0.44959972189667696,0.011803771907485001,-0.6078508373119994,0.3833356521516062,-0.06912699476094772,0.11979837606653813,-0.16971817015477958,-0.030145296580427437,0.1995914708638146,-0.33018354822237994,0.07727787472489206,0.1686710883845657,0.5222927534065005,-0.09777772342540479,-1.4577470634122036,-0.1529808638803736,-0.2362825456235296
647,Ciliated,VUILD53,IPF,63,Ciliated,-0.4391281776370069,-0.2663002806617731,-0.3185590110894988,0.2533243371373336,-0.22716969523931863,-0.016881117168594056,-1.0632960128901456,-0.23633761125361613,-0.5738143740376205,-0.04680100427079266,0.7526199722798879,0.7820928265555553,-0.39053491744725,0.16089194611262575,-0.9229490276255905,0.7421502761551317,2.4468678288627195,-0.5808482324750893,-0.3917081823750231,-0.12462976891456069,0.1490021473553993,0.43128466262130577,-1.1475267593402505
648,Ciliated,VUILD53,IPF,63,Ciliated,-0.3514803706448594,-0.50612641480554,0.883879330087585,0.5365843402815234,0.03813678753394596,-0.05948621950984298,-0.8527036756582418,-0.006240099661765634,0.7531984420827991,-0.030204207699791458,0.5475150471897772,1.018005545052592,-0.5304542084560047,0.3308654172991519,-0.9384248369852649,-0.0714179878661789,1.5160381744020759,0.16564515339124017,-0.45137522017081744,0.11060829570514993,0.024487670875242156,0.22581081000265302,-0.9331391837338044
649,Ciliated,VUILD53,IPF,63,Ciliated,-0.37712174764619977,-0.32307155121451553,0.3449523656234658,0.3071165892639024,0.0593560637490675,0.03230464579340011,-0.5165666394286502,-0.027650100146702834,-0.6446718580106371,-0.42339864588854087,0.3595626962271515,0.539752130844518,-0.3511441869462675,0.5942618223779578,-0.8550467624869031,0.1235378897950071,2.5167675483590375,0.020064401254573934,-0.3328971026305335,-0.2812336613672117,0.04242925744517629,0.08343943405571289,-0.9265312594081954
650,Ciliated,VUILD53,IPF,63,Ciliated,-0.39554337868805156,-0.5520608603776823,0.4331078792096946,0.6824228158467135,-0.20779671197326088,-0.06332028465947874,-0.8848816808900657,0.031342748058643254,-0.07170220309556193,-0.5508915381394416,-0.0913391379741308,0.5516571765816602,-0.4292069580400192,-0.058736718248445015,-0.4530268195012333,-0.11841582455007052,1.7774446325288542,-1.2424514906288315,-0.5647516424676886,-0.17402801946588628,0.5363058269942789,-0.0951673818138057,-0.9078569900232543
790,Ciliated,VUILD59,IPF,61,Ciliated,-0.04157732276808696,-0.06464360480523076,0.36599926134617256,0.4414319509781254,0.25202899748451446,0.06566683345013202,0.3378386605908924,-0.29784207752941455,0.1346702358582484,0.5324203343477839,0.837033729420657,-0.16079597758333614,-0.11022523724118025,-0.39628434057972733,-0.22314109402886942,-0.168640780485669,-0.5266887192192659,-0.1298945217213755,-0.20238612522036867,0.2602457121365384,0.5435516784920637,0.25060363125049334,-0.20228530281236048
791,Ciliated,VUILD59,IPF,61,Ciliated,-0.08606405382443712,-0.1488851605957283,0.0640281697405896,0.4553000214374909,0.2518645985139475,-0.08933675115332022,0.24427035977229156,0.0005286280147090636,-0.5436765276395666,0.8767096598751029,0.19160355825732917,0.25161372148730216,-0.2877792842921142,-0.34449756384772706,-0.08409440008917064,0.46196415835643084,-0.04956205586880531,1.0004550111797466,-0.1644758618875768,0.08987498683549516,0.694482114817774,-0.038369020576750235,0.027175275491238098
792,Ciliated,VUILD59,IPF,61,Ciliated,-0.23610013798351553,-0.1756353507648538,-0.5380973111475985,0.8369645561087162,0.5160285755035162,-0.09856041304439542,0.12674165388442432,-0.10244799368343263,0.7902932992338569,0.417156169584783,0.13678383815492431,0.016738885806034352,-0.1046515099706484,-0.38419679254039046,-0.2625758392334946,0.1734396292925277,0.26347462432006535,-0.21797806117697835,-0.4245881888547781,0.4627085922540777,0.42025022682544627,-0.43405395960669446,-0.29013269265173647
793,Ciliated,VUILD59,IPF,61,Ciliated,-0.02478118660614526,0.05704656464815289,0.8157054242946473,0.7708308466655235,0.08255837244003397,0.08634004855559164,-0.6815013056070717,0.1534250217381568,1.0188512865960022,0.10159675059094561,0.20039657438269803,-0.14921874959583142,0.052467928952785244,0.6089056378963528,-0.3114946081345329,0.16536097307784434,-0.2439800066013272,0.5351371911152913,-0.08849953328143298,0.018547429037616633,0.7073502190777236,-0.20523059699408047,0.21036907191876916
794,Ciliated,VUILD59,IPF,61,Ciliated,-0.16756307526239503,-0.12862133173068524,0.39783069014328665,0.448406755908256,-0.14799568551153738,-0.04349865842482471,-0.30642675739696346,0.07161142721278638,-0.014891858937017667,0.14574981799512257,0.5452491080310887,0.2934823291869089,0.09999077371166096,-0.14449833591056757,-0.2088280632016003,0.456727692119001,-0.018926446772833304,-0.10968403650836721,0.047386041632133016,0.08563483456375091,0.9191754232052718,0.370871717859209,-0.34350377061062054
795,Ciliated,VUILD59,IPF,61,Ciliated,-0.10437086185426285,-0.23111706446981087,-0.4477359267625382,0.8187970622780065,0.003092661074346685,0.004630707009535456,0.14899773177124032,0.009704341783967611,0.035706958058131844,-0.2675799069673199,0.8665539733320716,0.4643299372353293,0.05791193515037884,-0.7090715598406685,-0.6853083147179508,0.2726596446797221,0.7708366804608714,0.7333836019352861,-0.20218311284210894,-0.10085045460964041,0.3584446135617998,-0.027908322717622266,0.14820311224683064
796,Ciliated,VUILD59,IPF,61,Ciliated,-0.06237494132347546,-0.08810601156385116,0.4294697001169996,0.43604665200114,-0.08176089197537662,-0.057041463563786,-1.755810377917308,0.10826388720742386,0.9629147785231896,-0.5557423795298319,0.11318157739087358,0.5644340009635431,-0.03930018911990938,-0.6573569598076027,-0.30597314169017575,0.0043568887972134426,0.3433653039758271,0.4382584541751466,-0.3986240020556471,0.18033108390542807,0.465447540087925,0.574525312392731,-0.17035090670722955
797,Ciliated,VUILD59,IPF,61,Ciliated,-0.021998756252412856,-0.07003412034127939,1.3056788801065913,0.6168722676182621,0.1220447363647367,0.010514042117972657,-0.7044879913940052,-0.04995426825043205,0.04485911583978586,-0.021748980808849218,0.4652501389863258,-0.17427127442398593,-0.2830999985298011,0.331611887363877,0.14194968746412437,0.2649350044823733,1.1374444315679937,-0.1363679585707703,-0.282036639316896,0.0974929599437075,0.7985295917341129,-0.5627678579199399,0.07691229490416596
798,Ciliated,VUILD59,IPF,61,Ciliated,-0.02860913924015612,-0.09770478173822437,0.19640216354465334,0.6051369384361772,-0.10984301258773406,-0.07609406414124825,-0.028553723072562435,-0.03146587030934716,-0.005526725034561976,-0.22255685001201048,0.2439164378250165,-0.3099032532211131,-0.5113245495866031,-0.38459951855513924,-0.5783227203881958,-0.03579061459978021,-2.0055855941212077,-0.7336385547358287,-0.3534981488581582,0.028787353024396667,0.5467418601071491,0.49768938899014126,0.10725561415087051
799,Ciliated,VUILD59,IPF,60,Ciliated,-0.17262369155700208,-0.3287163218315025,0.45297298706140354,0.39966946681314564,0.13859800758238836,0.17040309521653343,-0.9192767356176251,-0.10745999183594762,0.2707655512284611,0.6443362008640612,0.03297317103044729,-0.6274288329479578,-0.12284466420444284,-0.6131864978794374,-0.4063203177006372,0.2034723295605564,0.426077699555982,-1.1578261590348624,-0.2924144399284752,-0.16529861734709156,0.781591372562193,0.9606853499147272,-0.13546993098937074
800,Ciliated,VUILD59,IPF,60,Ciliated,-0.13594552157889436,-0.16656392087871494,0.5037566659289772,0.31421666426654243,0.5943148679930248,-0.05323097537570445,-0.9578099130756345,-0.12121856431344266,1.032982131455824,1.6879107013706731,0.16667544462178666,3.6853353059104407e-06,0.25027327090598156,0.17541391339874735,-0.19490569107129624,0.09138968978982648,0.17946837856543366,-0.3867765989643424,-0.1990654264504928,0.4250996105106119,0.8173703038868978,-0.031076535014911123,-0.265683254021049
801,Ciliated,VUILD59,IPF,60,Ciliated,-0.05751670110054847,-0.24328474499150016,0.4434656083002967,0.6006501928975004,0.02719613445384693,0.3247391519701233,-0.4728777156259351,0.2112051001585704,0.8021854891988701,-0.05335273565897956,0.5285619651600826,0.4647160007877,-0.08864598536267806,-0.2119724208989729,-0.5200504338555185,-0.018059445759658573,0.971326128519839,-0.2109785311458373,-0.01783759203448622,0.07719942050156506,0.07772233750892328,0.17786922626471482,-0.1510773894496822
802,Ciliated,VUILD59,IPF,60,Ciliated,0.012123795308973884,0.1023983437680078,-0.34629040552068874,0.8545167367035164,0.17494145897522842,-0.024624134438898812,-0.10619095576698609,0.12497455303968891,0.37179062165018434,0.09791856078182568,0.4431169965460542,0.031744620004117194,0.19339910317039716,-1.121758234046845,-0.5935963448724857,-0.12532191902611645,0.6819827329340851,-0.5213364030999247,-0.16445708022015557,-0.16208920112156625,0.3662849013412114,-0.01702431746896568,-0.12686295614806245
803,Ciliated,VUILD59,IPF,60,Ciliated,-0.166588202895105,-0.2228235105805262,0.27477619295666533,0.36433292918834986,0.13655746296335272,-0.09105990894253115,-0.07962771158454718,0.024149822988092314,0.9139727437754027,0.2565798171957696,1.1722799221614422,0.17555693386948545,0.0705594242276101,-0.4941188528458825,-0.4397676735889361,-0.016836676324386162,0.6630869958653662,0.23204238302285446,-0.37798763142107344,-0.19963953933599252,-0.03283071425791999,0.09135080966735176,-0.30917741259969306
804,Ciliated,VUILD59,IPF,60,Ciliated,0.017044813913904097,-0.16157518501736537,0.2014672506919687,0.5414515775933749,0.07046873077076987,-0.1329303088782604,-2.345146204703559,-0.12195155436890795,1.1272484208904394,0.009251486968943276,0.22666436352098082,-0.12906227377817436,0.06271517201137211,-0.03341226074331335,0.14039470045468605,0.457045188289762,-0.1898009760959093,-0.37436665273442127,0.0018147288941684804,-0.14462964026186062,1.2969661335487561,0.07923548979864785,-0.0950351543338034
805,Ciliated,VUILD59,IPF,60,Ciliated,0.010273743920252557,-0.24986240275075075,0.022249255322594957,0.16448225967095895,-0.1751631258096384,0.039655135046304406,0.023494717011427187,0.19013441864613279,0.6465623434853441,-0.263319279004381,0.5606001219558946,0.2956417411794692,0.0934739887882417,-0.033100082134453916,-0.512127540686377,0.07580406173767695,0.1041287791138934,-0.8163918735118277,-0.238800670589285,0.4035526684613189,0.6102705335133042,0.23713080168200698,-0.03521487636393801
806,Ciliated,VUILD59,IPF,60,Ciliated,-0.072228068153283,-0.3034525505078724,0.31922760260205235,0.5681293116645695,-0.08875616232781983,-0.18226531663709766,-0.18031476157957646,-0.021391117401054142,0.12470913985205136,0.13081048038840706,0.4439929255855229,0.25380765838855807,-0.11700124353369787,-0.4210645210312572,-0.32109454980077173,0.24340386925689303,0.7877733329155587,0.27223697573641703,-0.28663888244223545,-0.5032459237250148,0.375017850109033,0.10134813561796464,0.33087148998144106
807,Ciliated,VUILD59,IPF,60,Ciliated,-0.19061612565299674,-0.30127060404652206,0.2473126770083943,0.21397688584443045,-0.13439354924985952,-0.009361225221940595,-1.479147422288298,0.12994021292507263,0.8016273477776624,-0.04129691247677486,0.39974560403565995,-0.3393455797329019,0.24075421055707913,0.12425065513844838,-0.6086537949523801,0.15003922407777567,0.9924196931597025,-0.41430261959716025,0.047943388501841155,0.03706176681780495,0.2878132768889475,0.16479884043646248,0.008652832608376067
808,Ciliated,VUILD59,IPF,60,Ciliated,-0.05553935405748423,-0.10250095877880118,0.5355619890838966,0.21036523938561338,0.10785079402212587,0.1681021740335011,-0.36949015268289626,0.1524419268284744,0.5969328186517211,0.4465176315348978,0.3345592453579429,-0.44570397426432823,-0.14373315587455743,0.3491370316566674,-0.3469005565124693,0.37549531296542293,-0.22387106340307625,0.46233474094618476,-0.18549816711550995,0.28601545777643184,0.391404150370853,0.5684639563277352,-0.5825458844430889
809,Ciliated,VUILD59,IPF,60,Ciliated,-0.15134651974054497,-0.3453734852624761,-0.07941295673726766,0.2210190869449349,-0.12278509903628951,-0.08561131977199889,-0.28433578586073777,-0.40417370868839625,0.7879594969930083,-0.06346323554073248,0.25176710684748216,0.006640940830974037,-0.12882489943524084,-0.5171191686327422,-0.569848430831016,0.39001629614129846,0.18633605111353252,-0.28717346884760214,-0.17538104515064273,0.44318939377565264,0.2061690635800507,-0.24351091916123235,0.13988182509957456
810,Ciliated,VUILD59,IPF,60,Ciliated,0.009594515378349214,-0.19149210996993776,0.5722627849638346,0.32775994156314947,0.23766192602432826,0.04358330251806328,-0.86516295584645,0.21166871078474916,0.743974191627574,-0.058622537440366815,0.7268315833506531,-0.12139077458941948,-0.22840595893093776,-0.05995790654518458,-0.30406058373160555,-0.1122676042322249,0.5539444452291884,0.5425418291613991,-0.38775925688814145,0.11717725788627657,0.5248796858395098,0.06584597807148226,0.2272446283468483
845,Ciliated,VUILD60,IPF,61,Ciliated,-0.25535673449273383,-0.161981789194547,0.07759608785416015,0.6219186377437461,0.0844436215735353,-0.003769941169004608,-0.35426547963668426,-0.0479480682586672,-0.04430986039283428,-0.2723308070787246,0.22861721936322568,-0.23691829730763844,0.03807336074407431,0.30545624263206944,-0.055356892416593584,0.3823404206777635,-0.011481536930775735,0.3428668995803882,0.16869380656642838,-0.05144444376132717,0.16198303937255104,0.1843756612323674,-0.20057518878672378
846,Ciliated,VUILD60,IPF,61,Ciliated,-0.21016230015519097,0.29759025166700726,-0.9802123801285151,0.49910504523085447,0.35838323729247934,0.00035661599577238925,-0.427230889578123,-0.030117394478411833,0.2600755728249196,0.4213388733511671,-0.20542363011559855,-0.5931015345344213,0.1128918952660816,0.26325639670441786,-0.1029377921517647,0.30189800245900034,-0.2591167824534546,0.6294125018099864,0.2687305793074717,0.017524987439977567,-0.2158850495847028,0.17902507375879065,-0.16950836169858993
847,Ciliated,VUILD60,IPF,61,Ciliated,-0.06594220304814744,0.016319945183496262,-0.08731387502073797,0.2128196778147561,-0.02775011885287356,0.06595921052403497,-0.5004975520288535,0.0324787294895695,0.1717863887617997,-0.15187623188802793,-0.049082117709114054,-0.5082439507663531,0.15237962912491285,0.6000622119857875,0.2047767521830915,0.5169162530718574,-0.04406314778310131,-0.4129363270823261,0.0012888150842997916,-0.10223950496088065,0.7803210602251367,0.03473751303530029,-0.24173888967272267
848,Ciliated,VUILD60,IPF,61,Ciliated,-0.3010954466540934,0.05800942064902071,-1.2369111085480988,0.047725466674867406,0.21514382408033272,-0.009581554674179935,-0.3676635901731006,0.02985162048312387,-0.07379965488692049,0.1378694166990578,0.1211758448628086,-0.0014305070891351837,0.11503141556888236,0.5199956632479412,-0.23945050530886816,0.12034366256257911,0.04639438489640422,0.30850259385797724,0.33374866911470336,-0.1364072937236255,-0.24204006268515174,0.13522695872484128,-0.20917192065144918
849,Ciliated,VUILD60,IPF,61,Ciliated,-0.18386703858121967,0.10413445083709655,-0.1543217128455938,0.3560927024734427,0.06612375090983762,0.024045962592847005,0.13390126938358715,-0.09094745176550331,0.13696630858171038,0.13394196665302618,-0.2787858007048044,-0.38815866575609514,-0.17462694471477602,0.09351529224492736,0.08857206898589325,-0.03477893541767818,-0.4417113128357688,-0.4396236666534191,0.19554905366360584,0.11427698530694703,-0.7470178157058656,-0.15853726415135014,-0.10221600938063821
850,Ciliated,VUILD60,IPF,61,Ciliated,-0.22183426702657735,0.1673097851407746,0.7004916237609653,0.39034209311331614,0.06693137792211878,0.08648636851475665,-0.32282336904860465,-0.11168166891927045,0.462402456843537,-0.11574491719449914,-0.1642180133905856,-0.8943429214086069,0.1684352476670516,0.22498336650547077,0.12346771284022047,0.1248067504362523,0.29529330260511477,-0.6231976916440536,0.14361960671728233,0.3753132236241211,-0.28554258361449736,-0.3254540472700621,-0.3317633146900105
851,Ciliated,VUILD60,IPF,61,Ciliated,-0.25083865827276985,-0.026953180063661465,0.43537344222223284,0.36515035687185626,-0.24448778526284523,-0.004791127680669863,-0.3123631442099107,0.008748955185737144,0.45506779186891616,0.02604832867810438,-0.07711334551276093,-0.08224868386812625,-0.06643052802019889,0.21838015962219315,-0.03794558353637628,0.5233051342066459,-0.42825362201931255,-0.14392489940663283,0.1954583073777802,0.07598415490448707,0.6094294281843282,-0.11976233305903333,-0.14479372420758546
852,Ciliated,VUILD60,IPF,61,Ciliated,-0.30817508385040504,0.09733760362392703,0.5067547272832327,0.10101973611526029,0.06307457847480817,0.06369305043079136,-0.5314073939385818,-0.16336895819827085,0.45628937376208983,0.059208686595525375,-0.19493452188736424,-0.01589720539707874,0.3347650525395641,0.22183443239268744,-0.16304146296224015,-0.04414986152317646,0.8488093968102626,-0.675165855493156,0.25678771528958855,0.12756244123117313,-0.13279480307513167,0.38319364182465404,-0.12476129617969703
853,Ciliated,VUILD60,IPF,61,Ciliated,-0.16158837361978923,0.28303989669542745,-1.2198977913485818,0.3840047362015511,-0.06102250087980164,-0.01569856204182124,-0.11759689399737405,-0.04274976552864809,0.3749603068266255,-0.5661229646388054,-0.23393957615765856,-0.28508130049225977,0.06844409896589188,0.4259697045679461,0.01003994912091593,0.43403718098016864,-0.49171732695787584,-0.3812243348889167,0.21445756311774558,0.03281656732085703,-0.43284650468154523,-0.0843692102730014,-0.24613275724648334
854,Ciliated,VUILD60,IPF,61,Ciliated,-0.18505970687027518,0.12530057680449788,-0.8414829852702407,0.53031629730927,0.21401935993394763,0.12228548090170499,-0.18612798316099588,-0.18621229856735774,0.8098845741434446,-0.272549899238146,-0.2793042505471667,0.06512129114444841,0.23772053966177034,0.23983438411608843,-0.08731310903231043,0.22517273204807242,0.4536089953762375,-0.2294451776348005,0.2840133029156657,0.4583889853137244,-0.17704439923531953,0.5946375185990312,0.19645077277375408
855,Ciliated,VUILD60,IPF,60,Ciliated,-0.13404626803254757,-0.3078487218739925,0.2991498820043657,0.2872945698953991,0.037124955007810975,0.03409477668349316,-0.016686826070556857,-0.18167072749010532,-0.3088586561887078,-0.807505517835919,0.10618617164732475,-0.29954236487423225,0.10642771475308477,-0.2939961678477228,0.0748588261152096,0.007894991984419859,0.4847358803370508,-0.6308525156955845,0.25110909000333587,0.17802173213650238,0.45433394267708754,0.2692882877937555,-0.23246942163826861
856,Ciliated,VUILD60,IPF,60,Ciliated,-0.2337284410955375,0.11504552016884666,-0.7944971500548597,0.030110481026364353,-0.08037878083844255,0.08663505406900862,-0.39435747157151174,-0.011170454987374819,-0.1034924662410366,-0.09554716738715982,-0.4603428763182253,-0.26591926152086687,-0.006022913238841774,0.3486659174770316,-0.05156171797811708,0.4827144460562983,0.03771738003627645,0.459415171352603,0.3088538753365719,0.06389020216210135,0.3183186304499326,-0.23745864814353845,-0.3457931902705647
857,Ciliated,VUILD60,IPF,60,Ciliated,-0.15056348355243215,0.05922306995811353,-1.063172253640177,-0.09830382254198068,0.22066645584135852,0.0021165447145597973,-0.08388321195222784,-0.09428395788343641,1.2371974900315352,0.12870604376748104,-0.131799818468176,-0.10329040769738464,0.045608803240167715,0.5147923890195245,-0.13933472717886813,0.8820401168358724,-0.4594542408892229,-0.04088389299606422,0.014528691105633033,0.3859352081988838,-0.45982026714705865,0.37890024843103537,-0.23562108941141358
858,Ciliated,VUILD60,IPF,60,Ciliated,-0.23982487929107602,0.09479870517750577,0.24170490522427335,0.0995105147179045,0.15721793513446075,-0.10876209782748747,-0.5114339685060636,-0.01598683215429932,-0.0009123348472452348,-0.21583632111021311,-0.4236054458701928,-0.39800208441721524,0.12986111513096255,0.335703330161288,-0.09822120701057499,0.03771985082928561,-0.013551832349205978,-0.5675073426209399,0.3244942360553033,0.2379686207649119,-0.09124806903527187,0.15033773515333881,-0.321311835828421
859,Ciliated,VUILD60,IPF,60,Ciliated,-0.2951571024123699,0.1882496790261211,0.20619863576638991,0.466817431731872,0.38172304244936295,-0.18928709615328615,0.1624926436279925,-0.21110616033524238,-0.15040191286839477,-0.002045147478456381,-0.4610485706306198,-0.4374399696717177,0.17188440128892013,0.14208723370121348,-0.04102603324104655,0.21464744409332168,0.5747669057843504,-0.0951719209272849,0.19943945019614764,0.023218463908339385,-0.12077272624594854,0.6674536911961355,-0.31567497466372246
860,Ciliated,VUILD60,IPF,60,Ciliated,-0.050560383276096146,-0.09005262181160714,-0.48663222448694093,0.022785403644203946,0.042061476229404635,-0.04566525326407543,-0.3882372270140518,0.0751146385055477,-0.069052148042206,-0.017539526374258475,0.17458593177391638,-0.0343197399985042,-0.1773630397498595,0.48619863995293927,-0.05485668258988033,0.0770115877981915,0.09330644522754275,-0.3463321919229828,0.16173233885305827,-0.03130113454883957,-0.03781571274841366,0.0012765920918231853,-0.6881445273737782
861,Ciliated,VUILD60,IPF,60,Ciliated,-0.16744893238284903,-0.06575332452785958,0.09971036791817875,0.27007012186596785,0.05046175363015506,-0.11931788255933493,-0.044461170037490234,-0.06608687772375979,-0.25013915373897916,0.030257723086633576,-0.3011242918578714,-0.6151880036975017,0.1565432466493385,0.19222784006743251,0.10850690046396451,0.1988407377574896,-0.7351068777001636,-0.4117988597571871,0.13569921240589305,0.004998969849912179,-0.08488580920104279,-0.02789816605012349,-0.16409870962958614
862,Ciliated,VUILD60,IPF,60,Ciliated,-0.07532239363777768,0.07502835692447164,-0.012320700573728707,0.28226886963465686,0.1894727996668928,-0.011565254387257862,-0.2454948862282027,-0.15577275157918122,0.8900839604745285,0.4400688589206689,-0.22535502110651498,-0.49659549465840225,0.2166612536932188,0.008664974750002295,-0.03947698991111294,0.32552412282385706,-0.3649618034386154,-0.31006264527940824,0.3104966411354617,0.10163397087594997,-0.031334228636541075,-0.10249778149028807,0.12678642938089554
863,Ciliated,VUILD60,IPF,60,Ciliated,-0.28605873388363134,-0.20530105716148392,-0.4285926055213373,0.32802739961598926,0.46286324960973524,0.04771016383538931,0.28560057303751335,0.07468150042579844,-0.09799300519806277,0.07172282207658913,-0.0023564288276473576,0.07185946771303461,-0.021984617811053733,-0.032377572207299136,0.13406135025148447,0.283150233495022,-0.43300726523392985,0.0057738965386326165,0.3687225217819007,0.06884857864767746,0.5455979242707182,-0.020692290412563246,-0.1823598631662742
864,Ciliated,VUILD60,IPF,60,Ciliated,-0.11214383563635678,0.1564363374322434,-0.02327192000506421,0.21140928337345186,0.038926798031398216,-0.04359681564689859,-0.4211434739171639,-0.07403682931487987,-0.23898132080344178,0.1035191923041074,-0.14725616977068506,0.22907794342584442,-8.878610800712103e-05,0.19048283123910112,0.05801691029582162,0.47070153265059306,0.25587770605893323,-0.1911889333066736,0.3144873799391415,0.10273257263559685,-0.32644981764836173,0.4278704066195127,0.09578450067027759
865,Ciliated,VUILD60,IPF,60,Ciliated,-0.1549039112706022,0.28638668917101345,-0.5624764213470012,0.17186871939466217,-0.08536924448245846,-0.06265495896186009,-0.40243061086438875,-0.07491932305850646,-0.3131237674089167,-0.05325301922287167,-0.09217999307082603,-0.8427029067295476,-0.058247294605332296,0.4981422049538958,0.3226918389083921,0.4744006664872743,0.12302347620101081,0.42715288577684285,0.20837121521356652,-0.005954013562931608,-0.10579316129789805,0.16476027027224557,0.08158529780165355
866,Ciliated,VUILD60,IPF,60,Ciliated,-0.04883615788100778,-0.044338668503548805,-0.6275608936914135,0.2208615695963325,0.002777642096107204,-0.07047350118784525,-0.3964020072953082,-0.016444419027466968,-0.32033566575807176,0.36899085477200855,-0.13245008501121067,-0.0825266834210163,0.11667522900320498,0.014658029919567946,-0.04391631902748859,0.2919668971651997,-0.05566186320095385,0.5891310876943684,0.1834381208134642,0.08789087428945971,-0.4355429986276172,0.23710973848876504,0.1394757432192652
867,Ciliated,VUILD60,IPF,60,Ciliated,-0.09464488187655322,0.0674479201772185,-0.3577599682300657,0.22338375557638,0.07807745362604653,-0.058772322222286795,-0.3584247328270764,-0.1385453301001478,0.43039043795362786,-0.24969205909196052,0.061028005638406324,-0.10612148896461186,-0.03869557716716191,0.639834501095543,-0.005327383696987287,0.5744818611788003,0.02805364500354018,-0.6319194449060934,0.1936297587662388,-0.017795691007334625,0.02602606439565101,-0.2653509057818665,-0.09397485428004206
868,Ciliated,VUILD60,IPF,60,Ciliated,-0.17647998929538597,0.14276242819796217,-0.7920693342077901,-0.09743274643815285,0.09195728506112119,0.024396241927081647,-0.15219211674398586,-0.05738869518964716,0.525951346038277,0.2106284391032969,-0.06635195515318985,-1.1584573158862603,-0.038604461961111926,0.4405080951964828,-0.02026510207594161,0.3019601864563254,0.32638332980674256,-0.4565711480107883,0.2536645255463603,-0.02899123300251334,-0.13912933871154767,0.13354890975078088,0.1350627588081834
869,Ciliated,VUILD60,IPF,60,Ciliated,-0.04483511251830987,0.09622514165623776,-0.5798991208114815,0.20924273985198158,0.15913781939405847,-0.01688206305851703,-0.133741368126036,-0.08758093126084315,0.5331259838700972,0.17733489295551222,-0.41707294184626564,0.059603946064002156,0.2933579169943878,-0.20531078726347965,-0.019623761230016835,0.13381913592981506,0.11211508995710391,-0.35191590100721254,0.07820012029244734,0.033242664745378174,-0.18379014455464107,0.14457564755261443,-0.17115153467741318
870,Ciliated,VUILD60,IPF,60,Ciliated,-0.1840811415838623,-0.005814352291774048,-0.11549481462904986,0.028909669439274966,0.5208086021338572,-0.059324289842291246,-0.6064051025696369,-0.09924581880985517,-0.24287849858833568,-0.5880243697940469,-0.32231262400033467,-0.4405314558477525,0.00927570937433091,0.21536390430233915,-0.293430894470102,0.45785547840376684,0.4915980630988072,0.4019667915027616,0.24976701010367064,0.22476533303342866,0.44599317018949797,0.16311264396709033,-0.17093315705787754
871,Ciliated,VUILD60,IPF,60,Ciliated,-0.3147070750615552,0.0758397110185028,-0.014299818688940851,0.36794793323055924,0.12201666934375557,-0.10177407665058326,-0.37229754451483965,-0.05234835506418017,-0.17608539281594854,0.04612270958309025,-0.135179483782087,-0.22589329002909164,0.26768693893319334,-0.11179140446993592,-0.09085743584915622,0.22654701424784696,-0.625473380232823,-0.05553986319788215,0.17232568806462112,-0.21022119923254964,0.08352023352092748,0.06052781060382565,-0.09914210417892433
872,Ciliated,VUILD60,IPF,60,Ciliated,-0.13592000024974152,-0.06784681182018441,-0.8673994816066509,0.22678620254736007,-0.17967692508332123,-0.004948887934532568,-0.6217733290151793,-0.3341042028731765,0.256016169777245,0.27248081126101265,-0.0455882477862716,0.0035076763380332892,0.3175645492735522,0.21532271520515184,-0.16336078320734818,0.19063194649943765,0.6629455875879953,0.5561630973401294,0.23572581121500047,0.07804574756308094,-0.06050220653144052,0.19587704823187546,0.03270525192803812
873,Ciliated,VUILD60,IPF,60,Ciliated,-0.22670403213807777,0.1007616134743445,-0.6457438846288791,0.09250559197613031,-0.06951452639589689,0.004648866698531379,0.201836324948119,-0.032044693480064404,0.8913999047273681,-0.12951623714940136,-0.11726027238267182,-0.08323940880566476,0.036845621139824015,0.5381378501395236,-0.06250857343554443,0.33985633266498705,-0.09293267517432711,0.2931753090218725,0.2656401393902948,0.15755223466542206,0.40442623736713695,0.13446036488930893,-0.4119431977645211
874,Ciliated,VUILD60,IPF,60,Ciliated,-0.10785745151867775,0.1819266356660534,0.08643634559794744,0.20209348154553852,0.07019616030355615,-0.08296038922638915,-0.18850644768323044,0.04989787634708868,0.17559281286849437,-0.20145243194428095,0.17010394549835725,-0.03168393592428749,0.4826026787315645,0.364454090971211,0.1990988593934153,0.02689417894682238,0.3132904744641568,-0.6102277604348192,0.05310672521313429,0.035632651955351854,0.07220589085948244,0.057102777173190976,-0.3151453348207732
875,Ciliated,VUILD60,IPF,60,Ciliated,-0.14698456854194364,-0.01692732162369355,-0.5656234447962843,0.12840436384855713,-0.17472728874521753,0.037041744919864034,-0.2807086203776369,-0.5015797934984001,-0.7764968597975892,0.494653544659869,0.19657214397201905,0.24662186131636968,0.19071326938391298,0.442353986457944,0.06041052301458853,0.30171189525580544,0.3928617037988004,-0.9381859826736224,0.10511175521859763,0.28653019147006953,-0.3134251970892656,-0.12271891612629318,-0.12598554839043757
876,Ciliated,VUILD60,IPF,60,Ciliated,-0.12676854401994303,0.2236558583980008,0.04720901012576051,0.4474110525404482,0.28744751020191045,0.02765461427646184,-0.39009055749153737,0.04489672203055555,0.3049561104378942,-0.45024063099025546,-0.08698134215398778,-1.1770257357783753,-0.045530302761071624,0.571198974260275,0.1572193783263465,0.3972938260163254,0.3140551777555038,-0.2722573496914456,0.07433152657252923,-0.06195928754326436,0.0859330649891339,-0.07574315873061373,-0.26176768439076764
877,Ciliated,VUILD60,IPF,60,Ciliated,-0.18890863533490146,0.19732733832719496,0.2283044274548172,-0.05814469849749379,0.4323364017361033,-0.015759039935073202,0.03243705137378305,-0.04973776827444906,0.08041223856568179,-0.22965264520406878,-0.26268962158019765,-0.4121476490839084,0.04521427874821681,0.03770652058888727,0.17962890538463425,0.2352925917434212,0.5595440855038901,-0.5291275511390836,0.3046852246890195,0.30384150616742556,0.26932391146486084,-0.19360159755628326,-0.037966497244354844
878,Ciliated,VUILD60,IPF,60,Ciliated,-0.15235468163534116,0.3752656115213,-0.8045339700688469,0.3879548129411891,0.1266584424384184,0.029223036876949396,-0.3897665562870223,-0.07106069361019454,0.424201757008832,0.8762718280742451,-0.002077116501182443,-0.38207290569737995,0.046217362711298275,0.4392807096744719,-0.1748038036588411,0.20857898619154258,0.4910755305483174,0.19673911278455783,0.19002454954869336,0.2556881700305383,-0.29204682842925395,0.0001232145405145992,-0.1865890626085608
879,Ciliated,VUILD60,IPF,60,Ciliated,-0.1698763566728008,-0.15748909008152243,-0.7237866967940914,0.21352508646061724,0.13427673912175286,-0.00486038645255242,-0.7513556282835404,-0.059139470695114785,0.4109726483831612,-0.10172106629488731,-0.2430660030490754,0.008498153751547704,-0.13414244555778554,0.29557830485989317,-0.08319748188038986,0.17244238867634876,-0.663172613300624,0.25628690312284774,0.004491480532323792,-0.03895987934619723,-0.047597872861390673,-0.2044276113790141,0.10828267397309203
880,Ciliated,VUILD60,IPF,60,Ciliated,-0.26523562259299294,-0.18697644430387148,-0.1350021103551451,0.3555594922042633,0.1751418724764431,0.07547104654440691,-0.30966073594715393,-0.0031377866329392575,0.2483725221070862,-0.12973179230343698,-0.4550698227453571,-0.13798566461513057,0.010555076781464865,0.16569853980028837,0.11065169838410036,0.27487700396523523,0.44024794081988927,0.2570939313915504,0.27817400898869454,-0.026661812391911097,0.1583806906355329,0.10858127546476277,-0.09082138790672573
881,Ciliated,VUILD60,IPF,60,Ciliated,-0.20402776215844212,0.013364590307776389,-0.026743732662556245,0.2200254253123233,-0.007359303183840342,-0.01897834118178231,0.08308958597648422,-0.17971589619189055,0.06164558871490227,0.09360522368793774,-0.15469345534995843,-0.44001352976842706,-0.16677056817381203,0.06997438995437981,0.1979500039159504,0.6014653079692152,0.3322590089413151,0.42053102918135105,0.42845203093277834,0.5153252766966893,0.2715120875495407,-0.11644551356424655,-0.3021989692743642
882,Ciliated,VUILD60,IPF,60,Ciliated,-0.09443349554507337,0.06285054650035429,-0.6151088306863273,0.03998215516568822,0.34524153208090536,0.026248282927029853,-0.5412319397733553,-0.18028889302502346,0.05662586431016744,0.12216984914037504,0.07635891123457213,-0.04616989307478074,0.18169386765693063,0.5364235866849729,-0.0790893109469978,0.6344976678515298,0.25224401394717316,-0.33079783031949883,0.23681145275326862,-0.04808655465164903,0.24024457627606624,0.048881424126971745,-0.17781569973704445
883,Ciliated,VUILD60,IPF,60,Ciliated,-0.12492844287106507,0.12185107512513922,0.034483334183896805,0.2630225331377554,-0.1008061738802801,0.09602156171641822,-0.20036796083127048,0.033759615549933224,0.018056558341989284,-0.16858237221333797,-0.23551283440486537,-0.5371323173309643,0.19599403642724858,0.2471124110101183,-0.019356058193254276,0.35806990372071623,0.5569068103286109,-0.4882414212591506,0.10505348639463254,0.20270208370428147,0.21819977104552443,-0.16174757580886392,-0.08184507227567299
884,Ciliated,VUILD60,IPF,60,Ciliated,-0.13044178062718256,0.03181308276542983,0.5856565378593952,0.2957535267880472,0.07326301124181193,-0.016202594642533586,-0.26346975060105365,-0.015797949051930014,-0.0660467185426752,-0.012739725318435771,0.08247821305004795,-0.7069950221604986,0.19370647710118793,0.9933426417813864,-0.07286081429677019,0.15183753772994613,0.6683573090363006,-0.5985693472451682,0.1550090606129071,0.0997744306370629,-0.3618063255309895,0.0025303188250541423,-0.15348427611386217
885,Ciliated,VUILD60,IPF,60,Ciliated,-0.09830415183236096,0.04005499674562076,-0.7073215103644059,0.40462919246234924,-0.002110675304901331,-0.13552407041064224,0.11729159560846056,-0.2793651814954931,-0.15687874423293002,0.665744447239832,0.003232090759673612,-0.29708626997505516,-0.004084007478540191,0.16624001258482626,0.001271741462829155,0.20349814453047,0.46414167802856854,0.03322855235381442,0.3169126026531034,-0.16645575545459457,0.0010844739270099964,0.08749873596629056,-0.23467469339085878
886,Ciliated,VUILD60,IPF,60,Ciliated,-0.18669809288571354,0.036084217924725846,-0.7392723678825633,0.25405614777352714,0.06806380723573263,0.03401571098627552,-0.2025793572163965,-0.10599767612878958,-0.2112242884148371,-0.04181629704236308,0.046988777073322,-0.9259940166982676,0.024027166181248776,0.3001277005857796,-0.10209550741504032,0.2224384391913486,-0.05715712095032423,-0.152464093845224,0.3526710014696163,0.14731724424150625,-0.6732442363666844,0.3042620133013524,0.007233124114783427
887,Ciliated,VUILD60,IPF,60,Ciliated,-0.18843789279082204,0.04469268406726904,-0.8488582738849508,0.19375085983899548,0.22023069450308005,-0.032115804247294245,-0.2732657024281397,-0.1272197657007706,0.8742484947709948,-0.015903686190505934,-0.10209055460236517,-0.33869932495431937,0.05791514478643229,0.6559228190353883,0.020686499642686765,0.1762704337026899,0.17295915866440809,-0.49673192598291377,0.18263811003451436,0.3790238082511835,0.23693596184784577,0.28227063480022785,-0.19096698043054558
888,Ciliated,VUILD60,IPF,60,Ciliated,-0.2049375856344453,-0.006990000410150464,-0.033215405040450424,0.12234761840831501,-0.008586674218127843,-0.07329331097082786,-0.2729392303225067,-0.10423523634805423,0.7629650789395638,0.2659843273094429,0.2325690398951207,-0.47074403206211707,-0.09367530629217158,0.48934191544132977,0.07318456268258025,0.4969192889281961,0.31400646750972355,-0.05464580934086098,0.29253126320138606,0.3266589180410733,0.5750833029665238,-0.3117921114533627,-0.17127856985044415
889,Ciliated,VUILD60,IPF,60,Ciliated,-0.2221657479077398,0.10570863786041053,0.014685698047632686,0.34297481805950614,0.2199338219720645,-0.1165339909986105,-0.024360947131761863,-0.05576897479800029,0.3997683394104908,-0.20413597546605763,0.11383525889529694,-0.1096329076582917,0.1749691534299471,-0.10338991941904892,0.19138373783528567,0.6329995520628704,0.5346308695845416,-0.05869484166353038,0.0640465283297554,0.10533154452820612,-0.15616416881642434,0.306743859666888,0.17588826558725265
890,Ciliated,VUILD60,IPF,60,Ciliated,-0.19938866513981673,0.03445633316817552,-1.1937273285103367,0.33745820301190627,0.20383043615535018,-0.05141219046837464,-0.35831631951205145,0.05329257463446896,-0.16416252794535557,0.0717418920191214,-0.2576599940376033,-0.25588710697417577,-0.046851273076337956,0.1413845723555669,0.13848646569772766,0.3382159629969276,0.2983287665167659,-0.02712470341336407,0.12802775362985683,-0.030757319746099413,-0.1993582841890621,-0.08689963486386487,-0.2154332906372471
891,Ciliated,VUILD60,IPF,60,Ciliated,-0.23490662244947,0.03332243669076522,-0.6187396237984507,0.5492846072059854,0.08819412602554301,0.019163119083285593,-0.19423892759147884,-0.1548522011344213,0.02479243862584423,0.27754806250485475,-0.18324609700208724,0.35876992220858067,-0.1299550376593546,0.41790174602129854,-0.27020608502109883,0.19843015400919103,-0.10992118916931541,-0.5734413761018442,0.025043829851977686,0.08516584468490793,0.14395176347472152,0.32410614804421073,-0.24191724518289676
892,Ciliated,VUILD60,IPF,60,Ciliated,-0.1312649947051203,-0.03175054596213446,-0.31022741449385055,0.18218884887134854,-0.17843112614887566,-0.03306963605939904,-0.39931488701986256,-0.0004907769393332068,0.516944508391452,0.01204163673567362,0.0921220823054684,-0.46682614179632914,-0.11528866063414339,-0.01083984803688378,-0.13754126900664193,0.5501379226100074,-0.3398838075625609,-0.10622260325977666,0.043903256237044996,-0.0651965348124755,-0.2946316256481029,0.3766807172625568,-0.18782829706312482
893,Ciliated,VUILD60,IPF,60,Ciliated,-0.10359921639352027,-0.014883972401947165,0.05598426770257245,0.3513234264094317,-0.10398713375475474,-0.08157511056671254,-0.07690668892843029,-0.10912483523376593,-0.7224748443201762,0.1779654450330121,-0.05482773924330264,0.10909975148686296,0.10238113033707494,0.3155957592836809,-0.192195487400774,0.2041781648093239,0.03890125770345926,-0.8514119269399405,0.23109387776607285,0.25626573287035004,-0.33109706583884424,0.11276881015792148,-0.4169855790982657
894,Ciliated,VUILD60,IPF,60,Ciliated,-0.10787215554253787,-0.01978616828414107,-0.4023137983942503,0.4025532556264816,0.016187207801245086,-0.13347426792013475,0.21749184350229459,0.028790495835174894,0.6931268612108606,-0.14138349991633234,-0.11954351694129166,-0.3156941958436365,0.16633894452944964,0.4767408787279089,-0.04668780943435226,0.17494522320444306,-0.23576252423189664,1.0139380524749202,0.08007663146176296,-0.13562395119763979,-0.2194474857675708,0.19347771156027718,0.01594300401635533
895,Ciliated,VUILD60,IPF,60,Ciliated,-0.21941686444057135,0.0869462941016167,-0.020792475548085984,-0.024963375409676077,0.13374676942847286,-0.08807951977371961,0.2832775622707581,-0.02838734529148396,0.4823413943913737,0.19001292843619552,0.3329977004150024,-0.33115039106250665,0.13045236030169227,0.495431493497499,0.11036136572149756,0.5184443166780687,0.1924936952511934,-0.47047912963791383,0.15230393442827395,-0.13025712728135977,0.02454814848377222,0.2409346906863056,-0.30578136727581573
896,Ciliated,VUILD60,IPF,60,Ciliated,-0.11769458961072586,-0.05238427694040149,-0.8214101179888921,0.04035085730326048,0.26711990450917983,0.12695724445062032,-0.3046096352371017,-0.18517201277055592,0.700771633851515,-0.1840835982286181,-0.06410974144406562,-0.677880275400375,0.23537629393510856,0.8084389719061553,-0.0541432144098882,0.21870305565153242,-0.6060723310910581,-0.049693474396308474,0.1380869759448798,0.189874930620818,-0.25930429522810405,-0.2063148310514931,-0.18314147043952458
897,Ciliated,VUILD60,IPF,60,Ciliated,-0.2144230842084073,0.26675094888133305,0.039391678658462465,0.39306405087117774,0.1058803037679998,-0.1066663440486669,-0.24816239074917137,0.034481406592061316,0.03002803156357877,0.19772708787248947,-0.30512657470123333,-0.2901238251554444,0.08658977892613809,0.4133903404720818,0.03214254519855403,0.27296460091709424,-0.025148195580437804,-0.20621337952307894,0.050553358718800054,0.01677712452730156,-0.33649875826269604,-0.3587485367934461,0.031263347461008575
898,Ciliated,VUILD60,IPF,60,Ciliated,0.003427980283863509,-0.14528251471467352,-0.25031887054033974,0.06993150135788698,-0.064713331859807,0.07667061747197215,-0.042628162248341386,-0.04386379374170847,0.18681026093153424,0.13527871207314038,-0.0724230091811675,-0.06230592408920448,0.13979560748351672,0.446179833846525,-0.12884164393697195,0.30074954557354644,0.42183489397848506,0.02241548580396032,0.05978201896602198,0.2116634584480613,-0.3088849464054564,0.20987409474291394,-0.1782272174291541
899,Ciliated,VUILD60,IPF,60,Ciliated,-0.20126363750749504,0.19055219557693356,-0.524807087356291,0.24464678540642168,0.11505161586904189,0.039556823178215274,0.12133839658805501,0.07982741029627313,0.315469692238917,-0.05538298655658942,0.23079263750260884,-0.6102813512695314,0.27867623891062887,0.045554305377479294,0.358388822553749,0.4656607954322709,-0.2804287355486824,-0.5552812757112434,0.2626973468610411,0.09359881583286767,0.4729150087814317,0.20360355801081645,-0.2137573344710367
900,Ciliated,VUILD60,IPF,60,Ciliated,-0.15671794549954776,0.26048331604537334,-0.7745421958956309,0.2989807143347443,0.032572483770037144,-0.068143601777615,-0.5897862346519782,-0.26856293723915625,-0.1800731982940647,-0.23996983117110912,-0.2644344394008251,-0.10510576405385534,-0.043170931948519405,0.4298443573631537,-0.03619977353257654,0.1990744290852237,0.08143008890966591,-0.6243664640712311,0.03653118719292733,0.09302096485992614,0.14939484986808807,0.48818034071599853,-0.4185182729613151
901,Ciliated,VUILD60,IPF,60,Ciliated,-0.17186506695307366,0.18301302996349467,-0.6179562186533979,0.24037829120038642,-0.07260424656719228,0.15810739219411726,-0.16043617130743443,-0.12928817543034138,-0.12136368273406041,-0.6602096586837873,-0.06416236247454417,-0.3974639422947026,0.020961779588832958,0.3925731275888411,0.0014096847942076732,0.2639518693235534,-0.9634419602121637,-0.6612099987691126,0.1960359377277916,0.11998952230511589,0.7180188538221924,-0.03802202874630562,-0.12419194203910701
902,Ciliated,VUILD60,IPF,60,Ciliated,-0.21958009426434957,0.04741422519663173,-0.2604671586532421,0.14494732461354465,-0.06139011377501115,0.15395131488669642,-0.15044895016739018,-0.10802963446610514,-0.07615590570160201,8.079023146351141e-05,-0.2650956273796228,0.07765530696841931,0.2482886243157238,0.0881726925900285,0.09648567596412792,0.20736245329551845,0.10173238188886465,-0.39611286796559736,0.037310391098404394,0.11088697197645744,-0.17215926387844557,0.013705744027237433,-0.027244354935301248
903,Ciliated,VUILD60,IPF,60,Ciliated,-0.18580305839243236,-0.18021715708311598,-0.2383810008128581,0.1689344435298366,-0.11402059845216836,0.06218178412841386,0.22822129200082672,-0.16738090661835944,1.7930878159681805,0.14525095046124906,-0.7385663615523825,-0.5759982765670142,0.4467560014768419,0.4401286834007362,-0.044359363716719544,0.13224842221577113,1.086709877059018,-0.20044110336355966,0.10140470111576069,-0.0717231415703069,0.4579134895231092,0.3986115916003387,-0.1793695795638149
904,Ciliated,VUILD60,IPF,60,Ciliated,-0.09514982574500529,-0.08856450335701797,0.04847255433545246,0.37757724683311983,0.10452238098617639,-0.08068380042174941,-0.6761849001734274,-0.28921127113965556,0.3397105426403427,0.4974711538964971,-0.11878660866599632,-0.5102792494638207,0.05521180055358472,0.8179226066038252,-0.0941818841330821,-0.06138247259761745,-0.44530178835437195,-0.6288528637802362,0.33693233669283196,-0.03014208965223528,0.5319174250010127,0.39656245575240134,-0.23238857468311874
905,Ciliated,VUILD60,IPF,60,Ciliated,-0.12653813397945973,-0.028642947236241202,-0.8056073143347172,0.09022634673927232,0.1542542434243699,-0.006190105671775638,-0.13348924091320702,-0.15881538470424153,-0.09139741072868195,-0.025190577841056536,-0.1805024258060242,0.0651614402128879,0.2045573017895005,0.226990254953526,0.20370925815849344,0.24336480279312392,-0.23404855730902718,0.18066779315253845,0.3158637289151199,-0.03729308447048109,-0.21265511397889256,-0.12922931233014764,-0.10650646505750305
906,Ciliated,VUILD60,IPF,60,Ciliated,-0.303179786447958,0.1914701986259496,-0.9702090527652881,0.6462630991635542,0.24987841410763145,0.06053155288458479,-0.4297627239054815,-0.1122496550787768,-0.031518078686254336,0.6319390883205801,0.15637072263159588,-0.5152299877879384,0.009143516461550254,0.25872617092540046,-0.04260955268881007,0.4942338773951909,0.40958794129089043,-0.2571312758900901,0.12758954426887864,0.04960599289772256,-0.1770920607542899,0.3675256755753442,-0.15927959939195996
907,Ciliated,VUILD60,IPF,60,Ciliated,-0.13209229201346467,0.049585786853532064,-0.21678484076380503,0.052749006668826995,0.06922819993696028,0.05154107062622088,-0.5833927176636023,-0.012523889447907343,0.9075856521798706,0.4647897459776362,0.124722324293236,0.19038902578269912,-0.0794497834556809,0.3979973501341341,0.43918451015607235,0.25519382289352094,-0.04127202144136142,-0.41674214083397393,0.27158725893682895,0.07424627448551058,0.3920984677031109,0.1960225287662993,-0.16436894436758512
908,Ciliated,VUILD60,IPF,60,Ciliated,-0.2761667371408081,-0.06867956320923178,-0.13652093221779985,-0.14101871796505466,0.13713151882471109,-0.015186071397348615,-0.7485356680026758,-0.17133703675991646,-0.1916569080443066,0.22925648191981077,-0.33321496703401726,0.1481320469694213,0.43615805163273674,0.35032296931916856,0.02971161904200816,0.05506109223347072,-0.17650674133210398,-0.22198035814948497,0.2440437503917985,-0.09338777718002132,0.28706914733774086,0.27339911055199534,-0.2639788271254236
909,Ciliated,VUILD60,IPF,60,Ciliated,-0.10158242451135313,0.06217712072321562,0.49720765698852054,0.10607845412164026,-0.11755363904986471,0.06236432943166493,-0.07060709453738963,-0.05696163045777628,0.018642927623240574,-0.4515140763992933,0.02235978039690548,-0.7645716774100666,0.36518488729812204,0.35418392995988496,-0.025605826352950983,0.3232340613765717,-0.00554261020142283,-1.0529366915029534,0.3751512999066834,-0.07417110174547652,0.061058906918312755,0.6156530826618157,0.10369501742421888
910,Ciliated,VUILD60,IPF,60,Ciliated,-0.2799603150264406,0.17259275727431866,0.17100108198257993,0.30512388000822005,0.37167569759300245,0.003764827872427749,-0.21287237457329455,0.044732204773561435,0.1002057453079898,-0.03201412295203519,-0.04690911854896221,-0.2993235598257518,-0.04963462810787817,0.2113620852379464,-0.02204431562560769,0.1536130229878636,-0.3079179802273138,-0.6554783083516164,0.2960541316336823,0.25508371236238975,-0.2634829462301507,0.33704690879727267,-0.46894496931802887
911,Ciliated,VUILD60,IPF,60,Ciliated,-0.08963579046189889,-0.006360324643864936,0.3990493528690934,0.5906027959580487,0.03404528850011954,-0.14432441596841022,-0.37319792263808355,-0.1006090897068419,-0.4202934499701755,-0.2836763819815221,-0.09647024451634713,-0.5454518140130584,0.20805469962638787,0.3440522744335844,-0.11147710152927015,0.16661637303038007,-0.1532663555058705,-0.947102950694227,0.22005141368022169,-0.057319166469726304,-0.09141579996707123,0.014103900133839144,-0.11034734520855696
912,Ciliated,VUILD60,IPF,60,Ciliated,-0.015139506721501574,0.00994094220347178,0.06689717192838329,0.4942263389291484,0.10885705108964862,0.02240416618354158,-0.4203231934636312,-0.28872101139159295,0.690997123286042,0.07032320334272679,-0.2545732152802231,0.14698671877198208,0.056309368954029625,0.03906339871480353,0.04517230859008571,0.2868245940820344,-0.26883263484837333,-0.3089562656292155,0.1104714306579205,0.06690886743400067,-0.29845852457404914,-0.28731125984150224,-0.09649200712846465
913,Ciliated,VUILD60,IPF,60,Ciliated,-0.15775962944734723,0.006067188317192813,-0.7594384352488891,0.4556374541650822,0.292358292925469,-0.12848775457071646,-0.7100264308414753,-0.10049052595065477,0.19512870290275636,0.7357286746521011,0.04545911910683888,-0.6543429973116252,-0.14940296850331097,0.14326955915366663,-0.048322680148823585,0.34857402357265044,0.5334184225601939,0.03337255536205333,0.28265964339806615,0.13330205235600182,0.037068196088266996,0.014788431012237178,-0.17768560077949222
914,Ciliated,VUILD60,IPF,60,Ciliated,-0.1401799678658022,-0.03592329476135009,0.0443719552871469,0.5347331631712137,0.3927118539803485,-0.0015361459631997969,-0.501021610002245,0.021531427954131443,0.0696215831320957,0.006462981933768029,-0.1635042486692503,-0.47965513737862375,0.02615861820240801,-0.04057124377122264,0.22260217193996537,0.1668056645987379,0.40104173318442615,-0.12381945514654215,0.013278082867174211,-0.02617677367598654,0.1644112536629576,0.022785243227785804,-0.009757586076309444
972,Ciliated,VUILD61,IPF,61,Ciliated,-0.25552958795678177,-0.1981180469628325,-0.3283799134358533,-0.030125889122543836,0.23852111578074542,0.06974202082404674,-0.38597996102159987,-0.08415510756454095,0.13841551430217064,-0.30978140272701365,-0.3354398536312159,0.021594029634768086,0.4522816811493069,0.9090631056551249,0.4527558784955976,0.46717376913933606,1.0639732986979762,0.6035693473862133,0.4526203045494383,0.25669032501866085,0.4082971332667776,-0.15273821101324073,-0.0953013088450173
973,Ciliated,VUILD61,IPF,61,Ciliated,-0.18177216050029724,-0.18902881171715089,0.43324849620934114,-0.18163796558694464,0.59784071217377,-0.08696395031072807,0.04855453068989123,0.10265182040831058,0.3329116014170697,0.11955704489039007,-0.10248349885776802,0.35993235716890287,0.041110194773757096,0.3763082073493941,0.2545223433004223,0.20230982879309012,1.3547141842910178,-0.39464021019411066,0.4306732899391666,0.13812188043748477,0.9592100018117891,0.11549065596320135,0.08528953157446892
974,Ciliated,VUILD61,IPF,61,Ciliated,-0.21501670920025906,-0.2247075205111503,0.05330079890375981,0.12212448292933095,0.0581664230304722,0.045767515512856,-0.6084013841415411,-0.17415727908251444,0.2790109877898576,0.2634746791636232,-0.27124867734837643,-0.028278202196195826,0.21847244099437146,0.3766849594848314,0.11738481355953517,0.38314410623229284,0.8227003419401085,-0.04328190266800122,0.2312872920693878,0.12454765098532,0.5723432938007205,0.5111894471711496,0.09883474386901403
975,Ciliated,VUILD61,IPF,61,Ciliated,0.030475982448251428,-0.2667698701796509,0.12772729251728143,0.12344223002909158,0.12623754025209102,-0.07838417375092399,-0.47962382762221145,-0.2661315689277269,0.05232642008505664,-0.11707571084635451,0.04371019371266227,-0.5916830005411013,0.08294041574351732,0.10729745948359685,0.21276165219268522,0.3528525349494975,0.46626828102571205,0.08757056358762441,0.18988326083023946,0.1915540780572619,0.6559825806663635,0.22998696942389213,-0.013254805288885181
976,Ciliated,VUILD61,IPF,61,Ciliated,-0.16055893064900761,0.04687747859780113,-0.2814549784802228,-0.05431230651795614,-0.10289551890252216,-0.051903783646155596,0.050913402249453434,0.11766252446809458,0.030828151013467697,0.1129452889092281,-0.32626700713238155,-0.0711394732578069,0.49916308913968355,-0.02243186161099476,0.2988474967793973,0.38332048566785754,0.6015357059197365,-0.60700904734554,0.20362042632670024,0.2743252617559013,0.586101300081336,-0.00819651967138307,-0.017027098428411568
977,Ciliated,VUILD61,IPF,61,Ciliated,-0.19450780370433202,-0.3335080173755176,-0.14790067505663587,-0.18091508811117235,0.2910374327858199,0.10461835214542033,-0.5621468089325111,-0.08633304172777614,0.49752799393987224,-0.21523859234551154,-0.2911683012732174,0.07582398747522594,0.21624580541563101,0.4578353219197272,0.3599083299636445,0.1595821389042679,0.8705308167994749,-0.26450588245964995,0.25733412570709924,0.22335116357137144,1.0461659763092357,0.46872182680094177,0.11063067657189754
978,Ciliated,VUILD61,IPF,61,Ciliated,-0.173112920901323,-0.17851410570743248,0.6146489376671007,-0.03752724056317089,-0.12619670675680728,-0.11352162192336489,-0.3464902096973494,0.07316535662969939,0.30870729614264064,0.1473082825783684,-0.10266353308583429,-0.1704705265642871,0.10554751469018767,-0.5117704161332102,0.09877765763828243,0.20978822029931132,0.5660760016209769,-0.8338150825293303,0.21719153273628886,0.08981049704429865,0.5432431108983587,-0.18979447277042205,0.031389343789593724
979,Ciliated,VUILD61,IPF,61,Ciliated,-0.121868354316223,-0.2266118048243698,0.2610067744437646,0.1961228258267676,0.07195283924833296,0.04683122843694786,-0.17962242113815702,-0.003181028824472555,-0.014918357263238981,0.19546134210710764,-0.6203045725797015,-0.6737767393631604,0.0446662285668726,0.06792122475170223,0.36744938401469424,0.6337527790361336,0.3148509623815393,0.4804841118005661,0.0614938555598179,0.1916993245988015,0.5219074317492303,0.33820275141442263,-0.12836693786648054
980,Ciliated,VUILD61,IPF,61,Ciliated,-0.15771631401379854,0.07359861242916592,0.19238622196850338,0.1086677330723724,0.3269318061495161,-0.0705937926431129,-1.3380438085918243,-0.055727691987302354,-0.08487212504169757,-0.09448172061446582,0.43325577482556415,-0.22446333384783274,0.3576941408480868,-0.04677624566147169,0.005225447603880494,0.21054959508934817,0.0733740039208962,0.5648920531752596,0.25681842714162967,-0.37745185457652297,0.8429892042039513,0.07865868986606273,-0.26883294062695573
981,Ciliated,VUILD61,IPF,61,Ciliated,-0.12659822780293034,-0.16567576354829996,0.15202566752769034,-0.11343127104794722,-0.07865051073499053,-0.033610474277233425,-1.1530666084043917,-0.07341175755036974,-0.004636778525823617,0.2013285145002312,0.10865728187166047,-0.190336085542143,-0.1663332151697883,0.8051458433999538,0.26227752094400086,0.6519260379443166,0.27769918914911496,1.2521761150919195,0.33360514486505205,0.30582361442563377,0.8866451351662585,-0.008031070361640372,-0.2738635121104216
982,Ciliated,VUILD61,IPF,61,Ciliated,-0.19211057122841185,-0.2934165681657015,0.137974575254346,0.11669766908220387,0.19860297944690067,-0.014131462240351101,-0.5594923269513817,-0.13070474795080322,0.011941702822485105,0.05668196819190742,-0.4045240010620304,-0.07178438072460837,0.2446361680057209,0.7230220188120545,0.14538403560498703,0.0541633302226982,1.0506301868636219,-0.35100914776947617,0.17728695121350993,0.34243337063710527,0.671023745110457,0.012644293891725656,-0.03319862846136458
983,Ciliated,VUILD61,IPF,61,Ciliated,-0.1618913209015493,-0.19148432005528923,0.9397482486514553,-0.022728151444376666,0.26841227102599,0.17204500812336238,-0.13393025820617674,0.029986829925889975,-0.09926599572074514,-0.012620174371180778,-0.39687131088994715,0.33791580949003097,0.1507801509826594,0.44858520426860893,0.21618202329832137,0.26488696945979845,1.0653021201068098,-0.31878124844993944,0.30142070024053963,0.28940170264154547,0.8447582773093858,0.3236933426813931,-0.09119470035780333
984,Ciliated,VUILD61,IPF,61,Ciliated,-0.0963240963193155,0.059224463271099904,-0.25676278181360707,0.5630820647509421,0.2921778090728395,-0.022933756294149173,-0.11646308369418018,-0.05441908739438036,0.7244480999498636,-0.4258482742336577,-0.3357429227683993,-0.1437545314515609,0.08220230481897567,0.47027753011171824,0.025750228532225274,0.13902492040814915,0.3509118368929464,0.4045585936562918,0.12856786431180933,0.43750498229232115,0.689213177420636,0.41618006858407863,0.11008020691910538
985,Ciliated,VUILD61,IPF,61,Ciliated,-0.1719746171307877,-0.10749852531086067,0.8013705329740475,0.008756807184573147,-0.07531948546812287,-0.03438332241130376,0.062098524347532984,-0.00046717815352055603,-0.31254011813713656,0.05651448013504312,-0.0699858243214034,0.12503414610278732,0.1761149677174506,0.7266876479702153,0.22425716694955253,0.39798180917737597,0.7173684257456338,0.4550004517665239,0.4159785742745138,0.03673552610264177,1.0059831288705543,0.09180752444974256,-0.058196334791647965
986,Ciliated,VUILD61,IPF,61,Ciliated,-0.14245730452343291,-0.1707365381396217,-0.09097962623724944,0.07087630697064883,-0.004166660043464021,0.10298797259388764,-0.36631028499654655,-0.14695074144899337,0.3762806261835658,-0.30296803226540164,-0.045019615895826925,0.3419831164442312,0.04786462437384769,0.4993107198592828,0.19661903856675314,0.1370565325035763,-0.24629202174753662,-0.19397488715266759,0.31214088123760725,0.07821710104144927,0.6433564258773772,0.012319994680632634,-0.1805281009398057
987,Ciliated,VUILD61,IPF,61,Ciliated,-0.1659716464043775,-0.10221618933203518,0.09401139076318507,-0.027536543750004947,-0.13784878956050856,0.06124999925397389,-0.15819977808936284,-0.031467571949314856,-0.3519533047840441,0.19157249453584319,-0.4061231381988325,-0.25984164506517815,-0.06030243507987002,0.4372855254980214,0.2588853410076898,0.32585628070622125,0.48569778713245015,0.20785025633076817,0.2997247954728676,0.11678929980994504,0.7131131161615276,0.09528015410748887,-0.21128111298887936
988,Ciliated,VUILD61,IPF,61,Ciliated,-0.22615600086309096,-0.13794753492155118,0.7214691838998814,0.24930592152666084,-0.24942387929733162,-0.02659866216667491,0.04169949275899196,-0.030577448279790274,0.010295848093228735,0.022484221399753347,-0.26383373158724865,-0.22827553366261585,0.25754988902111947,0.46272210387219814,0.2889096504197771,0.2144566658756566,1.3366625266410206,-0.35877632585558267,0.40512490328297623,0.13826326141617667,0.2768797383518688,0.603751981499843,-0.29151591399068016
989,Ciliated,VUILD61,IPF,61,Ciliated,-0.13570134593792818,-0.24805357499950467,0.14412287183646752,0.17006880412032355,-0.04638418373334671,0.08302706209367336,-0.43571621651499237,-0.36104883030397505,-0.33106046012534485,-0.07439624660975531,-0.23877902158851982,-0.12557980762128354,0.14753811453429289,0.5349596384814422,0.10310427056611919,0.23538514304751096,0.48720378437929907,-0.950524931696151,0.06237440277302228,0.34546517077120964,0.7227987716005387,0.28103782436636676,-0.14010968928998602
990,Ciliated,VUILD61,IPF,61,Ciliated,-0.16911291213825275,0.01979314878608563,0.3556993558539803,-0.029795280573332663,0.040065406738069576,-0.09865890564589548,-0.36671193803167523,-0.045914810359817544,-0.3208477196791189,-0.4917424382379293,-0.27842912138439524,-0.04090605768981991,0.13112822042048383,-0.19465561782546814,0.03805285444014618,0.45784958825193006,0.6320031860247003,0.1468729872830064,0.19398027871455273,0.16071806812169034,0.3563927600549212,0.20806663798865271,0.04969309700302011
991,Ciliated,VUILD61,IPF,61,Ciliated,-0.17809793786664968,-0.2999418969516938,-0.0955355473194191,-0.43187279831654984,0.36120860515733333,0.1739007813069648,-0.6224024507024281,0.07495766956388958,0.09597753591675069,0.7737857121421757,-0.17798790794173203,0.10314793036339998,0.2270842581102404,0.39638132338422244,0.2341863860700841,0.5526069479813892,-0.3897189485310381,0.6891152611143325,0.3120014337227833,0.25511464266987866,0.8333887291019675,0.08374639736193457,0.07294288712225207
992,Ciliated,VUILD61,IPF,61,Ciliated,-0.03418485004721736,-0.046765769210571496,0.1674311154385093,0.12574768892509655,0.04252501139304309,-0.05155141565777828,-0.8468913651367337,0.02064954900564238,-0.1239876036061416,0.14829554673682216,-0.48367110500920496,0.28984929467868886,0.19149033590221998,0.23377964126383813,0.16988803711551378,0.3159537194600473,0.21867588740983251,-0.8103202553577556,0.3086419555025687,0.3729706911469706,0.5147318578445438,0.12202174253519787,-0.23954423339358258
993,Ciliated,VUILD61,IPF,61,Ciliated,-0.21651548430154616,-0.20567340653271246,-0.016733215207960686,-0.9388310236515972,0.4152367005163697,-0.02711938489768201,-0.7435245579358991,7.860441723639942e-05,0.22341805624948774,-0.08329196577991439,-0.32432125337153334,0.05817787681580967,0.19725140322963639,0.3227582341094577,0.31801119991024435,0.30044499907761363,0.22864295103793608,-0.5420355633753372,0.17104283138662132,0.13969431483799127,0.5056928331976249,0.07564386527231097,0.03368953116763342
994,Ciliated,VUILD61,IPF,61,Ciliated,-0.2030384737886933,-0.03602522989669809,0.03277259843369925,-0.16344948564143955,-0.052438945897048395,0.02587796135759833,-0.22308767447212807,-0.04621415491600878,0.4349864742547584,0.1765532481143084,-0.3795379820661749,0.30224296556283403,0.20944241724903565,0.32215162329790575,0.31219186994727993,0.4795851786967162,0.5615003756922807,-0.08033424423612592,0.45346868785973504,0.11400474665430228,0.36895414645741836,0.15275520258644856,0.1269265766258121
995,Ciliated,VUILD61,IPF,61,Ciliated,-0.11422935432048342,-0.055896914372056926,0.09686336744037885,-0.07673110644504988,-0.005174472629205616,-0.15743160321168695,-0.30842222068887093,-0.013043850053954788,0.007573334716405837,0.12200900685443178,-0.35521776525452614,-0.12328520533123687,0.2154166085414985,0.4834827183765104,0.25499145639347115,0.5903023852954962,0.6029253462549536,-0.281396904736806,0.10114109772392399,0.21350383653627988,0.5541492819357207,-0.06729459962689749,-0.22316835938851978
996,Ciliated,VUILD61,IPF,61,Ciliated,-0.12454909565820652,-0.29579021958524276,-0.02589306124737069,-0.18497473496869601,0.16903778645734252,-0.005103948037412535,-0.17388174872945528,0.09754699764958766,-0.03143669220632338,-0.00901929218411552,-0.18162873423053227,-0.8099995566892223,0.0357339877490672,0.07422601036344403,0.27460514712424244,0.3668116764887503,0.967918098787905,-0.36027119868605467,0.315803922007694,0.1906819190393086,0.29634524605328655,0.15089354665987287,-0.12270511357327525
997,Ciliated,VUILD61,IPF,61,Ciliated,-0.197367630482174,-0.38823890805631484,0.5477342607208252,-0.0816559088243044,-0.04254600891446775,0.2293105503696404,-0.659951957449519,-0.08962413743787517,0.1811471030489396,0.3137769011748287,-0.07611926949385794,0.36166867683552745,-0.041517534707840274,0.4651261948427466,0.19741279159474434,0.7173635914027807,0.6202697721741178,-0.6163565102365282,0.27986268946222603,0.2725319877996962,0.5180590881553584,0.3955212650049719,-0.1347044231623326
998,Ciliated,VUILD61,IPF,61,Ciliated,-0.19571401283028828,-0.1373676852584995,-0.17478455548457178,0.1854221499153291,-0.18457268718337588,0.13041657133196483,-0.8056246927421237,-0.10207065029019899,0.510843668275092,0.006818639808456051,-0.5235729622076535,0.20730741915248738,0.08824669158982182,0.2931552797014236,-0.032389889795317,0.23342666830661454,0.46955469328710026,-1.0100589845851833,0.11280267073238064,0.32077164086794097,0.7452877998885894,-0.2167231764814435,-0.19752726903104315
999,Ciliated,VUILD61,IPF,61,Ciliated,-0.07804492961527143,-0.005618348037411863,0.25920422387544584,0.2085968493345961,-0.22470687802423184,0.05093622165803064,-0.34345991507645046,-0.006765140231832119,0.29680239068046926,-0.4414869003070738,-0.35859124529099956,-0.4457060660064225,0.08998990644772004,-0.0400316273810523,0.15825543643775333,0.37929057883245354,0.2052074593091919,-0.49802168947972675,0.2864949159482956,0.2613270453018018,0.7217032970417232,0.3585965879207996,0.304396871858036
1000,Ciliated,VUILD61,IPF,61,Ciliated,-0.2826232630786106,-0.27843518884380836,-0.13092367501872934,-0.5179676000951724,0.22482811838496897,0.007103969772643807,-0.01574960532024176,0.13758131289842374,0.17619232486337905,-0.2647727972486314,-0.27945753621940567,-0.022684669736342908,0.19155210861854993,-0.06311507674901554,0.10732995175816874,0.690331580794455,0.7247266513942475,-0.6867954872922186,0.22319238718724593,0.5891435685378216,0.7278473345489251,0.07273925772945698,0.043155166777972896
1001,Ciliated,VUILD61,IPF,60,Ciliated,-0.05919638462067268,-0.14489530764091899,-0.060612621003348896,-0.6418496331225098,0.044558094268354935,-0.04467525839560579,-0.9021849747701541,0.12664537055625635,-0.20401871149134979,0.18879092949724374,-0.02390439293841337,-0.09463102372188019,0.06457041404977878,0.3267433736890217,0.37068106325370864,0.294398944012102,0.5413010216974311,-0.3488283013209358,0.1686453254352819,0.23574651358634638,0.6215338702774047,0.13262152302939662,0.031382144350050795
1002,Ciliated,VUILD61,IPF,60,Ciliated,-0.14427300560935669,0.03440695780663863,-0.12214207710701953,0.09086908012965365,0.027667575940433044,0.014927647070073859,-0.3777655916020549,0.0068807913379228605,-0.20642285004569338,0.24149908871620532,-0.07432970315487009,0.0948965284198478,0.33080623146114907,0.4877178552378999,0.26099128794609816,0.4436492754499008,0.5790199417027933,-0.37269958699496897,0.01863260353660939,0.10510812734764088,0.5508187123510978,0.2874567837257747,-0.1506053244302264
1003,Ciliated,VUILD61,IPF,60,Ciliated,-0.21781151562979018,-0.07033494573674323,0.3143676446600068,-0.8255980168600734,0.08125131546451794,0.06707073937998397,-0.28082986230924495,-0.07890667065724438,-0.4028196921873547,-0.123718720453315,-0.4195294733623016,0.39411548025519494,0.36600390632300117,0.45606634367226967,-0.3036603962691673,0.27423174786471816,0.9540711828941459,-0.8006541099606004,0.31562670904546325,0.3852345670682387,0.3546268348433218,-0.21156964401979803,-0.0645858187947074
1004,Ciliated,VUILD61,IPF,60,Ciliated,-0.20414971647390867,-0.14583707970388998,0.27934623921663226,0.31653088210151853,0.4381165148543328,-0.016329937381357962,-0.481768970906191,0.08513097488449542,0.6428911259124482,0.37850021612567974,-0.14896098575671307,-0.43080910058955096,0.4726398701580178,0.19585197726920597,0.3305677235821786,0.1798494798122537,0.4258703381483531,0.19662854683117198,0.23702871853600005,0.18773188419237394,0.613342562254021,-0.06728959841494098,-0.12900629704742078
1005,Ciliated,VUILD61,IPF,60,Ciliated,-0.22426097659758185,-0.33606591338448266,-0.11006648979396234,-0.7849253943554304,-0.040899233669906596,-0.005228819120837927,-0.49048427522037386,0.009152028354860356,-0.023914180570448418,-0.32850249619317684,-0.20186460545543886,0.6110550216762747,0.12024822423538833,0.44527475274620537,0.34373058090271547,0.0919198201023205,0.4725466375552793,-0.8681459897306857,0.3981980142788134,0.2485393597180854,0.6019327250249165,0.08426524586375789,0.001986038618375028
1006,Ciliated,VUILD61,IPF,60,Ciliated,-0.26176124178394644,-0.10120562788802866,0.500988777154297,-0.2703842019770952,-0.08420733626594942,0.11764934374529312,-0.3958872539167327,-0.06547133727273322,-0.015478616578074493,-0.08228765370941928,-0.22586053044504556,0.05272130314746712,-0.0633375966850831,0.7392983884678264,0.21389902639275069,0.4236010644582508,0.31699005898359167,-0.15938120336211764,0.27901795667264895,0.336142411299355,1.07449016623629,0.027905310331430202,-0.08342254079685232
1007,Ciliated,VUILD61,IPF,60,Ciliated,-0.15521045077160836,-0.19356705938492422,-0.2489901073758934,0.06618047355295774,0.09977646575772003,-0.08007163495538587,-0.7174488303245588,-0.07656552228272845,-0.31968213281106855,-0.06545382893351956,-0.3223797123892588,-0.28333608444929004,-0.1235987024991198,0.9105165998917315,0.5128477623810963,0.14804382635979427,1.0709691606704275,0.06107255013453593,0.2518953804642659,0.12232555018991167,0.2058780961277597,-0.20245667472651543,-0.09477557656821917
1008,Ciliated,VUILD61,IPF,60,Ciliated,-0.15267552736623005,-0.11761782910864611,-0.043599162263304375,0.20216776775574788,-0.149807781659723,-0.034758714227779354,-0.7237491806459894,-0.1484339863944728,-0.06476987038448694,-0.21544834747071598,0.004382443062572249,0.12339178278380612,0.13198158103222324,0.6951009498992224,0.3259155496170973,0.23060914118299908,0.3630656956576154,-0.5003791074648499,0.3641623075927685,0.0876565888570664,0.6208993671068512,-0.0771470927405726,-0.008362937471264244
1009,Ciliated,VUILD61,IPF,60,Ciliated,-0.3238119799794217,-0.2618505732493344,-0.03604182918700448,0.10891372954289709,0.2395210892458332,-0.036778900298468926,-0.07515728695858498,0.003716416142708132,-0.32873145013344424,-0.0716681450299018,-0.31719499108974863,-0.09578892361053075,0.3420647175556322,0.448710094229824,0.2954333484596493,0.2603742567894786,0.4814029803983832,-0.3723348830789466,0.34512210341886274,0.12756451600306706,0.49433039147355534,0.4159930219138489,0.13423427713171263
1010,Ciliated,VUILD61,IPF,60,Ciliated,-0.15117629747357567,-0.012649176578927746,-0.3167368977431929,0.16493713311288255,0.08881750597078278,-0.050366536558373434,-0.29117261453031135,-0.10864147849914094,0.28294090634564456,0.12534982117943516,0.048621266697290916,0.35267995956790865,0.1284621192564185,0.8248645865594313,0.14422574632197568,0.28559091884876725,0.8560054883883437,-0.11877122102421067,0.22135145794027772,0.4429402405979535,0.36231262068061204,0.23338057686483307,0.17170652488449498
1011,Ciliated,VUILD61,IPF,60,Ciliated,-0.09821696237379239,-0.04231814009144914,-0.0007038804044931435,0.5249332348041558,0.15101446168425744,0.013630225661372734,-0.3675347976562713,-0.012755763309599016,0.12252820040246541,0.17661297050896424,-0.15907637579370862,-0.01914586404882275,-0.049480381363755814,0.7681636673329405,0.4630676768453774,0.18318144724535712,-0.250266471060086,-0.2494916174988911,0.40166572073594575,0.21660453710242658,0.06447983071744313,-0.10664097454380968,-0.22445826687973536
1012,Ciliated,VUILD61,IPF,60,Ciliated,-0.2457435921872265,-0.07431227807528011,-0.1835428644512867,-0.27515591668546835,-0.13778719209647725,-0.07396388395287298,-0.43311163679222076,-0.10759131488751864,0.43827596085464,-0.14511973777903184,-0.2798010498063974,-0.6757239282646847,0.16600183151595121,-0.04273465022275665,0.3043604840606026,-0.018681645702145696,0.14502773500287422,-0.05859423333864648,0.29081002238120074,0.09689119236550453,0.21478738765791272,0.24124496703602633,-0.11969114644363271
1013,Ciliated,VUILD61,IPF,60,Ciliated,-0.17072632617479302,-0.035373394119892876,0.4885081389608162,-0.19050723771436692,0.3554127982262578,-0.04048147653757247,-0.09400981468824213,-0.05213386620189238,0.15722853609454687,-0.37717277287502043,-0.09140742926792277,0.45969198273309597,0.18426062374649296,-0.15668610754191745,0.036795867821017736,0.4049820371919675,0.7915957059921045,-0.07958413479385021,0.15959280530244538,0.07703068904235102,0.5273125635077338,0.2995767462745403,0.17448992883109313
1014,Ciliated,VUILD61,IPF,60,Ciliated,-0.1382735170307578,-0.20067394083864767,0.008550537942962788,-0.08377796065168755,0.26245608448516416,-0.007864190245653092,-1.0178822766022042,-0.1087688377315271,0.6740732896875645,-0.15990549447200184,-0.19920826906279346,-0.6375410298920208,0.3063821949003868,-0.07835660462976163,0.14788376275086176,0.2830981703124961,0.34532846456118166,-0.30094080482700747,0.023515541178900177,0.25856121539451554,0.7605543742637585,0.33904236120140513,-0.2924582998694756
1015,Ciliated,VUILD61,IPF,60,Ciliated,-0.16398138522839134,-0.3946535774103347,0.1768661311416962,0.14475524253438246,0.08929256186035545,0.023962471755091273,-0.31344301458450197,-0.02245681731245487,0.5674090838880902,0.2669680174218447,-0.14911196145167066,-0.07738939297325573,0.26209231548719036,-0.021084368116856912,0.17410707157874244,0.5635420421094719,-0.2111752034185187,-0.5874759674685046,0.3120183711150411,0.30610882585759913,0.577975590424811,0.03445636924212822,-0.013441781799238516
1016,Ciliated,VUILD61,IPF,60,Ciliated,-0.06733543885439239,-0.24654720858408027,0.019940369635141602,-0.2913974803147886,0.1324801744266062,0.10475526190666357,-0.15465768796279022,-0.02954784837099119,0.7334442963808078,0.24400405202977896,-0.481027387427258,0.37657639394504644,-0.20128998556110694,0.536928007167315,0.14942607091779644,0.28544009445686136,0.773068544804009,-0.4670084379726116,0.3009405643586231,0.2629975153299446,0.3634034962904068,0.2586804477716884,-0.16865135014717997
1017,Ciliated,VUILD61,IPF,60,Ciliated,-0.28177398866799636,-0.3224133716794146,0.37839746951595615,-0.07176050079125659,0.02828436733637122,0.1210854305996377,-0.4887575306367365,-0.030435071625186296,-0.036244308665596345,0.2779284941499818,0.03941341537887956,-0.2636652303572121,-0.47817680906111754,0.24744898152433195,0.1062086537703447,0.3145669402367032,0.8104033109827408,-0.05073406734961014,0.2527696506005863,0.19054906282528036,0.5573018465251007,0.7168330585096967,0.19228155049129492
1018,Ciliated,VUILD61,IPF,60,Ciliated,-0.1870098807091296,-0.04344069660759217,0.17060342666793044,0.07282840376415049,0.08836574767549299,0.025274359895813954,-0.9897631704638545,-0.00327339119846563,0.9659208850728931,0.3764488051736879,-0.2679870420393889,-0.5904317932288423,0.2157762395601126,0.3010393311078116,0.2493311038717178,0.5742954260844277,0.6422785188807538,0.7956704872169238,0.22154929485321295,0.33634835091472903,0.8573915811433207,0.3669614355706171,-0.1417688540012111
1019,Ciliated,VUILD61,IPF,60,Ciliated,-0.23929278386783626,-0.30205777849684673,0.4604803046470936,0.3266400907083902,0.1342559717274477,-0.08678841546360712,-0.5698772417085268,0.04599836841625068,-0.3703990177974988,-0.050397394536568836,-0.3573817965901048,0.7686519637153979,0.28145095995832303,0.6198240603909141,0.4858562514505926,0.26063371506128025,0.38780862735822785,-0.5706175708953121,0.3222673230138968,0.11061239422834697,0.15561665889805232,-0.08257666834186793,-0.057304095956033356
1020,Ciliated,VUILD61,IPF,60,Ciliated,-0.13604201549258005,-0.34885487520556135,0.23135100040260317,-0.16515612896310267,0.047935618409943134,0.01995786069088427,-0.33790153004527895,0.07329247981788678,0.6346203701696831,-0.3684244079826368,-0.0017313498775542967,0.02405577137993538,0.20282173742647297,0.4588455799177955,-0.10088246614296177,0.2998099336584703,0.17718897565411326,0.3468296924459159,0.19678162886104,0.23031317745714083,0.7968669383832445,0.11255718992333523,-0.02905576054769615
1021,Ciliated,VUILD61,IPF,60,Ciliated,-0.10689372827077959,-0.002573167549049649,0.3750490615555961,-0.8691982727463593,0.2744039694475422,-0.022501037601942813,-0.3392080584245225,0.051120112264804764,-0.1448586222204761,-0.04763161851713528,0.12908627974528522,-0.041670312051780026,0.0013751296007196885,-0.09211286036369143,0.2696732078857477,0.507678759543476,0.7025378149144158,-0.45074471069760225,0.3596212218534329,0.20315200074852136,0.7560503836348601,-0.09183586657474249,-0.1817876142197885
1022,Ciliated,VUILD61,IPF,60,Ciliated,-0.15209633416176313,0.0009705612901271723,-0.16322452126823003,-0.18590389676469926,0.07405316987134757,-0.09889256885647,-0.9836102861611077,-0.06801324949584331,-0.37745201097405984,0.11043533844442968,-0.4302578660536371,0.4496499433056451,0.23991011110407234,0.5767137789733382,0.21704334256698155,0.03835713338947257,-0.6887040672084569,0.2583206184478532,0.29614417562258305,0.2505827858797414,0.7353929937128226,0.023217870145691627,0.01564507741533679
1023,Ciliated,VUILD61,IPF,60,Ciliated,-0.3398704674039482,-0.17839751552134445,0.2507621503692066,0.06430788828550064,0.11087700186805735,-0.05304852841843373,-0.9578565067503937,0.06433419610717969,0.003129597178361988,-0.010220412853938134,-0.24393379085370015,0.054292833744792046,0.20431397413703234,0.6482274005995766,0.16247335212815942,0.2760551618868276,0.6153052477607404,-0.3541034446834198,0.2060172386979659,0.497151257973603,0.4408350034841291,0.30137637197056816,0.15349036192762994
1024,Ciliated,VUILD61,IPF,60,Ciliated,-0.0909481163519978,-0.12714526058259748,-0.16134292275961404,0.1471873705943612,-0.1335281958208889,-0.20710629896148727,-0.8196423077764262,0.17549504875894667,0.2125420876908418,0.5021546219583473,-0.5393922763860248,0.06398955852098087,0.3920431661620562,0.08381688874265583,0.266460876552013,0.2677405469788631,-0.06950068217464146,-0.1577989284943711,0.34224489519562507,0.25547595057394373,0.7362142102715135,-0.19716849577637066,-0.2523105218647323
1025,Ciliated,VUILD61,IPF,60,Ciliated,-0.008483892785641715,-0.2759100551928442,0.38282059110047617,0.23084467519822988,0.046904474998176834,0.036889224472329,0.04857147027262384,0.0055095085982540745,0.08663223151472761,0.5014921724378038,-0.39256596784205894,-0.24672907093221172,0.10871081854484538,0.37245011468403155,-0.028891260268811073,0.3394377122894913,0.6005881003697382,-1.338870570218931,0.17551956706484245,0.4897919159617818,1.1137542364055024,-0.5024482166017841,0.23329020865422356
1026,Ciliated,VUILD61,IPF,60,Ciliated,-0.07496861389193328,-0.19607705031230535,0.3768541810872987,-0.08747164266406905,0.39154023804470484,0.015097789180028007,-0.1379777385558732,0.007432364620806063,-0.4008817034171268,-0.13087728242600977,-0.11176724456740916,0.26916190191652223,0.05674589095271603,0.6222760049280971,0.14142386217584918,0.3907849650548119,0.9906434818464738,-0.6777963132160338,0.38720728737805615,0.47982103299956025,0.4651260202343268,0.4040457365513699,-0.33674362171925126
1027,Ciliated,VUILD61,IPF,60,Ciliated,-0.2221172477267294,-0.11153763279597968,-0.36914896990780044,-0.17521975037049628,0.17880926773882372,-0.024014305213856814,-0.6171291647526138,0.047203052428885096,-0.03792886954620957,-0.15465315471302404,-0.16870175699052242,-0.01127604847407579,0.11892244656417458,0.0753628162768398,0.3218358729347914,0.2340094489640846,0.6986086253130097,-0.18574355371196666,0.25955301700706623,0.2876335733452885,0.9015394222820609,0.09529507490929791,-0.38903801912641955
1028,Ciliated,VUILD61,IPF,60,Ciliated,-0.027827484320735597,-0.07473935623278923,0.43732402517701063,0.23645189498733707,0.12236506021914717,-0.14513947098180535,-0.29061581106701356,-0.09288960972332186,-0.7360638594557228,0.627192007247328,0.09630195664546251,0.5978696743694332,0.19446474339141145,0.05290525582985175,0.21849870400263166,0.29019111455813573,0.3650903687041596,0.022376794782872193,0.24972550125107734,0.40225171317214187,0.8526395679685492,0.08400050899990523,0.2102036334968156
1029,Ciliated,VUILD61,IPF,60,Ciliated,-0.22372396086116764,-0.24066618175677756,0.7264319230678683,-0.10382496422483845,-0.047304348514180534,0.010131283468094904,-0.8003571225660888,0.03064284665638966,-0.23113194684483745,0.2340171440476732,-0.07300844642049976,0.18499640069111878,0.12989557213584074,0.19934402167900706,0.3875617259545302,0.15653893647523803,0.5396665633232253,-0.5107859365363436,0.31546095670464575,0.19688116205495734,0.273069097544361,-0.20435330174612165,-0.13312085476703364
1030,Ciliated,VUILD61,IPF,60,Ciliated,-0.1588490177160461,-0.020635128987927083,0.14485572401218158,0.13379524195907455,0.2492852987370573,-0.08218774460025599,-0.4050017136819761,-0.019863331889574648,-0.23345153051181589,0.19666561011519776,-0.4030002987976737,-0.41840765100606625,0.3740873207763654,0.43763174939864313,0.21541751727428543,0.39435909451431633,-0.15152615180112106,-0.2850506129433287,0.3390136815195092,0.4526379693809357,0.6238055209154472,0.08214695584084204,-0.0010134333311033056
1031,Ciliated,VUILD61,IPF,60,Ciliated,-0.17365831863995895,-0.14238311240915055,0.12864300762303185,0.4175352725959457,0.06818253331233978,0.01699757528755228,-0.4672652683964508,-0.0023960739642819237,0.164750201065957,0.37398061973970553,-0.2114727619397176,-0.4832119778257621,-0.07780932576248772,0.16908291093873898,-0.008077813999611551,0.17127702801589295,0.6733874888906074,-0.06270406495870268,0.43313719656557864,0.2880886345021428,0.8229047616740981,-0.005431984416462911,-0.0946937439862241
1032,Ciliated,VUILD61,IPF,60,Ciliated,-0.32222953860648207,-0.33027253963540637,0.769031871413167,-0.18249831206175524,0.13289390528807876,-0.06097433723833741,-0.5691760426462241,-0.209031643187855,-0.08760225035330592,-0.3742084368730274,-0.24267862597157414,0.5081607107480969,0.27408535933923234,0.4380746447859027,0.11263326326587915,0.3302653397299384,0.8554241262501705,-0.41856235745911763,0.29768547500929476,0.4346226432986747,0.7066937453150612,0.28187624817352697,-0.2646094241893523
1033,Ciliated,VUILD61,IPF,60,Ciliated,-0.19750183097515198,-0.1361977228088293,-0.2604123723556042,0.1690947530398186,0.006041570481820914,0.0028493219979583836,-0.032197809106228964,-0.10155147293938804,-0.3340741139599498,0.2482704521197399,-0.02557849856894019,0.18074416151301823,0.025972812294094212,-0.15196606558757905,0.30562771905331315,0.3801325006304853,0.8153594596763204,-0.1443189958532858,0.40859944755098976,0.2984812270626444,0.5813993292361228,-0.08748561278589789,-0.0345426481699736
1034,Ciliated,VUILD61,IPF,60,Ciliated,-0.13607295728471727,-0.17613884369892613,0.10793524966057785,-0.3915389635464308,-0.07334443259076334,0.03284430710651383,-0.3272564223377314,-0.11420357047428828,-0.04703583488605732,0.10515445897849796,-0.6814550910489833,0.028634207312118354,0.40353121886584986,0.9803444371881713,-0.04852273312652662,0.39009557705739667,-0.4368398331939387,-0.3050263491568549,0.3342668836594078,0.23313272918829855,0.93418173497736,0.5069316210478074,-0.16654417259462337
1035,Ciliated,VUILD61,IPF,60,Ciliated,-0.11487014152506887,0.037495352465543766,0.23255617706411116,-0.07121069337935287,0.2213576067821672,-0.0288928633983773,-0.8034388839200887,-0.008520368323977803,-0.2109123024215726,0.42059258436487745,-0.05367013817465961,-0.2685951541965826,0.3723637948902373,0.3214382174901176,0.16370842637548763,0.3508330362672676,-0.43519202490502285,-0.6164770829289207,0.27612078553651914,0.26655587967082883,0.7310087737521829,0.2125164613299165,0.023742593140129175
1036,Ciliated,VUILD61,IPF,60,Ciliated,-0.09664936306646237,-0.11138800586452609,0.11708046374420944,0.36446269459451586,-0.013960490794400536,-0.12307859904479392,-0.22900208743408376,-0.18811282720056752,0.28644052261345504,0.12332165167199402,-0.18709622614604615,0.001960553522630081,0.2175353132657316,0.6954279074203109,-0.16585569946899634,0.36314659164281277,1.0391612291514305,-0.6853514851661641,0.4379355672368156,0.1949471646053433,0.8602533447592644,0.11356463037806078,0.1669796665888233
1037,Ciliated,VUILD61,IPF,60,Ciliated,-0.17637319048470293,-0.21277673305460745,0.1035416264574591,0.2687599599890537,0.1848567060861533,-0.07546336348062238,-0.3438062743767399,-0.040170564785897096,-0.011961766047720009,-0.20247294016168169,0.07581354396927197,-0.18140175981629048,0.1302912322687297,0.21052078963574666,0.20566932513586625,0.3988334955863645,0.2468768632971977,-0.27011515264719416,0.39457070720007553,0.42054307790401424,0.4735483681764229,0.12464046476182244,-0.19350541178805578
1038,Ciliated,VUILD61,IPF,60,Ciliated,-0.1361537457704721,-0.023266678174214343,0.46497525798378786,-0.2548572846675333,-0.0550486245594314,-0.011643332138888733,-0.6198683432058592,0.045867101196539875,-0.14845513187099363,-0.20996443581224689,0.03896125235549719,0.6224164876526823,0.2662851624857903,0.27828398230661,0.24773029408533775,0.10870768531813937,0.3927087906221327,-0.3858896797040562,0.40095775810770035,0.18910732357755208,0.7456288030512289,0.13478180101532894,0.12924180183443057
1039,Ciliated,VUILD61,IPF,60,Ciliated,-0.2410303932554119,-0.02673409705873598,0.4418592388973403,0.05896355598341504,-0.05828337618714967,0.11046293256756659,-0.1695693481122951,-0.0005596202838797915,-0.11845120860771834,0.364542324741157,0.16785465046422196,-0.3424049235639587,-0.06286851768875082,0.7269136771427359,0.18958565721333429,0.45772306424620035,0.6008052517807871,-0.1409876160092847,0.1363868441062185,0.4247194647105033,0.8746260804992873,0.08101589232466191,-0.1920624459777451
1040,Ciliated,VUILD61,IPF,60,Ciliated,-0.191035757662439,-0.20939979955587465,0.006575160734392114,0.18217141299566558,-0.10697122915562944,-0.0757736457283253,-0.6351205646719481,-0.03897897976325142,0.32564051367179797,0.09028922660533059,-0.31159165175985626,0.2195374353251276,0.2183311103552415,0.48175545346011384,0.33171007580807743,0.48141894516852,0.3337416372279179,-0.20311559348487399,0.3871762605563351,0.22648702775337717,0.1456301735346449,0.27460979918375256,0.028108360332004284
1041,Ciliated,VUILD61,IPF,60,Ciliated,-0.15205132193958099,-0.1741260575945512,0.22874312616144174,0.10249710753619702,-0.018611297346326355,-0.07192034226460654,-0.22428466726461815,-0.0479645785311807,-0.3058186954765151,0.05071668116503654,-0.22886721745102237,0.06739006307294762,0.007889977636367718,0.270199606180571,0.1586005510965111,0.3519611422971324,0.3997727240822069,-0.47763289636031836,0.33510972115315907,0.14217373011950443,0.6010352479728197,-0.16687624766829706,-0.23178190541860652
1042,Ciliated,VUILD61,IPF,60,Ciliated,-0.09573672384468271,-0.18992582220670218,0.2491528437004936,-0.004057672042761525,0.18694156888581373,-0.09231520125286503,-0.11991261000027831,-0.139851980023692,0.4961861839195265,0.07079301364068245,-0.29866365589560384,-0.19240939293068382,0.16765478878845058,0.5063654171905072,0.14734094149087262,0.20945966412651565,0.393523933477159,-0.2922207742486583,0.2090649401605097,0.2658370118567029,0.21676197120510055,0.10425200184081751,0.14017402284190086
1065,Ciliated,VUILD63,IPF,62,Ciliated,0.1513380708928151,-0.17125010070043864,-0.06835991680307957,0.3578680553875056,-0.05149505353176936,0.09690676443037746,-0.58875278837392,0.04699986077728401,-0.4280148593352247,0.06445876517204348,-0.4055476841675092,0.5265425600498879,0.25261695863632394,-0.5490740324268737,0.379367865017799,-0.43988899003257564,0.034359686551448054,0.6720819894232096,0.33686050142423346,-0.3111277926652207,-0.06564222891650474,0.2206268417357904,0.318671339026062
1066,Ciliated,VUILD63,IPF,62,Ciliated,0.03476050195507778,-0.05429507566407712,0.6023081327821617,-0.0416462560652647,0.03566784878684358,-0.09141513469354468,-0.254196696207777,-0.13392359584651758,0.2215963106429992,0.07647502708980132,-0.44942852702002467,0.9102032662181418,0.17321157561915584,0.17367118591458006,0.2829084213889733,-0.10344142192625772,0.3862503334030808,0.7566139486489252,0.33379703161027285,-0.025405298525060783,-0.2990983644888409,0.2494186323276598,0.20403582551184538
1067,Ciliated,VUILD63,IPF,62,Ciliated,0.07968360765622208,-0.022244292915330005,0.355085759266338,0.07459162839980123,0.13860458471135118,-0.16487122299580842,-1.286462638986806,-0.1270140223403253,-0.09837309722314509,0.5072039951646581,0.0856383690774165,0.6835762146386765,0.22782382364166598,0.3380427436888353,0.10562373702776322,-0.2129010999679648,0.5545550921809188,1.5890336344885518,-0.08338815319369164,-0.26271373050548735,-0.3862387346094333,0.2807993815697177,0.20967423645369293
1086,Ciliated,VUILD64,IPF,56,Ciliated,-0.44430624666561974,-0.7871447970292252,-0.15035625572959616,-0.20133925099208091,0.265585521238062,-0.1557171633275455,-0.33648586539788494,-0.14389045053597302,-1.9264221659904577,0.20370120757684365,-0.005643628348382012,0.5191522215695544,-0.17495000041455488,-0.601390042897298,-0.6038235775739096,-0.44558570234616757,0.1716173498413921,0.35199283541836923,-0.6692150517251951,0.6076988295385165,-0.4253903473955055,0.320351245146471,0.23397619851823262
1087,Ciliated,VUILD64,IPF,56,Ciliated,-0.6191079458490747,-0.6753382493496203,-0.12025325727729294,0.9116722684784361,0.0008321290228037789,-0.11211769532521304,-0.03934136956694371,-0.05695782548380193,-0.9661594814981299,0.5506282462843397,0.057388826482898295,0.5209301871488756,-0.10429448400791916,-0.8361376252183308,-0.8883904538603766,-0.5577459045769396,-0.4139948882285084,-0.2971615922761281,-1.11340066271769,0.40512991108164587,0.3411008645066809,-0.7029475384807377,-0.914851431338262
1088,Ciliated,VUILD64,IPF,56,Ciliated,-0.5025453503950821,-0.6171847452160518,-0.039563071315890326,-2.826887728373159,-0.1425754089270317,-0.17798905893954167,-0.18860040982397897,-0.02921121677173811,-1.4978266191914933,-0.5003560571527883,0.034347888280477745,0.5502856739043737,-0.13016278115163724,-0.40027795197095817,-0.7864178880091549,-0.6601965627641946,0.4016034245879262,1.149553512106452,-0.9817193562843183,0.7516159181586382,0.15307400074810623,0.1870925718738535,-0.6446940210927034
1089,Ciliated,VUILD64,IPF,55,Ciliated,-0.4946810340249506,-0.8755619278025117,0.2519239445528051,0.6265997320598234,-0.08962812690077103,-0.13180072482078387,0.2841130529984524,-0.04899742810309599,-0.3479540834850757,-0.07141908765507701,0.22355404983705843,0.8099680880974347,-0.34434190043333934,-0.5822113477119002,-1.0308212194806654,-0.5583202625833421,0.6185818324196279,-0.05566509143026699,-0.9760781986586968,0.4380936599880942,-0.05052061205304893,1.9981812268010355,-0.7170253292483478
1090,Ciliated,VUILD64,IPF,55,Ciliated,-0.46723186787274595,-0.8558757109726903,-0.9517336193325353,0.7851186598765012,0.12932609094073458,-0.14096306059620403,-1.7388897858668857,0.09109077469500088,-1.06332731571735,0.09405303486824196,0.05538912915392398,0.813881439700593,0.014457631430641566,-0.5039955056195621,-0.7711677192343164,-0.4516902167163058,-0.22403196428770586,-0.3925821675752351,-1.1608182470642794,0.28217962686687253,-0.7922811760676932,-0.2860158475647337,-0.03909206255779909
1091,Ciliated,VUILD65,IPF,63,Ciliated,-0.14794552423007112,0.20629567806364638,0.6055734801313246,0.4167121199078059,0.02613630353410279,0.1111588384973724,-1.4100902615294402,0.04011559930145306,-0.859346451218429,0.4293593462895236,-0.593783817960552,-0.4262121301686968,0.15408174954845755,-0.36490052656388616,-0.2638197142202804,0.04931581123013265,-0.24955858709598194,1.2684508585855296,-0.04669810757412243,-0.07413694337905712,0.18060610635376914,0.4504899515274842,-0.4900755349071185
1092,Ciliated,VUILD65,IPF,63,Ciliated,-0.17377840229655842,-0.17399822562303965,-0.15983694334204276,-0.23455337550521987,-0.05943770544033693,-0.05454775166931777,-0.4759252048359558,0.03166712275301484,0.23004566693806391,0.10518470649020648,-0.17334915637790052,0.4737953573158493,-0.08375446542833917,-0.3067090533241303,-0.32558420169876745,-0.40379215090061876,-0.19288243637297373,0.04000249984698982,-0.07114672398407798,0.3144837656945802,0.4667579375116639,-0.4498789919908437,-0.31645642167884186
1093,Ciliated,VUILD65,IPF,63,Ciliated,-0.06857301528818578,-0.36720400525292696,0.1558353903252724,0.4316102304972041,0.42460240926119835,-0.07848000914654638,-0.9111973602640121,-0.40045204432752535,0.21597369160247654,0.5133067923197233,-0.012996375883587524,-0.4736056648567482,-0.22923689250743923,-0.6373487904853611,-0.12800310184947286,-0.2545137034749562,0.29576371449730815,1.1812366216266061,0.17263188519432007,0.33045151790042154,0.38639226502675483,-0.1743672519432714,-0.0955534057753819
1094,Ciliated,VUILD65,IPF,62,Ciliated,-0.1755609914988741,-0.2227466151310496,-0.18775200095968128,0.526461580680552,0.37003799586250524,-0.012267745923995464,-0.18311155391631162,0.00534044732662051,-0.046034979520573976,0.2382269235151847,0.37328054154271706,0.14984686108600295,-0.1675079185685427,0.03146554510381718,-0.10684550671291326,0.24297199843094053,-0.18007496765661246,0.02178625997331471,0.1647037526044295,0.15108020761482907,0.36827494290986656,0.19800767954856802,-0.5108180948463164
1095,Ciliated,VUILD65,IPF,62,Ciliated,-0.17529727696410535,-0.4850962773891875,-0.3931017409545923,0.39202030954473255,0.04917414637724715,0.1406202049897442,-0.2955857343516466,0.14535987321060512,-1.3499860124875578,0.392660042820642,0.6031118135909309,-0.07915569686894716,0.19294351461984613,-0.9570348385090877,-0.3092016706625694,-0.2051953701511257,-0.2713208168896598,0.04535184216200287,-0.16656405397384488,0.4599515370900782,0.0032951900583653064,0.3989478592645086,-0.48167058021995957
1096,Ciliated,VUILD65,IPF,62,Ciliated,-0.1436860750065574,-0.03242566419622358,0.6187174421585827,-0.08451635999442399,-0.06567745293225903,0.002137771413857319,-0.5708490852570287,0.0926138928750449,0.6355986662667125,0.7043275234169539,0.12200817696387152,-0.170416880402562,-0.03052841424547485,-0.18381402939130503,0.09501030218931872,-0.353488694920445,-0.22665041100298933,0.10883734659006986,0.13644898006005826,0.37447555420562734,0.2546543591840392,0.595543277175784,-0.5639504717381704
1097,Ciliated,VUILD65,IPF,62,Ciliated,-0.2859332087548894,-0.2951959107824254,-0.2338414655292174,0.4563599216108674,-0.09059704697638125,-0.07843167355627605,-0.9884568979075572,0.06048148753642401,-0.8621157317138016,0.031487717422934824,0.3096736742529114,0.3661068114343416,-0.048875425916965844,-0.49875841051158015,-0.10631549930050457,-0.195669449688791,-0.8903695214906886,-0.1308171436490505,0.0572402939469297,0.5067374402058287,0.3561970228905578,0.05778443064616192,-0.23602312319750454
1098,Ciliated,VUILD65,IPF,62,Ciliated,-0.12043110785099588,-0.2546248460569747,0.012788660317276476,0.3848603072647431,0.27231890859691116,-0.08670107665924719,-1.0763778088303353,0.000982418731479997,-1.0968178155960018,-0.09321908279793743,0.06765995241148025,-0.18315390096766676,-0.13026545255406563,-0.2355664314701147,-0.0748979216676871,-0.24943880897507098,0.47272008962705686,0.5932871090007928,-0.020734083203918525,0.41432983257291334,0.6112630676619459,0.31358529189653317,-0.2535924455837642
1099,Ciliated,VUILD65,IPF,62,Ciliated,-0.1485613075150927,-0.3548854534870449,-0.06474459699575365,0.39787165843984174,0.1836981743192882,-0.16834890447278222,-0.4717832617544329,-0.05456178171596697,0.3793706857228191,-0.006988938866796302,0.3024032113185353,0.17947759442506847,-0.13366441289836933,0.05772663633389306,-0.012585803624054644,-0.30408023730840467,-0.4180459559488043,-0.2154449256810267,-0.08766742252295513,-0.08465338933778835,0.4791808444795292,-0.1213658685587015,-0.31719167399756637
1100,Ciliated,VUILD65,IPF,62,Ciliated,-0.04317537703924201,-0.058582241431165055,0.16883901341637922,0.3557323622199614,0.18230692036587431,-0.14471681024160618,-1.1668951268450192,0.10032490319271314,-1.2054448075890285,0.9025307199778339,0.35126790900596655,-0.34108726071411555,0.09897250700899743,-0.5904088549736914,-0.02577721605606919,-0.44953450737277184,-0.7733742278223905,-0.09876534936598025,-0.015600894941430903,0.25588119721180574,0.7738419216827744,-0.2783924532729474,-0.42287496891423715
27,Macrophages,THD0001,Control,59,Macrophages,-0.6155534341147649,0.09056123082918353,0.47415143600071225,-0.004185735713438522,-0.24608292910153096,-0.004203423010579951,-0.18718138616248825,-0.8130133029919865,0.7347440581147006,0.788162844727612,0.2805580989190904,-0.27283162845313214,-0.19650084565501746,1.0972079217761228,0.2091152845931862,-0.35237783959455504,-0.27754163424562867,0.685494970826617,0.10055112706800819,0.2019459662174835,-0.21201453796514869,-0.35423403744396414,0.48962966235861083
28,Macrophages,THD0001,Control,59,Macrophages,-0.7194524453957106,-0.013901240973308438,1.0106799390426233,-0.028570612150775773,-0.05782925498242348,-0.10347087411409982,0.049000324672602076,-0.12047060941160226,0.36878582163140944,0.08917445637524557,0.16301744788039652,-0.12210722274909912,-0.3045751419077348,1.202674462651577,0.09268856191437369,-0.36848458162884673,0.3707342613121485,1.0360231254279284,-0.16208312215781584,0.021864962752184823,0.07120496278629822,0.06566071808565087,0.4851806872981487
29,Macrophages,THD0001,Control,58,Macrophages,-0.4254566619603427,0.1893939043984129,1.3989093135742732,0.11561462275970072,0.5568156066170017,0.010028900190304304,0.0440895138808775,0.1410587940085843,0.03528508476237361,0.32878203170366593,0.1690816249433169,-0.04624022262489993,-0.10244260902434185,1.2583832300678013,0.18180004093479166,-0.9806125938757878,-0.8216613004213894,0.42291562314788583,-0.11712446143571564,-0.11876596163828133,-0.0921836184589211,0.30993709600980146,0.5292151649501364
30,Macrophages,THD0001,Control,58,Macrophages,0.5752353559962784,0.08884329779472343,0.111049680567694,0.11873297907025032,0.03485903666269119,-0.08354538507030031,0.1452958160913978,-0.16246227952367331,0.24856709648447883,0.2936124812796582,0.16264872327582605,0.3472048348180172,-0.12555518392130982,1.824402847297274,-0.0020384870361310863,-0.647535294597641,-0.003570036524891633,0.824733101483035,0.022408188034996508,0.014192038367146186,0.30588322322991046,0.6516347805183501,0.5563137515278828
31,Macrophages,THD0001,Control,58,Macrophages,0.6809552276612099,0.6396205069501513,0.5745300414207276,0.060004280490695706,0.031152345040531326,0.1656039559211151,0.024802695717170805,0.035858340598855565,0.18434966112153986,0.38402421983899576,0.12557546807500192,-0.11402947561991568,-0.32752458054030037,1.5100582001716982,0.43675517789763646,-0.4699286726731164,-0.5066296697325839,1.3814566949960532,-0.1542415702230168,0.24267072724123456,-0.2356726594101329,0.3014140618896527,0.2811904116080194
38,Macrophages,THD0002,Control,63,Macrophages,-0.4926060053218762,0.9208221989582919,1.0157089314404446,-0.30954864912400243,0.11125281638421172,0.20701320500097112,-0.043418644883519826,-0.372176556374166,0.16179834410693245,0.6026216754277087,0.13576617178172454,0.5447095529000897,-0.6648153598080643,1.2217801869674818,0.27287692944708464,-0.7667961074534136,-0.7469423329467998,0.5161231102018179,0.14891725313070658,0.4643555287667952,0.8812180815969728,-0.10612478187156005,0.1531585376639805
39,Macrophages,THD0002,Control,63,Macrophages,-0.44778119245890563,0.5226138340249447,1.5747349700391986,-0.2909495838766419,0.05389805147968574,-0.18014044983091082,0.17686512750463743,-0.10567083056046492,-0.37713562672876183,0.04583847376053265,0.20788557676428315,0.10555486129025746,-0.1626217150438447,0.6074740679601387,-0.2772615137148462,-0.6717862112301481,-1.1955726491099048,0.4478696142000428,0.06981976079860991,0.0201874569049659,0.7695994194998838,0.010204900207646736,0.040505120122317835
40,Macrophages,THD0002,Control,63,Macrophages,0.6945740023069154,0.32915703797038043,0.9338854496938922,-0.272033614554656,-0.2238615917715935,-0.08668109928074827,0.27343097404036615,-0.16009730022849317,-0.7777440699521572,0.6184396875716114,0.2516315998709568,0.0587001032627934,-0.46288543614399297,0.3353210571345434,0.03453280629558625,-0.3949398758247246,-1.5105049287452532,0.2230158755512028,0.1559524179434302,-0.0896078922688037,0.4743032624914801,0.09961335312678327,-0.042442413850537146
41,Macrophages,THD0002,Control,63,Macrophages,0.5048746967585125,0.37508189157233585,1.1049859413749017,-0.17135577648432676,-0.4734728604969922,0.09446740077194453,0.3265866900488266,-0.13569983997016283,-0.19356807377983487,0.7015594877473708,0.18216729815869553,0.030179558647950203,-0.23719593729446187,1.2117614230520501,-0.10875072358143975,-0.43793809986981247,-1.279668969917745,0.6196095710249583,0.23626460927658227,-0.07653491820118576,0.6540922446674762,0.0846934404985285,0.13433015469774726
42,Macrophages,THD0002,Control,62,Macrophages,0.7088831966461415,0.8872931367428188,1.0700014101659159,-0.43144906958715196,-0.2849852146796945,-0.06025756315826808,0.4958847768727827,0.09070265513646567,0.026112245516260922,0.8085526171659363,0.04628496889683027,0.3415903558145014,-1.2037762781998658,1.0507615894283737,-0.2875255399549592,-0.6251753530129521,-0.6772903172240786,0.8374772597770587,0.2500899167804445,0.2101406276855382,0.8315181298911255,1.2202171109791948,0.2888912198687665
43,Macrophages,THD0002,Control,62,Macrophages,-0.4641744847798033,0.373283162851448,1.197747223701763,-0.1546856847964924,0.0799162346729112,0.09694515422928052,0.027480936928270246,-0.021257865865206345,-0.23452095987052257,0.4994280805400275,0.05856311505720942,0.5761964120448759,-1.3103448477480826,0.7875599816247443,0.02910798198605039,0.06230594227235969,-0.3602746858904037,0.661055096703654,0.10702380780098414,0.17318168555204916,0.7193023787552841,0.21538422713448954,0.021482156947628984
44,Macrophages,THD0002,Control,62,Macrophages,-0.39662721190939604,0.45968850087527,1.1763044770062372,-0.29458745207579323,-0.11410123945711183,-0.00857356751331846,0.1602942596253369,-0.08220808590466222,0.12116137364414252,0.6417398948655605,0.19882249445792913,0.31956817452974523,-0.8191797310121758,1.3111261836801498,-0.08102221436145188,-0.40664341625350825,-0.46191888924421604,1.003675299327657,0.24595509535484472,-0.1370303336248254,0.8910319238226908,0.8418121349123758,0.22795770896275389
45,Macrophages,THD0002,Control,62,Macrophages,0.6322436764182308,0.6331661788658,0.8158311694947705,-0.19835101626268056,-0.11394385300267706,-0.10122339824876919,-0.42041968741539854,-0.38153921861594203,-0.5732284223712264,0.13656094777859226,0.14572761980967638,0.2593595738050046,-0.9806972267358565,0.9091978957671154,0.0879078991171495,-0.15562366177122744,0.05793191767595473,0.261366496637822,-0.23752430433911356,-0.10205858556005543,0.6622708331164782,0.0982121307728007,0.1309533057897236
46,Macrophages,THD0002,Control,62,Macrophages,-0.42828879823437005,0.6089479312601492,0.7394250867864387,-0.2746546912452124,0.12244545825516509,-0.05747842174970407,0.29014089065326926,-0.11787564682937865,0.09519685863878345,0.9582651291905369,0.16446567704879733,0.2099537377149541,-0.5817993891262604,0.5940052707663815,-0.3313130260006293,-0.16558667046996606,-0.5776876240773617,0.10863510741840253,0.14785557749726413,-0.08444553589283757,1.1717987599424462,0.8857273566132938,-0.259792812161903
47,Macrophages,THD0002,Control,62,Macrophages,-0.5600597769050906,0.3139703894790287,1.3188218895441395,-0.16634568688303616,-0.5596448224177165,-0.16056915713317868,0.15482055038113895,-0.04463002571555542,0.23480338461301492,0.21859996967769113,0.1742533294159889,0.3464011160241759,-0.5794683772847602,0.253205421774913,0.11119531373692855,-0.43703242392734054,-0.7145831797106751,0.3990509626638538,-0.20754673129525944,-0.15067574556318208,0.6048410701378213,0.5668115918404633,0.22008204538517476
48,Macrophages,THD0002,Control,62,Macrophages,-0.37307134386643265,0.5496556128157205,0.9179447034450001,-0.1217657993709941,0.01430200820730969,-0.07696927896659733,-0.3222194719986799,0.16610332496380986,1.0293756474659148,0.14428691682096714,0.09624961037566677,0.6284129431915378,-0.7634463442890947,1.5123733602313012,-0.08207983778756148,0.11441516588359504,0.3637668272689216,0.7015755029660007,-0.06033497903215536,0.2913812183343182,0.9065245508653214,0.01696553242620241,0.038224262789064774
49,Macrophages,THD0002,Control,62,Macrophages,-0.6808216827080955,0.8871579889619168,0.97432920208452,-0.20124784811954496,-0.04996360651800938,-0.06979950216150616,0.43984719996289867,-0.21675838276677295,-0.3294733193359425,0.2970311852150535,0.032719487275167644,0.7343080702864921,0.10339798472545741,0.8027663988101096,-0.042606813469694096,-0.1634581289250377,-1.280355725625853,0.15326666646494735,0.08805991572071066,-0.01369104703426503,1.012982683736352,0.09239724110186871,0.5363182887917896
67,Macrophages,THD0005,Control,60,Macrophages,0.9057024448567079,0.7581174539000032,0.245686164189405,-0.14613582035458034,0.66177952483768,0.010040138861822909,-0.08304444617961594,0.46907070479793195,0.8422620860985519,0.16307446014217708,-0.25995531949571576,0.41017771606264825,0.4660900909193477,1.1150023417506072,0.016347955827437716,0.23670497210249114,-0.9090557986848007,1.816303036535321,-0.5200233651633452,2.1454430010299146,0.19952324691788348,0.8731193435087928,0.5684989795184119
68,Macrophages,THD0005,Control,60,Macrophages,0.9807787114844818,0.9490864137206323,-0.23906209784797075,0.008263318025238612,0.29756767444104737,0.1221935651509421,-0.1718183208191736,0.39339445712134613,0.729818924941213,0.07282520922133384,-0.18009474353323698,0.6012323622510908,0.6624305007822621,0.9750960110501541,0.11470096259741258,0.16747912090387657,-0.4455603783989527,1.098329843612348,-0.740220497775226,0.7152395171071008,0.6782200052879809,1.2558732518292404,0.17884217668865282
69,Macrophages,THD0005,Control,60,Macrophages,0.9480558847414791,0.9347501822009675,0.09064746708382465,-0.08707344696345001,0.4070009746451438,0.115496463369205,-0.4392231873299462,0.36772543481164216,0.5717727828329001,0.46115293053660755,-0.10828103427014156,0.5966538551934119,0.602663977928697,1.1577750932219792,0.18490462389870457,-0.042651946001347724,-0.4392411376479936,1.4478236276345562,-0.8871981700059135,2.1775841374114897,0.5409517784720332,1.1028301737788762,0.36501808554295745
70,Macrophages,THD0005,Control,60,Macrophages,0.7941253864682668,0.6548829300684563,0.2979011437777176,-0.02903805351671204,0.1957488156083593,0.19200658544979693,-0.2299440487745511,-0.15899058949102776,0.9514729520478117,0.33970734247154966,-0.14177473428399218,0.14313452475158372,0.6997457252649472,0.8682443153795375,0.15362310741237403,0.003324091133296115,-0.6165719523130003,0.8485317978314141,-0.8078726377161032,1.3434392472372003,-0.2746289065881407,0.9720565414689842,0.5344224279984137
71,Macrophages,THD0005,Control,60,Macrophages,-0.6053052749822331,0.8487196996189244,-0.21849414951013355,-0.1486290629038919,0.5047418778209596,0.1277493743279728,-0.19667753733444793,0.4647816669869415,0.6782215731830473,0.12212141276265862,-0.16419947414195343,0.5041377743478126,0.37798619849330206,0.7055152059067058,0.03334455217308484,-0.23201555946999755,-1.3690370513212153,1.3152575543682035,-0.9228983380437776,1.1738989926199535,-0.3064477857100339,1.2129009703211409,0.48933255557456284
72,Macrophages,THD0005,Control,60,Macrophages,0.5015845879173728,0.8447543207047257,-0.22035035699930947,0.059164814056003635,0.5074981468275943,0.08997130057797029,-0.09988554516584994,0.4298197375850672,0.5065897060480188,0.034877788036276225,-0.04982017462938171,0.164633673957986,0.4371547578689853,1.0254949752996796,0.1085867769856611,0.11747521056267293,-0.8507233915374397,1.083381990605522,-0.8957711714682663,2.0026651687943864,0.9117340951941192,0.43302891164380913,0.4172358138061315
73,Macrophages,THD0005,Control,60,Macrophages,0.6049945551312221,0.9973912589302268,-0.2562595755186048,0.008166483868866235,0.6631702372000596,0.18844454477842768,-0.6692764922909702,0.05917034711132648,0.7882384099047094,-0.1364635636554367,-0.1814047745257683,0.5262733391976112,0.3445228096599969,1.2600954242869502,0.4301808167179412,0.11974677871202788,-0.6985155209992469,1.453352409835898,-0.9112570189587184,1.9237405556645064,0.6029903528649396,0.7699317541187902,0.13831758946615114
74,Macrophages,THD0005,Control,60,Macrophages,1.0291633147920025,0.7241076877890107,0.4477682483942436,0.002136337013572941,0.5797437841512484,-0.026565230086366323,-0.261073115022215,0.139766130526005,0.24518195416886268,0.12158039919534669,-0.006008775910312025,0.45709905086316494,0.47831327584973865,0.7432356388877079,0.16512918951835212,0.06217754312222756,-0.7577413173114768,1.4307000593320855,-0.5487254058312221,1.850513357412339,0.3558969763094147,1.187168455857032,0.32784044892759134
75,Macrophages,THD0005,Control,60,Macrophages,0.6998198999144934,0.6120823149655291,-0.11617698512222364,0.104429847932791,0.020605252760748337,0.6648096602439008,-0.21389164708733496,0.2755141463367808,0.915985337988771,0.24405099740850908,0.17372473517899337,0.07107474012685784,0.7197658143491101,1.3038457223790005,-0.02559539739282444,0.03624001666042381,-1.6497883683443038,1.1421011189176826,-0.6538755230564925,2.257036651405409,0.5483496011594298,1.3159563569264576,0.5702376276397971
76,Macrophages,THD0005,Control,60,Macrophages,1.0327525688119206,1.0915589609575427,-0.23354420582124408,0.04169329610212789,0.600220346932711,0.054620612636769275,-0.025013812773056508,0.41004828846700253,0.2348338829465782,0.3088455984699755,0.11506522673467297,0.29786482791015245,0.9215998285231712,1.0606193883202744,0.43496897676668245,0.2801413389986518,-0.9693183021680511,1.7806230511791485,-0.7746250270530768,1.6931491452988332,-0.19846611634257008,0.9057078998074527,0.4037930708053695
77,Macrophages,THD0005,Control,60,Macrophages,1.2335733519288292,0.8974171565589589,-0.11959243494142702,-0.08395916813171458,0.36008851326124225,0.22276516150222853,-0.2513433036221933,0.4720757177703685,0.6901197046571768,0.32839692329989156,0.09180393448458952,0.4355850237493381,0.6299467507043345,1.1828818307172349,0.07970656188350803,-0.0347745872178436,-1.0957960317733584,2.0964493724823066,-0.5673018064822013,2.1854527102011008,0.44431771879156423,1.0561538701216038,0.3785121796519022
78,Macrophages,THD0005,Control,60,Macrophages,0.857834620682647,1.1397968340537286,0.448798012843901,0.04387233876438721,0.9378242567994268,-0.04489300486205294,-0.07972944960696224,0.26496936709662916,1.1525001784978959,0.38301165008715565,0.15319431970094646,0.6182098561652042,0.5574780817290028,0.8533624311689838,0.3258299000682081,0.1579967108253578,-1.4132800618350156,1.5004967630692372,-1.1214483371541635,1.7427356365379278,0.4968719850804268,1.5901957756782763,0.2422735921988577
79,Macrophages,THD0005,Control,60,Macrophages,1.016762772973916,0.831860215608588,-0.3683342209675989,0.013711067281623666,0.5345058561991402,-0.015744875145407757,0.027920359834001842,0.5193323127767515,0.4646458864850932,-0.18287625141698421,0.05190624905597031,0.7226636468874532,0.38261760517264226,1.4404461458821383,-0.05075582435806475,-0.4880532698463169,-1.1639548086055418,2.4205956628397725,-1.085615002734091,1.5875408746798212,-0.5666055243299384,0.47792530422974094,0.14368287913640795
80,Macrophages,THD0005,Control,60,Macrophages,1.2127599727463432,0.7139827936174433,-0.18764620958827988,0.029793386058774688,0.3152044803362319,0.07421890504079495,0.25675838192619466,0.6649353854160878,0.21147380695479687,0.4243299587362711,-0.11677446154231905,0.5179080825029364,0.736580677423974,0.9852801896737062,0.29671248479711154,-0.2592240408830897,0.34603160894024915,0.5560456999751002,-0.5476437803385981,1.250009950039323,0.1717985258054661,0.8041310159177475,0.3592336427005698
81,Macrophages,THD0005,Control,59,Macrophages,0.7623378145053308,0.5726346434414683,-0.36403631375398876,-0.06911456680080239,0.7906092836981938,0.037819061415847816,0.6250992005158773,0.5660354749748988,0.694960829356799,0.4786375648094831,0.10433612070079219,0.6057373194318141,0.8341169874888139,0.7152052631418129,0.019378806467883945,-0.34785996009056525,-1.1313383668355117,1.32657363921863,-0.9733024420042444,1.6306863874602076,0.7867531071890247,0.9772179090434169,0.22720742861494095
82,Macrophages,THD0005,Control,59,Macrophages,1.029857350614459,1.0874300626984486,-0.7060723267844435,-0.012425918513959213,0.7106830286903733,-0.035217688978052254,-0.0813486157416904,0.6083746069396467,0.9340155081501187,0.18789586499577834,0.06544997581176608,0.5283241264215651,0.671269653060451,0.7880998797777998,0.2952746315210713,-0.4410733455660081,-1.3532138050128584,1.1129060463694063,-0.9913544810071611,1.7903845235982023,0.7454776525950286,1.3469617971734735,0.5248309751816238
106,Macrophages,TILD001,IPF,62,Macrophages,0.43209970522737623,-0.4058829128823859,0.41932153752557155,-0.055507354945009434,-0.11642002751367657,-0.04666854162064252,-1.2379063877086172,0.04537135212686338,0.19362960612093685,0.10761049337513723,0.4973154075895995,-0.10142771051270345,-0.821801228460189,0.7390043060059115,0.5516946545626875,-0.5325831351542439,-0.8633961920050093,1.7550928063436217,-0.4496388459917526,0.5236622847381516,1.3090706655756446,0.4920176225702635,-0.7499125931111291
107,Macrophages,TILD001,IPF,62,Macrophages,0.45823551330518686,-0.40464015662550845,-0.1286566703504242,-0.05293083515339022,0.49697564501831004,0.05064476389746034,-0.7528509711911406,0.08546691216981012,0.0184090135913461,-0.015191300932983133,0.1436867656320441,-0.1508685247542589,-2.9815066393686163,0.21515581153498978,0.4657036912674151,-1.7629938284582354,-0.761896615804654,2.555035205957051,-0.6269732818152267,1.4548141512059205,0.8209858889808762,0.3732931815272821,-0.7928822768315995
108,Macrophages,TILD001,IPF,62,Macrophages,0.5157065777396721,-0.19155789803952286,0.17445267587051855,-0.2648969299193495,0.0390000235456692,0.06638649167247901,-0.6443349624527634,0.1555589401368232,-0.5512264551912893,0.07957706696378146,0.32711882770697653,-0.29453350148923707,-0.803498891011192,0.6685862214449037,0.29269151227954354,-1.0047385128774482,-0.5157715306318343,1.5306847545817392,-0.3091086895012671,0.41470642766305044,0.9004373572302602,0.5758487222338595,-0.8804515908253612
109,Macrophages,TILD001,IPF,62,Macrophages,0.718974682316454,-0.49003209196354564,0.3374867448240892,-0.08808873318632274,-0.13374640153128178,-0.07542341907957953,-0.4167268810412661,0.1384890552283829,0.6877973590503357,-0.05173749691587373,0.18307377228708047,-0.2958584513635881,-0.9615372502539293,1.3625381346803607,0.33023297363519255,-0.8244272133787505,-0.6209185510960261,1.9270584565789752,-0.7222213404696827,-0.011920042406522287,1.1918399510127715,0.6278617273937123,-0.42117101066609575
110,Macrophages,TILD001,IPF,61,Macrophages,0.3027312108741208,-0.26950760321832656,0.49495349262984634,0.03667702732313286,0.2927021648917392,0.13882741887011862,-0.9042532025816316,-0.004098905613637273,-0.21505331860347654,0.1807463191361679,0.21586006347601258,-0.1865325694186846,-1.2634135178898103,0.4955989850331158,0.41806920076374093,-1.1936018322378885,-0.41710712366598135,2.166915960621437,-0.9252540148254882,0.5715733955876534,1.29376123026056,-0.22672947891198966,-0.48684418473814667
111,Macrophages,TILD001,IPF,61,Macrophages,0.5448957322176847,-0.49412368908614984,0.6440382316739098,0.08782568302977664,0.14269075815896073,0.01385596229621967,-0.40589976909630193,0.1796893096582104,-0.09785161519795828,-0.057827410127554324,0.510815594151424,-0.37815774791581175,-3.0591847962895087,0.171790717786707,0.4218454141670366,-1.078993233723598,-0.5756492349984755,1.693503321738053,-0.5221755016514551,0.0637982723772239,0.5032616252764974,0.918716191080356,-0.9408696971147884
112,Macrophages,TILD001,IPF,61,Macrophages,0.8808702562225103,-0.05238544478762325,0.4706423649462999,0.06703845285501783,-0.06712637674802255,0.13504867364927825,-0.762381352253035,0.47611744079503426,-0.031546483859186854,0.49393955634880304,0.38306061384739687,-0.43889045494890216,-0.8211172976332377,0.7446464022462664,0.49930335313079727,-0.6815375366360678,-1.0012826936033747,2.2912244210800385,-0.7318108868664637,1.3120069030989445,1.3349487560137958,0.4096579915831149,-0.4243643772451037
136,Macrophages,TILD006,IPF,61,Macrophages,0.9475518171837088,-1.2182691337664198,-0.9541148178054257,-0.3330758183369619,0.07405033506729206,0.3862981521600324,0.05568414309104552,0.2950572193368545,-0.7317387770347695,-0.4825390222700768,-0.18398458841159043,-0.6827750303935917,-0.4732852091090717,-1.4343418272416184,-1.4204136226135022,-2.111025975150332,-1.5808896103554508,0.37702124575246393,-1.4950566988313376,2.140036980011467,0.5301760324506044,-0.05614809473501506,-0.7091820265528019
137,Macrophages,TILD006,IPF,61,Macrophages,0.959555626163148,-0.9529197257166797,-1.2718270680379304,-0.06997868164141317,0.08641272845158829,-0.3626710937840256,-0.04649331652941189,0.6349535182153508,2.7650640813299017,-0.1508945605044035,0.03435453402053465,-0.6508170399292664,-0.5016370245940448,-0.7723207665794096,-1.0381106429579023,-1.606091735887863,-1.6414283708254993,0.5219595119594294,-1.0497323350344694,0.2727279201630512,0.6832843152033319,0.11668781501464047,-0.5545578083747819
138,Macrophages,TILD006,IPF,61,Macrophages,0.9895456962816328,-1.172204471072806,-0.6203239249183619,-0.17277908938561087,-0.3712089816768375,-0.08541502561883962,0.0373938211798116,0.41447139269979033,-1.6008286659821123,-0.4163446393170728,-0.008917774353085241,-0.46862455089375954,-0.9185384940535085,-1.3800551318966379,-0.935696869600158,-1.8772904360900984,-1.4494301822469056,-0.09685442931769857,-1.3344066587899013,1.1114859530621397,0.17923285913080741,1.0153876781723663,-0.12669494466089315
139,Macrophages,TILD006,IPF,61,Macrophages,0.6908908759006501,-0.9990408128506162,-1.7684640866038992,-0.18758044185726958,-0.08922239278002392,-0.1170191600004586,-0.08996568961675236,0.49222244199782406,-0.8399953924306268,-0.5487146234996496,0.04367793521041288,-0.5937360656446103,0.4542085332133231,-1.6143579404780837,-1.164567511408168,-1.6570514462709738,-1.5073626713006876,-0.19319084870745046,-0.9847823059834206,1.2061638645093322,0.3254301136384044,0.21226173133407034,-0.6358746066811879
140,Macrophages,TILD006,IPF,61,Macrophages,0.8399698145724168,-1.4534109649046494,-1.5793385979486652,-0.10184023624547019,-0.27291471184066474,0.31524253345434167,0.015301130533832471,0.477704538359677,-1.1372600867662934,-0.4588958196542844,-0.1820633386489154,-0.5994272864821296,-0.23908965160311788,-0.03358107127874905,-1.0955632718721027,-1.6401990554272843,-2.9774578284303668,-0.3642975798870477,-1.1245908577533779,1.151966282192905,0.4027467888417615,0.2289516219537554,-0.832979526825297
141,Macrophages,TILD006,IPF,61,Macrophages,1.0964972679700564,-1.076624132238778,-1.2428678855975546,-0.1805847919631277,-0.21439405191579758,-0.12335853039554562,0.18196061780739398,0.553193657182915,-1.04694090931757,-0.017277795298759863,-0.12598828364043027,-0.5944743451620961,-0.10994967324943533,-1.7084811887249087,-1.1170690142022919,-1.597153940383186,-1.9824145577925196,3.810053904246742,-1.2809843109437558,0.7902372680734198,0.34533583974875154,0.23788257727887296,-0.5026380869643541
142,Macrophages,TILD006,IPF,61,Macrophages,1.104598182540717,-1.2753855190611527,-1.4611560358426503,0.02734232959274591,0.12715202835203526,-0.007770799955957586,-0.35699033490787996,0.4586778821140272,-0.8758383345808535,-0.6988866063297462,-0.2615757012893381,-0.8635964227770719,-0.7786022566934486,-1.245760677049037,-1.7187064255725186,-1.3954526860001875,-2.2659996850160655,0.5148345104786368,-1.1815193074472181,0.9940951943514237,-0.09554528180207547,0.2909454651438029,-1.1181522666214736
143,Macrophages,TILD006,IPF,61,Macrophages,0.7030635705309997,-0.9817921506564398,-1.0678839445433583,-0.1399247263775754,-0.28319357337643936,0.3785658936580775,0.6092959714996874,0.677390393600399,-0.16938951113868883,-0.23338179050431096,0.0020121072565079424,-0.3383528539288154,-0.20322713071466658,-1.5061793778355284,-1.2077024497370665,-1.8026608940359021,-1.383040988759061,0.5730761230004695,-1.520737762605404,0.6826993073777808,0.7384873879823928,-0.462473361752811,-0.5292400072994
144,Macrophages,TILD006,IPF,61,Macrophages,0.9645904832573479,-1.1827360757092913,-0.8877371699248374,0.027991111669778055,-0.1223303720312437,0.3611075886071754,0.4158884480401027,0.3641686948273448,2.3675595719792617,-0.5478275436321682,0.033527615609590264,-1.0479611983539245,-0.24131866065910756,-1.220483327323717,-1.0779573268391616,-1.4889123922466871,-1.6647157183457062,-0.017434773845500004,-1.234761724081875,1.0128651548879433,0.3030718322207446,-0.03469203759393694,-0.9661354208954103
145,Macrophages,TILD006,IPF,61,Macrophages,0.9892878284292125,-1.1559179070076286,-1.2156293514690821,0.05580694001286999,0.4864675656867561,-0.17854234926495874,0.3965289358080112,0.5491754495904675,-0.11249262373220667,-0.5158784704689984,0.10659656328091292,-0.860876943665811,-0.39995026332821915,-1.881181607247634,-1.007181741581077,-1.1912541438270468,-1.714003009390818,1.1319878168164144,-1.115764103399694,0.9893338684789631,0.3231770638906405,1.0275430646371015,-0.46247216220137727
146,Macrophages,TILD006,IPF,61,Macrophages,0.7897833243182567,-1.0186258376802382,-1.2964054282180177,-0.18623569515450458,0.012621797795791785,0.07194151341723029,0.3146743956525463,0.03307447145556946,2.2190554402484337,0.1194295828433567,-0.03572274040741237,-0.6797155911800179,-0.48467805491729965,-1.2139620989430953,-1.0347205309970007,-1.5420429543282073,-1.3694380038734026,-0.4128132416664733,-1.2504210855297602,0.8748538506292151,0.4661774499804116,-0.15549637378386685,-0.44688995153470984
147,Macrophages,TILD006,IPF,61,Macrophages,0.9241294298867998,-1.3598007886432522,-1.2163222912965765,-0.12889507530214644,-0.34531087886144857,-0.014560099671776287,0.22936537440380844,0.23350576275128382,-0.8030753767980464,-0.7810642025163175,0.08274754184978135,-0.9984697080454152,-0.011214939322162616,-1.444614516345388,-1.699296311759712,-1.6394173906017202,-1.301328200434854,0.35213700161860956,-0.9916775122897277,1.0296527950508398,0.2866877446237771,1.1515597017329375,-0.854603410676333
148,Macrophages,TILD006,IPF,61,Macrophages,0.9344906290174525,-0.8689335530997092,-1.060940754816809,-0.0233241419812053,-0.7522804532947085,-0.020484696350106236,-0.1409958323980974,0.505374546609159,-0.1209866442150986,0.06411374041852308,-0.10239430413879168,-0.8631453705200043,-0.85470041994725,-1.284451641924816,-1.1079308902522331,-1.773126998980696,-1.7243217780869105,0.2978150325860531,-1.1845230126664503,2.650895394226638,0.70064756008475,-0.0006255780950674529,-0.6195150241651358
149,Macrophages,TILD006,IPF,61,Macrophages,0.9721820313672632,-1.227197390544879,-1.1630523051274704,-0.32069760466365604,-0.04594598506000572,0.27068034303277877,0.530703180049661,0.16252545881252753,-0.19387223749076188,-0.18321183167128835,0.07559262717917903,-0.7198467163338209,-0.4380003979372159,-1.2463715532169837,-1.0021100386562538,-0.9278683391975554,-1.2159543786643199,0.12099450475440922,-1.0541092970283235,0.6220873083934201,0.6596793602258824,0.3281989733996295,-0.3391482789363381
150,Macrophages,TILD006,IPF,61,Macrophages,0.9701494013279613,-1.5238282063473256,-1.9972129201906497,-0.10080445808807206,-0.06565302245340063,-0.08255097400441423,-2.294189307992797,0.49330701454464293,-0.4724183933599937,-0.09006947145197258,0.0636733168294415,-1.0190561899212824,-0.6049972078183768,-1.6245927550773516,-1.1644042093303153,-1.7692531702043155,-1.8296463918985904,-0.23337876273166097,-1.36502430514599,-0.2726625489615515,-0.018405557047172613,-0.32017128134763456,-0.7914813134096185
151,Macrophages,TILD006,IPF,61,Macrophages,0.9506375398572814,-1.1486052271510103,-1.845985975036584,-0.3001308435649493,-0.08266563711283301,-0.14087827616854162,0.05110060741791677,0.4320633766158551,-0.22458504645962224,-0.35826194379871446,-0.057928751668969436,-0.7373910495570255,-0.509512657861253,-0.8515693393993828,-1.2112214390112561,-1.3856965793292904,-2.2042810081936297,-0.4789667706843771,-1.0653648512096645,-0.061947330172576136,0.10545645388239522,-0.02238299228467318,-0.9048471187858341
152,Macrophages,TILD006,IPF,61,Macrophages,0.7703267500906407,-1.1859567809292972,-1.5476015704351473,0.03843739583869408,0.4186803684762227,-0.10070625068844347,-0.5311293939578826,0.8602980710375924,-0.3781270812646581,-0.4176007844798738,0.09472030850516595,-0.5164022775593532,-0.5001168676600376,-0.9498708367642664,-1.1488078128308405,-1.4827211171789763,-1.0474796031740052,0.028013386876418894,-1.1669229828823884,1.036368778986743,0.08894837806241705,0.0059094279131033335,-0.53182487139141
153,Macrophages,TILD006,IPF,61,Macrophages,0.9440337881635197,-1.1928842248758393,-1.2052396825450349,-0.15690065861652966,-0.2016459982452572,-0.16835598721850106,0.40062807231841063,-0.3994013287910123,-0.4667473600740729,-0.3803473617622823,0.10317038918470006,-0.6661377729226153,-0.41378520668324614,-0.8739004387747732,-1.0118157844137368,-0.8931452600224973,-3.4369387781283893,-0.25629269877824323,-1.2467429259996998,0.8790743025350666,0.4557994219766383,0.12864928219801125,-0.5716176934831474
154,Macrophages,TILD006,IPF,61,Macrophages,0.9448928719997879,-1.2205630683249442,-1.309682744813902,-0.16910535424055048,0.12300104514718477,0.11725620857423524,-0.4731485875962668,0.49166239402412754,2.1000343926333342,-0.031288146623407044,0.029109680349341877,-0.7253876595240304,-0.3723645248089348,-1.4252297992582181,-1.0255008834241555,-1.344448346544541,-1.6313055196148105,-0.33651263425826,-1.08344777231139,0.7623636422195617,0.27942142265382497,-0.30327753997086226,-0.9754036423669487
155,Macrophages,TILD006,IPF,61,Macrophages,1.3848567885929612,-1.2454140558797813,-0.9468344237883476,-0.13175784925303702,-0.3081277807616456,0.5588859331335853,-0.015564690557188631,0.6240550270865651,-0.82228110564517,-0.42081592542261975,0.036437997653637796,-0.43554166727598675,-0.2822909443493245,-0.17652189493084494,-0.9719748858315607,-1.6643954651389297,-1.9089542458742652,0.46609106950370477,-1.053178902524427,0.8531089702652541,0.2910393236293935,0.20517814622742994,-0.5067779230709379
156,Macrophages,TILD006,IPF,61,Macrophages,0.9168691213225074,-1.1989514636485683,-1.270337135143327,-0.1395643287516602,-0.15661818566920765,-0.09807391280444373,0.3405228790850853,0.47888100811267476,-1.0876918499450028,-0.40738000730570884,-0.05832949875055707,-0.45730462096556257,-0.44599437438261397,-0.30733281669507806,-1.0154342087346542,-1.5739367030582823,-2.217727421231782,-1.375808259659546,-1.156105180256935,2.519114320377368,0.6508880001378288,-0.09819033029984765,-1.0506112399347987
157,Macrophages,TILD006,IPF,61,Macrophages,1.046830577588235,-0.9788195064524909,-1.3763624609840437,-0.3078104436057118,-0.28140606336939167,-0.020593029109345757,-0.051165189179807315,0.5323566975498847,-0.43530060352737215,-0.10344327868087133,-0.0014828769011225006,-0.7330908778333698,-0.41690177410528684,-0.8936865662836595,-1.1452226979674958,-1.0247299597743094,-0.8280841794336061,0.2212522666860932,-1.1918625027457952,1.0929056179940357,0.695766448385472,0.28040320850776745,0.1249708985881392
158,Macrophages,TILD006,IPF,60,Macrophages,0.6641167616339982,-1.2473072226969615,-1.168805904457466,-0.11647049487785643,-0.20633840463700603,0.36607903184926205,0.2108203718294265,-0.37262071915651507,-0.5123565024548633,-0.6464735552666625,-0.014073876228830978,0.278261098642513,-0.38082329871290554,-1.136258418248872,-0.974297355984595,-1.4535984821880235,-0.7156026738956459,0.7841228745690628,-1.5803869341552461,2.4932599851914996,0.06241895811880126,-0.05137836258469819,-0.4660098117126095
159,Macrophages,TILD006,IPF,60,Macrophages,1.015503745031274,-1.3542751537119406,-1.0121542481266175,-0.2112653482636462,0.16889113456013108,0.4229288841164188,0.07630980632842427,0.623854722013837,-0.3497291997221401,-0.296433926913768,0.027593873449740878,-0.7151882875542833,-0.1876076511134568,-1.393900314147958,-1.2262868307263124,-1.7758730989267177,-2.0629517934736583,-0.20768303799095197,-1.3425930598464977,1.0385732340061937,0.3660650279626066,0.12939366613860537,-1.0502616912118614
160,Macrophages,TILD006,IPF,60,Macrophages,0.9856011900265917,-0.882196527229498,-1.171304431777392,-0.06782595200502053,-0.06674433906416675,0.16804223399383794,-0.5063484041979156,0.4714599234460742,-0.409478886750644,-0.6555906355791712,-0.10570316563636149,-0.5525252861814345,-0.47292555413341975,-0.535956009729569,-1.4156728154899652,-1.7221826080215918,-1.7333477680470075,-0.12432485007563593,-1.332939256440778,1.844823285567362,0.3225856360082458,0.11308973944382783,-0.7001403982718782
161,Macrophages,TILD006,IPF,60,Macrophages,0.9837872194225904,-1.1458319025692432,-0.7015438426664783,0.07257847663274045,0.19982061087765526,-0.08196500141328508,0.5497875347323028,0.2514443709414283,-0.7175161381288396,-0.5064647977087637,-0.11683113585472961,-0.44950577859762986,-0.4757943143847242,-1.3789039894489468,-0.9154386576055704,-1.9799575768846271,-1.7182248368879405,3.5114864090977695,-1.2261047133855805,1.1572946746865105,1.2083895878065358,0.1561303239459851,-0.5674817493397398
162,Macrophages,TILD006,IPF,60,Macrophages,0.9483127856793887,-1.0417872716419794,-1.3309642608009722,-0.04480769605999511,0.23993158326278918,-0.013575666273511124,0.2935051654433554,0.24010385074496599,-1.1752485434249575,-0.4808726300181424,0.14593301212354104,-0.789185680799988,-0.004694496810073022,-1.8212151074405585,-0.9211454722147964,-1.5235778325244078,-0.5335600454001601,0.3705776577160691,-1.421035605302593,1.0686251430940559,0.19814008825811633,0.03403814541122178,-0.5924317623182366
163,Macrophages,TILD006,IPF,60,Macrophages,1.1165874405156182,-1.4194850090649198,-1.3468458096158966,-0.2432369633388962,0.19769413137196126,-0.05760100195044735,0.5462195070053834,0.5410451150201522,2.299742725468535,-0.8530788691092319,-0.29796967713235073,-0.6808466081321692,-0.8603164902369468,-1.3200572124093382,-1.0751085653833268,-2.1566820444727814,-3.8426292170644074,-0.24656872164390592,-1.4803562702097894,0.9668023632783518,0.22219026438839296,0.3690666242295382,-0.8908060304439226
164,Macrophages,TILD006,IPF,60,Macrophages,0.7582592686217172,-1.064904913479456,-1.3909987985525414,-0.3392582804097725,-0.12296535861299077,-0.10966834662228822,-0.3384143117706595,0.5383304171271233,-0.19033938579534304,0.011883788459339871,-0.07029890679810862,-0.6807946854704457,0.3820792274890625,-1.7335067532895003,-1.2026493199386197,-2.400977577206815,-1.8088038827402946,-0.4112108932071007,-1.1198719799990042,1.6480359585768045,0.6702461537547283,-0.1475325406345242,-0.5786947070260355
165,Macrophages,TILD006,IPF,60,Macrophages,0.9548552681743172,-1.355375717035793,-1.4045822596237183,-0.20879566060610613,0.022494194054271874,0.07159760799216752,0.046792379027259294,0.7321766276272949,2.2304671870964934,-0.10793559633159538,-0.046137785448413904,-0.6270526594757221,-0.6260436568419668,-1.224753537926019,-1.2013126818780204,-1.618361793273372,-0.9792478380344876,-0.17083337254915082,-1.2832823184234792,0.8185638198281863,0.5607551530487755,0.48598507083115333,-0.6557871913125991
166,Macrophages,TILD006,IPF,60,Macrophages,0.9532098650871307,-1.4132680599954404,-1.429788959451714,-0.29283701424480957,0.037336169497698635,0.06028315264385809,0.34735421295181435,0.29507647856267244,2.027995120641986,-0.01808794660345275,-0.3855171132130854,-0.4532401003594988,-1.032019576601847,-1.6099451704224255,-1.1637415335458794,-1.70513401505495,-2.3024972912791166,-0.27237043073708356,-1.0770928936712265,0.9998411649287761,0.2128108611806631,0.3182128175520744,-1.001285600525849
167,Macrophages,TILD006,IPF,60,Macrophages,0.7510603069692803,-1.1654559355243614,-1.2127518391108607,0.0644198975540098,0.022170248042019502,-0.1677769147831291,0.8892039316667023,0.5226039002733365,-0.6886928682111735,-0.05099755800047247,-0.31049691595028245,-0.79558035533564,-0.2779825124751906,-1.3497316787500642,-1.0500836931389566,-1.724087018758741,-1.1894595903439542,-0.08423235886018472,-1.0014772024629268,1.2511071562276868,0.08899109878146044,0.36673361640080154,-0.8297296239274367
168,Macrophages,TILD006,IPF,60,Macrophages,1.1213534862812398,-0.8660087926963596,0.49907970383286704,-0.06206885697091038,0.3103179168477427,-0.05158659589818397,-0.003561427158979451,0.542043758644673,-0.6385236238052879,-0.012600320594872039,0.1792840331605345,-0.5720129840355764,-0.687286727534142,-1.8143923182534045,-0.8908874839063216,-1.7133489290179198,-2.3523602391212997,0.2599679172006478,-1.1157335663929024,0.7614690490496617,0.562822737372114,0.7873290027286414,-0.42589859938215485
169,Macrophages,TILD006,IPF,60,Macrophages,1.0232321610537067,-1.3962040287455635,-1.426813455095808,-0.2863999987796634,0.09067224588538683,0.20440267476651605,0.37306629781309025,0.441064900752202,-0.5240855146939428,-0.04713485522674749,-0.02393918326728321,-0.736334266561166,-0.97263108693829,-2.0211855142359263,-0.9671253937358717,-1.427959746476388,-1.4921634116292923,0.1443872295496804,-0.8202507033560877,0.7550881434126001,0.5606821080621186,-0.33024693023109564,-0.7436137987875043
170,Macrophages,TILD006,IPF,60,Macrophages,0.9710101893516089,-1.1998175622666205,-1.3241004859933019,-0.2798269808506521,-0.25364638335335954,-0.06390878768058193,-0.3704744153838881,0.44799278590543956,2.326670461296887,0.3845731511216766,-0.17564802766444362,-0.8062033797583501,-0.641617718429829,-2.132359660124992,-1.189587973324494,-3.8651890060691754,-0.9985109085094607,0.2315511303498332,-1.1831216792775296,0.6583247710635175,0.2418087470502372,0.018986535131553198,-0.930215729533083
180,Macrophages,TILD010,IPF,62,Macrophages,1.068215472353131,-0.47860999796808956,-0.4339959909986253,0.08809638640253109,0.03394402170171937,-0.1714599375003042,-0.03325752811312236,0.5075944105954282,-0.5170249586908104,0.2267726575516768,0.780381647027718,-0.8143399832682597,-0.38258015011497887,-0.6300395245378164,-0.040660485831639934,-1.1585335255881264,-1.7320382778506234,1.4560668633767908,-1.0485042188415459,1.380689469896771,0.9851097669220049,-0.04626557643649001,-0.3201862847781507
181,Macrophages,TILD010,IPF,62,Macrophages,0.6068370627706322,-0.172560363958805,-0.2562932976149374,0.20207275216158857,0.27304816104299656,-0.1946605367682616,0.35008431855889915,0.10475419373520267,0.32806494757633503,-0.016710077148243564,0.5719461968324885,0.1029767498988922,-0.3889192513502547,-0.1262081432725261,-0.6612549241743233,-0.654021592567498,-0.5625401202202781,1.4028051265296937,-0.4352051334526455,1.550957887629475,1.104014023404354,0.694309008704937,-0.7117900098464122
182,Macrophages,TILD010,IPF,62,Macrophages,0.8024397158548587,-0.45679752789141514,0.10182000439618022,0.2657611687132652,-0.30393277415060627,-0.13882424477748476,0.6778483104432044,0.664248938266197,-0.2044157513283703,0.24747120356558241,0.542777633993722,-0.5245104138895149,-0.46945415837895277,-0.6703873046933548,-0.403532651120551,-1.0240800338967193,-0.9872939087047149,1.3413193307563012,-0.5615199942698579,1.1122400304064224,0.8971508749637669,0.6640039647695685,-0.5693621576900065
183,Macrophages,TILD010,IPF,62,Macrophages,0.9290435446947916,-0.5995368575662371,-0.04759367983899272,0.15658605827648966,-0.35781673962957145,-0.03888555133366057,-1.069462796591849,0.10852186416782605,-0.6530028138547271,0.13782425145165003,0.5807125490227973,-0.4915717231111583,-0.428524327268436,-0.32523083134857517,-0.6982540826739597,-0.9455373643780189,-0.9619787593966057,1.290646648785559,-0.6230748750974235,0.8831216474267584,1.6333241171129353,0.4225709705072712,-0.3222629398002157
184,Macrophages,TILD010,IPF,62,Macrophages,0.9149539333525377,-0.47574365591312096,0.22495886626902856,0.09571842723582388,0.17612212659635856,-0.10957828993404237,-0.3109061871501828,0.6857472696235278,-0.33596112593433536,-0.1486281608128652,0.6943552604742033,-0.36369739136984414,-0.6435998038610392,1.4970828979650987,-0.3698659399003109,-0.4944581817571171,-2.0656398716283486,1.3549989935675222,-0.4747701665354174,1.4900839252782918,1.0561170717599844,0.641332080849529,-0.22272639425774915
185,Macrophages,TILD010,IPF,62,Macrophages,1.1004117783281337,-0.9780029391431111,0.111699408082499,-0.1361798904872242,-0.11093874839608293,-0.018180478058048347,0.06563470772648322,-0.11749639818777938,-0.49598723567435826,-0.07949287926323559,0.4659734057015333,-0.6966339756003022,-0.5795775507490747,-0.9454932237210834,-0.7643107889795194,-1.4684903324986147,-1.3470058942447543,1.6659127064173933,-0.6323500378100444,1.52887944099806,1.1898498540505449,0.6512721487599562,-0.10452491293048295
186,Macrophages,TILD010,IPF,62,Macrophages,0.7927640923726771,-0.7950210187176799,-0.13007305062049038,-0.059994393213679685,0.41276177826479965,-0.12344421613525966,0.5243767602922978,0.537712640475305,0.061090211363839596,-0.04790343503622226,0.767937355173118,0.03527906437633159,-0.7418726065364798,-0.9037415075566715,-0.6595729208173907,-0.9939494226256895,-0.4891698863635932,1.959135985803353,-0.6067916377335705,1.4132404898834643,0.9359091168518234,0.4754724513763973,0.0675614431809977
187,Macrophages,TILD010,IPF,62,Macrophages,0.7463774418350559,-0.4825703580724429,0.17829878169369423,0.14808446032707062,0.2291411140627112,-0.0006560226461468765,-0.4465723846951242,0.44253050380670306,-0.7168477837522604,0.054549261111408454,0.7158205877188939,-0.09357025279249806,-0.43631090221107516,-0.5250856943393751,-0.07774322028300833,-0.6291741339462184,-0.8165927064482084,1.2372730059174155,-0.5109233858557964,1.501466265735545,0.9945763139901656,0.6525770657230134,-0.2880729302823046
188,Macrophages,TILD010,IPF,62,Macrophages,1.1202811307669998,-0.7446121386626047,0.2750587322368844,-0.04163503683354112,0.37032187787880333,0.00282280827873349,0.29107936547678753,0.5448908684540912,-0.6273462632919847,0.12230251059086922,0.6424118898212277,-0.27621353084173356,-0.4889395128931925,0.02659298322819579,-0.47871704294332806,-0.70258820327734,-1.8532356842253588,1.0808157054327094,-0.6642858749955289,1.0949288951468148,1.163830089781088,0.3401970918733252,-0.7799872505644239
189,Macrophages,TILD010,IPF,61,Macrophages,0.9951115871636917,-0.7869742657995681,-0.44525903181474763,-0.10000670107846216,-0.059271676740528995,-0.35010824534840906,-0.26086935551798207,0.5402062535767355,-0.01198632969741155,1.0416153107436614,0.701363076566489,-0.42961209708549564,-0.2985520626636764,-1.00734301939427,-0.37716546632596376,-0.8094016373645081,-1.470843890240106,1.3436678419889478,-0.8909841510151262,0.2620410819520823,0.5540063422260089,1.4369081219507012,-0.002248976706600618
190,Macrophages,TILD010,IPF,61,Macrophages,1.1722375873815802,-0.08087121908888749,0.09321691113305078,-0.027323924838448612,0.0742552112202487,-0.03682896387771603,0.08426784371823814,0.6768987568141379,-0.40491045817545457,-0.5250438917035721,0.8156361644170598,-0.21602611392708357,-0.7794262345850651,-0.16084719701642652,-0.11528641679256797,-0.7796689969631091,-0.5952936358106427,1.073147914367593,-0.5846946867628207,0.428946166272803,1.3831861662599174,1.4169185365680523,-0.5238827129783494
191,Macrophages,TILD010,IPF,61,Macrophages,0.7741713122028624,-0.1380133988930867,-0.08798555443775832,-0.061650680333293344,0.09957204257315407,-0.07209049117890323,-0.14836761615417482,0.5725885700916571,-0.008861615753844069,-0.42082141461160494,0.7925727084587136,-0.06646230817694525,-0.3318742935518351,0.1627567697232217,-0.8500123200175131,-0.9528749047814152,-1.4131633675873654,1.2365501774327714,-0.744873382373594,1.7306859915270525,1.2669177739311699,0.5920674358913098,-0.4726540297470434
214,Macrophages,TILD015,IPF,61,Macrophages,1.199158697185991,0.7663758286528708,0.8933459699933949,0.03921006892643134,-0.005179585328060272,0.13777527835916706,0.3292590039001821,0.8102004425119377,0.24525621802871905,0.06273972334037586,0.35251163226428267,0.7866868637757475,-0.39147172339129205,1.0030325600118875,0.13511419959792323,-0.5326536895214153,-0.9431225699761165,1.9306334569407002,-0.13910116054620733,0.16164109827941964,0.44317637745110106,0.5898644105206607,-0.0675937176163658
215,Macrophages,TILD015,IPF,61,Macrophages,1.0771882674149247,0.5204682600527772,0.32440061334618336,0.24674089587377165,0.3022784256716138,0.18521176719356508,0.3161654451622344,0.9365382337517065,0.10589681685977827,0.22659156426631907,0.14162136155017657,0.23017493708624762,-0.20978002971653908,1.1705111502817362,0.367392713259756,-0.4482483302716926,-0.602086331703379,1.6431244951523178,-0.22425056656473952,0.434875337588807,0.679731499255472,1.1447998466028193,0.11100668752109152
216,Macrophages,TILD015,IPF,61,Macrophages,1.2053734616710898,0.4964592706752753,0.1655020691726622,0.07570128763712833,0.18744047359841765,0.06903764713588126,-0.43971028795902833,0.9424588592014552,0.4555351639050928,0.04112532998329359,0.47523365335676276,0.17688736246055162,-0.581552605112803,1.3850618296257624,0.13166427958974086,-1.207611361916611,-0.0234619018553523,0.9345762448609398,-0.5993757502293537,0.11629685221474882,0.7941357476386384,0.7768628592897396,-0.16517647044152872
217,Macrophages,TILD015,IPF,61,Macrophages,1.301687413564663,0.12253589745015193,0.7971286636940429,-0.06167623826678772,0.18586945093402477,0.018095447812321204,-0.1374425354585004,0.9037692739171778,-0.043648142242330025,0.33441965840157106,0.25933037021553645,0.250796435139566,-0.06349049662514505,0.9812533125069658,0.10175625207394419,-0.5016921232605698,-0.12347512879698577,1.892630973169116,-0.18325316870382635,0.03469067034652988,0.6782117712806016,0.8849939607001351,-0.035151508674655906
218,Macrophages,TILD015,IPF,61,Macrophages,1.1764603927631794,0.5285683112021258,-0.08720382650423217,0.11032423199255018,-0.29642689571424863,0.12090450078587223,-0.3611230275876484,0.5585576661546492,0.2724148593718557,0.0021997869315950177,0.37695755766800265,0.23704509276458094,-0.09433740832484194,0.8400004517176562,0.07443520241083731,-0.7933058622716924,0.411227020891143,1.492539098599204,-0.21780944465620805,0.3105219595979325,0.8773149295169178,0.8802410716267741,0.058710602958941725
219,Macrophages,TILD015,IPF,61,Macrophages,1.121747253227377,0.5400741368835197,-0.27196207076883216,0.057091788858346405,0.32963954081908614,0.09896160399943767,0.2316532512763072,0.667739052143177,-0.09890587716416088,0.33677580562553605,0.13069351733501403,0.6577343536868805,-0.6483918196750301,0.394295216664197,0.14870896008999682,-0.13131036763885776,-1.140149266009943,1.3227988299327997,-0.022107873520355717,-0.13243998050611816,0.7092904672255006,1.1194133950591154,0.1051908416805267
220,Macrophages,TILD015,IPF,61,Macrophages,1.361801221209379,0.5515129533062586,0.29994442103643293,-0.04904830605691304,0.13680959411263188,0.1361183720630498,-0.24059898882714006,0.7390360020805244,1.0605696382719632,-0.22358616202916667,0.38599742960274946,0.18360179094456944,-0.3615392095548326,1.7855420249293894,0.3300461672730287,-0.8454610292878675,0.38476051510373194,1.5786680866245597,-0.15612944579535235,-0.20192199148555537,0.7191266928446889,1.0252887959741892,-0.2726112894783686
221,Macrophages,TILD015,IPF,61,Macrophages,0.9448561372963716,0.5330953619273422,0.3344829953142703,0.20207100872855485,0.10947040630708083,0.04787918941949583,-0.4596594876307816,0.5340488603810649,0.45011923221137473,0.09333903754740552,0.2677735502547463,0.024056792604549446,-0.33833405923621107,1.960561553489789,0.10674910201729251,-0.7575163221569448,-0.18914981055071764,2.1748480424734375,-0.37918341851903203,0.46778118631853377,-0.04725987432472558,1.0554885702245218,0.10339241966232204
222,Macrophages,TILD015,IPF,61,Macrophages,0.9649081055779496,0.40660308694231645,-0.11195641642858445,0.010168265318232925,0.014626096017390138,0.1139156194888107,0.4855916743224347,0.6253365383079665,0.43836663322046315,-0.14016129606596323,0.3570985771563324,0.2318928582883141,-0.20830595644945732,1.6028872752712489,0.027825817312989522,-0.9278893011743775,-0.4275389148694015,1.45108986498608,-0.17318259403238206,0.1360735319869393,0.7327257091979839,0.9418383716918051,-0.013741803840516174
223,Macrophages,TILD015,IPF,61,Macrophages,1.336437743077606,0.3001493157268505,0.13845649818432043,0.024261715781841973,0.12069681868228785,0.07594357078084847,0.48478358248822623,0.6398824380255704,0.7699944596567466,0.24215611667913,0.3708017371162297,0.4622785153615356,-0.6631127289800003,0.9829371218688586,0.21054905076220876,-0.7570654207071017,-0.6494520847061742,1.363266658714825,-0.5066518839095143,0.32838855696824976,0.676849807276974,0.652536936918207,-0.23588685790305647
224,Macrophages,TILD015,IPF,61,Macrophages,1.296010297702873,0.3397399376125581,0.4531541285532621,0.01675356467446407,-0.24685189355018322,0.2081865074163851,0.3836443060797914,0.9235591852145265,1.2149656030806824,-0.03953888768050942,0.30048955912933045,0.5192314862192058,-0.6195541590400419,0.7866443125392946,0.14614838590886578,-0.2634729154015321,-0.44491034973441707,2.098368692453911,-0.16386458849136779,0.6595259387914473,0.9264619182364532,0.7672309990056296,-0.022758803880593252
225,Macrophages,TILD015,IPF,61,Macrophages,0.9543705269200428,0.45171949477865936,0.03306002258128889,-0.0674848695320833,0.30275536686577437,0.18851472590636556,0.04253185713963727,0.5042226830821986,0.170084902677006,0.18088308560135483,0.183736976257139,0.1759887124350886,-0.23032666728384601,1.107027809931864,0.26496659259371086,-0.4743187536665099,-0.17672870822470368,1.4968031704836775,-0.35861801089138023,0.1911065233898697,-0.04162931879542599,0.8945174305003828,0.06387250637186287
226,Macrophages,TILD015,IPF,61,Macrophages,1.1582825793322509,0.49898715862100185,-0.17462447467914585,0.08695984198204684,0.10107567470491786,0.19436037444074927,-0.07843530526404323,0.8123122551264716,0.5354493871683434,0.269812217526304,0.2660644446001354,0.6024187400294494,-0.9023547018818152,0.7469297632292788,0.34970769379293903,-0.48858584934479815,-0.8109073142927952,1.9045049268512406,-0.4587240623648389,0.240717100289269,0.24697195492394827,0.9657113934637125,0.07598943408375868
227,Macrophages,TILD015,IPF,61,Macrophages,1.020025557889574,0.6263987939444452,0.6584307545016507,0.009581600830090273,0.3219265686006226,0.21082626152191114,0.0717355405872335,0.574255967916378,0.27212993153065346,-0.47054013680426815,0.17317469620419088,0.13011700531669293,-0.47296600018884694,1.3947753745288147,0.23302191757166638,-0.7525857567509785,-0.8734290047539075,2.3190845929941197,-0.594318312466523,0.16846491498713473,0.7595568019171173,1.1752711047087814,0.008734682690727344
228,Macrophages,TILD015,IPF,61,Macrophages,1.1475246541185613,0.7241300055802458,0.6025346573542592,-0.0527669066893194,0.6848408718169142,0.11917068177947376,0.039510803850797076,0.927003039907551,1.2920688342733964,0.5603006400903653,0.4718062570103593,0.6608315198483516,-0.06815608906679427,1.180099510534949,0.08887068014616725,-0.34507225777459494,-0.20105626164870055,1.9022645733572716,-0.5458329039386569,0.01724701094915977,1.383918017416502,0.8455656884894693,0.10329347662589235
229,Macrophages,TILD015,IPF,61,Macrophages,1.02322356878333,0.6301646829095819,0.40768279599608553,0.08344012008413529,0.1412326114845841,0.16954269389924043,0.06675026145641935,0.5555235468827359,1.1491282767153916,0.13390507486422729,0.3400608732384755,0.26527397334804875,-0.5358913755454505,1.3963423049430805,0.09800034472619949,-1.1067776904608937,-0.5760041936235496,1.349767580173654,-0.15443365086108407,-0.018358271019137236,0.927468004554123,0.9964431668353608,-0.06052679603786183
230,Macrophages,TILD015,IPF,61,Macrophages,1.0792125282097407,0.4941556423374389,0.39073489339873985,0.0939453117049314,0.0838897088439553,0.07024173279442296,0.2716043761260411,0.5888293091074871,0.12205210167626258,0.023056506810571198,0.18066145430568656,-0.04725987452489251,-0.4138161983649372,1.3771598897910948,0.5621942057989952,-0.06309236565131239,-0.9141503970078796,1.2535095029596843,-0.057569662415814855,0.130131582653262,0.5962354654643681,1.150635415998743,-0.16162466126208716
231,Macrophages,TILD015,IPF,61,Macrophages,1.441708739060341,0.351282707481754,0.26605414478384404,0.15352831585186458,0.38698759645582825,0.171985604915689,-0.18883115726624433,0.6803735750284905,0.2057809415246651,0.08844551732997916,0.3820634027556275,0.3990427139211133,-0.29223643253349907,0.6024772251696103,0.09188250221171977,-1.064713916062475,-0.9743279979575071,2.668454066278952,-0.40264780065777117,0.35954010278012805,0.6899160225328876,0.9419599756883942,-0.06815508825864285
232,Macrophages,TILD015,IPF,61,Macrophages,1.110758049849386,0.716293551315742,0.725221292182105,0.04479559504277739,0.11370101686106218,0.20490947400409912,0.4288500918116233,0.7294644703176941,0.4775275886698417,0.3327519416158144,0.38325797783180915,0.2748468407357554,-0.23798397213633593,1.2829634276269533,0.3655848044791251,-0.4693129000376129,-0.9511042980251687,2.0046115906028916,-0.17031089935829075,0.4911117748671871,1.0381826707618134,0.8296422820657382,-0.0456824261952767
233,Macrophages,TILD015,IPF,61,Macrophages,1.1039510129039218,0.13953846819971485,-0.16389073672464224,0.1875822400917234,0.45412359082986964,0.15481209669008067,-0.20340682048214087,0.5375048153370913,-0.12365836981654629,-0.0561994024784778,0.05353639355680388,0.45775475018629946,-0.41424772480842087,1.3018686328474804,0.23709194899671987,-0.658530753777452,-0.2908755705579635,1.373583062793707,-0.21636913846566458,0.4588677983719945,0.3104701351488012,1.1206144297960712,-0.2805151923583379
234,Macrophages,TILD015,IPF,61,Macrophages,1.1205025757157963,0.6157303952609148,0.24555016222158557,0.08041510034732915,0.03675262462903443,0.12396329446902546,0.20663713973524223,0.5372904458905102,0.46154036162494366,-0.10589716637407148,0.22275974679140773,0.11499161480229979,-0.9136253271853385,1.3362220617732896,0.311842070209641,-0.501776992011212,-1.2173903979611103,1.5866384591654847,-0.3775855402469225,0.1006302272521855,0.11509677392156352,0.6891373883040776,-0.07627254006090331
235,Macrophages,TILD015,IPF,61,Macrophages,1.2565275526677968,-0.09847138736110138,0.16250781464150169,0.06758784561814066,0.48013423272336736,0.1284685676879531,-0.411375852194522,0.9108614424463111,0.3809716115171139,0.04661569061912312,0.3908768580761643,-0.11041807168852665,0.0027179579938619303,1.5419952775269425,0.34645357976037866,-0.8759137849093764,-0.6095199852206651,1.6678588142749327,-0.6331672586235215,0.21982541572420464,1.2032700402253909,1.160595741401315,-0.07372502253682693
236,Macrophages,TILD015,IPF,60,Macrophages,1.1488449850045133,0.23264268954803966,-0.058181201187552704,-0.09712838587222863,0.3602395568534456,0.2749441258530635,-0.2601365311090044,0.7229498306738931,0.17119692478378287,-0.28913178807096845,0.24762127184078606,0.5947874747152126,-0.74676162305216,1.473241970423838,0.3585575277819803,-0.793455525073294,-0.05238075700582257,1.7993728784138605,-0.29720156181316654,0.3909895786387317,0.8344513466137783,1.1693277465113363,-0.26949432577649385
237,Macrophages,TILD015,IPF,60,Macrophages,1.034049576211641,0.08636319807324747,0.04331477355314436,0.09520809335636352,0.7390130582426471,0.14500142732923482,0.441838398562751,0.8009032148314245,0.21394767877457038,-0.17288638576768672,0.10786607730376005,0.2153079154340424,-0.6692718730663177,1.0422930730431004,0.17215670820767023,-1.2992094190200265,-0.7384271862327655,1.5796712610986796,-0.49247384522003845,-0.03916263274871241,0.5264694018264318,0.7093158368563809,-0.5268946714242844
238,Macrophages,TILD015,IPF,60,Macrophages,0.9549226274798023,0.3328939148567801,0.5863302881941951,-0.10184204802727956,0.4303865805009291,0.21716936907409232,0.17989089383868953,0.5685595394795971,0.16458316888704583,0.20454994410657815,0.17647801428448148,0.32073333996387204,-0.25264354342339485,1.3327761315165791,0.1780479032105817,-0.6583067627098897,-1.0692764430802346,2.021899512254008,-0.0738829241226719,0.74414861513924,0.9238283808950052,0.9581889836903942,0.003372506986401993
239,Macrophages,TILD015,IPF,60,Macrophages,1.2192908146874262,0.31573374518619374,0.2932639182187745,-0.053790871961947005,0.4524306157935866,0.12478669379390234,-0.5778701957306431,0.6947344458297248,0.310153351869515,-0.4042435404321278,0.36765664677640253,0.3620050333503988,-0.18667122832723315,0.7494337070778807,0.20771506041601395,-0.3593374010338241,-0.6483983997956403,1.8589631197058933,-0.3642954467384961,0.29050739513006274,0.6912166539930561,1.0005195246032659,0.03771029544711373
240,Macrophages,TILD015,IPF,60,Macrophages,1.185282060206074,0.4947980681606964,0.8988816569383934,0.09487108824837145,0.1654350096813637,0.18893009263953991,-0.506204262460425,0.5430037083517691,0.40888643447058803,0.396498048957682,0.19727742986605562,0.5044074953409051,-0.24165518256579255,1.119122144661286,0.40462604017897086,-0.056921118645281946,0.048703845612414066,1.8447884009457858,-0.539351656553998,0.32624015320393934,1.194022099411292,1.3012982977354766,0.07135344448682779
241,Macrophages,TILD015,IPF,60,Macrophages,1.0068267248889962,0.576712441018144,0.3730026285363357,0.028407822465922803,0.13384297902248027,0.1777447912428411,0.5771381338167139,0.5542853693978625,0.16929176800970483,0.1902810134617057,0.38238613369773616,0.6803255284354861,-0.6105531099220111,1.1928685526218357,0.5273690736491519,-0.8600636914966007,0.5160195801651775,1.1288600482075408,-0.5003355409736947,0.13255479313200094,0.8488985709448155,1.2263014577571218,-0.07480123439334872
242,Macrophages,TILD015,IPF,60,Macrophages,1.0750707897984797,0.23416805077861733,0.08515046716265869,-0.03659635727570367,0.3097442367730421,0.1752621254854942,-0.45547225743018005,0.6858309387829,0.12827419373379736,0.0550890769512789,0.10973092856751678,0.13895094709289244,-0.07807562758614853,0.8470676133382992,0.2822628482490293,-0.46913672308286264,-1.1418696626138067,1.494638152503685,-0.3700903528211589,0.20704441663839554,0.6617114097687162,0.8585026548460486,-0.3157603080612077
243,Macrophages,TILD015,IPF,60,Macrophages,0.9711532319018124,0.42104962412484004,0.19557255740887872,0.006519764822477935,0.18611162351328542,0.1261468513386626,0.38942976527111783,0.7146807217958494,0.5644828104600912,0.1246577749968936,0.3734360805461035,0.24433180105708582,-0.007198672016618439,0.7278543366278527,0.31876224503034095,-0.5758700416814907,-0.49969989629872064,1.6775200200843294,-0.04817893407112929,0.4391254315863155,0.9158496811967244,1.0012085263309964,-0.20637283899056447
244,Macrophages,TILD015,IPF,60,Macrophages,1.2924068670671442,0.3546263068678234,0.436916406426764,0.24375413815722521,0.20851187725275516,0.2604945592596578,0.1059982307226841,0.6240539449689178,0.6335050880624838,0.4975208715246153,0.20562608793607043,0.4008866028576359,-1.3712460965305415,0.7923872586126357,0.046913305297609204,-0.45530931326058566,-0.14541622125655124,1.8614115244316995,-0.13606551186226418,0.15641902497145183,0.8590522942011314,1.1423251618953172,-0.1465660052501014
245,Macrophages,TILD015,IPF,60,Macrophages,1.1828190632988116,0.658411538256572,0.34862823873321724,0.014037190564421684,0.24395103005471364,0.12486892764530724,0.02273471286417605,0.6180140845771459,0.0014389267078492914,0.09990833743767111,0.1440976596293862,-0.08356588527031118,-0.39439161975450665,1.1782096367883028,0.2187747854658954,-0.6181638894187226,-0.41474736808096097,1.3792552824249509,-0.4357654066609775,0.05418755905778573,0.5277176420911336,0.9168047641476458,-0.013182211745147047
246,Macrophages,TILD015,IPF,60,Macrophages,1.2004077675229547,0.8112054237200161,0.35193378675276543,0.22649357099171744,0.41803012636428966,0.1505901841281191,-0.7835034102600696,0.7186493203775267,1.0497349614610227,0.11811744269341101,0.3606971044073354,0.4335059636370032,-0.38167770611644236,1.0806877580537733,0.4859415615347778,-0.15698875741566318,-0.7962451360784376,1.936596932092069,-0.1451597121556948,-0.32132346386742694,-0.02575843311278217,0.6963424144723532,0.3421616351622072
247,Macrophages,TILD015,IPF,60,Macrophages,1.3135523407779663,0.4757499809920322,0.42324287634670177,0.14787883879436145,0.7768689116555934,0.18240603478179626,-0.18516837405384895,0.8008493551330209,0.5109261535323676,-0.28136681484174364,0.2217739779627809,0.6752104251237451,-0.37043747220216083,1.0891122278631384,-0.06535273821509698,-0.5194444143971335,0.567793583915844,1.9474273351624904,-0.41946847102652685,0.1632949016377251,0.6676559755113597,1.1671636658820908,0.42924285530976664
248,Macrophages,TILD015,IPF,60,Macrophages,1.146007138246712,0.9497443277884687,0.4125144682815862,0.0808969115700677,0.09963652819724791,0.09467574181498557,0.2932497209512806,0.7483529053852814,0.16978880241718022,-0.11332568241695497,0.0230952021307322,0.16085893955993338,-0.14725199718656873,0.8092798869428273,0.20587528789335416,-0.5833157949385358,-0.2885425362445862,1.8379434827287395,0.08328530487934532,-0.03745111552651086,0.9467180804533941,0.6136569272431823,0.05199369574109156
249,Macrophages,TILD015,IPF,60,Macrophages,1.1864213632234117,0.5749074227984183,0.35666267917710404,-0.01596179754701074,0.11302718472711738,0.09308155361432853,0.3095420731194822,0.7662615528502429,0.06792769568466069,0.5738319027613118,0.4228879357218355,0.2904344530478256,-0.5441815572170637,1.0325130268192428,0.3417350713841375,-0.459360019186435,-0.4753553188940979,2.3968596991669866,0.0020811998123092465,0.5981006028008323,0.5867570464360573,1.1720015818277985,-0.014224139906727808
250,Macrophages,TILD015,IPF,60,Macrophages,1.1829338974640853,0.43382060117562865,0.5039295602912485,-0.005054764297233251,0.3645726264353464,0.09055320980068224,-0.8585100952170533,0.6788285603838559,0.010470035525450753,-0.1578297084388901,0.40016607202743826,0.2614509976832925,-0.21210534107567802,1.5901167736685398,0.1533362042880726,-0.6742426559069726,0.1368263446385682,1.210334839391923,-0.04787403355678906,0.4296416795233408,0.36216725369884833,0.7933775115162188,0.007886248154252186
251,Macrophages,TILD015,IPF,60,Macrophages,1.2189115083668294,0.22828015897130577,0.7721529586880745,0.07203319591945304,0.006916816395058508,0.37388133567188575,-0.10086348326475844,0.7883360454575594,0.4946654819273437,0.10865024401510195,0.21373236579909696,0.025057376127788286,-0.1867132974797571,1.3323113811312468,0.6933799984463435,-0.13857387944385338,-0.5271182449651721,2.117590926768527,-0.15789207889203302,0.32941850623126284,0.9875248380611173,1.0691884736328099,-0.07284240590139032
252,Macrophages,TILD015,IPF,60,Macrophages,1.2327358959756891,0.3788425482813995,0.28718367500430875,0.1019500216847504,0.4549934148080176,0.1753550521092975,0.11575345634331966,0.7265625488701121,0.30381497012021363,-0.1457706941795702,0.036590446558959655,0.39177945979153983,-0.003695625630768074,1.1051236218594396,0.34372481994576837,-0.318030874134849,-0.29279105959727514,1.6311488457292302,-0.09531723622937191,0.33702350981024815,0.8965272910695309,0.8484316325977272,-0.19139631655824568
253,Macrophages,TILD015,IPF,60,Macrophages,1.2005012868092362,0.6489543400239631,0.11308168390832327,0.09395875871226114,0.22620583552831036,0.13423013703119513,0.5665286246091475,0.6220677942402625,0.6538293255703661,0.1829562366797539,0.23088570323956956,0.32384650347639204,-0.24679276248792334,1.4685261036561013,0.1460606027419683,-0.48621365262224053,-0.6227372435685353,1.767065265309746,-0.041512784730703,0.7284153826920261,0.9363096098089927,1.1985310084974972,-0.11263524957389144
284,Macrophages,TILD028,IPF,60,Macrophages,1.3527330483767699,-0.1059086252895577,1.0126136619840491,0.15820337513447372,-0.12024484667706634,0.04942700090887001,-0.8860981659177991,0.42116787702900865,0.4327659132968064,0.07523837521890091,0.32978238500806895,0.02722908720087506,-0.4700645440009009,0.6987533877552963,-0.207480384107508,-0.4089922028333822,0.22510911417186757,1.2803863702707987,-0.07037750213296969,0.2264762252934366,2.4003636514755766,0.8600979790526929,0.3814314792638937
285,Macrophages,TILD028,IPF,60,Macrophages,1.0654735005389961,0.0867132807220838,1.481415871594553,0.18543406297168002,-0.19958015781067,0.07651357377373517,-0.49843481063119516,-0.03137773034194947,0.24664991810062453,0.413282023088202,0.4748267924696554,0.17232196897285149,-0.10598153301608984,0.6655919484716595,-0.3928471848897834,-0.39629256502609667,0.20606192703181062,1.9286251898324647,-0.006135583739424896,0.6248766127211595,2.2777156792518176,0.6810350785913731,0.32322808953083587
286,Macrophages,TILD028,IPF,60,Macrophages,1.260524902097379,-0.2009277044249852,1.2078530695967773,-0.062218368889662805,-0.6897404162180356,-0.08731435194098422,0.5498676679583429,-0.1429591300134303,0.41620207509779006,0.1395748670695558,0.1051518983669008,0.31348452210421146,-0.5906379716010176,0.6641160585072559,-0.20148659094842497,-1.1053642188154702,1.2840259315102973,1.6814966447068171,0.09855248318672206,0.7300818721032594,1.8072769136005753,1.2131551343398053,0.24816609459740616
287,Macrophages,TILD028,IPF,60,Macrophages,1.2650892233451645,0.1766807771097434,1.3831786392798153,0.15651432064136112,-0.7007488359129967,-0.10358437862869108,0.016661082773582744,0.2323223930054929,0.8754943429653926,0.2703117326914189,0.30814410460793973,0.1999409716295346,0.10730668076228159,1.5290003776832275,-0.43024745246610485,-0.6895867029455786,0.782537765227147,1.3770999095547858,-0.2347036223412577,0.4414964661941652,2.1622839817151656,0.5916085873529623,0.05455839103274481
288,Macrophages,TILD028,IPF,60,Macrophages,1.1580348336132609,-0.08576438299261786,1.370907358275858,0.17909032515352521,-0.19726874391393073,-0.03680655520980964,-0.6212060707371262,0.20852017396087927,0.38138345632063836,0.5201364814349123,0.5130117902413664,0.34101436112452604,-0.413277634799025,1.1568134576980658,-0.1122827267747678,-1.0341888985453935,0.15252180990191497,1.9046699749888185,0.1391688828409096,0.6688969423584504,1.637611254567146,0.8152078073689978,0.07364029252519468
289,Macrophages,TILD028,IPF,60,Macrophages,0.6758345867891332,-0.06932774927339898,1.1667989180263616,0.26778349450768574,-0.9308831064333933,-0.0731576623810454,-0.5238309846382361,0.196064715898355,0.2874582845669541,0.32875919021130073,0.7227453682453642,-0.05918134033587151,-0.6367055265960953,0.856494074063063,-0.15311675374006353,-0.5003134818617658,0.05287574432060798,1.4303484795524937,-0.14851828577747395,0.6757573516071743,1.7593814118844653,0.3165103165668914,0.2663165373884528
290,Macrophages,TILD028,IPF,60,Macrophages,1.1908001651356088,0.16508601630165792,0.900733615801058,0.08404399279781777,-0.11232060339708791,0.00035007581312284514,-0.6342738233688275,-0.22792471847814044,0.2071082779761526,-0.02741946677750917,0.5849271390960749,0.2526338991831352,-1.456888399549351,0.6031502311465724,-0.14056419721289765,-0.6122997894162806,0.5958568302992809,2.315297244989807,-0.13842058494721815,0.20759945463305063,1.7933690220669811,0.5292864361228362,0.0034687232345126133
291,Macrophages,TILD028,IPF,60,Macrophages,0.9630877668581717,-0.18819637142852527,1.1117143105306728,0.15953699667709006,0.0938456254435772,-0.02279030658987807,-0.7577358886981119,0.37918788092568756,0.34507229333745393,0.18230958332263303,0.6833811076141643,0.22436755146166035,-0.24151318132004646,0.29786533058537473,-0.2981356577511409,-0.8588383823398482,0.06290972498253826,1.6577214412059291,0.030435440830705936,0.7732279074600811,2.149757659629235,0.9047142696877015,0.2285739486227789
292,Macrophages,TILD028,IPF,60,Macrophages,0.8878383331819961,-0.30097225367891234,1.1946651006553186,0.15703989618706077,-0.09215487726179915,-0.054574698761581275,-0.5519330578683996,0.14485744794354705,0.04982361195947955,0.3756171170829916,0.6537761640573149,0.145913098186894,-0.3501478437873516,0.40107934624133695,-0.4996149200046345,-2.104593666997023,0.1670036550001316,1.137504684362922,-0.022028609109409236,0.4389006003577534,1.97987723543744,0.8514434446138082,-0.43055279580834815
293,Macrophages,TILD028,IPF,60,Macrophages,1.1805428478366744,-0.26780066747807,1.143784439213747,0.14454170598036734,-0.27482487256012456,-0.03225466985211769,-3.079805132636838,0.10418824141588201,0.5448269860743432,0.2941749887825203,0.25960283854915356,-0.03960870827990599,-0.5072886504547729,0.4026402875628136,-0.7168668243484155,-1.5791146967026148,-0.1603243561174057,0.9772257728198334,-0.12599927072145856,0.4210263659440627,1.6227624377596939,0.5402276685786573,0.036743764278201696
294,Macrophages,TILD028,IPF,60,Macrophages,0.7721756964967936,0.05212046587792017,1.2266813064651976,0.268164712456938,-0.1993219166173023,0.01200240468173891,-0.9920127278361534,0.32723823492573073,0.975470754900545,0.12833196335719013,0.37765261425815233,-0.015675659756998903,-0.5243871692731767,0.8318746307189352,-0.5041139909071684,-0.891992336471064,0.39534956992923226,2.3873998438288475,0.07999932825135792,0.21337170901039484,1.9102470605465818,1.170859171277487,0.27536734275454644
295,Macrophages,TILD028,IPF,60,Macrophages,1.351056513771462,-0.05234567124587979,0.6633828077218791,0.07243809627153822,0.03439109242697841,-0.08037433630586993,-0.018813248887343762,0.13478076148178209,0.194854803142475,0.34941200275606205,0.3348248854244865,0.06398945363412487,-0.1924409312378834,1.3662790260661184,0.1835626748174679,-0.8776870029673155,-0.08876770048746246,1.6922051392004915,-0.19911649940695653,0.27773702989544347,1.5048073512382913,0.0001457151866855414,0.2796075904497146
296,Macrophages,TILD028,IPF,60,Macrophages,1.1384670272578274,-0.28924349353538215,1.2098350104944635,0.18554366035646272,-0.171168304053221,-0.17105240233054006,-0.9239104068203999,0.2843712353455717,-0.05773108957500539,0.4452294494921724,0.33912616615754326,0.3494223614225114,-0.10825049260876693,0.915887745430437,-0.32534871717638053,-0.7154846470270465,0.04291412574379034,2.104075407227494,-0.07762763545051475,0.5731678590000232,1.6310300719344146,0.8709584877734968,0.013912759622293963
297,Macrophages,TILD028,IPF,60,Macrophages,1.0513645782620127,-0.2672326427812047,1.243900906902879,0.09117607818808919,-0.6646816356486344,0.012443088995962907,0.005636612238108708,0.060424346920257326,-0.11001452674151127,0.500672018771582,0.30191776921961555,-0.017271306470113504,-0.38750292817156423,0.11419794992407703,-0.22928170965714914,-0.797589909035232,0.007153261595490272,1.762979970995341,-0.07303757349444676,0.28731368794100204,1.5705701886582368,0.6388521331386102,0.11987814959266099
298,Macrophages,TILD028,IPF,60,Macrophages,0.9442936493184985,-0.25190830018689775,1.1025669746015565,0.24155800027823313,-0.2902735626796234,-0.020854894903366786,-1.2306119871312606,0.13720593359110894,0.996581055248296,0.3139194286564793,0.5136351896660788,0.1138026877362132,-0.6346604804544332,0.7755104673176832,-0.1566088293890743,-1.3022402336195453,0.03278856752958607,1.5349077058149223,-0.35204079017019274,0.20496769578946467,1.8717879512524571,0.5120187736112704,0.1401315487133951
299,Macrophages,TILD028,IPF,60,Macrophages,0.9707492886111577,-0.2193939263746236,1.0567650176769143,0.07915321388104363,-0.6423426085924867,0.05624451443751916,-0.3478903908289044,0.42899858657442247,-0.4345066055526312,0.4139701395993547,0.24091101775505255,0.30395553428911515,-0.6025060471141199,0.867246178524623,-0.409375088229458,-1.1408189382447589,0.1839598109223642,0.9330369058576121,0.24187662768698065,0.5841491589005504,1.6920143967123473,1.013729246800486,-0.03701492901117421
300,Macrophages,TILD028,IPF,60,Macrophages,1.0880772796356935,-0.003556326269372691,1.9271925334740538,0.04698759804044526,-0.2361348062252746,0.16763015780698193,-0.6064643615471307,0.17221487271545988,0.6245856545527346,0.7430004406152904,0.36829982999205996,0.2247222498697344,-0.36612796594769004,0.575683048858738,-0.21651291229222291,-0.8869201505865094,1.0074474909550366,0.9159138862925705,-0.0303225371822009,0.6512174925166964,1.7693199009525955,1.2382738854113342,0.49705927876104194
301,Macrophages,TILD028,IPF,60,Macrophages,1.0667667439084347,-0.197462903536419,1.0684898909939133,0.11683709321757602,-0.6311884154190681,-0.050019313152157394,-0.2481699898730942,0.3987514798710553,-0.11061077879832316,0.24356851694723272,0.3316709422735825,0.42583450203388723,-0.5634076648873725,0.6853320838765455,-0.2483668359851531,-1.1442622773959268,-0.5952258463256205,1.5669264872481583,0.06442883442357313,0.42378209428737,1.8936279218992853,0.6387587244242523,-0.1565814538559673
302,Macrophages,TILD028,IPF,60,Macrophages,1.0833232228803513,-0.022777243771956633,0.5040040900738104,0.12294376845459809,-0.45755790698146076,-0.030551661245823765,-0.24756362100266768,0.423043422904739,0.45278881479423205,0.04305503763871249,0.3135273304063891,-0.061061322897099965,-0.7113815932050731,0.411562094152781,-0.14116075945905174,-1.4912105751666345,0.20067348384479677,1.3538140740953335,-0.5150889063639983,0.3383606092333524,1.8165994105847985,0.23159822670028124,-0.018630420189593343
303,Macrophages,TILD028,IPF,60,Macrophages,0.9690733667514908,-0.2655379727481915,1.0114368649433167,0.26556204127082844,-0.33609318268599997,-0.012038687187290509,-0.2747386950805473,0.17730370855659636,0.30843669149744324,0.15852714370195845,0.6522100756725131,-0.04172037954595338,-0.3196927880507414,0.24897866264787585,-0.49282882445836995,-1.0647136410121787,0.36136614359101915,1.280814799555971,-0.43615700343494895,0.3971532058363354,2.00397658623695,0.6046794986148718,0.19781712001782145
304,Macrophages,TILD028,IPF,60,Macrophages,0.9402300060052922,-0.3603491797366436,0.9280168154950594,0.02620350547171466,-0.24799062682059225,-0.13349858339747372,-0.8980221515865224,0.12636720607597135,0.1015098585414154,0.1090083134797519,0.274578917865041,-0.015457769524164625,-0.21564384378208362,0.4960270406099974,-0.3293942495062628,-0.909681528726841,-0.21740650896150887,2.419421918848733,0.03319057492726713,0.42042608515881896,1.5769248083818435,0.4284868557697981,-0.213094988639685
305,Macrophages,TILD028,IPF,60,Macrophages,1.1209784326285113,-0.5712321948804596,0.7399782773525128,0.049468786600653215,-0.23696405829757036,-0.04120507190393215,-0.022643768050278904,0.14051938362379024,0.4784832519647183,0.06370718305113844,0.43453655624342613,-0.2330602329440887,-0.1532960979163166,0.30380163200446375,-0.1634155743504316,-1.118959369227827,-0.24021057763682124,1.416139052038353,-0.017418385013942904,-0.006398840123279125,1.6765505643543612,0.6391162373759818,-0.10333964437672293
306,Macrophages,TILD028,IPF,60,Macrophages,1.0532706685702895,-0.10528173760949017,0.5813520007343985,0.27496599392146576,0.17795091833667287,0.14252523886947088,-0.5387372635819361,0.06340975901040125,-0.061447172077532954,0.3317985619117836,0.5199887489572166,-0.33692272300388254,-0.3428868206309391,0.7031826359573494,-0.4894169772095478,-1.7483353396402288,0.31178722995436453,1.5107713207376334,-0.3400979524578554,0.42439649855744643,1.8241613382766573,1.001530868744763,0.19165793153059404
307,Macrophages,TILD028,IPF,60,Macrophages,1.3127422950296552,0.12215832324303567,1.0380185910517523,0.21179728895234531,-0.60591715116457,0.0642100763908584,-1.1457608238023023,0.28365217887368005,0.16895647357455296,0.11573895035575354,0.4589952674276118,0.060519299846137534,-0.16909717548878506,0.007432659930765951,-0.0741064865022106,-0.7840390475118845,0.8413050307211215,1.3049058835258647,0.10963457744589446,-0.14850639307667626,1.6636415958000406,1.0665102912067475,0.08968275113770699
308,Macrophages,TILD028,IPF,60,Macrophages,1.0134686730181142,-0.198055019103158,1.357232507308471,0.32873082216014854,-0.2562749125239717,0.042332939014763635,-0.19580520113443672,0.3349537184290083,0.725269491602207,0.17041686163415748,0.3912993670306301,0.24398129369611873,-0.3077598228104087,0.6961665526920071,-0.14817513376529903,-0.9406240017445222,0.9271294135782557,2.058906886712506,-0.07665539792095634,0.17535327603952364,1.8935930968061765,1.1758191164435425,0.39176789033594134
309,Macrophages,TILD028,IPF,60,Macrophages,1.2350861248186922,-0.21749842114190887,1.6884418991654793,0.24929763475419872,0.12793492901158426,-0.12882369438102373,-0.20032854936333114,-0.21887122485410454,0.5326467635455739,0.37039768601985185,0.4160574887503646,0.0706621711280928,-0.3455390090685655,0.5664632681005357,-0.40804928370361987,-1.1487275863130504,0.31513768385878166,1.6272702071431078,-0.1943499057453893,0.1410838559131377,1.603615274212892,0.8475218961488519,-0.1598300081427698
310,Macrophages,TILD028,IPF,60,Macrophages,1.0199342014370185,-0.039693525174392494,1.5972554399038454,0.12465920878056702,-0.2806998919575593,-0.07575868406733895,-0.5365294738442365,-0.011055316357840801,0.36722843312030284,0.6137021572186062,0.5038932734552437,-0.2132846111984831,-0.6424485361237912,0.9773960718732331,-0.4506557996025513,-0.6610109475456595,1.1294381118177013,2.2015386855255943,-0.18058962584874877,0.13431727233870228,1.6993942197756366,0.7001146407548039,0.03244825742062476
311,Macrophages,TILD028,IPF,60,Macrophages,1.1163499309000398,-0.32958216791683387,0.5253534139809544,0.21758200813536274,-0.06597277627808273,-0.1090647286567679,-0.6726336773430416,0.4195921029217447,0.022481299932092226,0.07528922407042067,0.5147586013119564,0.08218540849910012,-0.616436628826525,0.38745608701142614,-0.4617151383828715,-1.0419333991231259,0.35036691643630663,1.3361517698868566,-0.005246191492489845,0.30956966094350424,1.872502454338761,0.7531286725431356,-0.044202743593159025
312,Macrophages,TILD028,IPF,60,Macrophages,0.9376553605378433,-0.23190532053861412,1.054836280319542,0.11536206063955884,-0.9695605510050089,-0.16363574726271685,-0.9323978932478517,0.1540881911312337,-0.6664422541842014,0.5537749401461504,0.4342896663085545,-0.2847971408972619,-0.778156992629541,0.27785890618891435,-0.4215439778697757,-1.3156223397708802,0.8279302718471083,2.2431582443227085,-0.18577392874137055,0.40227615230071045,1.4592650500226323,0.8055867233962708,-0.034119222024511224
313,Macrophages,TILD028,IPF,59,Macrophages,0.969635705183416,-0.32550510797086496,0.4521626079322812,0.37198821650933495,-0.15619416637390812,-0.042700199482804554,-0.7860584519013104,0.34136114118376654,-0.060415021121015836,0.6780348112462153,0.32897305442537134,0.3009635748124823,-0.8015399290584283,0.7583761301805588,-0.4672626306442643,-1.4184978763252802,0.5672052743960007,1.1794287613640944,-0.18369344533170515,0.24885743551023307,1.6615380497694965,0.7124582209918897,0.31672001007608225
339,Macrophages,VUHD65,Control,61,Macrophages,-0.30436396136948035,-0.03785726170126606,1.0501002934841173,0.06601889853725079,-0.26415367401273987,-0.044573457320496515,0.23499745925889326,0.22127744493770737,0.47111897732204316,0.3910460068207341,0.576295280808049,-0.009857915003148462,0.5692140828133354,0.021290540692801806,0.12160421459159719,0.2134348217707807,0.6453752021668573,-0.009068276551354955,0.4746372765843576,-0.052129779889381125,-0.35411333593960437,0.8189115988708391,0.011739314843820538
340,Macrophages,VUHD65,Control,61,Macrophages,-0.30680511258409265,0.07170754731592414,1.3246084588284668,0.03698151913843209,0.016887539822972503,-0.0037863475380158496,0.35814119704395847,0.41591213639820085,1.0869595151477125,0.6179339134274816,0.9101876251299711,0.16167266777727465,0.335783117030554,0.32936945368423726,0.20047181304221845,0.04969565981922561,1.4461645929977098,0.6478343386125848,0.7268141420661285,0.03268603140911651,0.34727655301644544,1.1787589061563513,0.3002409011242551
341,Macrophages,VUHD65,Control,61,Macrophages,0.9509663139754441,0.23953085419295014,1.1621605902532646,0.09616066306042423,0.2210253434699445,0.05379009628879523,0.24151494252645944,0.5931897214042755,1.1427311058569143,0.6561285996521475,0.9398776130023091,0.005317727322504614,0.3152161285082017,-0.11963474952567243,0.2024957210364083,-0.22438503980145014,0.5774641740069443,0.27921957957190446,0.45872871851841307,0.15449039929330718,-0.2116078251364083,0.9548799669324878,0.4142032671763546
342,Macrophages,VUHD65,Control,61,Macrophages,0.5911810847773029,-0.07425177174758771,1.4061113642319518,-0.04851257605151329,-0.06411566344425496,-0.015159403565972375,1.0081543937143647,0.6088628934545622,1.3298469330382112,0.7458609920122672,0.9067435967446268,0.11818289485495574,0.2735884104829471,0.12475602681123588,0.005588340370097084,-0.2548646817484212,0.6846389728652534,0.7866520892032152,0.46239889497561626,-0.01575032763400503,0.3550213743639589,0.9550116477056771,0.5044103345947187
343,Macrophages,VUHD65,Control,61,Macrophages,-0.2190625052347108,0.08659231144087944,1.1794560067936215,-0.025686880372682543,0.12573820840417707,-0.025308410646657096,0.4119650495591391,0.47454159568290527,0.9181003116115553,0.7446870277295955,0.8376601431565768,0.318754394269734,0.41470772850204707,0.24606013503925203,0.06891677877585334,-0.8785952361752564,0.8758536604182298,0.142661107256164,0.5520642323806835,-0.04640284036363169,-0.05488811884029722,0.8989037887198618,0.11837711428486627
344,Macrophages,VUHD65,Control,61,Macrophages,-0.25247185359137203,0.08199080322442279,1.686541783434077,0.10039039809112663,-0.05629274540567743,0.05066797332053568,0.194764306370541,0.5348725328988743,1.7977212668977272,1.0386555561299757,0.9707006755879821,-0.005646818618337616,0.34995871947051643,-0.052357320041405635,0.33397346786974863,-0.6843606720820671,1.1833658778353,0.11784514046188331,0.5847951135298883,0.274311173868843,0.25224166948943655,1.0289152398672012,0.31758134377280356
345,Macrophages,VUHD65,Control,61,Macrophages,-0.2865755469861452,0.08059489253025102,1.778831432013462,-0.21036470598704496,-0.5956905847041825,-0.050052597063178786,0.5556976116925314,0.46955422060283625,1.1926195353787101,0.42161577582356496,0.8563325115445176,0.268988655175502,0.2113515165613173,0.2796749492984403,0.23870058523826057,-0.11173784994575914,0.1741302834701036,0.37149707303100593,0.3578376331540026,-0.1355104171465045,-0.1406683432611225,1.0714150516709713,0.3421064569945932
346,Macrophages,VUHD65,Control,61,Macrophages,0.2600624103804613,0.05343141578974621,1.480638365754006,-0.06203920715184558,-0.3591321430026016,0.05755801895169318,0.4456453723109443,0.5105256223962114,1.3061120215065147,0.947968516485002,0.8382688019329932,0.243045171604045,0.5084083317902959,0.2669412162162567,0.3483705402303394,-0.008826800812860452,0.41287140328661076,0.7233870523020985,0.5700338450021372,-0.26328224738014777,0.032445035870739575,1.1073819720975955,0.33896922728125223
347,Macrophages,VUHD65,Control,61,Macrophages,-0.29512471742705115,0.005632542997641743,1.391794731223291,0.21056877843502916,-0.24737853374761082,-0.07468647577381803,-0.016194568251917178,0.26187526340712214,1.406496519323142,0.6831420662517612,0.9279064900638554,0.11086909194810249,-0.36376429429057067,0.2469018597087009,0.3593398227110009,-0.20611234649587462,0.2522774094716124,-0.03660645953112317,0.396354107964587,-0.05065974868857127,-0.1072822978524257,0.11148469137091695,0.24657830933480016
348,Macrophages,VUHD65,Control,61,Macrophages,0.5916558308088341,-0.04198618979984977,0.9857049050158666,0.18987305190821394,-0.2257394597976322,-0.007882494702404683,-0.3673269174150613,0.39310990504767535,1.1252371815615951,1.1077516654319866,0.6685752264123505,0.10767438175363041,0.10937095014832446,0.3250813251593108,-0.22451280492334463,-0.20022174297975812,1.2795325217330042,0.4858927827025419,0.5409187604512831,-0.35237543133419025,-0.3508774242818364,0.6538314342985092,0.06972979175081143
349,Macrophages,VUHD65,Control,61,Macrophages,0.6127722429078802,-0.09840728511696899,0.9742237672476212,-0.026553311854819715,-0.10899760226551858,-0.022051835011643567,-0.2352534050170278,0.542133880553576,0.8462499074209642,0.33430366008191226,0.6800158878411152,0.07866792586976025,0.02236441308057855,0.4866212637227133,-0.008076191182129044,0.03996841617477599,0.5692670761294598,-0.3577433337049992,0.6590936312819016,-0.05757669248560221,-0.26566654322566025,0.6340304652884817,0.2273831603136733
350,Macrophages,VUHD65,Control,60,Macrophages,-0.2477470660237349,0.10224438133347678,1.1911254525064245,0.12729637367298194,-0.1093781249009261,0.006931593403956645,-0.528063336826867,0.4423226595693628,0.6955849159747184,0.6813199952792148,0.8610027372739135,0.29692968189689617,0.39586080156010506,0.1358693711174409,0.0663748926287652,0.0013085517140236647,0.8237033697312007,-0.5005288667529114,0.37176642912112806,-0.07252199439113158,-0.07616630736746058,0.6787320467605268,0.4667048270334145
351,Macrophages,VUHD65,Control,60,Macrophages,0.33243748305896825,0.06025422108638031,1.911244182443365,0.006165819071389117,0.04880554801180201,-0.1009613505028015,0.049014802563438424,0.5131863796754182,1.2706256796610684,0.7187702333508722,0.7734669883020668,0.407846153711569,0.5128199998514527,0.3654955683631071,0.33488287601970684,0.36367080945218017,0.28858480192557945,-0.4857385256484484,0.521471649504962,-0.036610390397327705,-0.24375282417170363,1.2011827226040745,0.38915802493714624
385,Macrophages,VUHD66,Control,57,Macrophages,1.0985024147247542,0.17962659371893608,0.13179643721264633,0.3047655463718522,0.007105162752373469,-0.032491174113652425,-0.32241493015994654,0.7022464137179361,0.7122460504665773,0.11196338136189818,0.5146871511124901,0.4849934403656762,0.6882941017721104,0.5429122898099199,0.25579399148792675,-0.45039985772775165,0.716476449420538,0.4594944005703457,0.28140074179996327,0.40429858403288244,0.6182417239286315,-0.04040276530231408,0.3675726347558146
386,Macrophages,VUHD66,Control,56,Macrophages,0.7266300918492161,0.2092728660559157,0.22191764750953655,0.21116957155570232,0.24763463832843624,0.07089828950376703,0.048360081853455576,0.7491895211361471,1.5040883724117118,0.4924341689721582,0.8064142976856211,0.008128342885193138,0.29956405460017854,0.546290821832544,0.21090041247115826,-0.6744720604522002,0.7720087297699083,1.1330383250982408,0.3927123902589522,1.0269202596066362,1.0457320685147307,0.690831656114135,0.27307782908653344
387,Macrophages,VUHD66,Control,56,Macrophages,0.8794172271485462,-0.015947982942352223,0.097410867395517,0.06549176232909051,0.27140275746864534,0.040952949665957,-0.08687580706741836,0.883005759943384,0.7349844099998021,1.4866262466480065,0.734224128189792,0.31921956955938946,0.08983606169183542,0.1129024821423793,-0.05725712167529039,-0.1796715304315599,1.0814375270292045,0.2963122932358949,0.16288015914593393,0.1974678359394765,0.7959241539190169,0.8954403934600853,0.26241961211839726
421,Macrophages,VUHD67,Control,60,Macrophages,0.7605830116711344,0.10258636346702256,0.5021783866066459,0.10584462114470534,-0.1757494242159425,0.11169168648526026,-0.017517826565353837,0.28979370491759,0.004077986398624755,0.5767088443836642,0.05363678270380841,0.059027160538629095,-0.18962998575225892,0.6397113999274536,-0.05103650623564232,0.0172905775808001,-0.1076102682245283,0.6439920649244116,0.654045564942874,-0.17574159463475675,-0.290691522579485,1.0944379227562675,0.3910799246058614
422,Macrophages,VUHD67,Control,60,Macrophages,-0.4473786478616483,0.07637983839574608,0.07733692994367933,0.008253193575607543,-0.07247581923011873,-0.0068950914244214935,0.8022873119229824,0.3266409934329315,0.17409843247042595,0.6526226030848981,0.03040413820512027,0.38768679330297817,0.32747716079648626,-0.08766896803821901,0.10031821930287652,-0.09591448388744409,0.0686514610056136,0.44344786778454687,0.5643658215669656,-0.23136554917740967,-1.065672991515162,0.5456818813177355,-0.02082535533120057
423,Macrophages,VUHD67,Control,60,Macrophages,0.5382221242688293,0.17642937704108116,1.0686759313706808,0.17605193925023369,-0.11260805911850863,0.10996759705743549,0.5623740289003772,0.5162877263169194,-0.04421710947553507,0.3820331573041981,0.16423138508213428,0.23334143314950642,0.14204053101117609,0.2627893493556843,0.511926352621162,0.04330633737539308,1.240412719127709,0.8569586876123455,0.6464740769719406,-0.2097197635739818,-0.04524300137379195,0.5397984351875377,0.7459799141351071
424,Macrophages,VUHD67,Control,60,Macrophages,0.6568449972007285,0.11612188520575818,0.1146273359063976,0.17362857827257258,-0.038314652196409955,0.10704037563242734,0.3924949121459776,0.6835029601768252,-0.11909315264307474,0.7398182328812731,-0.11520742023304169,-0.010141994627048581,0.5071239659658161,0.35927245395288293,0.13867338128569417,-0.25616639132605773,-0.0895990764988937,0.08916799221251609,0.4767802475280371,-0.37013419323617497,-0.4500591912080459,0.40411483765007483,0.28506480778262516
425,Macrophages,VUHD67,Control,60,Macrophages,0.4945792876679524,0.041087510810323906,0.22012869711855507,-0.09553601735125813,-0.05063013222697639,0.10301560721195449,0.04853096889106404,0.5472311871066191,-0.18871184168472172,0.30030227993475983,0.15333100566691443,0.16127408034601226,0.23935044691980573,0.6179639145200566,0.14673355981014538,-0.6223616889975989,0.15230194479694376,0.32586237061710516,0.3797445535500444,-0.3289251029450108,-0.7870865322452352,0.6423974421818841,0.19628558593535445
426,Macrophages,VUHD67,Control,60,Macrophages,0.7482804158540232,0.25092127583538854,0.4013250738527062,0.08575314660507852,-0.015339853447503342,0.01121491603717601,-0.48117800765984603,0.661006045569727,-0.38810784404594806,0.028893394419548864,0.16917518789385924,0.41883079021067765,0.6503564541368193,0.3299876188270221,0.12091166875279229,0.019074169845510722,0.2694736520655102,0.7863298541600571,0.27420666905029056,-0.1448576075420154,-0.1286061292218812,0.7263634311179706,0.09263779626965521
427,Macrophages,VUHD67,Control,60,Macrophages,0.6512023696354269,0.1852796486201257,0.7837462719270996,-0.06053970224101264,-0.6206194802006066,0.02398436098077674,0.6179630764260213,0.6836067990308436,0.06280029473772207,0.47739596167319964,0.19755145790388914,0.023403518502900858,0.3618831777384487,0.4837897014760775,0.12200033372872969,-0.7373610990926305,-0.12206292174879164,0.980453257680687,0.3898480243488536,-0.48851439240981154,-0.4580581746628206,0.7107832135685408,0.45767790395052976
428,Macrophages,VUHD67,Control,60,Macrophages,0.6674366169581353,0.3949491883433961,0.9072708855022442,0.12432052570306926,-0.17030995965498402,0.08652078099867018,0.16152247393945174,0.4724881925872662,0.06164508299798601,0.6712737099460192,0.05587532959070428,0.18822627877740042,0.08347964103335134,-0.26546958019198863,0.11621927708203073,-0.042351680288867474,0.20749858813439764,0.2553914779433848,0.6477772605736132,-0.15381885629997674,-0.37590929677522206,0.7787584769616946,0.3607024193973109
429,Macrophages,VUHD67,Control,59,Macrophages,0.3596898125095636,-0.02537714441952426,0.21872712773560826,-0.01914847127049595,-0.06069678475412389,0.14751622971362105,0.1178904538822558,0.25764340536198754,-0.06456848195192914,0.26621705739294077,0.15533667804083442,0.20071397813376093,0.16708674370227283,0.30640948391477213,-0.019747316629369273,-0.3721547861585501,-0.7681361714712875,-0.5932119589384139,0.6457316100201265,-0.5236087528861948,-0.7355530396845686,0.4944703522167383,0.14333013076345322
430,Macrophages,VUHD67,Control,59,Macrophages,0.6250524669357986,-0.04951528908244616,0.10505576124654155,-0.08261603218160729,0.07639417269607723,0.11821536869229926,1.006972457339362,0.6895208869539646,-0.21468020119348463,0.4130793996304444,0.20431944256098308,0.36622934629699705,0.16002649721045042,0.5389677614934799,0.17051552782730003,-0.22859617084371026,0.740551783291986,-0.04321116621438907,0.5530606744529225,-0.16388245935614804,-0.41624597642633726,0.5282280251523708,0.2835385870756899
431,Macrophages,VUHD67,Control,59,Macrophages,0.4890484925451915,0.08590856211870497,0.9993376871520839,0.2185138641227905,-0.2664419886020807,0.15177839217113856,0.3063859309845961,0.5878988474643858,0.07427139883387836,0.49676273430238316,0.14250190144298944,-0.007950272627020152,0.11560746545452821,-0.21946368180795076,0.28637269399643284,0.026587142037499286,-0.6544996896459562,-0.030728026666444978,0.6446305076595571,-0.3068414549804141,0.1526181111092521,0.4065915124287608,0.34456384845983284
432,Macrophages,VUHD67,Control,59,Macrophages,0.389663674861421,0.10225353958483506,0.5003489949165764,0.18250727899341346,-0.18132716404888055,0.06197493064945562,0.009127610563072108,0.48725857639530673,-0.4869609874584503,0.42112149186013703,-0.052255238489429326,0.006491117991654401,0.4064501130769481,0.5028145461334106,0.04526031906407625,0.041176762030457864,0.5900309977665807,0.1567964350703121,0.4482424050225778,-0.14273629830504178,-0.5085446513031195,0.5838429413415532,0.08795006916218849
433,Macrophages,VUHD67,Control,59,Macrophages,0.2713019650555532,-0.1172694898174273,0.4868056226689959,-0.016440977808991748,-0.4207064669131929,0.052572294354619506,0.4143792187960693,0.41526078696404944,0.2074193482817019,0.49048131120905086,0.20863560238485926,0.12756672915893572,0.4027717673423053,0.318613704917699,0.34115968059031593,-0.04032169581523512,0.04181520946278696,0.3714794711348492,0.52462747078307,0.18437401853052413,-0.37465382393283514,0.4558013566068859,0.24825169426282437
434,Macrophages,VUHD67,Control,59,Macrophages,0.34595244368293576,0.024297790129750953,0.08130408743454827,0.0059627351541404515,-0.1375303985374698,0.11898036645719876,0.09455311449119386,0.503566269803491,0.03410752300116011,0.6594157830380958,0.1520577548778481,0.0925286731778777,0.1409141114959914,0.15723043772070355,0.08313820866256083,-0.03798377498101617,0.3524531402469893,0.8106962149363969,0.3730309402199375,-0.44469876206707215,-0.27459277803384413,0.0008035079573446152,0.3379158204523339
435,Macrophages,VUHD67,Control,59,Macrophages,0.2870812084485159,0.3549667506031756,-0.12872169019229387,0.01547032163993849,-0.2845925740197972,-0.08702289395080685,0.669114480637069,0.5368355362065637,0.41445313848336973,0.5504533424413548,0.2723207636936253,0.2943520166827976,0.4819967949660657,0.45578133921120084,-0.07778912742342386,-0.4131123109396321,0.11214115296368901,1.0300722066710968,0.4328365051429637,-0.45962701366539815,-0.12187092830540568,0.9128158271067687,0.38302028396927257
436,Macrophages,VUHD67,Control,59,Macrophages,0.29263403709523994,-0.04952621591334861,0.3207170998836368,-0.05730266835549375,-0.08436442436706133,0.12397979069361328,0.4506217016517303,0.6413437184727079,0.6325443795951088,0.4616275481353128,0.19888858427632972,0.0029825089649361666,0.5623819282097565,0.5417578006276588,0.15284284336247558,-0.7877054545823282,0.5799514734087501,0.2739869007620218,0.41775574160066015,0.06751457035791986,-0.6201031595899903,0.8602243534614801,0.024402893463052813
437,Macrophages,VUHD67,Control,59,Macrophages,0.4653419809769208,0.012890008464283639,-0.11786518429236395,0.12712953920910372,-0.06682136254858492,0.09409917154140669,-0.010565309331662154,0.6244876047454654,0.1901556520114246,0.31633633019239565,0.003565259225768464,0.1528708469735305,0.3885703967249375,0.33994652823310695,0.20581847797058123,-0.23899650496673816,0.19048035605044633,0.09025064690063794,0.32431524093944347,-0.09107077325295002,-0.43335615644175923,0.5952542602952724,-0.04571882367281637
438,Macrophages,VUHD67,Control,59,Macrophages,0.7836471047384026,0.27855680855824627,0.416495766480685,0.1433452724171987,0.02862040837467325,0.06647052501299024,0.015087535588077444,0.7813090264100417,0.04061117689747712,0.46960253638766214,0.06285894416704181,0.4111423280128896,0.37207124961859755,-0.1522804968200368,0.3172385214069932,-0.486142014193388,0.5077298658721199,-0.13153631313975922,0.659943631997437,-0.313417266220283,-0.4490948355349353,0.2528386104953818,0.26090203784762006
439,Macrophages,VUHD67,Control,59,Macrophages,-0.5389722877436116,0.2755673410957252,0.4599988397546828,0.1420762102411162,-0.45561132864615317,-0.030328165368571768,0.16975194728607662,0.5357346834023551,0.0782961873967936,0.41798233048850586,0.384183708064555,0.4035234463356318,0.19774497458051107,0.4635668236613455,0.41767669486083525,-0.27260947469189434,0.26392123237789294,0.2007376910728896,0.6467952078998715,-0.5437480114286503,-0.3917668805548953,0.42413430967284244,-0.033958144623896035
440,Macrophages,VUHD67,Control,59,Macrophages,0.5981200617107018,0.08825130804004855,0.4295448933965537,-0.17837915806999302,-0.12283401371773484,-0.06732583054010752,0.9000867316028793,0.24225988999243186,0.5121499277683662,0.5990650129644394,0.13274422245495268,0.3783690448279569,0.0952070503340035,0.10999798222430945,-0.07364997482774704,-0.654558374747946,0.4057680850422896,0.7436716582647211,0.39867354413201384,-0.270572180736332,-0.2822880811920403,0.7938580681035905,0.4848892974552065
441,Macrophages,VUHD67,Control,59,Macrophages,0.5388037156305353,-0.1980171576619546,0.3733594690293457,-0.162323068825198,-0.1926091136059515,-0.0057874077348768925,0.018244954632794533,0.8092931148743826,0.24869158123977309,0.5617853143381626,-0.11241851659048864,0.028133864304301065,0.3777987177204971,0.1148305276126611,-0.0712761331746384,-0.2744216817567972,0.07400446066307304,0.13836310159026918,0.341772502212261,-0.6025695598344929,-0.2830158295527819,-0.1686175939984525,-0.1160123156111808
442,Macrophages,VUHD67,Control,59,Macrophages,0.31674602939598384,0.15810574171839703,0.7262258320201233,0.15295152877928367,0.19876066742833004,0.056580638647979305,0.4558815178904814,0.25813473924700797,0.1376448094867667,0.3106471398133959,0.09746309908803837,-0.1544218641777171,0.347254723204109,0.47983347927728004,0.29395906284025247,0.02394373322285572,0.11077041205560996,-0.1555023454366739,0.6514861978976367,-0.29537804604452067,-0.5041801217054738,0.568353008375578,0.3195526113261363
443,Macrophages,VUHD67,Control,59,Macrophages,0.438375564576886,0.1280968587359304,0.8160498131932491,0.06475616041446747,-0.5693457007325431,0.25970882762958825,0.1131873289602794,0.37616134146912156,0.4176569454286838,0.683954160890248,0.17054960498291719,0.25862348513713157,0.2656101323288172,0.0003484347325048631,-0.22237957403541012,-0.09820656777492703,0.3410030471837097,0.6182677420025986,0.5121438533874985,-0.2110687306074324,-0.248958604884262,0.5396122375675793,0.31393684599419175
444,Macrophages,VUHD67,Control,59,Macrophages,0.6047659022144621,-0.19211427794586983,0.14054690407285989,0.05905785628831337,-0.3418564310409491,0.05185259348985024,0.8158109675447076,0.6206383638560501,-0.1578087502805602,0.3283522530675001,0.11191226985981935,0.2934471676093063,0.27154736430918053,-0.044731562983500846,-0.05889718459887419,-0.19585687166832833,0.4115540595208368,0.09823206966433612,0.5626894349065377,-0.5132044979782848,-0.7869848025787262,0.8526954856521497,0.33212731606751883
445,Macrophages,VUHD67,Control,59,Macrophages,-0.5026991926659669,0.19273223479959709,0.1805215444750813,0.04887918874106772,0.07278172543713986,0.1660494820793627,-0.4419606151253178,0.5220850001812826,0.7874244658746875,0.7214108100162245,0.17649182158279075,0.40697815632665313,0.30692185012985973,-0.11268642704668737,0.26987436630366923,-0.3783249389815678,0.5204055118004599,0.7655060758767742,0.3966972454521138,-0.22353418484180038,-0.1822832511790219,0.5399693612405371,-0.10655511266479359
446,Macrophages,VUHD67,Control,59,Macrophages,-0.44940260879075594,-0.03094252131435519,0.5511938656695305,0.1001284457393999,0.15303757716013677,0.19751265437292728,-0.09319258114506764,0.5497222594621538,-0.047146212480291,0.014228356016090932,0.24846489482892717,0.17247073081517444,0.6150362779300266,0.2217443905521842,0.13550754612028976,0.0767902443013225,0.16688908259109808,0.5310876925815208,0.47447792794949595,-0.2948036539734009,-0.4324631928714007,0.5244845853748088,0.24545983254720274
447,Macrophages,VUHD67,Control,59,Macrophages,-0.3504731682630416,0.005719628428923871,0.22146287985384022,0.008699325010905552,0.1296320241511644,-0.07091806198670134,-0.061383726895707855,0.6945141352198635,-0.33345090600019983,0.7734704115540677,-0.08664820937139117,0.24023333971670732,0.2850789959443598,0.04260470890142079,0.29682683768974055,-0.11925759248936851,0.46161437040646947,0.3681758866478609,0.5704424732369691,0.06618374669463875,-0.5164374606852553,0.49352389269089525,0.1402195116049505
448,Macrophages,VUHD67,Control,59,Macrophages,0.4401065558630524,0.006657821077765096,0.09138694763442591,0.07265844127980435,-0.09566777926178836,0.1339129963013349,0.03962298965363934,0.3439771218874459,-0.020403702072453005,-0.014724678999926404,0.11257679053038554,0.3346227962747434,0.028804806154524784,0.2863238952632942,0.01749728344709563,-0.49323727058331557,0.49175895481451726,0.46405126273835073,0.5875382646027187,-0.33495311440658654,-0.06676354416947022,0.5947359655535294,0.062195691974070356
449,Macrophages,VUHD67,Control,59,Macrophages,-0.5059979168945584,0.047727061668669295,0.3388679014736941,0.32668671518767023,-0.23885743300622098,-0.01568102582324033,0.1730138017010748,0.5778458991510922,-0.024693433626260246,0.6999073490190915,0.27207370386458857,-0.15391875872574476,0.3177294557785202,0.1446088678499805,0.30798728457796337,-0.2547360434471759,0.6155247133478147,0.5170141328797756,0.40697268155928784,-0.22098971377837187,-0.5785966267412193,0.30917339054151927,0.5485358570609672
450,Macrophages,VUHD67,Control,59,Macrophages,0.5922727058745546,-0.029605835024353454,0.46398314262680845,0.14108870933188447,-0.2075513459396386,-0.02000290148696296,0.24841368032938393,0.6968875824020185,0.27442045208908866,0.7505448786326526,0.3625424406165607,0.3690023717019584,0.3194573362858898,0.16928415729428542,0.29726621871969516,-0.07994608315418103,0.42260473369896373,1.0045454187029357,0.5248262648593671,-0.4490966426750696,-0.21998628689959063,0.7174165871765401,0.33207261483734896
451,Macrophages,VUHD67,Control,59,Macrophages,0.28105605065518674,0.17370457571361256,0.1098249189992001,0.10405283482104186,-0.32574240900525525,0.06823245056341162,0.0004730685250724882,0.46173276710814376,0.07265958209781041,0.4612667231030424,0.30242624568369536,0.28918655407772237,0.09370326279545599,0.44276852577279646,-0.07078139766452399,-0.40915470629367423,0.10122287721254045,0.08869179595176058,0.47642273241232375,-0.13162511549828526,-0.5905195233603784,0.3953177008530117,0.20477430833962432
452,Macrophages,VUHD67,Control,59,Macrophages,-0.42893955125290484,0.006597125757235081,0.3024742176719818,-0.053309682761425246,0.1862476506291959,0.07038031826794822,0.6699359834235455,0.5903831503528675,-0.5729067608609897,0.5159715275626182,-0.05124824387750908,0.04042614126797449,0.30924019224304417,0.2527191515059422,-0.09513153975697945,-0.12203150302945395,0.6763129956473857,-0.5145489402319086,0.3762395758596439,-0.21192366071626917,-0.7050329173219574,0.5046034562077054,0.17273741753740776
453,Macrophages,VUHD67,Control,59,Macrophages,-0.5286463935980418,0.14588978580236966,0.2743014549383892,-0.08874813796350763,-0.06009276999946026,0.2611116868051426,0.29359905198050684,0.397367561445464,0.10171445234080058,0.39601657938189916,0.17946639925790514,0.2909950475882833,-0.04298547226737472,0.4392614411794951,-0.09856356602482325,-0.20666874812360514,0.33297098259744223,0.022401602200736875,0.38564949992474057,-0.17264724158452652,-0.25568227549495776,0.9105463156197615,0.09120062412635652
454,Macrophages,VUHD67,Control,59,Macrophages,0.28633083559809497,-0.46811614956070435,0.3370840295840703,-0.1434073655981837,-0.014721358169626038,0.0055638844314031015,1.1479447302923094,0.5583974475042922,0.14730366846955845,0.4909281984410074,0.028388431762489275,0.27255985740327876,0.47650270266396805,0.1181594790860789,0.14470073945407474,-0.26751169876587194,0.4705506184059603,0.6423222988137726,0.3959629802090636,-0.03154242075795223,-0.6935378759881241,0.7317560213091004,0.38154017373116283
455,Macrophages,VUHD67,Control,59,Macrophages,-0.48874322338206344,0.022723387610851534,0.6476478818585313,0.15843873150020402,-0.10479848510955539,-0.021536715661622127,0.10280380622113529,0.5250620560492543,-0.16058253202221956,0.4090534072476455,0.08556977671894521,0.03879578827397674,0.432086219408904,-0.03649282463598579,0.01877416825443173,-0.38519595197893947,0.13723129953117716,-0.579427495535038,0.35878192469261766,-0.11034457690109592,-0.8110480111983738,1.0270422669442696,0.007584442065032897
504,Macrophages,VUHD68,Control,60,Macrophages,-0.1652236143802781,-0.06321889747457256,-0.2237191145704976,0.20954519104383298,-0.11493339220689858,-0.05650363385718572,0.16128095292161426,-0.1879342112165232,-0.28981986158147255,-0.3888300052686023,0.023092361785439205,-0.2186623071650018,-0.044140626104623056,-0.08201067570003724,0.18772974069373086,-0.204006844305138,-0.3434070483724434,0.5316913962649547,0.03241295673531976,-0.34374090212848896,0.04105772837856812,-0.6753207862242835,-0.2289682718808907
505,Macrophages,VUHD68,Control,60,Macrophages,-0.1328091620221994,0.3882340545032991,-0.182692009624459,0.09772787347989856,0.10045483754928905,-0.10371716542079834,0.16250323459042923,0.06495594614257352,0.4433195800644554,-0.10053388867827527,0.0034208682366632,0.040732239688402005,-0.02891091612399673,-0.4815193539806339,-0.053049141345396206,-0.04324849541649546,-0.3968371884540172,-0.14335377935797686,0.05789803783998941,0.9201399912102964,-0.6996994491007077,0.171774803535317,-0.10536028874921449
506,Macrophages,VUHD68,Control,60,Macrophages,-0.17668619261642496,-0.16291894695498907,-0.5774829311576326,-0.07317086665755838,-0.7841254340986198,-0.12145859691404323,0.028706677826975443,-1.1077913865870854,-0.08051091327929247,0.021942983846037017,0.22176348739677634,0.01979050750150662,-0.3480415763205464,-0.39140773087670266,0.2681274485509652,0.3598944750992347,-0.6069143505540167,0.5767569792766084,-0.1371377460073616,-0.08307272058505104,-0.3612690490244348,-0.29004086204939905,0.016062556965634564
507,Macrophages,VUHD68,Control,60,Macrophages,-0.1303554790739863,-0.10182328598294624,-0.44734519316466764,0.1946004698096343,0.1759203843809099,-0.025352821324417685,-0.24753306848658993,0.15966862436238338,0.20664890070403014,-0.049589140454265795,-0.05514738450752839,0.022583430028423217,0.0785589008578648,-0.2967115680756198,0.058223887119549136,0.3861653466399724,-0.40820425534368665,-0.28729898256230224,0.10144496639450534,-0.20584155957225825,-0.8166971726715605,-0.13907167041931376,0.20860908856656557
508,Macrophages,VUHD68,Control,60,Macrophages,-0.2236233539291517,0.1174920021122315,-0.47174597995794965,-0.05617969526711988,-0.03647567294237465,0.0033074268762242854,0.07253867564526328,0.010943887145147067,0.16144568628397252,-0.0006054453832151996,0.04624850928992792,0.07318687719032535,-0.08945407652462051,-0.06980827576116641,0.120876652721578,0.08973261747877265,-0.5131061123930956,0.4230330311343485,0.10186965957486874,0.11380562359285783,-0.7895286067628826,-0.20266433717129748,-0.2036243548919548
509,Macrophages,VUHD68,Control,60,Macrophages,-0.15218084803110202,-0.020889684765370113,-0.7858133741666179,0.007601100716284869,0.35560347500227146,0.1010658662966872,-0.3496362323616005,-0.19711744688178764,-0.2788789885402627,-0.15306694779278612,-0.10542104555786905,-0.0763471643970482,-0.18924054677926438,-0.21856202011819534,-0.1321909980852504,-0.03657474700471999,-0.36908422076756475,-0.03585086563710017,-0.0009467581064634481,-0.43901788768674993,-0.6650911365344417,-0.4515088657726491,-0.3679915383255788
510,Macrophages,VUHD68,Control,60,Macrophages,-0.15903966027963845,0.18951114015965845,-0.7315586834018207,0.00430253230793962,-0.06864196420144346,-0.11706327314028146,-0.08440353762829894,-0.22719264489615693,-0.04068191302643607,0.05019873618897509,0.05418180988359102,-0.08988335029735699,-0.3579781714213035,0.38995967697862366,-0.12386423235934557,0.21326934376145293,0.047328410568756786,-0.03838856838250922,0.007848126560077759,-0.2423358974128227,-0.5990538012983688,-0.44998154886534125,0.18765794594529284
511,Macrophages,VUHD68,Control,60,Macrophages,-0.28252304753071233,-0.0709350132966327,0.3889579310107129,-0.0929425386382943,-0.34932979828677774,-0.062408505007737904,-0.49597034421813413,-0.07049843417408061,-0.37961101722432605,0.05703051888587074,0.017013224433837536,-0.47026532048844294,-0.2734135051482455,-0.05559198131789073,0.1549955816153411,0.4186013275949373,0.1376098025891662,-0.20193633500427027,-0.11973413511569905,-0.2173058011314129,0.1358371669180565,0.032659596758607634,-0.02981118862058694
512,Macrophages,VUHD68,Control,60,Macrophages,-0.3072428941764429,0.010306550360852996,-0.21093896296948028,0.08039954576956079,0.25579448086042467,0.027201199015431395,-0.12313654177023842,-0.341150851921822,0.5175892078345937,-0.142293232293011,-0.051330110007915916,-0.12308886650018937,0.052301465043283056,-0.222535452629408,-0.03634239993593741,0.9164321314149327,0.11037897514984842,0.2681220601411896,-0.20763131357066184,-0.13156099674441232,-0.3509589672214629,-0.3284681455397137,0.115915937626937
513,Macrophages,VUHD68,Control,60,Macrophages,-0.19307385834140833,0.34479470111760235,-0.3900667600443148,-0.003624121714123833,0.19887440233753995,-0.029666537710223546,-0.5056551949913655,-0.1920598462298445,-0.22820373277721806,0.046969278842575846,-0.006384853138248745,-0.015705508622275995,0.08718462529136942,0.5137643652492925,0.13822441959876122,-0.31417515429276427,-0.4577858003219002,-0.1730786232337606,-0.09206180153837779,-0.5711262315688769,-0.2734861867260984,-0.44119481589727594,0.08346257738588428
514,Macrophages,VUHD68,Control,60,Macrophages,-0.2251795039873397,0.23442407457007017,-0.22934922126594232,0.23757017770501523,0.15991064240902983,0.11048013084968855,-0.40397480633077865,0.013283328547971755,0.2699955398730577,-0.23044746540675137,-0.08187733994320355,-0.2649875472384329,-0.06152390455267453,0.20082417732949873,-0.17412223631844315,0.27612490373230614,0.2139558583934605,0.06608243761161138,0.019274128771040747,0.19748287791590674,-0.38511014075107636,-0.5613673255166659,0.21507973404496114
515,Macrophages,VUHD68,Control,60,Macrophages,-0.19214774816965743,-0.04848548225535715,-0.34643063193680357,-0.045951688012983626,0.40862551020021526,-0.06200072142158236,-0.4722675433034605,-0.34776868192472066,0.3904115233810408,-0.14333658840184801,0.06354759498271437,-0.3818798745185453,-0.24234555816179787,-0.15779977316694455,0.29078872497251473,0.339402678713336,-0.3092327986949753,0.1750078801383664,0.08180450722873833,-0.10849707772853047,-0.592894502260866,-0.16374111422337095,0.029144754282829942
516,Macrophages,VUHD68,Control,60,Macrophages,-0.1550427494167308,-0.3183934152728315,-0.635745571227573,0.16642536858360657,0.35483511865513684,0.018026257506659267,-0.03618613418511917,-0.32790013290870984,-0.3691862965798541,-0.279408092958514,0.0914362827320472,0.038932400377105866,-0.076216584010665,-0.2385563966115265,0.06004845815479701,0.2617399877496701,-0.8569759293740514,-0.7430136843369357,-0.059424161753851144,0.2528256784592704,-0.22448822009892558,-0.5665792004249666,-0.2705778514791329
517,Macrophages,VUHD68,Control,60,Macrophages,0.7145296380615678,-0.12237588624483216,-0.15164794975477705,-0.07721752365490837,-0.22196533432679028,0.16618583833802797,0.005547742353230241,-0.1887377171349741,0.13801365135331314,-0.2232231988792116,0.03916744731177785,-0.23554547265501738,-0.022721432479712,0.07356835306747583,0.03580841248894252,0.4344088041307731,-0.2640322645204116,-0.6077746327775292,0.07700912707691342,-0.0859854699909897,-0.5069910683138426,-0.7412835633520204,-0.2946089098635442
518,Macrophages,VUHD68,Control,60,Macrophages,-0.13659807262165052,0.17716598694420516,-0.750871105592125,0.24010615546702624,0.08013499242542224,-0.03348455101628833,0.08202901115097402,-0.0336416777090941,-0.19004770442923397,-0.3500618352257103,0.034931042087623015,-0.21462360091729693,-0.10213183432201037,0.13223077178676898,0.08983485061401375,0.08401766506102992,-0.6160827431136233,-0.6304293144909661,-0.4657236108602815,0.15671607786723077,-0.3603371353731826,-0.6612856963925984,0.11240415053945027
519,Macrophages,VUHD68,Control,60,Macrophages,-0.15563194217526793,0.24249462507538977,-0.23612948797821795,0.07757184961703698,-0.2767829257809939,-0.022085782358944307,0.9328659939653698,-0.07125952312565173,0.10015710683287724,-0.3142044460779273,0.006134091669587987,-0.11934353962586779,-0.40799232507933075,0.09853906309688443,0.01368262304679082,-0.15642972192489532,0.020179476280043223,0.031111388464367323,-0.03412069179850685,0.3150589660687857,0.46864608068355573,-0.44168322289218814,-0.3827073995077569
520,Macrophages,VUHD68,Control,60,Macrophages,-0.22507915726935845,-0.07472547494108658,0.3942666592243543,0.04192159255333209,-0.13075051279467964,0.04941632601496839,0.2836848764098868,-0.19024905266585096,-0.23738828916289828,-0.07798166741588627,-0.059140585017069064,-0.03733633381093959,-0.36612316004846757,-0.11899526093596785,-0.17435413224264135,-0.11386184050581269,0.13673255499855808,0.11544569846192447,-0.0352958873990871,0.11048335918377926,0.3873968788242278,-0.45656075633164633,-0.2039374796016615
521,Macrophages,VUHD68,Control,60,Macrophages,0.5902822202191813,-0.08175397173199607,-0.4616494091310042,0.17283042269130547,0.22837515787013835,-0.0404780423881916,0.07567602021985953,-0.10621438301997077,0.26227766748606113,-0.3199455288266107,0.15371458832896442,-0.21368497914054937,-0.28985365518477413,-0.23819396736441492,-0.06461869079004753,0.4084457047600673,-0.44259233498166994,0.3929099970726796,0.08152092446033599,0.2463834262402004,-0.0036590767449397764,-0.10232548166522008,-0.08013234006873127
522,Macrophages,VUHD68,Control,60,Macrophages,-0.1964889256792646,-0.10674489436831894,-0.8865476843386134,0.040283967979171977,-0.06854525649420212,0.019831403382882494,-0.10411392289004194,0.03310766793853439,0.20789381415855054,-0.07811168013114209,-0.08239786872273995,-0.058297118248068124,-0.05653069944941946,-0.05558512824748616,0.1380772739769526,0.14092031150342427,-0.25481850583906934,-0.05277438690730625,-0.11542004513536762,0.22192213776011754,-1.262518930931261,-0.5495912950927949,-0.010214018397545151
523,Macrophages,VUHD68,Control,60,Macrophages,-0.10481740706249278,-0.41176129465051226,-0.4231053600858152,0.10395748348003858,0.2059989721724163,-0.042330046439051736,-0.5021492589595947,-0.09801484379182818,-0.061909394853761665,-0.5114200506197573,0.12871619806338394,-0.3828848824544828,-0.009492086884557459,-0.17270298405535833,-0.004598185609591044,0.31525857318744477,0.07840153331081802,0.3630820779544167,0.04575195202354325,-0.2222297120636158,-0.48600559332466114,-0.13132530278204457,-0.15773347524945272
524,Macrophages,VUHD68,Control,60,Macrophages,-0.19155010134976772,-0.01789144862572798,-0.12868207624269212,-0.028857320240543504,-0.39564559368332114,-0.06408077791984614,-0.18181677040836763,-0.23469068761790485,0.1156086914823177,-0.22027750762570508,-0.02409787613284517,-0.3617433424424217,-0.033530385642297184,0.05943270643759652,0.04260714779824623,0.17633456756799804,-0.13160971545465908,0.41516001707381295,0.05141602506295615,0.002462451330868364,-0.6282874617337864,-0.24331206916242096,0.23941778318503926
525,Macrophages,VUHD68,Control,60,Macrophages,-0.20856131365057742,0.08972079388917444,-0.1851998235554024,-0.1787386454949723,0.15257247663053475,0.056235602021879195,0.10677969780939778,0.07376650462577095,0.34351262820825923,-0.10072206708672596,0.2076456693184542,-0.08793756505217638,0.2112440856449649,0.12735591262377519,0.028968587022375866,-0.04047582670485221,-0.7839087771847592,-1.0578747801496649,-0.16962354135196814,-0.34778333600174083,-2.726760744723539,0.15754874316923884,-0.07327658453237049
526,Macrophages,VUHD68,Control,60,Macrophages,-0.23883233920850383,0.4460093439631627,-0.5346228205232946,0.035866734078739124,-0.09500400661337347,-0.05697549624422023,-0.12788963371123352,0.108780094295015,-0.31092027134532557,-0.15537391953766763,-0.005942427111971113,-0.14669132620856154,-0.5672253740957222,-0.13319395351724353,0.1886570217427286,0.015593633163674743,-0.042654367174447275,0.24268044199594518,-0.06363655773822266,0.09558018350847719,-0.7300239542645712,-0.29029648485795717,-0.3552469903896847
527,Macrophages,VUHD68,Control,60,Macrophages,-0.12417046478536473,0.12080523129077654,-0.044733334021750636,-0.012881766573621643,-0.1069162264340627,-0.04284845121482613,-0.2916306381224896,-0.31960212543050415,-0.11543340538513787,-0.2910702271003982,0.013733133394349863,0.0564027986563221,0.10684301646200897,-0.08653994743643562,-0.002677693680871821,-0.021057344672083523,0.0111613238955321,-0.10206484444423611,-0.11058503269178299,-0.04334820344012379,-0.30792601691597427,0.12938779834738415,0.08386332408953608
528,Macrophages,VUHD68,Control,60,Macrophages,-0.19598374386501355,-0.39027028662273267,-0.6937573468245396,-0.0014057554277744728,-0.11155990263295487,-0.06968144555157181,0.31941174623925317,-0.2472632446429175,-0.16784744081264003,-0.2985237462483863,0.11188426357947133,0.03169426696939825,-0.12945522215729222,-0.2779049059753896,-0.018948542519874177,0.30263119928645227,0.15770019165027296,-0.6528894707836116,-0.006471405475296791,0.27444848832825963,-0.8857753376457191,-0.8739349784947222,-0.2532464130786277
529,Macrophages,VUHD68,Control,60,Macrophages,0.5854359545577578,-0.29057792443275654,-0.4330856451050909,0.05359420293139713,0.04866630606584273,0.06629331540226574,-0.22270595298009702,-0.2132105158574375,-0.26709172623703425,-0.19738491173022424,-0.11499857636089891,-0.04841758572688866,-0.19397777939875396,-0.2745693034062672,-0.19087792843856838,0.2496729234546833,-0.2217876030046681,-0.7244207572084862,0.18301048867636854,-0.3065008970418484,-0.8658575184050659,-0.8791127545446052,-0.11995691349886346
530,Macrophages,VUHD68,Control,60,Macrophages,-0.2895933688204648,0.06989613650343227,0.27986802024089547,-0.10597813093767039,-0.5333080422945923,-0.057708837194537496,-0.7273980685653564,-0.42301567760804193,-0.07809966783276456,-0.06807730253988016,0.04525519746733295,-0.43543098055127294,-0.2516970538667047,-0.03941859060158518,0.24244729385816416,0.11451081725070558,-0.7248356103002299,-0.44256481177830564,-0.19614990359316087,-0.19423269156797104,0.28385351233227174,-0.12513741573028583,0.114547783166531
531,Macrophages,VUHD68,Control,60,Macrophages,-0.3110055494665582,-0.12294461851845398,-0.22809709604636608,0.03596486758405531,0.03627673366307155,-0.06891122024615585,0.22685862340583562,-0.23266959256592623,-0.02822374887268035,0.17345010633687916,0.16589565859262376,-0.010517819475126922,-0.12523223771084102,0.08715713544815581,0.39577976583269153,0.01551361712522625,-0.7183207912280566,0.8305403620127898,-0.26935531519933775,-0.1508824947970231,0.03523372762499219,-0.9165737787465417,-0.315438428798527
532,Macrophages,VUHD68,Control,60,Macrophages,0.5192126058230812,-0.2757834986761356,-0.4362586903649972,0.043907760420119166,-0.3471203742773237,0.10774886840230025,0.2287496840347164,-0.18534956399583605,-0.28927631697113837,-0.07362137561827065,-0.11401047995115676,-0.40150059655431913,-0.09853692153565771,-0.247431660984155,0.036375287407822185,-0.11535684822602466,-0.1448087344146625,0.057758160936586755,-0.09585712681166039,-0.16575155724354423,-0.3214957756232378,-0.2578959440944521,-0.07139746331593119
533,Macrophages,VUHD68,Control,60,Macrophages,-0.10118501086885952,-0.10469873645472708,0.14981660344385725,0.021160554598070067,-0.5470083367172945,-0.04064581114848888,-0.06414262967457561,-0.3150636442142973,0.5024020342534704,-0.1445957520245766,-0.026760535254167335,0.07391846879780554,-0.4365013453658957,-0.3369149367834961,0.045557558436433374,0.37410255153116956,-0.7510013167669499,-0.2806011889460743,-0.11667952627524987,-0.5630173230945513,-0.29666296217244803,-0.7578630252839015,0.3887464778109585
534,Macrophages,VUHD68,Control,60,Macrophages,-0.06571443965607005,-0.3062779418693071,-0.582095237084054,0.0692695634351917,-0.15755288368064468,-0.11750300305111752,0.38415726728119304,-0.08889119250095828,-0.3193528579694712,0.24195437423831637,0.04410161785316771,-0.31473441869692564,0.17270981706334465,-0.24566333170823812,-0.05556619158975672,0.13820239662347805,-0.3479310434545852,0.3871446667397853,0.050843549254870085,-0.16785231307750903,-0.518320117505311,-0.863838479001977,-0.0836508601424761
535,Macrophages,VUHD68,Control,60,Macrophages,0.6050192470707723,0.09521936423582075,0.12934391801043826,-0.16090766381426255,-0.2013656015605806,0.04074201402791722,-0.47485454467288085,-0.644508780759517,-0.17962421962900538,0.0852750757116351,-0.11452134644985566,-0.1026754291729538,-0.5004614488559815,-0.1706492642884204,-0.31386554955537066,-0.04426178598766402,0.012877390868521802,0.3440144019421081,0.17346231264273188,-0.3178256076188414,-0.09361441727012039,-0.6064859313149474,-0.02822072362723786
536,Macrophages,VUHD68,Control,60,Macrophages,-0.24505472393982863,0.023704546005710023,0.6579751570323922,0.03681603205194941,0.5315188106536451,-0.13868712868948077,-0.023630855626473792,0.008398250841424364,-0.20107753144909243,-0.11631999123610401,0.11248608516990954,-0.2474601602111137,-0.4997332234123901,-0.22371517231300245,-0.15605916929536032,0.48973577681040104,-0.24724822996190604,-0.5130104386372031,-0.23993504923076583,-0.07265398936462376,0.06899201474492203,-0.20733967462261968,-0.003499937983627268
537,Macrophages,VUHD68,Control,60,Macrophages,-0.18189201035971794,0.22698197377533455,0.07579076323651919,-0.005892179203853642,0.2872856610599339,-0.056620341066979794,-0.11857913869304246,-0.24568362130888044,0.5051571424545593,-0.20692406876218764,0.12098602438166199,-0.12084436314003531,-0.24917010663181538,0.13392193219825074,-0.09162033755297533,0.42484283716276317,-0.24583919134363263,-0.6355975526521701,-0.18038180596248432,-0.662919510856215,-0.42473393672240783,-0.41734632812326833,0.06558890845161985
538,Macrophages,VUHD68,Control,60,Macrophages,-0.1989190177434077,0.006579759519001546,-0.326487827244572,-0.0885332183635672,-0.34514134414451714,-0.07999303869680201,-0.337997464465159,-0.32401254153589665,0.035279994426496084,-0.09111206611424856,0.15712061412134057,-0.24131603372720656,0.14826514413100972,-0.7101849626596974,-0.024748299254222537,-0.18469105654375884,-0.2097533011460554,-0.026498656539223158,-0.10343537501301753,-0.21843474871359478,0.03932324728056357,-0.23327405021734227,0.18314475433820426
539,Macrophages,VUHD68,Control,60,Macrophages,-0.2929917167670854,-0.031480807168542096,-0.39085497362066585,0.007384001298023237,-0.19917408593230074,0.01929194262335195,0.24246084330276596,-0.1768146998058923,-0.015117929699504418,-0.009929874596255408,-0.02796389762489961,-0.034451501265841976,-0.2163483378606429,0.09990427418308197,0.04188054078119367,-0.2177300181042422,0.06910936953136432,-0.68360950960217,-0.13945836853302018,0.2059856295106733,0.15308549703291519,0.1488734287856314,-0.13941777020837612
540,Macrophages,VUHD68,Control,60,Macrophages,-0.17056269936656454,-0.1381360209661211,-0.6893615707546812,-0.15000690674457712,0.24385745812776638,0.05718358371512445,0.7469135852965213,-0.19706344488168592,0.23033316353976568,-0.09773681750271837,0.06345033999406169,-0.0191211459232628,-0.3812558013044575,-0.4306529777800989,0.1518163774755619,-0.1667735520192686,-0.16257826716026685,-0.08117919535863181,0.040325444747615576,0.05670126213358411,-0.31817586596723935,-0.28582033962475617,-0.32220422788464176
541,Macrophages,VUHD68,Control,60,Macrophages,-0.08762947652186225,-0.09609849625453262,-0.7999412610542919,0.11992205968248604,-0.040049549500943665,0.03399165516977044,0.037907964924026684,-0.02821106990864791,-0.5871417921628522,-0.256246960544952,0.018181449361768534,-0.1786150021816058,0.06417821857385117,-0.2678448555145569,-0.1817706971289924,-0.1759808628028943,-0.43771012684735927,-0.8310687603659784,-0.41121862376690815,0.09235984056350889,-1.200258965184907,-0.9307943499734631,-0.3804007911905789
542,Macrophages,VUHD68,Control,60,Macrophages,0.6812593649300743,0.13284540830159314,-0.3841269003840009,0.10940209909119883,-0.04427556356401542,0.04168660570973454,-0.17863008338659436,-0.035463494599630475,0.02490622544264673,-0.3638140111623903,-0.12381903831833777,-0.11412569446904487,-0.06954061938321915,-0.15123881894309524,0.08447940686941334,0.08286988226862183,0.11296560958990884,0.42976430410399585,0.1152245961390223,-0.002935573117848423,-0.05893948303237506,-0.6514504358798783,-0.09789345585992373
543,Macrophages,VUHD68,Control,60,Macrophages,-0.14178379234806784,-0.17400612295197074,-0.2234988489202349,0.19769806554502717,-0.21801221507073518,-0.048846095750813466,-0.012535781230976036,-0.08924957433904349,-0.42387383422179686,-0.3834199142125068,0.025325123454854225,-0.05723330149164675,0.16687800779065276,0.029354975440251903,0.10443516006370349,0.04193618009630323,-1.0492513429574943,0.2863439621397694,-0.13871627823992605,0.161424672255484,-0.06705880867209701,-0.8442155094046536,-0.24225265531604825
544,Macrophages,VUHD68,Control,60,Macrophages,-0.17872941360422134,-0.12140046764196351,-0.9069036422046127,0.177781110592385,-0.004326497773019159,0.01771214023323052,-0.1447906073830271,-0.03978332391330114,-0.17736416237381714,-0.027300919262552195,0.1252284308691891,-0.09159601862116917,-0.08120381056975443,-0.18020227892157384,-0.005087665013931011,0.06111746306012861,-0.09994029357893006,-0.8103972928442329,-0.26751918479169345,0.2791216958568218,-0.6607898679171427,-1.2206731611047064,0.3030390112608876
545,Macrophages,VUHD68,Control,60,Macrophages,-0.19680348475988488,0.13658757952868586,-1.0317025539877667,0.015404141725344957,0.0918396577890459,-0.008925688821016214,-0.30018028916469736,-1.1802779023512167,-0.48926056979996907,-0.1631233265717455,-0.011865740687246044,-0.0014388538547881165,-0.36569309201652006,0.14455607185272715,-0.04688633652408794,0.004341667164357257,-1.0928935420306287,-0.19267504970426372,-0.10526624649128626,0.08181403334209997,-1.1667710583246094,-0.5605077359528816,0.09759885326012993
546,Macrophages,VUHD68,Control,60,Macrophages,-0.22464887156700233,0.12624313309339108,-0.5459799260161328,-0.1131156426508125,-0.5609881411030843,-0.04866493640402843,-0.5567414652612793,-0.3445471292946712,0.2849112540065332,0.34742959327982714,0.022741519362668803,-0.11605173340745716,-0.17179359530969304,-0.36922700901717914,0.16323698732348177,0.2769488532503567,-0.035440164919265486,-0.40590590959401446,0.12419550985138628,0.264568853988655,-0.41649584869511286,0.17577473315137424,0.1749448418770874
547,Macrophages,VUHD68,Control,60,Macrophages,-0.16867152246742984,-0.3283896050080088,0.33772958627125016,0.22028229170128474,-0.2661378843336786,-0.10646463418665009,-0.2848138740249135,-0.1519229576586042,-0.24971657342551312,-0.005409005373066052,-0.02527505449796636,-0.34270116276089435,-0.02909469109579966,0.05384325771172948,-0.14183620440999017,0.04802812043131481,-0.1206204312914504,0.15100571141670507,0.08311694559991911,-0.2323274214728985,-0.08202677471290871,-0.4872588414847353,-0.08733433973906807
548,Macrophages,VUHD68,Control,60,Macrophages,0.5518526489937263,0.10962396940165418,-0.3700073680879771,0.023269764582261078,0.42746012351496476,-0.024429727878788637,-0.4882657978541077,-0.23651510948132018,-0.3940585638884091,-0.3633713229312136,0.23937479632694306,-0.22206780845425997,-0.12537019440165217,0.14119400658759568,0.15839013959884543,0.20275200125588194,-0.8642857618450694,-0.6568657573776654,-0.034391009078603714,0.3174955830209474,-0.5455478080883908,-0.4982226072292568,-0.028021325338665602
549,Macrophages,VUHD68,Control,60,Macrophages,-0.11406634962914917,-0.4474048743869503,-1.5512806389741645,0.2707218294694626,-0.10642196529990347,0.22784448673171198,0.059828929836963314,-0.2120150726837661,-0.10637017880582415,-0.02822902367949412,-0.03262146290275507,-0.01612022548826371,-0.23003341443834652,-0.15436541459113215,0.07662183833185109,-0.16141417945595357,-0.9408646904006908,0.09406441743545879,0.17464051434166022,0.10906290288251785,-2.8421006462911236,-0.6351531996291195,-0.12839526076870109
550,Macrophages,VUHD68,Control,60,Macrophages,0.5667813984010983,-0.012595600490887936,-0.6179342856026564,0.10029802616374717,0.01047084321994784,-0.02043701891071373,0.13122337756862754,-0.1173669674363223,0.41637429519885905,-0.4243211295615755,0.06862101471358938,-0.0690429901727052,-0.1604926157410141,0.024636259511084245,-0.10272406634468509,0.6086675328229071,-0.9443367665683754,-0.6277543911451035,0.01861977031425471,-0.06022645232412852,-0.8031380766566405,-0.4059857086363111,-0.23871380286511834
551,Macrophages,VUHD68,Control,60,Macrophages,-0.12260769421239726,0.07147503938502262,-1.141524153926723,0.030039276897728482,0.07313167853538848,0.1066920882098732,0.22924387261539622,-0.28358026236661055,0.2461430615263337,-0.2561893101081285,0.11890510258558938,-0.04287058397712965,0.005548136346056255,0.08053956586932291,0.010353526181679364,0.0022462827752209105,-0.7162194863657344,-1.0093892264245803,-0.3614531101042325,0.3485029448999639,-0.7951870185922637,-0.9455549431730826,-0.11830981749969366
552,Macrophages,VUHD68,Control,60,Macrophages,-0.18478645289044837,-0.008250457252193295,-0.23249934457322033,0.02513340613791432,0.10950608217961717,-0.020000416769015754,-0.2815561036994946,-0.023750096835206992,0.20947732050318144,0.025586376068047575,-0.027529931348995427,-0.0709209715792934,0.03907573145058526,0.06796603866533062,-0.07523795769204561,0.1949124808040608,-0.4263826956177241,-0.26636562156137206,-0.2065299686449578,-0.09332644252771731,0.07770132096686569,-0.16857466307853453,-0.16693194037335085
553,Macrophages,VUHD68,Control,60,Macrophages,0.5419667948267215,-0.06995553292036923,-0.5807367218308539,0.29778873458615857,0.03876393531105754,-0.022404702960735243,0.1089136748814101,-0.020195044701662647,-0.07653778198295871,-0.049838485505378186,-0.08403969269808131,-0.3764334729735627,0.32753536893154644,-0.2957355906142631,-0.051422916345681566,-0.09380155839452708,-0.7036548669573991,0.20746321674283416,0.017404228636136457,0.10595645852695057,-0.21361815721137054,-0.4382156080127411,0.019131954988205038
554,Macrophages,VUHD68,Control,60,Macrophages,-0.1699157295697601,-0.05751010280688564,-0.4005895335004806,0.20029067901171052,-0.1709238630022436,-0.04497992067605146,-0.1097864593178343,-0.19087839396298556,0.05889995456277899,-0.2664888070317261,-0.005690443982153001,-0.03465344836553478,0.3171883737501927,-0.10854475260210053,-0.04932783677573814,-0.027702736386127417,-0.6757870426816754,-0.07488733494128268,0.11590715526891585,0.39189063076246156,-0.594218856677833,-0.05012502888967537,-0.12100200924066636
555,Macrophages,VUHD68,Control,60,Macrophages,0.607709137509048,0.30189898349645744,-0.34809163436437773,0.018988145131691607,0.2816337547368896,0.07773684490152337,0.6686385102015917,-0.2683810425231566,-0.07518168398040133,-0.13813567297977175,0.09528584148056819,-0.6637145751426322,-0.1864036811584509,0.08418971479717759,0.1903559526312551,-0.020412825566678318,-0.10317560792118217,-0.09933251203118772,-0.05395138676406004,0.07435994669893853,-0.9145734564226269,-0.2024363956097603,-0.09820791860352732
556,Macrophages,VUHD68,Control,60,Macrophages,-0.13100694186385706,-0.13290642981655057,-1.003327371569288,0.22855960094526612,0.16916502477696488,-0.05448868754051848,-0.5658748925630125,-0.22121939224408618,-0.05176038098056489,-0.44151420668701946,-0.06655259488542985,-0.1388735030847858,0.20340196966087534,-0.4058114919259118,0.05471253900095521,0.25402717468202896,-0.35245790671993327,-0.20115339233458424,-0.30209507990986756,0.11592778909904145,-0.2828151140990808,-0.28704512154284534,-0.019569543665679395
557,Macrophages,VUHD68,Control,60,Macrophages,-0.16626501662006338,0.3659427166062329,-0.6891023557297494,-0.04635245063141374,0.2212399277838219,-0.0830747612634705,-0.1578285072546391,-0.11968695639181884,0.14885607655107608,-0.5518012786892428,-0.10087075712063433,-0.21817651135141222,-0.13399136335968576,0.011743364712995162,0.09813838571153007,0.187562284299727,-0.31540939565096154,0.14003377877897918,-0.0550673245472722,0.05800445792333509,-0.18906230007609118,-0.38185277198028983,-0.07272616368898047
558,Macrophages,VUHD68,Control,60,Macrophages,-0.22798790490984866,-0.17884751401112664,-0.010906499833556963,-0.0825575860566434,0.14409175609225294,-0.005071570115009444,0.014322910569290314,0.15483633728844276,0.2146707951796552,-0.17117627948757583,-0.11335250956755298,0.012029883621549962,-0.10800179192221945,0.013760986935282715,0.4463239872822939,0.11099754476289275,-0.8587095644036175,0.1711263749666303,-0.13196338092002813,-0.17102236208475158,-1.1720423627833345,-0.6471853437867852,-0.2394196020292446
559,Macrophages,VUHD68,Control,60,Macrophages,-0.14758877788426047,-0.3609694713419003,-1.031288978097692,0.118359508273468,-0.4751200718980092,-0.0385071249723907,-0.529124566190361,0.15253077730508158,-0.1885282634907607,-0.007151152340998677,0.020571090684476427,-0.19726215004131378,-0.18137493537602964,-0.3567869147091334,0.30855916856728083,0.1285090046951133,0.16029459759402473,-1.0432678155185418,0.24955290258638607,-0.14910992210134566,-0.9496593636555871,-0.7695338597147086,-0.321848385428211
560,Macrophages,VUHD68,Control,60,Macrophages,0.5626894386897856,0.1191576458554721,-0.21447142614022877,0.011626392077790565,0.22713588526589307,-0.08525986020461743,0.08637566573286229,-0.29162238618088915,0.12323663764810273,-0.17597300385316808,0.2214209525099619,-0.15683019143335644,-0.41684654125646303,0.10864393323215828,0.2119550313970849,0.4283668796175674,0.2204259224686174,-0.2131349892098071,0.1927420555331482,0.3211857160782992,0.07600719374414301,-0.307156554957424,-0.08847932609410888
561,Macrophages,VUHD68,Control,60,Macrophages,-0.27373217121170285,0.28285950217223943,-0.15603987788751736,0.06029397463960438,-0.0931408006306489,-0.07038943002023765,-0.5067996096007017,-0.20457928507842177,0.15268198170799308,0.14922948400689265,0.09149940889218969,-0.026179380918996204,-0.16736670462530917,0.3292373537492945,-0.18763407599999055,0.10241063389178362,-0.040596308537475104,0.1291485217044188,0.027013247461360843,-0.015098909799529579,0.2556934586714631,0.1368621792997327,-0.06721044031059786
562,Macrophages,VUHD68,Control,60,Macrophages,-0.2545045752616509,0.14602767509669606,-0.4320334149659234,0.0018195158930503262,0.48155147749641225,-0.12578631883768962,-0.69750097925643,0.10476355970651241,0.8951848810649059,0.16499105245451967,0.08985662446765443,-0.21634445721070164,-0.38808203579161266,-0.014744038912247761,0.3036092551184423,-0.20105622157276518,-0.6690401498980254,0.31807362315062976,0.06777402929116882,-9.043876416660237e-05,0.43184744831322297,0.11940783744552955,0.15123503863631577
563,Macrophages,VUHD68,Control,60,Macrophages,-0.1560557170139416,-0.006117761916077852,-0.6346438423246797,-0.18149826456330606,-0.034377315946635505,0.11113625743599091,-0.5592460598618096,-0.008846382408408883,-0.07283858138729271,-0.17046361893319698,-0.05383692622972873,-0.06383236207517816,0.12418981933564682,-0.10120012011206247,0.21783413018246822,0.09750348143664556,-0.6278610899513591,-0.38587305814244116,-0.18870653097861437,0.937204800130975,-0.9720747156736634,-1.0619431868738949,-0.30959842613945904
564,Macrophages,VUHD68,Control,60,Macrophages,-0.1923789662128072,0.1990353891428002,-0.35305283811108107,0.1746100936562916,0.02497536923681646,0.0978529411016277,0.1833220063894889,-0.21302976015991842,-0.05115243443156152,0.01979180840236785,0.14044725553793577,-0.10973579825051896,0.12488795256774302,-0.15828925463611132,0.03451046480929934,0.14618475945011333,-1.0516868391055163,-0.9547639730039561,-0.19662670963304196,-0.025942514357112836,0.22292464173004914,-0.3212972573864208,-0.12443550543405642
565,Macrophages,VUHD68,Control,60,Macrophages,-0.2580268990228262,-0.3736504949813947,-0.2054017519027598,0.05370146767612551,-0.18001321691479844,-0.0928647197326663,-0.1461901544024281,-0.4198696713380123,0.2278361401761192,-0.11194976102019666,0.04124993126927512,-0.35543127361663096,0.02823401356655303,0.1993677618922553,-0.15559565330632402,0.13189789322833675,-0.3424325337350139,0.02784911131438143,-0.25894155058115786,-0.15293793359734006,-1.0649904414905706,0.359355633793186,0.18116943748099976
566,Macrophages,VUHD68,Control,60,Macrophages,-0.22010450131444756,0.35295028581820137,-0.4798393619504885,0.11856077881398136,0.1852313713041147,0.03386329314708795,0.003784420982062783,-0.20012149000214915,-0.24801643590573236,-0.1524709989092692,0.07830190413182438,-0.26919296089434436,0.11537371727868828,0.12483904904573931,0.3115133699908277,0.125595963904773,-0.8309502641359409,0.07333259073759528,0.09632011093503266,-0.15627440386145589,-0.21340877844584102,-0.372049778243976,-0.04577281227829112
567,Macrophages,VUHD68,Control,60,Macrophages,-0.210739453730096,0.013280216531126642,-0.3864593357330434,-0.04515900127036009,-0.2833381368826723,-0.027233386704444633,-0.16211256713411326,0.036380674428874736,0.10960801093888238,-0.07080180883974521,0.169418898775066,0.03040030915214942,-0.2660565723574776,-0.12010701484835695,0.27820758159283215,0.41996469166506006,-0.5121942966288185,0.06227635175445147,0.2295377466787204,0.2672748998499084,-0.343525974382416,-0.07983571962585728,-0.03831546750584588
568,Macrophages,VUHD68,Control,60,Macrophages,-0.17574726534152205,-0.30926463908288604,-0.7629826962928851,0.24336039906225018,0.2841348496950081,0.06965391927871932,-0.5491383772292976,-0.18253101548144463,-0.08653290477011273,-0.040608961235016686,0.02408704390690561,-0.09494133972467222,0.0059855617213685555,-0.8092983257917199,0.12046671631100046,0.03521170514890422,-0.8250545595665314,-0.012797938470763937,-0.15562384287301945,-0.30922482679674473,-0.7114574528172002,-0.7510121054753345,-0.24647999074475707
569,Macrophages,VUHD68,Control,60,Macrophages,-0.19130249553202447,0.04271580524407498,-0.8531367582631135,-0.10273526307432614,-0.047787843733893415,-0.07300872836030953,-0.3437651010855101,-0.17646694984994027,-0.7297157774540411,-0.3900627798178861,0.022771354908720502,-0.3570657372381261,-0.01680174016596312,0.03104209288910878,0.17572539520536024,-0.017964655792704183,-0.3342659387257037,-2.0793926557750693,-0.0844624418327356,-0.6181531965627,-2.903500210479914,0.04715270793950644,-0.36396256313150166
570,Macrophages,VUHD68,Control,60,Macrophages,-0.14679749608335474,0.10657209939802557,0.07354979287018912,-0.07980777350326965,0.2651124700911792,-0.05546908044559671,-0.08249028568505887,-0.017087337785499167,0.462337273902957,-0.18841708250139047,0.06778396268143579,-0.1981505342747401,-0.40516256551540875,0.325188639752792,-0.007292349038431609,0.19394919663995147,0.08836809956108695,-0.47129976331133155,-0.12598327573764945,0.15545066955022305,0.10998421315506389,-0.1466246181333193,-0.10609876381160688
571,Macrophages,VUHD68,Control,59,Macrophages,-0.2628355398878503,0.0814585185972583,-0.35635168896703784,0.18487888775066688,-0.2523194436723615,-0.06970842082418877,-0.08168329964125076,-0.2063563901226003,0.35933729283872684,-0.4272643721470664,-0.09395555459524547,-0.13159931504380568,-0.031643147252392596,-0.1427184355142543,-0.0016256746153338036,0.29616773902077764,-0.7347258783977627,-0.446157279956738,-0.017286497038067714,-0.07919138628944189,-0.4720249411130734,-0.34032868168433805,0.09106476336042413
572,Macrophages,VUHD68,Control,59,Macrophages,-0.15864346206500837,-0.08136704706769161,-0.32705671020208527,-0.006736630020187438,0.2568608877662464,-0.030392809602238006,0.28145460094971797,-0.2339018017488006,-0.1442553403731756,-0.28381508800525845,0.003942552314182484,-0.12414179520306162,-0.2858164771441098,0.06537408900393948,0.08768220745988071,-0.02968017204330183,-0.39039374934499743,0.16149020241464054,-0.4005475869595968,-0.33155168279142855,-0.5691829272922746,-0.7186417094641214,-0.3794650298366092
573,Macrophages,VUHD68,Control,59,Macrophages,-0.17470496597159546,-0.1362394701972292,-0.45537163381165946,0.03349561308517952,-0.5183122425970171,0.04567932992912789,0.12321461712981746,-0.25945248304261864,-0.19068060790826366,0.060936876814244686,0.08415355579509662,-0.173254221017728,-0.07161019454409032,0.07847889423644738,0.47404231164835076,0.05572678921010413,-0.8417443277240773,-0.6468514868784415,-0.06949445493079148,0.1406129227056734,-1.1988675113034677,-0.14854948635320597,-0.17010165839269248
574,Macrophages,VUHD68,Control,59,Macrophages,-0.166902248588287,-0.1267853037584241,-0.6219059162122038,0.0650809738948141,0.08150183408132908,0.05606409373708602,0.42398440349236904,-0.20243916009823487,0.005167565895279244,-0.28491885968940195,0.00426296022316314,-0.11091680496735509,-0.08822269483497489,-0.13993233328128765,0.039421327458515454,0.38144772279291395,0.13325505832019502,-0.5491867599706975,-0.0672743938058607,0.32048024429362865,-0.5762761405667948,0.17852658740363753,-0.1354346975801937
575,Macrophages,VUHD68,Control,59,Macrophages,-0.22466057062027994,-0.2041360907398074,-0.014241133409467789,0.0625335453255142,-0.6526446126532696,-0.02356720993840959,-0.7700458088151008,-0.34832760368360366,0.023415392491910728,0.10224435267936728,0.2615753634479591,-0.17312928231991032,0.05375627328920194,-0.1070123612712728,-0.46960485656517525,0.238381545994587,0.07495802263354348,0.05494371657905234,-0.11660553381545388,-0.25784394536339267,-0.5910946001522441,-0.25799716728966005,0.26292924591669437
576,Macrophages,VUHD68,Control,59,Macrophages,-0.19899676882440132,-0.08199289492897331,-0.8889896204703848,0.08112974488590458,0.09467535871850316,-0.027067707496220117,-0.23401011816029488,-0.25993858114993706,-0.01757631235433725,-0.3232646272762849,-0.14575474966822338,-0.5389328682833602,-0.05266268802276765,0.7981393649735314,0.16363107739711555,-0.32312650433943974,-0.18790783197016303,-0.15443711448791259,-0.12616881474811575,0.37803981354425253,-0.5588205017776804,-0.6628509767403973,-0.20217568598053845
577,Macrophages,VUHD68,Control,59,Macrophages,0.677472349090563,0.06741230289721185,-0.15586241156971561,-0.031081121389227747,0.43779644293467507,-0.05926010499799616,0.04782245995242498,0.009332741664315261,-0.3449012405516365,-0.2666955119944964,0.00820324078836509,-0.06990368056386592,-0.1327896555581015,0.11152523786093672,-0.06529195933595419,0.3390145344276259,-0.6369017051224278,-0.3996995223684771,0.05142917651907233,0.005389011752537928,-0.11614433394486538,0.11353538090808717,-0.09372158232404999
578,Macrophages,VUHD68,Control,59,Macrophages,-0.1678180076672164,0.1131121619597232,0.0019252475161552493,-0.12950174729767702,0.05907724866701747,0.036927448758308716,-0.5035424186185514,-0.12917034525051677,-0.4466299637106245,0.361029591376093,-0.07608612496793708,-0.12338437344318219,-0.4396929096868254,-0.5077895502349747,-0.18985132564763502,0.2547195290218004,-0.8549238029247757,0.18301517328457279,0.08993508771179427,0.9326538920712483,-0.3081617777106417,-0.3966793604584121,-0.056143516232551684
598,Macrophages,VUHD70,Control,60,Macrophages,-0.2605247353228972,-0.36611392794180336,-0.02034604551779383,0.16639583476671915,0.2955539276958187,-0.15639555996703952,-0.22642383337271704,0.1878951956548021,0.005572148620084901,0.42217845916568847,-0.008931485910913872,-0.08113861798320691,-0.0024308813655048098,-0.35873823506231367,0.07537675249004876,0.43085108681715156,0.38907733081840207,-0.40188519711630766,0.2202209990604076,0.49936491717112913,0.01935965495120727,-0.37743288583322476,-0.34212165223978597
599,Macrophages,VUHD70,Control,60,Macrophages,-0.21282838910926266,-0.36687052981051943,-0.3106944016999662,0.17664227903141058,0.02535620772463433,-0.18668997717360905,-0.540160842032152,0.05215812874793376,-0.59353878609064,0.11677461608563514,0.2785967289852462,-0.08002882927154037,-0.18490545589950844,-0.027194787306078945,-0.10046050679989496,0.5180945437175014,-0.3379489023231959,-1.2064864625745708,0.2153292946822263,0.47178896884744487,-0.6314168855682937,-0.5840988731403686,-0.5319483809860932
600,Macrophages,VUHD70,Control,60,Macrophages,-0.295128717448076,-0.1692344153420026,0.2321816676248049,0.33026206010512377,0.3473114715346852,-0.13370126804089957,-0.6178293874836368,0.18673965270605594,-0.49702993945083324,0.5559233620936146,0.37612311088386735,-0.34115891905493906,-0.06467996774894383,-0.49611030486780994,-0.12293069581308824,0.5084716976916734,-0.7188694458318224,-1.1528034559651936,0.19142167317780134,0.3885675146998578,-0.751704038228761,-0.6667770867213315,-0.3745399014880669
601,Macrophages,VUHD70,Control,60,Macrophages,0.390721411846981,-0.5342754015490856,-0.002622004831507609,0.07072919686546028,0.2978005259108693,-0.21358377943242843,-1.0046044731544714,-0.06808017908347988,0.31141795098894476,-0.09808528774843045,0.38779151959888475,-0.24530467431472605,0.3695965059336851,0.17501131539661324,0.2752861130762389,0.37652880356813306,-0.3073146168726434,-0.054908081208634635,0.34036247301090944,0.4490667041509694,-0.5010925604743421,0.1040825951046552,-0.2402601429307196
602,Macrophages,VUHD70,Control,60,Macrophages,0.3996035598093544,-0.17650641072456405,0.2649000736484424,0.06297753661377506,0.2903722075022472,-0.22597271933115465,-0.1627266581348215,0.18850833287601415,-0.3745328683278977,-0.20626104829241468,0.12616542136535344,-0.1660009791706704,0.07643801529867555,-0.18673403770361943,0.3209949080933073,0.6319653080948852,-0.24626801677352414,0.16051565100713402,0.2756887459274786,0.35535468062653724,-0.02954861552547987,-0.4323067385002452,-0.29715244845829686
603,Macrophages,VUHD70,Control,60,Macrophages,0.6276525168445811,-0.2486897246109836,0.24844984192225864,0.2737757164369736,0.12892508526878224,-0.11498084284718046,-0.4411086411386753,0.31103785422052554,0.16856201467874996,0.014988676431969647,0.26468192558744563,-0.29062114864402294,0.2529467841439434,-0.1443393047220861,-0.011070739788633304,0.5708529831259406,-0.15327362823544485,-0.2578212869647385,0.2800639933843405,0.2505296284683121,0.06755578430402571,-0.35156945909137965,-0.16301909329011738
604,Macrophages,VUHD70,Control,60,Macrophages,-0.33230489047595607,-0.29937132178838866,0.1653204694960753,0.2793337617443879,0.10571586112279752,-0.16864328088240427,-1.007022832142384,0.1569854591326023,-0.14495390884960985,0.07954907487427915,0.19924566790489387,0.058286737033878475,-0.0701513240212045,0.20464101156970685,-0.032132897784963206,0.6752502441359723,-0.09896144822915225,0.04791537415343157,0.18814507562273394,0.2605648993260479,-0.8164576838900823,-0.34682590636995886,-0.0161411392891258
605,Macrophages,VUHD70,Control,59,Macrophages,-0.17168219075305813,-0.561084889423954,-1.392612841908863,0.2050858648173968,0.5113414052514531,-0.0877225295187094,-0.1760036054336206,-0.07171854932214503,-0.421951142871196,0.23352635892338228,0.15376472092465754,-0.054713682688509985,-0.027858780481271515,-0.04200887079869941,0.008323021161367026,0.4413328657321589,-0.7661644338859734,-1.010075104913528,0.07560153077105355,0.34430585733420094,-1.1710446769381355,-0.8695448030880288,-0.27647558003359385
606,Macrophages,VUHD70,Control,59,Macrophages,-0.3307322839084968,-0.022343104736124254,-0.33116935292994193,-0.02237693980210612,0.6193932385746814,-0.10468431443974872,-0.45992914325047574,0.013961085062633168,-0.020832353908811656,-0.07154583824792901,0.4116140501015198,-0.12676472423843463,-0.14447668723196694,-0.006725496203900166,0.14281140810530127,0.30305880215780123,0.08650344327675899,-0.4421851209843306,0.2517758661725815,1.1546564039440725,0.13938381155921586,-0.3848182866757931,-0.08468724800471997
607,Macrophages,VUHD071,Control,61,Macrophages,-0.1289430009726762,-1.6175299566894168,-0.43041082268281217,-0.24787671707216324,0.3065300599816776,0.08264572636839765,-2.083206645757873,-0.06738626881101363,-1.9040808946011671,-0.7757738638416366,-0.3472712355661011,-0.5375707624906835,-0.19573310535114663,-1.5739908747168723,-1.018555860651868,-0.8200572837371194,0.38066666033224633,-1.828188540057857,-1.3624710807576752,-0.08757897346294422,-0.9994863988533362,-0.3944320755885601,-0.8131034162190205
608,Macrophages,VUHD071,Control,61,Macrophages,0.7502230919126994,-1.578188381565078,-0.9599976527240603,0.7347399507445995,0.3167642261173434,-0.18248331800947798,0.3110027004350679,-0.4746950951095641,-1.5788653252752398,-0.40936890103374524,-0.5745373434250931,-1.2591182646955108,0.6277605170175932,-2.2063484839038625,-0.35182438821223644,-0.4951339322685955,-1.2279830498325615,-1.5063322912849306,-1.14062336807383,-0.10478494657886366,-1.0239341067528083,-0.1367997403407092,-0.6746942861695647
609,Macrophages,VUHD071,Control,61,Macrophages,0.8007279172995792,-1.2809301497918308,-2.211423436070427,-0.38699402752137513,0.37962773546715195,-0.0482364825835767,1.0094658795952662,0.4299435144905677,-2.342442432375936,-0.8285746651038031,-0.4828746812216875,-0.7008637182805937,-0.2624895732998276,-0.6804388848901967,-1.0010278459577,-0.6477748510406823,-3.3179167961066707,3.8413876359850083,-0.8796575419140018,0.767567094742119,-1.0620263550193065,-0.5998236311666243,-1.2287745118354314
610,Macrophages,VUHD071,Control,60,Macrophages,0.7653406571189969,-1.393887090843345,-1.2414933678431015,-0.436357958242257,-0.4273705665825062,-0.19611172612740435,0.05864960208166175,0.23304486617034642,-2.353894954350717,-0.8083358478033067,-0.46762429748480955,-0.2763178188129766,-0.3936390989767594,-1.6399847279729842,-0.9382808528029853,-0.9361481336229124,-0.2533180469415355,-1.2130893147081987,-0.9378793465907271,0.8520892759327828,-0.5901097579097723,-1.257302169139327,-0.8086960048327351
611,Macrophages,VUHD071,Control,60,Macrophages,-0.12179359431923044,-1.7978112957929107,-0.6415542918571161,-0.20796886656756214,-0.26652218563765273,-0.003200393294402061,-0.007932749532643672,0.3149381108216102,-0.9903022477250067,-1.2044669753586794,-0.36705376987370125,-0.30995740769272373,-0.6523544154849417,-0.49277648142901426,-0.9984518275587264,-0.7990238667402118,-0.9677712793505044,0.3677849510852467,-1.1312551117950023,-0.10905013729339252,-0.9800760324235082,-0.9048102535736166,-0.9785797744782228
612,Macrophages,VUHD071,Control,60,Macrophages,0.8057514140545304,-1.8397705668145643,-2.044537947602676,-0.2290912357428588,-0.5666148741544457,-0.234523381872904,-0.24924680449420053,-0.7751240780952424,-1.8048013941696182,-1.0099876975946576,-0.21065906740333964,-0.49067842327981076,0.3924712235211911,-2.0247166118989064,-1.0522949655296197,-3.0286082388050395,-1.6488046729111991,1.1582844787607054,-1.0297849966838537,0.052140281339436156,-0.9704390183121705,-1.506299372650236,-0.9294371508711049
613,Macrophages,VUHD071,Control,60,Macrophages,0.884354079271244,-1.7878093496539968,-1.7421532203083572,-0.2706481693704821,0.44785048192570637,-0.05539989562631509,0.5784513635193779,0.11675113200396839,-2.3021460827741294,-0.8417752554483972,-0.5225997544635838,-0.28972054961992333,-0.6335625037437617,-2.0663084400919276,-0.7344843666592951,-0.735149035028043,-1.4329420898256766,-2.1315750690052915,-1.1697590552758577,-0.21467829452111312,-1.0545891896614898,0.1344384979756262,-1.1641227508373038
614,Macrophages,VUHD071,Control,60,Macrophages,0.8725880005984734,-1.3918071285181117,-1.2976452550036819,0.7939781307040894,1.5794384926397105,-0.2874863313836741,0.04423910063483651,0.3920971161831011,-1.6671154737782932,-0.5243277567961715,-0.4248809005202349,-0.632374991210555,-0.39852765969252096,-1.2234163228004291,-0.6984826629595616,-1.2040939607030605,-1.0518017572010483,0.5964433710886191,-0.8576459830815706,0.7956602455032676,-0.6783448180484377,-0.5728797466132675,-0.6013652376317303
615,Macrophages,VUHD071,Control,60,Macrophages,-0.30135639553494736,-0.9925447057253174,-1.9511558973058765,-0.21920845941162323,-1.7739905338590374,-0.25877147469129663,0.7670423364004292,0.12108070154708722,-2.110556266387078,-0.6783116298349011,-0.5310423655361957,-0.2245849307217501,-0.46663571295788986,-2.1557140001840307,-1.4132200618802235,-0.9224447550535331,-1.6765712146820817,-1.8456491857444888,-1.0481306903942098,-0.028415515416244937,-1.2106463993346128,-0.5134935636744739,-0.7143231638773048
616,Macrophages,VUHD071,Control,60,Macrophages,-0.21567079862270166,-1.4416030770383723,-1.4017943970128572,-0.19202100800831867,0.37314275193993673,-0.19974740332473045,0.5561379541969642,0.0598219855983655,-2.2857260186874844,-0.7508361959292692,-0.4218339923674838,-0.34910868285550317,0.6269541028836396,-2.2106002737745563,-0.8249990194446748,-2.042028241317837,-0.8097776789167815,-1.8569641959015437,-0.7932452892145785,-0.11407901861567493,-1.0641754173157545,-0.4178675979196182,-0.8674921649326375
617,Macrophages,VUHD071,Control,60,Macrophages,0.9587473838118677,-0.9568074901206166,-2.239476055234013,0.8611574348893629,0.3011692163181957,0.9737240789437874,0.07518052523466354,0.21965847252258874,-1.7862152958682647,-0.7843432275683925,-0.5239971353035628,-0.363917001662115,-0.4190055682303605,-1.5315862466761652,-0.859071498470329,-0.8219449874441975,-1.2221699027290007,-1.0576468283059481,-1.100918824653403,-0.07647594511465079,-0.8178681798101524,-0.5894098421492537,-0.40379900872463115
618,Macrophages,VUHD071,Control,60,Macrophages,-0.1885809302714825,-1.3960036774366102,-1.1647561651781055,-0.14971289042955543,0.4801439292623466,-0.18292081706565566,0.7029220076520252,-0.08378248883721198,-1.875368931120539,-0.8249533239041841,-0.6981638479768215,-0.4856617502602739,-0.7745412612579432,-2.572905603955434,-1.0051233566507645,-0.9834022933956688,-0.5726304859552098,2.480331331476093,-1.0873050024096385,0.7712241688907452,-1.0500419787248936,-0.9757849366157407,-1.7490513422396643
619,Macrophages,VUHD071,Control,60,Macrophages,-0.3851020958078438,-1.2059156872538266,-1.12579067634666,-0.13844295401555837,-0.8936570228720737,0.17690965236085154,0.12081487896146981,0.23362038267543547,-1.8009170860290324,-0.6539682110059172,-0.23744036938384946,-0.07815668680773956,-0.4538678392456542,-2.6532521139211154,-1.1197493864669574,-1.426872478562436,-0.3748905609769035,-1.1210200262161274,-1.5268230629567947,0.05275264400067051,-1.1597678041378454,-0.9278056089697224,-0.6764735393607264
620,Macrophages,VUHD071,Control,60,Macrophages,-0.13913618827715502,-1.6964354312990255,-1.764960192393637,0.7398659494175381,-0.47463683020582875,-0.044643497274742455,-0.10416868671646584,0.2636212342448623,-1.7829038900093468,-0.6718727763204316,-0.48158305102368026,-0.16491431268457285,0.29783504754776857,-2.2984282364580806,-1.1193734907789659,-1.4184573191164533,-2.417190295245877,0.20858969618870646,-1.0764021109667998,0.7112682988707754,-1.0588030359251057,-1.526951811546713,-0.8744902407315318
621,Macrophages,VUHD071,Control,60,Macrophages,-0.07906535086060007,-1.4024455636891844,-1.490820954469124,-0.21377895748824918,0.09402579857855549,-0.3770038953089898,0.02870592126137597,-0.7090172717298614,-2.309070202163866,-0.3517888676763908,-1.007454374736549,0.5730693311047492,-0.35467580203739735,-1.7984163087521445,-1.4156159995804394,-1.562785697481947,-2.0420659099263148,-1.896792092540126,-0.5291992514458619,-0.09677052203440685,-1.3069045203337883,-0.8900821064034543,-0.8387317540617524
622,Macrophages,VUHD071,Control,60,Macrophages,0.8639407867411563,-1.6449155814097678,-1.1447253666071904,-0.11399035660283849,-1.564487031814231,-0.24952834997275622,0.17003747626805038,0.18395511682402793,-1.914076656137343,-0.42539424572548407,-0.369382401156848,-0.1492915517876944,-0.7623981468878888,-1.30622200720737,-0.8739035394997787,-0.7309343536150302,-1.712167436941503,-0.6476854364019781,-1.1472503679367914,-0.16136356601738086,-0.9946243309335632,-0.5248074096679624,-1.3222751760039944
623,Macrophages,VUHD071,Control,60,Macrophages,0.798630151921004,-1.7917392336953584,-2.2268822351362996,-0.17050204878874997,0.11200808867627078,-0.06055659992750485,-0.41804792549702224,0.09598625429154961,-2.0063992354614406,-0.7793015823215917,-0.6013421726542609,0.6417775662380931,-0.8177227201968358,-1.9362128009348345,-0.9881218947211884,-0.9802619287260044,-1.0559886372912193,4.057699920969087,-1.0992470292063439,0.025660071669258835,-1.0396770755317186,-1.0607065397902504,-0.9682550597279772
624,Macrophages,VUHD071,Control,60,Macrophages,-0.242119271864616,-1.6432814997119474,-1.8819347788401304,-0.14232110044398974,1.3637496655339658,-0.4184595735524528,-1.170046404796093,0.15263553557666318,-1.9755752652889362,-0.8247810685287796,-0.46512266108284356,-0.17851990597982956,-0.6520801310105229,-1.2748635731467857,-1.010864232085429,-1.1160912160386498,-3.090424567169421,-1.7513089088508529,-1.1821937885415752,0.46089483932924086,-0.8577329941479741,-0.6572654301915596,-0.9447104605669459
625,Macrophages,VUHD071,Control,60,Macrophages,-0.15490196284138538,-1.2286349518105033,-1.576504599304303,-0.14308745058301534,-0.20038477244387384,-0.02709327403748844,-2.2365784197926533,-0.02020258551501921,-2.191393932621293,-0.7312751584141004,-0.48560938265489956,-0.16656467723906498,-0.6291555415264704,-1.5842748700634741,-0.9934931750717739,-0.7481066487546354,0.26039639985709595,0.414551812075609,-1.0838562299242769,-0.17643711380242258,-1.2844580737740843,-0.21815671032177786,-1.19201723711288
626,Macrophages,VUHD071,Control,60,Macrophages,1.0267734189275606,-0.19962430167228745,-0.1333455051512805,0.6982260225654482,0.11143002960103517,0.06810506268473862,-0.021109078901867546,-0.8412813384333478,-1.9208354715869307,-0.6109849564397885,-0.3212608942692265,-0.3417463708417813,-0.35974089765316314,-1.3381881329398893,-0.7642358022841638,-0.9060347816686118,-1.015114004256102,-0.5465313438786513,-1.0386847182945118,-0.033239658806099116,-1.1761004273566287,-1.6282954676545291,-1.2392741289340352
627,Macrophages,VUHD071,Control,60,Macrophages,-0.11593104767902798,-1.1436932006397533,-1.8051396390186627,-0.30591023762357034,-0.15271788127954533,0.5677976737357519,2.1803886681970797,-0.7534671607634479,-1.9095780337300232,-0.7489958098725341,-0.32001326046427253,-0.1230468690238209,0.2502196692039873,-2.020688795859707,-0.7911707423978983,-0.21391884028377106,-2.9338917842087917,-1.1867868749450987,-1.130701787891671,0.31584763993325154,-1.4202003633136584,-0.05778386188158697,-0.8490174140034521
628,Macrophages,VUHD071,Control,60,Macrophages,-0.1276151478734647,-0.9249951830468048,-0.5061042282412866,-0.2527034192268075,1.6120083183941902,-0.40863458646351764,-2.277890089297643,0.33735746245611536,-1.8904034946579027,-0.9201296848085151,-0.5075313951366974,-0.32691734766669867,-0.39009664175937775,-2.051445968684945,-0.5784771664461488,-1.3217651604422935,-1.2668363369657984,-0.5578028110292498,-1.0621544856439904,-0.07689059271148269,-1.0430697416703827,-0.685356161617976,-1.0761661837827219
629,Macrophages,VUHD071,Control,60,Macrophages,-0.14779648679967425,-1.3873171996457019,-1.5605388332628216,-0.024315555756055977,-0.10784397053973767,-0.25559987433114667,0.4746004303704347,0.02309840263566148,-1.6546390759001992,-1.1496719594231941,-0.8493902755196582,-1.1617942612429957,-0.5478299164445225,-0.456771363475643,-0.8381040953507398,-3.825362277431436,0.6068575878034188,-2.1768409214746858,-1.018543424602463,0.15650126587864474,-0.832239358918753,-0.5814924883138298,-1.32790964025772
630,Macrophages,VUHD071,Control,60,Macrophages,-0.2398061158707672,-1.1404713246802518,-1.4465783285781462,-0.1459406415711533,-0.19577474272389067,-0.40021533117232055,-2.1407605873875712,0.33227945197406766,-1.958542733293635,-0.6955941663507034,-0.7083611975464987,0.7066053506483995,-0.3772631335567599,-1.897941574555842,-0.9008201570313633,-0.8471094168251487,-0.5327171325516633,-0.653258950929175,-1.0674772521563336,0.6351491599964643,-0.681898999620896,-1.892150181740977,-1.0127930709742115
631,Macrophages,VUHD071,Control,60,Macrophages,-0.4122711701524956,-0.724970893956123,-0.20048405981736886,-0.04229985251212553,-0.19596776064950333,-0.24805928980395273,-0.16465679724182153,-0.6554994662706743,-1.3071548416761913,-0.4367895473635741,-0.7592265321981921,-0.27388932846339736,-0.46095676793647955,-1.670655788150939,-0.7240159542683278,0.42247144465406455,0.06156972142607845,-1.1120806946620647,-0.8143579451550036,0.8971369061832709,-0.8884239872887743,-0.47408197092686916,-0.6846118221959852
632,Macrophages,VUHD071,Control,60,Macrophages,-0.1867366934039947,-2.150385457600998,-1.5468072523392165,-0.31143810155761253,-0.2173866661508615,-0.15670148584931812,2.110635261499343,0.2512499049418976,-1.9520804147024822,-0.7868674589761034,-0.5878633857239539,-0.16661223872854766,-0.04734896128170731,-2.0292863474556455,-0.9737630278988386,-0.8079545279666283,-1.7792232182566854,-1.1610648417824438,-1.2142634208243466,0.7711906506422896,-0.7485680654478853,-0.7017806466465037,-1.0533602767118078
633,Macrophages,VUHD071,Control,60,Macrophages,0.829882286810242,-1.5456406347662104,-2.198578556893386,-0.17440277476237084,0.41014771897270214,0.4354361711256904,0.261499916995983,0.31855907958489377,-2.419128466597085,-0.7831817021858575,-0.6304771656789522,-0.7255303274411891,-0.5219019205719063,-0.5370729924847467,-0.9392378649188476,-1.1597073721697737,-1.7051099947531183,0.8908577211745685,-1.2789012902852963,-0.30363705789986206,-1.3850153100836953,-0.7687621777412929,-1.182810146928625
634,Macrophages,VUHD071,Control,60,Macrophages,-0.15835570829928544,-1.5423344244666495,-1.5719259221147417,-0.23617171467065665,-0.48968055450104514,-0.25074384734171495,0.28855609885739414,0.1549118871570523,-2.334036329154845,1.7280634051662378,-0.6828405855515903,-0.6431958139553223,0.469339330192824,-1.573158349198049,-1.3660035060805766,-0.7837425635836002,0.20420049153871564,0.09078542077359456,-0.9658836380130105,0.7347813243908329,-1.5783533295854977,-1.0659799630051816,-1.072801046781661
635,Macrophages,VUHD071,Control,60,Macrophages,-0.12634355254997687,-1.8313506148042908,-2.315569665849039,-0.09495815827302408,-0.3611611029864507,0.2755865793698582,0.3297356978694857,0.9399212251014223,-1.2747112391053612,-0.8581667538028422,-0.8244782951622067,-0.2762406481900294,-2.597961819500464,-1.370520051399093,-1.1726655411114983,-0.8386000424325825,-0.6953285100617375,-0.25946806631220976,-1.1892955757144177,1.0237731303255715,-0.8985793061705359,-0.6673800877510003,-0.8796108102967567
636,Macrophages,VUHD071,Control,60,Macrophages,-0.10205134427428018,-1.7422822521184076,-1.456194050480288,-0.06429812345373494,0.33510300431190077,-0.42201420521639116,0.3683517280655242,0.0362214060404066,-1.7867111701013008,-0.756055787703082,-0.5230168445269919,-0.2553649203362167,-0.5627688204288116,-1.6262375598976262,-1.0586113337184417,-1.3178286348929293,-1.638540284501503,1.4153969304448715,-0.509155169252866,0.6353964197444575,-1.1280291379849392,-0.9471450839407621,-0.9135870169943198
637,Macrophages,VUHD071,Control,60,Macrophages,0.793313238526854,-2.697783559556207,-1.716687450302421,0.7561580117376779,0.44561010176309845,-0.2160454323765505,-0.21239753327672095,-0.02940055321659038,-1.9117705834304273,1.0283979396665937,-0.5236362888275117,-0.18010511450520494,-0.43743426317350254,-1.2161963781993579,-1.0935076301141102,-0.7303381471166881,-1.0348727283933685,-0.026956683742333724,-1.0484919296039268,0.12546627469682126,-0.8970670267651643,-0.4586578826983674,-1.0717788193498985
638,Macrophages,VUHD071,Control,60,Macrophages,-0.29188129898258747,-1.7884927150527095,-0.6471900168152253,-0.2893103259636189,0.2634781674799156,-0.1431152166248734,0.2030693182832897,-0.06955307565005667,-1.3401583315404149,-1.0344639384191279,-0.2186239323877824,-0.30688218740119516,-0.4563115741076941,-1.6688919186863358,-1.0477717030691904,-1.1135317228059842,0.0904531700515403,-0.2681431407744345,-0.993702173810141,-0.10311297025022188,-0.9008002065221494,-0.013817990400621767,-0.8342145156467758
641,Macrophages,VUILD53,IPF,64,Macrophages,1.144695214385842,-0.5842307395632141,-0.3131903347692712,-0.39771738004025675,-0.8952244237553422,0.08735197514681621,-0.40782068346305334,0.33778400445497775,-0.36115583741786783,-0.6383582586819766,0.054968382300596114,-0.6024435296448877,-0.8888247256952668,-0.5332266971644755,-1.1811457850978655,-0.9846833797735386,-1.2411567152612315,0.5219122827349565,-0.4038264138957306,-0.19928410909834895,0.19283350921229472,0.35137975025728735,-1.1749993997217076
642,Macrophages,VUILD53,IPF,64,Macrophages,1.1024108678633087,-0.8758731134772463,-1.0752703136877024,-0.4676240688427567,-0.18734112828138427,0.21865306636018936,-0.3122202555666449,0.08662800590766997,-1.2845416057506363,-0.6926306263515124,-0.028706508937588093,-0.8562731083636532,-1.801705291927885,-0.20435846124985801,-1.3544804752214001,-0.6522465669411193,0.35717394832030946,0.6504302502933867,-0.457660208590625,0.2951667661906398,0.09534513489979654,-0.2635151230527992,-1.4178679550352142
643,Macrophages,VUILD53,IPF,63,Macrophages,0.8504285376196988,-0.6368751350108696,-1.5017569467452614,-0.3401886769617057,-0.24577890595043517,-0.28870617647137453,-0.15693578724415697,0.05642200774067228,-1.2283002882387095,-0.6901633495661806,0.4210695873476455,-0.30728526207807716,-1.32944756681301,0.016786978495086986,-1.5917718038654443,-0.8076116503253908,1.135607293547866,0.5591025395290533,-0.3983854077416126,0.5048003562246669,0.20839137972844776,0.3161869591760597,-1.1805609454196262
644,Macrophages,VUILD53,IPF,63,Macrophages,0.9915686037178427,-0.803539650320694,-1.0782979700068687,-0.22503620125429555,0.12056122143061535,0.13321342569600145,-0.06957446244363431,-0.6192692585386675,-0.9435190466222764,-0.5909331842466776,0.2321057136289831,-0.5372596412084791,-1.014161227167287,0.1751778257959644,-1.3350285475649817,-0.8069176478151546,0.44791772290349996,0.7130672532984873,-0.42781327069325986,0.5608234872213919,0.32130137091827216,0.5557714535946346,-1.0343043211012322
645,Macrophages,VUILD53,IPF,63,Macrophages,1.0916123014623964,-0.9829981307560398,-0.8280754295963466,-0.2731416536934333,-0.14064223133321585,-0.012617857021896595,-0.5047805717881678,0.18861108223736264,-0.7350194915594076,-0.8878781516226043,0.23848152911731002,-0.7749293634208032,-1.7193412338085612,-0.30416714273279205,-1.2437559628409383,-3.494765016281443,0.010700385377429077,0.44330881613430506,-0.29672670087967845,0.19698092319425306,-0.017725732602299597,0.33920962125730786,-1.3025358143665302
646,Macrophages,VUILD53,IPF,63,Macrophages,1.1527317459983093,-0.7300318690211517,-0.4913231031964606,-0.004901444822670895,0.36490993985497683,0.134075242962242,-0.4751348113886476,0.4770278428958478,-0.9874804035221267,-0.47278059614828705,0.42915301083986473,-0.4784723983283035,-1.3468498343520423,-0.3592190344151403,-0.8685676123892072,-0.8716120028959015,0.23146604683563615,0.4760314114086541,-0.4415580092855363,-0.23198794787516916,0.21510455679457127,0.2859242028786735,-1.2039008006069787
684,Macrophages,VUILD59,IPF,60,Macrophages,0.5513704853026672,-0.5589428840937416,-0.8144726030867822,0.044979320709337224,-0.06531041892204961,0.02599226283331857,0.6516304940385201,0.5162269477835649,-0.3101912096167404,-0.21463979382682438,-0.14356814276188026,0.3413752672936118,0.19728411528070244,-0.2497412393717275,0.10362255562840031,-0.07943976167904834,0.30483683756831914,0.2413093764058519,-0.3017519739981583,0.9485556560234085,-0.5897798297396857,0.11424831298074603,-0.6266137285050611
685,Macrophages,VUILD59,IPF,60,Macrophages,0.9329363978913588,0.2778783208055258,-0.5595025043884267,-0.0959255317129562,0.39359327750430323,0.02383132019956618,0.5364581297504356,0.43873950735459943,0.2501609154885369,-0.35717284122473686,-0.04991876296613855,-0.001838882122552011,0.26561999258803654,-0.6140078687405207,0.1333410113483109,-0.6615465654896036,-0.46050703248254055,0.7555175340352316,-0.2725434863616703,0.7001621503598158,0.1988653862760093,-0.08038614668433056,-0.25818213092304704
686,Macrophages,VUILD59,IPF,60,Macrophages,0.8634434232030779,-0.06448441027196679,-0.3539045020436029,0.2726692474845963,0.3362469623553315,0.06603861231997857,-0.1582023974932468,0.5020900993077929,-0.3716498882590217,-0.4951658627122514,0.07058948922586215,0.18602233617308578,0.5112835513591919,-0.1322950850036091,0.057656289789944304,-0.1838039042330783,-1.1572748573911429,0.5197400672599486,-0.24138323431646344,0.9341774538974579,-0.6443604429474914,-0.30547473812449266,-0.32029327572434935
687,Macrophages,VUILD59,IPF,60,Macrophages,-0.1221818167589502,0.054880807698226265,-0.3898386535977813,-0.14377317630082867,0.15611114690887629,0.03423364303833952,0.19362957431042357,0.45099753977108537,-0.6294558432988485,-0.3976593620283814,-0.23192758134883784,0.4395806056080511,0.40270088770882667,-0.6016653618890545,0.4207475529707279,-0.40528027299106195,-1.4837909051932192,-0.01377533075323389,-0.418537536709427,0.9603566017543811,-0.9846266979007384,-0.5085071360002349,-0.578384337106599
688,Macrophages,VUILD59,IPF,60,Macrophages,0.5023538622535193,0.056253929733212575,-0.14336174586757944,0.14331919004974703,-0.059836836180393475,0.06715328618906014,0.3660790118869991,0.6759199503596082,-0.5695077436198763,-0.46952535355130615,-0.1414690271272948,0.14687917888061747,0.3070727790178413,-0.21545761828064336,0.31192824144752934,-0.075043146813744,-1.251842543418805,-0.005285387811875828,-0.5046501016126557,0.9336994015202649,-0.11494446079469904,-0.05014541067488882,-0.6638993579378392
689,Macrophages,VUILD59,IPF,60,Macrophages,0.7718315928513778,0.017548605277929646,-0.5857527699408468,-0.09998256829882678,0.14161264659747308,-0.017404713892166135,0.5884840076500516,0.6275287653238075,-0.19569631851710315,-0.4038998126518045,-0.07852012956085831,0.2660806361274215,0.20270996801956973,-0.6049219540597598,-0.04855354668239899,-0.40139199144873766,-0.6525345201452152,-0.046316732141960415,-0.3355914010703526,1.0782784396181009,-0.12283954257256285,-0.13654765886468087,-0.6806414405267237
690,Macrophages,VUILD59,IPF,60,Macrophages,-0.08082383569830853,0.1889511409660272,-1.178423962357063,0.02838588848592914,-0.1701354609640656,-0.11799460890952115,0.23984008339939544,0.6155676112567486,-0.013824692006856652,-0.5776422542601842,-0.042004951326679446,0.2124034553915042,0.4049700025319189,-0.993971571884567,0.31481189480955785,-0.1588799307306436,-1.4346022652192318,-0.5709764522559674,-0.388770419826819,1.0175647704490995,-0.7499793295791105,0.17350484363014015,-0.39351736672669546
691,Macrophages,VUILD59,IPF,60,Macrophages,0.5373070366485501,0.05089179506607413,-0.2995557347477465,0.09829170241579722,-0.14138323210794412,0.07169124824787253,0.3924555675991508,0.6365476727908715,-0.5163280291993996,-0.5313701069860742,-0.2630635270779867,0.12983575936375977,0.3680120350713151,-0.940974864809003,0.2381900554141844,-0.2684782766787826,-0.6671564155599334,-0.5682094166568459,-0.6149744230841248,0.9738411934910262,-0.5306604354345986,-0.34873186037943,-0.3590340980012742
692,Macrophages,VUILD59,IPF,60,Macrophages,-0.04022699098999096,-0.03080427294040891,-0.8428801454709515,0.019902215957615734,0.24082829220563567,0.09563038642352167,0.13642322285971858,0.6966110829443996,-0.31128774124658964,-0.6438137848765232,-0.13459105577754368,0.31749194116122553,0.501845271708697,-0.5126089381437646,0.44295937130253227,-0.12464262912586868,-1.1322564225438436,0.13796503302368326,-0.3929783888407517,0.852237602142761,-0.6308645111620585,0.04780605050467512,-0.459872120504445
693,Macrophages,VUILD59,IPF,60,Macrophages,0.5436561059455859,0.5063294042033183,-0.7746387507630313,0.03390910025078856,-0.14107291145393677,0.060956685725837546,-0.06575637262351097,0.3176679625132701,-0.3450062300209677,-0.5948946708360563,-0.09915908771161629,0.13597597299534087,0.41106583416260495,-0.5315350285407296,-0.024404468565007897,0.14925819817092376,-0.8672099431257625,-0.2923562971379726,-0.3813148602122906,0.37056420605176005,-0.15659525014598458,-0.5500586519169564,-0.5583104254173034
694,Macrophages,VUILD59,IPF,60,Macrophages,0.8207152247842096,-0.1949433047886751,-0.6770780659922301,0.15219056494466224,-0.015133729766421687,-0.0877545465604895,0.30267166558167785,0.1813210321858824,-0.008384006933076353,0.3861465394262247,-0.23456281738878693,0.27430127811808613,0.5993064482800899,-0.589909218180471,0.10081759306253513,-0.4132741849942268,-1.0666766401889831,-0.8726998471379692,-0.3319847958558695,0.7353790427180847,-1.057540641188169,-0.07816389965124768,-0.7968109459270575
695,Macrophages,VUILD59,IPF,60,Macrophages,0.6098016617814745,0.02603797254876037,-0.978287167477745,-0.06422182513593289,0.5093866236596541,-0.021241270010602713,0.5652127143742832,0.38717244652319044,-0.597569403900585,-0.37328644797731825,-0.284388577734607,0.36996108188206367,0.1946417149663614,-0.24834683251396492,0.2105494290367302,-0.3096155863870499,-1.2664399972355755,-0.7966071472629087,-0.22302794029608347,0.9965099049815141,-0.8611657421577772,-0.6481273957169197,-0.41899832517001956
696,Macrophages,VUILD59,IPF,60,Macrophages,-0.1507886594757697,0.01728689356691336,-0.7295335730042533,0.004031631542337215,0.08732518822185599,0.03637680129778452,0.12844759792004523,0.6952550862708403,0.1469524843659046,-0.4406556120785048,-0.24567954994318458,0.3966957263073139,0.5061999533537923,-0.6623809206553982,0.23649422136391474,-0.3046947041702263,-0.773901379106604,0.015767618636201786,-0.23292393950147078,1.0567432486583248,-0.5242213464561898,-0.524524896256096,-0.331821388890308
697,Macrophages,VUILD59,IPF,60,Macrophages,-0.12755180388121135,-0.016183694570309673,-1.2078678245601755,-0.055944759037903476,0.17999938338315707,-0.022320557341325896,0.04892213310776527,0.4688479920673339,-0.7191931880439335,-0.3833984082487049,-0.04968734485412121,-0.11350153815143783,0.6584089069417167,-0.4274781744014426,-0.06604695765979617,-0.25618608334689597,-0.7228953450110055,-0.2976209683882527,-0.32460190887491186,0.05412097328254066,-0.8700363165976336,-0.4758712923282332,-0.32135851277616256
698,Macrophages,VUILD59,IPF,60,Macrophages,0.9394499454717504,-0.0652607057159931,-0.3670665296200383,-0.04302331470418385,-0.3347010865838229,0.04598607460733314,0.1317772640923387,0.39458390292191864,-0.48808944489011824,-0.4220972610398869,-0.11070500992096487,0.23318708705610924,0.3613702012657859,-0.476973241956078,0.18982286068647633,-0.26470711627921184,-1.3280823812744635,-0.08519605178331802,-0.3196218657969514,0.9806789341084561,-0.7293505081644254,-0.24282225770715474,-0.6914427454773758
699,Macrophages,VUILD59,IPF,60,Macrophages,0.6914504530152527,-0.13940556445435348,-0.9707779283286164,0.06785699600212758,0.37140787883506876,-0.03761463549321658,0.6168737453248844,0.6524290228102981,-0.18547769039754583,-0.21138418802549225,-0.030390374989962953,-0.06363981374509893,0.253470794897076,-0.41165315230001925,0.3404958289760685,-0.2268117722920878,-0.938270514634317,1.2831899016780135,-0.22177794496633044,0.9227716621580048,-0.4697313075263846,-0.5037608397652996,-0.8054833943207794
700,Macrophages,VUILD59,IPF,60,Macrophages,0.6115966740417406,0.22921974245433438,-0.433253240240477,-0.022630627885346918,-0.009839518657682835,0.1305594603584593,-0.11301108764028983,0.4431245584924486,-0.3291177842671637,-0.19880325519934702,-0.04283216312390302,0.004498676378018997,0.4114550667331544,-0.41622927689403394,0.10607157155436973,-0.1402522155517842,-1.1583691805097787,0.18648863821936199,-0.209702292111492,0.9708833826333005,-0.3678926670432443,0.05978841640200629,-0.45598051337829104
701,Macrophages,VUILD59,IPF,60,Macrophages,0.5677224443618785,-0.05018888723595374,-1.0393310732371759,-0.01095971947472476,0.3563106458219211,-0.004969997992560569,0.991522085474103,0.6110666069965993,-0.583909699806082,-0.5553400822255625,-0.19156247463900514,-0.02435049227376805,0.33548195124677,-0.6154071538147885,0.2724258357308433,-0.4719484678945105,-0.8316103721918751,0.35590302682470515,-0.28059618340798387,0.8703404383192282,-0.6820907252309003,-0.6088090242323768,-0.3744799614777357
702,Macrophages,VUILD59,IPF,60,Macrophages,0.7561816202760117,0.02293434018634765,-0.525012152532864,0.3488551653646591,0.15217048257204643,0.055011496412717964,0.1929475535026065,0.4648708584039638,0.03878261613817973,-0.45369129316657436,-0.2687509012449837,0.3071366453976939,0.5115905531747641,-0.8504810718341287,0.25633398077780667,-0.11262375476487657,-1.363665159639828,0.27308463032244235,-0.22416973800305273,1.134567369973404,-0.480864390394585,-0.32267421171596544,-0.7973732374786969
703,Macrophages,VUILD59,IPF,60,Macrophages,1.0845455957275418,0.16276580451575123,-0.7957647525608115,0.06046607921756169,0.2336476865183719,0.19398018146963503,0.026068406006080066,0.4503660262805053,0.19687405700293395,-0.6563927811118033,-0.08599072676757903,0.2916374073727627,0.5518044023523382,-0.5723842040000751,0.09178789956176316,-0.24497261735046172,-0.7480394868816133,0.4898089782023928,-0.4454057899808216,0.772732014718851,-0.7933960190657544,-0.1347462152005261,-0.48004613821036923
704,Macrophages,VUILD59,IPF,60,Macrophages,-0.2735483546222155,0.1689322654454393,-0.9228161296595215,0.019621260183649975,0.2702436157375456,0.024732666738432003,-0.15047370773232221,0.5926746380833312,-0.26415214979145873,-0.018520706443540237,-0.25293991560421336,0.368357286741705,0.6430590607030494,-0.3485762023511058,0.34020844236592107,-0.4846183455222715,-0.20064899701622918,0.4568377907103441,-0.17099735043688857,0.7755897493725084,-0.44140134678933823,0.39050848439383495,-0.7488178723312198
705,Macrophages,VUILD59,IPF,60,Macrophages,1.0489778549455022,0.2543820009573658,-0.763076834309905,0.10601654131054568,0.1165920429759872,0.030484792655004145,-0.28675411515653304,0.5707777401685302,-0.037034723080602516,-0.05883079609042394,0.007221111468067771,0.15805671338492275,0.3722660701850214,-0.19095615497156299,0.3180399805572166,-0.33019168903458784,-0.7302193979969974,-0.5087745509488827,-0.4004563112639105,0.8024151340515916,-0.9139837566416437,-0.16158955564664082,-0.49877987033703436
706,Macrophages,VUILD59,IPF,60,Macrophages,0.5294667385433555,0.3074593464393411,-1.2677738664199452,0.06973807048971972,0.29634134390175104,0.049557308380640305,-0.301554240465539,0.6259607540696024,-0.4511189711362875,-0.522297164205032,0.008894998352849615,-0.10869932263378163,0.2462426775095391,-0.8521219808548506,0.23069558221163255,-0.11614288466942488,-0.3308839809409004,-0.3080038793142116,-0.17087194420733398,0.9202806136963246,-0.900157538698668,-0.019785958613257746,-0.5453612111463677
707,Macrophages,VUILD59,IPF,60,Macrophages,0.9553912973556642,0.09777195347606421,-0.8757326077514782,0.3255638805838808,0.25607301034632124,-0.0664049952918373,0.3097810090861746,0.5559145444807869,-0.1791565523487885,-0.485538246854552,-0.2081534995783855,0.501254432472055,0.413076019883343,-0.5741632540458106,0.09261434446668546,-0.8717416734150265,-1.1095488218575535,-0.2810631988350984,-0.45394750708837284,0.9643491081242245,-0.4126451833564427,0.014982425979141463,-0.4504161224020494
708,Macrophages,VUILD59,IPF,60,Macrophages,-0.17259341509546064,-0.13624719017252995,-0.6624082486393899,0.22710563131713987,-0.03513106721086319,0.12026629810881834,0.36854953969548404,0.6361382684586895,-0.16452499795144457,-0.4452427828784488,-0.3201008408943714,0.0838648866219792,0.18917830330600996,-0.6011936926414337,0.16467206785542535,-0.2842812376832969,-0.6223315561058669,-0.9282306029909609,-0.20784312981914022,0.8258445190367774,-0.7288997675339255,-0.5550811354448012,-0.28411825227005383
709,Macrophages,VUILD59,IPF,60,Macrophages,-0.09016599919959668,0.08236789804184892,-0.7015316716987001,0.1046511868489613,0.8626822494889297,-0.0011042678612286326,0.1249936792786977,0.819182408857577,-0.6726944107216106,-0.5067967651571746,-0.23917287613328794,-0.06177488408122234,0.0816028428150723,-0.7300367089131952,0.4299691675596449,-0.8380161004915363,-0.4989784237971478,-0.17841229913320225,-0.34072992297187465,0.6774058543186714,-0.7918554181568143,-0.4577870720016868,-0.6129262389056094
710,Macrophages,VUILD59,IPF,60,Macrophages,-0.2103356170410848,0.05911717734041962,-0.7651411998998112,-0.04826164011280691,0.376532321070659,-0.06208419138995431,-0.17550950013125832,0.3403560623062376,-0.46417254287148146,-0.3666500778410638,-0.060181599005479716,0.02433978015922454,0.5147167070000185,-0.24426252410682808,0.14813523602178477,-0.23458059166015316,-1.0993679884776122,-0.0749117640743701,-0.3362367536409333,1.0610077721164186,-0.6239468769047068,-0.1607030579104616,-0.6449158259307141
711,Macrophages,VUILD59,IPF,60,Macrophages,-0.09950523516419568,0.01657664539462545,-0.632548579377609,0.035316926052220934,0.2604423260392344,-0.011146675372103731,0.3498005195664984,0.3476653866847374,-0.33700980123889934,-0.4606724040654399,-0.11095243947795942,0.08888739455068344,0.49289868656246594,-0.8695205955818688,0.04553457451081269,-0.7142606965384111,-0.7871180899342168,0.5174673212861011,-0.4491157016006146,0.9741898363753423,-0.6183785600456088,-0.8511537850127376,-0.34179626929836726
712,Macrophages,VUILD59,IPF,60,Macrophages,0.7954200136683445,0.015384452284997506,-0.3640388626270697,-0.0017381972965384391,0.4147320139699093,0.1223309418398929,0.15644342383347937,0.5692013402632887,-0.6004104864103018,-0.37079764858806724,-0.40021030730831747,0.4212025551249323,0.20028389753797637,-0.4568452041961058,-0.030313869791417834,-0.21251668025256143,-0.8119407596274638,-0.057310470242742634,-0.36552262164168475,1.0211560420411148,-0.31464455141488595,-0.4991605963818893,-0.5355415002385067
713,Macrophages,VUILD59,IPF,60,Macrophages,-0.17642488141793514,-0.10150276676497741,-1.2952464897189457,0.09406356012484063,0.1778535980412803,0.07642872010243026,0.27508233816989863,0.5221724839835915,-0.293089492671871,-0.3514733796547192,-0.026638435212410532,-0.2561442389546778,0.3505687730494072,-0.6570512364986687,0.533048537826475,-0.23322392316434964,-0.4730665063271255,0.6858783140133531,-0.38213636490594877,0.34320777978816547,-0.684883228341854,0.044594852316458065,-0.23654644098919048
714,Macrophages,VUILD59,IPF,60,Macrophages,0.5862677977398657,-0.1274445612105917,-1.1995427642787775,0.08678046307389327,0.13010094429929747,0.17874330415112566,0.15161866130653612,0.4090637803477036,-0.6776400554826191,0.06824073626442957,-0.15911158001271863,0.21557445294357444,0.18300160727942966,-0.7077320822369657,0.026530110151612583,-0.6717466238951475,-1.5847238991717796,-0.5794726452569724,-0.32113438498790375,0.8083681251464974,-0.6367844899955037,-0.05974302619496093,-0.6708376365341845
715,Macrophages,VUILD59,IPF,60,Macrophages,-0.15816946177215851,-0.05681283197326214,-0.26038971486652823,0.1203744485171431,-0.44312587065974873,0.02002254677861752,0.08248636306497265,0.27995840014479306,-0.16744920396315477,-0.34200955883311895,-0.24306587994052598,-0.13269313611865907,0.4665576528197539,-0.39442246821250204,0.029963479393478768,-0.3879042776125549,-1.1326714821983936,0.3946942201604555,-0.2532975059115856,0.6944969407016973,-0.9032451921977079,-0.4932541607002993,-0.7235898402414146
716,Macrophages,VUILD59,IPF,60,Macrophages,-0.18026201248614462,0.006679966798855066,-0.6812625874636137,0.08892616800260816,0.10587391364021864,0.06789805926764492,0.167547535907979,0.6913928874370748,-0.16448653182713585,-0.5141992154376946,-0.02044516142654208,0.08898637032110282,0.38784555646851615,-0.44549242033540415,0.11567121156149841,-0.3553306690368418,-1.379323394826237,-0.1967334995344615,-0.19261982161481345,0.7760726345767016,-0.5752286600680188,-0.7029747574640166,-0.487878410871614
717,Macrophages,VUILD59,IPF,60,Macrophages,-0.07410840173353903,-0.23325691638232476,-0.8672238531930861,0.19434257391031226,0.5632840833252626,0.0922355665316156,-0.11409781294160404,0.5618793865204034,-0.445147421468027,-0.48063464045792226,-0.2683862087836076,0.15391704018633548,0.40029213888054105,0.17565995116667107,0.33997430396304823,-0.24945905425930623,-1.477496006935102,-0.8116523626695041,-0.24298869620221558,0.81890294845568,-0.21183417439941052,-0.6174205479244531,-0.6928983947057487
718,Macrophages,VUILD59,IPF,60,Macrophages,0.6851783975751075,-0.028468192894390405,-0.6786262438584013,0.5457436879114591,0.5796766892813977,0.049183600205524015,0.023685257945113027,0.5081512888068668,-0.9124807843144086,-0.8085090071458128,-0.1988746886233967,0.5123910401701668,0.33474539797846675,-0.6783472300609179,0.035071254180136985,-0.2733129670872645,-1.5655113677148922,-0.627376470385083,-0.3581697699452953,0.8447191658727412,-1.2097537271763166,-0.12334467817620919,-0.5686592823582318
719,Macrophages,VUILD59,IPF,60,Macrophages,0.6347023058926693,0.22073500708894392,-0.7408524350778812,0.008644153225157093,-0.07903259535929284,0.08487843254654728,0.3578334164186282,0.5024956364316991,-0.5228832925602446,-0.13746927136674872,-0.22877821375806573,-0.06248319923025904,0.2402183610549623,-0.17214387320593086,0.18086453707370795,0.12829563421242512,-1.12787123453643,0.07845609461050547,-0.1819088103350858,0.9395922875676873,-0.11273571873259722,-0.34025706843294734,-0.5072467755381774
720,Macrophages,VUILD59,IPF,60,Macrophages,0.8960575837483017,-0.21402149686330332,-0.541557760848456,0.1677503549752476,0.21629283687577333,0.07411192970688674,-0.05943833841860658,0.5673670610050318,-0.07070518423378046,-0.39000681871334925,-0.18403873049234176,0.023504836225490842,0.3344270163387761,-0.4839950860429077,0.26788991337904183,0.08953128251376105,-0.34850483733259235,-0.8082436223728044,-0.15813039880244592,0.9433482312563289,-0.5912237732259968,-0.357738041783435,-0.5454545185424289
721,Macrophages,VUILD59,IPF,60,Macrophages,-0.13392705248468115,-0.2997346808601091,-0.776728980822719,0.12172889831948883,1.3928399206109225,-0.04045571325201707,0.546883159765534,0.3413032866192362,-0.44456335460428503,-0.5774740603500025,-0.15221694415677647,0.16580134040332198,0.3609104145836341,-0.8787625171889937,0.068147140494108,-0.36182921921570516,-1.057015960442501,0.13853360445489168,-0.5205539068083636,0.7769036592622796,-0.8614370132251566,-0.182527420843999,-0.34567696642537027
722,Macrophages,VUILD59,IPF,60,Macrophages,-0.2206677922329922,0.24006100137501749,-0.6437030439533559,0.1464382208324201,0.7650646891195512,0.17801957824243586,-0.03726692339344729,0.6231680942461729,-0.19922253172363558,-0.6280024517345129,-0.05545728062747153,0.39781895750759033,0.3918552557848691,-0.7695709557212382,0.45792175599312696,-0.1810841113651403,-0.18406607952981346,0.3432977222530719,-0.3917868715878885,0.9159270276536091,-1.499078381398176,-0.3078391565911315,-0.5820882794210352
723,Macrophages,VUILD59,IPF,60,Macrophages,-0.3117992312708512,0.2093065068218131,-0.369542015642586,0.08831373736900179,-0.2709852482687557,-0.01593617558219222,0.47551485353141243,0.7147687018980495,0.014056729060171911,0.161451078456873,-0.0033642517039248303,0.021320049323171733,0.4259777939171552,-0.3161478177546066,0.36111118960932576,-0.47676599784550083,-0.5028054741948319,0.10130455829160698,-0.2169066739782683,0.915942974424078,-0.6319691647747894,-0.013885840709442395,-0.6990668121095424
724,Macrophages,VUILD59,IPF,60,Macrophages,0.7196256026009887,0.020056652333685317,-1.0268107309837093,0.08148614370566268,0.21621282813817716,0.07266231634045453,0.3016906598942032,0.6221242445020418,-0.45418114879576454,-0.4483045490527572,-0.21515762484079756,0.32000840975375544,0.1343968704872193,-0.6410958692213626,0.24533313524967781,-0.13211519377136208,-0.9447058564338028,0.12691668094647973,-0.21954962165805691,0.6704347788636309,-0.2581214411839171,-0.9688094651370732,-0.555799061382821
725,Macrophages,VUILD59,IPF,60,Macrophages,0.5990295863352245,-0.00877216338483404,-0.8427638061758473,0.0654807337403935,-0.051029297240117594,0.11522105865110285,-0.7810111559897551,0.7932429193158741,-0.06592014633689475,-0.5805937513129366,-0.45184802825847725,0.09747889770864725,0.5104122470102636,-0.5140408033755104,0.30357006037099576,-0.2031560789801639,-0.8540887473860429,-0.4364276370437041,-0.42189623902001205,0.7408927789151483,-0.3409551154417912,-0.4840159039587862,-0.6181504864465636
726,Macrophages,VUILD59,IPF,60,Macrophages,0.9465353080866233,0.1951221128991193,-0.7310716921291126,0.1541050766076402,0.2860725100794729,0.10733113353487579,-0.5409858544777629,0.5424055012568162,-0.5226285777213486,-0.5934986269630057,-0.17303154271434534,0.16677228779630385,0.4079666737917119,-0.8530906593843219,0.32436855464528297,-0.30148195106597264,-1.366723229910094,-0.15080925454057842,-0.271550413583725,1.0565835467565947,-0.2760844746446434,-0.21934966388763363,-0.3610690142397843
727,Macrophages,VUILD59,IPF,60,Macrophages,0.5782892471331079,0.16680994058662618,-0.7213942130414439,-0.13094846044946892,0.35781615233278685,0.1474823225943284,-0.24865159557308963,0.5522928208319999,-0.3558738454966204,-0.7366054292721572,-0.09979014371771826,0.208715071466453,0.2673693352091637,-0.3734567948543726,0.1402762433646425,-0.0976649065380304,-0.36274504079730224,0.10888453644074243,-0.3746830371287389,0.9508257958339673,-0.17245126073024744,0.1183535687931461,-0.7449876556078657
728,Macrophages,VUILD59,IPF,60,Macrophages,-0.09081721885973827,-0.23630190113087338,-0.9398284762874244,-0.046991774123481427,0.09814154803173186,0.03101711737978284,0.2087673279185719,0.4087422724157205,-0.10270393751180686,-0.8213204279599442,-0.06725432850811568,0.03438513884805898,0.23918344564829955,0.08747106101290446,0.16947105508980767,-0.7836497895100114,-1.474349802842366,1.0817199246477633,-0.4218118332909785,0.904271374897791,-0.7761646649504329,-0.43983882124252516,-0.6923687637074725
729,Macrophages,VUILD59,IPF,60,Macrophages,0.8916726933764435,-0.12269099652215755,-0.19193232413718828,0.19866518821013038,0.5136022732803351,0.004008557111925221,0.22244889353687206,0.3991957519850828,-0.18081870143570014,-0.06473226885459743,-0.03489130639041359,0.0789671382514314,0.45024970105597784,-0.04020309720048603,0.2600334398435561,-0.7588695338899144,-1.0432941478640725,-0.24958810620984326,-0.1735768429398331,0.9474550367407262,-0.37603893780717107,-0.5953506265795154,-0.3345312036848714
730,Macrophages,VUILD59,IPF,60,Macrophages,0.6056911265333529,-0.01362269444351276,-0.9618258475114193,-0.13230578237206853,0.28120017920245877,0.044976624081642824,0.157421951229876,0.7618518360422605,-0.5070743794942965,-0.6208085894828219,-0.2194010467706038,0.20362079493550334,0.36897862076918153,-0.1936559154984728,0.1945399185977027,-0.3576529312886454,-0.8359648012863433,-0.15727164535674298,-0.2511216030243476,0.8344388650869097,-0.31320144200628314,-0.31884228569445316,-0.7997140174453319
731,Macrophages,VUILD59,IPF,60,Macrophages,0.5898903819095483,-0.11178264161591388,-1.2868411464965641,0.025076824683418947,0.21258382259958258,0.01846411833631911,-0.04648611645132523,0.48398404966827197,-0.724660442256855,-0.302379639189133,-0.2898684808086012,0.20708102359210423,0.27374195340673235,-0.8780200880363189,0.10775081143370396,-0.30299185318851063,-0.6966823786063442,-0.2839901208775969,-0.2754321445915126,0.7641291728159749,-0.6779536120604245,-0.5271961494444181,-0.5609167190869121
732,Macrophages,VUILD59,IPF,60,Macrophages,0.8593179677643629,0.08455854643205972,-0.890905796334723,0.09441699988921895,0.027437940236546943,0.06322219320737152,0.08665905996070078,0.6074335691729863,-0.27104926014606756,-0.36716746681864065,0.032324838175774015,0.2971495185859784,0.5945938469285684,-0.8169621598978077,0.41527534279725403,-0.3555211139045054,-0.18003437310203574,0.01772932209637165,-0.21419936041953105,1.145239994843591,-0.33407312738645095,-0.3149072532797308,-0.6356442524033357
733,Macrophages,VUILD59,IPF,60,Macrophages,1.0258180529559027,0.12411440405024345,-0.2752461050417744,0.1874657829982718,-0.06863807395182482,0.047826039885344014,-0.2869532129184755,0.21064692169615332,0.028374692798650236,-0.20061314697109217,0.013987618633617489,0.19572116467635878,0.29723897776907116,-1.0768068090097005,0.2208909366025026,-0.023881907960393196,-1.994207361344068,0.71885458899761,-0.3162480483399784,1.099056404989599,-0.30247746761334665,-0.3113712651888121,-0.7765230727403715
734,Macrophages,VUILD59,IPF,60,Macrophages,0.7667911210862596,-0.015683519532345588,-0.7841393192147174,-0.08738744855557368,0.23442537371037347,-0.046510135964229746,-0.20068330816036523,0.10811514120271876,-0.2808815015513892,-0.5346878061410996,-0.21023432723502844,0.0862625215510371,0.43016521016181486,-0.5385394173163103,0.3295670831663459,-0.3638931065659343,-0.6593089454500382,0.06716497741963597,-0.2888989312574767,0.9593989273113576,-0.40770117189547284,-0.34217321127988903,-0.448894935252819
735,Macrophages,VUILD59,IPF,60,Macrophages,-0.20615353638573766,0.014010576872311933,-0.8529243649907255,0.2001116978211485,-0.05156304434671323,0.01326514682245604,-0.4086835547987752,0.34743963660044114,-0.5140489838624783,-0.233717775720283,-0.03492078810740819,0.36479138301833003,0.5406374724677337,-0.2253727850690979,0.4012682372395908,-0.08087557382296609,-1.4271693272253099,-0.09220986535048167,-0.2591748921971407,0.9085832574547322,-0.3103042277675954,-0.7417076785228149,-0.680608653603525
736,Macrophages,VUILD59,IPF,60,Macrophages,-0.1461666251928096,0.06567957241745627,-0.9692251233344024,0.24932436402827454,0.2692620991281395,-0.09197757535783495,0.5158545017971771,0.5130721074134738,0.7417567054014909,-0.44913306844786766,-0.025809243379626683,0.09951152764968474,0.41111104074897653,-0.7724447018623344,0.2787265497005441,-0.0894980652309289,-0.39112361160464304,0.3435437476579099,-0.4264033719920074,1.055112544709184,-0.6147320177371753,-0.38717695706662314,-0.4008807973485384
737,Macrophages,VUILD59,IPF,60,Macrophages,0.5713419662105248,-0.09529109394085811,-0.6844239154401478,0.0009166428146701365,0.2996470253928714,0.07045558568491353,0.02560136133567553,0.4095437167942579,-0.2605712702098617,-0.33927553073876277,-0.17395429375334676,0.14993377899316318,0.25161176327947765,-0.24201676420326804,0.36656499156695055,0.22189265097947058,-0.9546091773182372,-0.42696127831025027,-0.3916329661501872,0.8941339324399762,-0.3283420631229112,-0.06143329474642935,-0.4998835683341784
738,Macrophages,VUILD59,IPF,60,Macrophages,0.9308953868070844,0.41298784819716056,-0.947961947853428,0.17733775598957255,0.2271499833880307,0.06609320466457491,0.1332602105936273,0.16395939692326172,-0.1386668823785277,-0.54022243383269,-0.2215644604085736,0.3900239594933943,0.21888374980763045,-0.7366383968341251,0.2817945932477251,-0.17930525794055355,-0.3723441525719593,-0.0248312301612441,-0.3278379119652488,0.11540839761335647,-0.3704405447085245,-0.2653789223668085,-0.4676318483651153
739,Macrophages,VUILD59,IPF,60,Macrophages,0.838536945789557,0.1804481917883789,-0.1555271585517483,0.19732027497816443,0.12896577545255544,0.16840356566695044,0.2528569084783529,0.6899827093357757,0.16266501781143922,-0.6045586954657427,-0.004075398477080921,-0.1086748251352289,0.2969044233153339,-0.40975860698423494,0.3169590784242418,-1.0994585213876706,-0.6681720904839731,-0.18117388706923443,-0.15580430678429127,0.7009612386189948,-0.19407640681790272,-0.0017159323788588652,-0.3489271115746751
740,Macrophages,VUILD59,IPF,60,Macrophages,0.6419052766032457,0.06570365807670649,-0.8118089883070331,0.04531500179515901,1.7944539323265154,-0.02236463008618452,-0.03600438756143227,0.417729199186498,-0.3365055678121553,0.11150222655588941,-0.12884931143356443,0.38756098891326074,0.30528163158271804,-0.25481837467625185,0.2047258711927993,-0.7229023573473995,-0.3688434740860587,-0.3392350368973334,-0.16940644404693794,0.9196600455161121,-0.8322695691161298,-0.24625652295427727,-0.28504338370382903
741,Macrophages,VUILD59,IPF,60,Macrophages,0.7808591162237086,-0.05502025262523021,-1.1069094714499839,0.3465288051229958,-0.06262565047880707,-0.00939822726688025,-0.2662713879614031,0.5921029182008887,-0.2960294851515192,-0.8179015733414063,-0.08036887783904784,0.19528287702418057,0.18468041956287218,-0.7839147526601288,0.33993259727719527,-0.6142551019136475,-0.7423620212707635,0.38651626530531624,-0.3982787113973777,0.9210399649449206,-0.30462159522664817,-0.4345906400506027,-0.7192393521681989
742,Macrophages,VUILD59,IPF,60,Macrophages,0.673609021367181,-0.06151551530019672,-0.6105562528602198,-0.0251138007399249,0.3705013805818468,0.32163872464470933,-0.16683125871836002,0.43086711557059537,0.03794541185294447,-0.35861556129464184,-0.11784519680433787,0.05842710404718235,0.22590035782824847,-0.07958870035312579,0.15661594301998324,-0.2286790210656317,-0.6321034422482867,-0.31024987606568893,-0.1724908974206872,0.965551764263047,-0.1861385667178413,-0.6935643899780979,-0.7022361685927101
743,Macrophages,VUILD59,IPF,60,Macrophages,0.7615762264099513,0.031951458378997454,-0.7120961019838798,0.07524838539707723,0.4389621981214011,0.02247902235664309,0.45255323560972244,0.5466843734857473,-0.2400573865966958,-0.5684940430297888,-0.3585052830510022,0.010056439317430624,0.17655947740447137,-0.5288687629933536,0.07490212584748324,-0.33939648015660073,-0.9204410045989415,0.1310589393343753,-0.5725155096246972,0.8095221839644084,-0.4222425881974299,-0.7792022903977391,-0.3565776156811807
744,Macrophages,VUILD59,IPF,60,Macrophages,0.9920966093616012,-0.015877844105371235,-1.4767724060246574,0.17040201938648622,0.558853110483504,-0.01971481065536638,0.16757296383182765,0.5681317419700314,-0.0142342939979494,-0.5426306163106157,-0.11143372034538436,0.353973184620654,0.1688561556736688,-1.0221887496764976,0.21149924153416286,-0.4084724451586896,-0.48760945623703583,0.15209727588264807,-0.0719863906661614,1.0912341395516072,-0.9637440772908837,-0.5047688730800998,-0.5246225958359042
745,Macrophages,VUILD59,IPF,60,Macrophages,0.6576449188620132,-0.1351969715672366,-0.3507206333000744,-0.02361468173398815,0.17514287486628805,0.15907414683686727,-0.09833841104991575,0.5695789276025494,-0.3365888489356391,-0.3800780882844979,-0.18331369956516727,0.19016106314698006,0.4238994846018963,0.000690939804532143,0.30139739555574807,-0.083698081808113,-0.911613038100773,-0.1308721876589999,-0.31159651355370976,0.976074349934887,-0.43168711741372884,-0.17545917470442923,-0.23341452115641914
746,Macrophages,VUILD59,IPF,59,Macrophages,0.6048047246066409,-0.09264880617628825,-1.128703619869725,-0.05926937617419302,0.40935224010399746,0.03452225572449467,0.19404076254614636,0.41361254487141946,-0.1027262753978831,-0.34366035488847746,-0.23931513675757282,-0.12711580735212547,0.14852356310298587,-0.16417203133357788,0.1408412784749172,-0.6560400175319215,-1.2564063716137124,-0.34898114800111646,-0.40483179653712,0.9203261571006748,-0.7630866832190704,-0.5983736492365974,-0.5357792272518993
747,Macrophages,VUILD59,IPF,59,Macrophages,-0.20590990443477972,0.11245374251619702,-0.6617087494668327,0.06418792428677005,0.606488478975993,0.041966599048932685,0.4219173315344454,0.5210761291560709,-0.5576195404595852,-0.31573806100969226,-0.2395315714242326,0.16145141434117977,0.3900334209171975,-0.40770590694821773,0.5467000649648656,-0.35558172851588327,-1.3384430484582728,-0.3294872083741861,-0.5182069143522896,0.88568825914045,-0.5541486571599238,-0.23318482762653225,-0.36301903075707775
748,Macrophages,VUILD59,IPF,59,Macrophages,0.8395147117923526,0.13385694935817655,-0.5807463667445962,0.08438131342791488,0.2494496088108673,0.14283604977659253,-0.7589037997305165,0.5455192075266451,-0.3089581376088016,-0.7785277274972017,0.0762352198234353,0.10980750771397511,0.3782838026576657,-0.13166292934639776,0.26509397682106434,-0.49905893265967854,-1.5677969599757122,0.6305360089478559,-0.15250278162224362,0.236642600599638,-0.9712430949819322,-0.6772061943055527,-0.5950869824774072
749,Macrophages,VUILD59,IPF,59,Macrophages,0.5111299392787075,-0.1531367356998425,-0.8402323265958377,-0.042997642930959305,0.22634478027604688,0.0027583217998370267,0.6127621267663378,0.48014753683057015,-0.529459738112131,-0.41779173225656885,-0.27419430072097367,0.30289468437921746,0.4296100847536885,-0.35804792644307804,0.3412738233546857,0.0858541211769435,-0.6093071482702817,-0.13230033132454902,-0.2587581952764442,0.3526572461549724,-0.7919012184527098,-0.6274446130991493,-0.4460484151183225
750,Macrophages,VUILD59,IPF,59,Macrophages,0.7219203805891025,-0.15901582544400159,-0.8557893084660203,0.08719213677285836,-0.2309805447923514,0.017914116901788377,0.46997633437951003,0.4418211026177173,-0.4178980106965689,-0.379392976555152,-0.3353068934036848,-0.12566992678290498,0.23819062120097245,-0.2801733165481067,0.2691864408047452,-0.5773874761538573,-1.4723553268407088,-0.5214532716856535,-0.2529092117050547,0.9321908051972978,-0.5185013079097708,-0.6827208321800202,-0.3367820404176935
751,Macrophages,VUILD59,IPF,59,Macrophages,-0.193392372700243,0.0523634952169443,-0.9938560805480408,0.0012596812023421876,0.2735390702111523,0.04399585923260015,0.10890553693776434,0.4868371051382284,-0.16477147522493926,-0.48522982632152517,-0.09869428861127946,0.2976038278887906,0.2686984084644505,-0.2850787503221079,0.2384361219585068,0.018961229552687028,-0.20575305539914934,-0.42832803452574514,-0.060582181061554226,0.9440982952685746,-1.0358877855953197,-0.37129497408626944,-0.4245790758983453
752,Macrophages,VUILD59,IPF,59,Macrophages,0.7343335100786947,-0.10570120690794277,-0.884920815265209,0.08739455194602083,0.05236030042439081,0.06790281291390556,0.2940574331367008,0.580662423123464,-0.27769130719622814,-0.6056201983984815,-0.11304749387120892,0.22276926215177326,0.5070671272423523,-0.6113592197248109,0.2927287093205629,-0.5608588493357582,-1.2550836895331121,0.7532301902455544,-0.23151458418414253,0.9904313582202092,-0.28287860404114873,0.035384728091694094,-0.7170918199406683
753,Macrophages,VUILD59,IPF,59,Macrophages,0.8617385553343058,0.03152631032629553,-0.76267527395501,-0.0901184397720548,0.2835224082315102,0.07137521374605295,0.5283882343105526,0.5285183534291478,-0.33972797879042294,-0.20228292336462503,-0.044838457997249656,0.3159454900697244,0.27477762712374076,-0.7790704119784713,0.20059715525315203,-0.4944112747652092,-0.13521389083709326,-0.07008838995050541,-0.3722229957532371,0.9896442694679661,-0.5319579526160244,0.06574955346459266,-0.618315071444356
754,Macrophages,VUILD59,IPF,59,Macrophages,0.5951098717719109,-0.21576550240138131,-1.1311228330316287,0.11900847772735856,0.0047046302024430445,-0.09016696327356721,-0.22781693049398843,0.5827920687466911,0.0941577107183508,-0.5078382774301232,-0.1913264470360246,-0.03631734264819968,0.47591315889918,-0.6146549174033099,0.14525620422386362,-0.1466025905395021,-0.5253255844442646,0.06246578530106929,-0.4433385537086497,0.9725823298343615,-0.2990544402961724,-0.1798635199623123,-0.5443449290254848
755,Macrophages,VUILD59,IPF,59,Macrophages,0.740219773532766,0.17541941013606907,-0.7651653152045103,-0.039345504011721426,0.5073576026129627,0.03259264986286163,0.22830052814889876,0.7158543195448964,-0.39388923151903105,-0.2776447518512389,0.1333107276941235,0.008187461385491798,0.44926101774680427,-0.4404147403310691,0.3083623617850287,-0.4222217990571465,-0.7156813650673944,-0.39431516923080184,-0.3160201605200211,0.7388458542231707,-0.5420921981269584,-0.24547035463831282,-0.734352434243492
756,Macrophages,VUILD59,IPF,59,Macrophages,0.9705164941789265,0.04634565397518308,-0.5176648091281797,0.13558347985671612,0.3539792869230486,0.10938673126742153,0.3979341810737303,0.5631376578163908,-0.5962781262517238,-0.35968911839895673,-0.09034095183944904,0.16523314400472672,0.2264019814438631,-0.4254060915770527,-0.040633992829887514,-0.2372976956072394,-0.36228002346187177,-0.48358383734419225,-0.463390356563748,0.8934570461286699,-0.7323798631782585,-0.896581285968773,-0.4826965743104787
757,Macrophages,VUILD59,IPF,59,Macrophages,0.8449755343936344,0.0322795220624893,-0.6404607769284312,0.07913404391080049,0.03061114424549273,0.03722887527743737,0.46907932449789186,0.6030423968794675,-0.2773805535394399,-0.3185128764042861,-0.10315444856048528,0.3106624708278943,0.07457255710660149,-0.2778061344933663,0.09504484537466218,-0.21798841539971353,-0.1024377549501476,0.14705346413076828,-0.254493950795348,0.9729174926616753,-0.4349511622460985,0.1482886402016933,-0.4282851139859925
758,Macrophages,VUILD59,IPF,59,Macrophages,-0.08452827627615903,-0.19949717181226942,-0.6367644097549228,-0.1027770240312077,0.3979598124610757,0.11244985316208295,0.09743683041864898,0.6241870510440167,-0.23691118607459552,-0.420756710313269,0.022947391999279965,0.10629631891817688,0.36524897064087236,-0.7658041767077038,0.2338661033611774,-0.48131255214122737,-0.6515693870369501,-0.02369938412017119,-0.30841612862793,0.7638779008975479,-0.8024375424700895,-0.705393753311385,-0.9271454043460147
759,Macrophages,VUILD59,IPF,59,Macrophages,0.5262651461623179,-0.1372562047081005,-0.7786921600046722,-0.17384459868988003,-0.030922027310370137,0.013120847497029818,0.2186088136543824,0.4007717366746787,-0.3509194932509468,-0.39352945488107544,-0.14075059572532328,0.13620892460101872,0.4270672800263041,-0.50132055767159,0.3395587180094863,-0.20071607783076223,-0.8479252730215033,-0.3238501936066835,-0.32439640934873076,0.7709658640118348,-0.1528520507755977,0.008345950397598088,-0.6857237039925539
760,Macrophages,VUILD59,IPF,59,Macrophages,0.8764429176968407,0.250373430035606,-0.8793776672422203,0.02185558499817693,0.8968452573727614,0.09988771367613548,0.18504247341682434,0.31958236238751864,-0.3243713908196364,-0.17566247654835773,-0.0071920267827406785,0.4475748880397823,0.5088197805113713,-0.8323812043361504,0.21290210020330136,-0.7521397103391071,-0.6128635184427537,-0.1681086326006208,0.17546980144602545,1.0717631867697655,-0.24566261127058875,-0.6070124042835418,-0.44547587922171467
761,Macrophages,VUILD59,IPF,59,Macrophages,0.9569311344799631,0.11531901049996035,-1.0025363624569794,-0.05150488661548498,0.49650400073481915,0.14887653722206137,0.1271151517208827,0.5181201850654286,-0.3682642312795914,-0.7153640668088684,-0.262925722008495,0.3438023624999634,0.4981027532323229,-0.9245815629300107,0.06469886815610783,-0.27423845538144254,-1.316843944487452,-0.21822848558561037,-0.14610477357971388,0.7301542182882945,-0.8666877422846491,-0.728885227744832,-0.6904743261778273
762,Macrophages,VUILD59,IPF,59,Macrophages,0.6091765425492629,0.10040065531638097,-0.7864769416142287,-0.03112240331021592,0.6893992711079381,0.01285159277016194,0.2319664625895298,0.4414509550867219,-0.4374046845579775,0.11550648799622094,-0.0877992808026425,0.09111630370980624,0.09973018573405287,-0.8552004003785719,0.5269134495163634,-0.4231441901640867,-0.2060482187208367,-0.4570344234230447,-0.2532336298169872,0.16179926328503905,-0.34993239167322826,-0.06085312618157546,-0.5665735851180137
763,Macrophages,VUILD59,IPF,59,Macrophages,0.6438440459246076,0.07990582635280888,-0.5961005977420416,0.05827809783508429,-0.08545554790268603,0.05821252605530789,-0.007133331999927055,0.7558493266598152,-0.48226547921904744,-0.31383892613335773,-0.6548908498035811,0.22203266477771025,0.14112211414319767,-0.480508158282016,0.1999942469571346,-0.05691556024827195,-1.0847827689565264,0.1078239289505585,-0.2709695868662111,0.8865559471673542,-0.8125307050087468,-0.056378643359050275,-0.5033097193598387
764,Macrophages,VUILD59,IPF,59,Macrophages,0.6704416277051102,0.13327185354085838,-0.6111805239084567,0.011550839946390893,2.2260898918028587,0.09725183120769325,-0.3197446939814803,0.6310394727833425,-0.21356027803939576,-0.3658485050895294,-0.016690112608295626,0.12704192358532204,0.37096586826239475,-0.21076434335084357,-0.043556532526991334,-0.006494392248739576,-0.2704111599471896,0.401133040390806,-0.5103658317964603,1.0277497592897429,-0.2045733820293089,-0.9636167275038052,-0.712853386860344
765,Macrophages,VUILD59,IPF,59,Macrophages,0.9624129990347086,0.07965400359077758,-1.0154878668207274,0.11647836443196281,0.3588062578988552,0.10594127025409636,0.3595993156558319,0.562713911338304,0.1998796376160041,-0.29510232550085735,-0.10331951643079525,0.12401379666852995,0.3280613561455822,-0.1279228271004025,0.10094394542819057,-0.24005744055878778,-0.2563521584160941,-0.057302307146588335,-0.4168697109749649,0.9319494493054576,-0.6260507033069916,-0.4470591872024027,-0.4641786340604044
766,Macrophages,VUILD59,IPF,59,Macrophages,-0.09765079278975082,0.0986281107581902,-0.788131442323434,0.07014577733912156,0.23835465416809043,-0.0009220185396239325,-0.20791073796663417,0.5069368253176396,-0.5168706824960887,-0.38250234633322566,0.11885789084999034,0.18796560485119942,0.18384049763949223,-0.38696084431919003,0.10365489601937423,-0.28791100340204534,-0.815691793159625,-0.747099477800272,-0.3126948865933931,-0.017796258517786705,-0.3440332752132763,-0.6208453611608791,-0.5824536429004052
767,Macrophages,VUILD59,IPF,59,Macrophages,0.5504908769036144,-0.20433271241328396,-0.2784805218660048,0.1125712275741828,0.1291163892580326,0.02145978345935819,0.48297632651016886,0.6977951372077388,0.30443692879535095,-0.5002062885550436,-0.1466435199989515,0.21874128067359808,0.5151764527911253,-1.0366179374475206,0.4332052570298761,-0.12391563735508215,-0.6724700855440595,-0.22415491625730613,-0.46101841766495605,1.0234533156835826,-0.7441057138233752,-0.7686685073008545,-0.5642152346604593
768,Macrophages,VUILD59,IPF,59,Macrophages,-0.20205452691220524,0.07836550704137685,-1.1609462007124212,0.24769888794949382,0.14798938825452174,-0.12873297889446053,0.3609937031847429,0.45560148312001963,0.027344317954712136,-0.5114043442249603,-0.03788073042159591,0.028658453753220653,0.27665972377666537,-0.28573241048244585,0.3953816031710591,-0.036973079698309486,-0.5939246741417649,1.9623549485066436,-0.2825234728087787,0.8772146282973667,-0.818150954531646,-0.3415483532915565,-0.2815951682888155
769,Macrophages,VUILD59,IPF,59,Macrophages,0.5413507954405117,-0.24463815917320006,-0.13995939442910368,0.1796503984127819,-0.059518493685044985,0.24169889044073278,-0.0058392356647585285,0.3378412264765156,-0.4951243128297995,-0.48334005232441196,-0.3394337982884064,-0.05012075824549729,0.4326331724794761,-0.807562098642252,0.2750703622471251,-0.2911845461577805,-0.5757624903527971,-0.5284539545764099,-0.5280690543652327,0.8316150431897245,-0.38585407324889104,-0.25022130742709126,-0.40686172174891677
770,Macrophages,VUILD59,IPF,59,Macrophages,0.8940732399481572,0.08970360326084258,-0.6766005214433011,0.014444301244855882,0.17722156267588837,-0.02845152410873471,0.2753461760116263,0.3655964016100474,0.29945701781513623,-0.4665650130770478,0.1984478801290765,0.3164432915389963,0.2960463914011664,-0.26104801144396633,0.2971264648846747,-0.10270563403072777,-0.16326899606112616,0.8353110299691048,-0.5513926834339893,1.035846911793009,-0.3249415709723821,0.14490529199454755,-0.5146313875722797
771,Macrophages,VUILD59,IPF,59,Macrophages,0.6059298748116652,-0.03874718502374604,-0.6202551002056452,0.16479223685120797,0.039666441896440044,-0.041573294480688264,0.4506668225588263,0.6168111074384334,-0.23190002293154593,-0.6197014782225196,-0.08028156883138583,0.007337170642699161,0.4160624981385405,-0.7654291147574399,0.13253374322326295,-0.47562424656098423,-0.8567303455711598,0.15342344373691028,-0.43571935858685007,0.6872293084136352,-0.32944031908454136,-0.5162004878295129,-0.9130318367714931
772,Macrophages,VUILD59,IPF,59,Macrophages,-0.12824105088790064,-0.44143247753228004,-1.1861013130143734,-0.002403283800963273,0.1107258759885465,0.16976258402046407,0.8219559777648361,0.530341311912042,-0.12276509376072134,-0.46837227929095415,-0.16818273028566108,0.351675781509132,-0.06777353009102266,-0.3638103043906144,0.3073117618213075,-0.4304306288073796,-0.8573016051870341,0.6233283913008553,-0.4322588053000434,0.8235518108754356,-1.1487941425295507,-0.1774328638916044,-0.37281324524445125
773,Macrophages,VUILD59,IPF,59,Macrophages,-0.11665166121664663,-0.25429392156448416,-1.0203717805797414,-0.1257583736916941,1.5784119573873574,0.02378525213353136,0.11945801366980274,0.6935359296034681,-0.1295376271843806,-0.6966248493793792,-0.08182207643715982,0.05067563173547052,0.320979616178355,-0.7996285949571419,0.16017716212098077,-0.3000548120222698,-0.5880953060220944,-0.30779363124471476,-0.6267783485235912,0.8629287311814342,-0.2756171763098726,-0.45114060350146395,-0.6219485965427847
917,Macrophages,VUILD60,IPF,60,Macrophages,0.8583568629981135,-0.5143471760753636,-0.16958550172320405,0.21996809874502318,0.16163216785616355,0.0867960652044427,0.30238565230126724,0.665179970899061,0.2598857633431451,-0.07885489012241714,0.4034979633747552,-0.5144346802528178,-0.023887584181063008,0.6833440586790742,0.1720205295839436,-0.7332700208994465,-0.6906670745524616,0.20725642907469063,-0.3821191076197863,0.40912511107424115,-0.13518140755242178,0.7356953089113134,-0.283963055506768
918,Macrophages,VUILD60,IPF,60,Macrophages,0.7446144504109206,-0.36702641819021875,0.3227435686696089,0.18347371819402644,0.025582236253465777,0.06125427161227893,0.07248981344402536,0.6351465133055209,0.6486246908908574,0.4493693895200551,0.678659988532634,-0.5801575212671068,-0.4198917809438171,-0.031231053643774147,0.08216884482202463,-0.9167994767868697,-0.016936976133440557,1.2551203878853106,0.20059890212160697,0.9761241620518317,-0.37804498276306253,0.6894166017693981,0.04268116635117192
919,Macrophages,VUILD60,IPF,60,Macrophages,0.2097818614419396,-0.37719361752564723,0.36909348193323605,0.24158258431641888,0.38287108402359166,-0.07945728877350203,-0.06595842019841294,0.8115481136374478,0.7886890934424342,0.2889321876560997,0.6667189215522369,-0.5492625161517518,-0.09752756521925424,0.5557179180906664,0.49711882362918786,-0.4258118716088105,-0.0801283806497896,1.0074447849672148,0.038141258837716505,0.493028246084178,0.45352915525896315,0.6999510187744578,-0.1509791117549909
920,Macrophages,VUILD60,IPF,60,Macrophages,0.6505898699525592,-0.2686221416840943,0.15059071596545112,0.11758307555522926,-0.22660699103523932,0.09960342673701594,-0.05942409357656759,0.35235693645122934,0.3200655309671439,0.40185441542334455,0.737599403606161,-0.35571925204049026,-0.4137957921219445,0.5787638906083448,0.19061390351462668,-0.5812542016324185,-0.35836804807108924,0.8422853843617872,-0.2153224867372041,0.203010998031694,-0.27760245697328373,0.5030516922123012,0.017813799855794024
921,Macrophages,VUILD60,IPF,60,Macrophages,0.5860327170666931,-0.40416393959713787,0.2897435766922243,0.19817898197124895,0.13240793453099742,-0.031112583452131606,0.017117097377012887,0.726959899261023,0.35245072299308117,0.36486694605107906,0.3402990249325087,-0.4136115402813293,-0.4590903463505451,0.7341085528015165,-0.14666598433592612,-0.9929005693098585,-0.4653450624991206,0.6706155196006549,-0.19184204639577795,0.4770891292549328,0.24777084315450068,0.5003823438982495,-0.08552555540964848
922,Macrophages,VUILD60,IPF,60,Macrophages,0.3802632445245269,-0.25542285216616695,-0.18965729504302245,0.26197224946363606,0.1025999179169641,0.06519585494829969,0.37836953356033376,0.6393920141921584,0.8006264379938076,0.13375839467839556,0.6048027695538707,-0.4149381459028377,-0.6413363384140258,0.22414287108250866,0.042884379827903746,-1.2261530735772788,-0.8104828626638372,1.6621771194376755,-0.16452688092202003,1.1803517996289874,0.274438695839595,0.35778318544940146,-0.2688690674341655
923,Macrophages,VUILD60,IPF,60,Macrophages,0.538000042279918,-0.1560158941617342,0.4975084519371821,0.3240328467437172,0.22097275419230228,0.05660840086645944,0.16657287995833453,0.38317423096447994,0.5542041590612683,0.3746369600160219,0.5338635270924944,-0.212674851542618,-0.3503896607724951,0.2762058243593265,0.2736170191207238,-0.8074073014192151,-0.5524824975907244,0.5913502489630456,-0.10323931844358247,0.4160083365147261,-0.2533833043606466,0.5353510099490881,-0.25571698532263754
924,Macrophages,VUILD60,IPF,60,Macrophages,0.7271508270933088,-0.4740739141911258,0.07001152549646221,0.19168589937145006,-0.06137686946875437,0.20612968290071418,-0.13481140216109566,0.34202101197488183,1.0399930679355902,0.729918831202741,0.503912169156519,-0.8080302463693736,-0.3314986020704356,0.3010370467445555,0.14354519230021345,-0.5783137411445879,0.21358182788435698,0.22785680270991435,0.21620938212286647,1.2374859961485325,-0.16169195872423858,0.933692604249234,-0.28953294162310067
925,Macrophages,VUILD60,IPF,59,Macrophages,0.6504788034491914,-0.9592393439617398,0.5613951603740215,0.6503671180850018,-0.166685664842478,0.011212510100568049,-0.13539159513243124,0.7281801948471639,0.744713353785579,0.130792491878627,0.5425914780259734,-0.14546557824235118,-0.6878902131610013,0.7691646108476348,-0.25125254707043226,-0.15285918964165995,-1.2829428857659173,1.0924442624327495,-0.07808643814399814,0.018339460911720628,0.04138970090858564,0.7312654018925682,-0.20587982515917794
926,Macrophages,VUILD60,IPF,59,Macrophages,-0.595987161570501,-0.34400739602705377,0.32698559452988346,0.26780801432754225,0.014345481755660307,0.13055863617288233,-0.5306151414366146,0.507847991601071,0.952173168863438,0.24383274626501147,0.7480356206323903,-0.44980076554185433,0.45089020984235095,-0.11676962720756187,0.27527621661623747,-0.1907066975577849,-0.8068644612854189,0.9084124047190189,-0.21944768084910782,0.28237886305285453,0.2471248116516178,0.47392698079105755,0.22197085131976912
927,Macrophages,VUILD60,IPF,59,Macrophages,0.7188734719948326,-0.7154474213950018,-0.49736161266616413,0.13692592904014597,0.28588230126408204,0.023021285090246868,0.33754647445153224,0.7236558338794136,0.8300413023272092,0.12188353317442374,0.5520979652089889,-0.22988136346596855,-0.023293384402290472,-0.3005237625713415,0.019171114657281583,-0.8701510268423276,0.34263003714902246,0.821694118639312,0.29642823741627866,0.34712727042109426,0.20281789864600416,0.3882475064867887,0.143184295893121
928,Macrophages,VUILD60,IPF,59,Macrophages,0.8399470269162903,-0.21481154549817524,0.766405100242417,0.31777254218399154,-0.23124132396869085,0.08486224050439982,0.30610126831626683,0.6319511883238864,0.41894901524718775,0.8211655947366746,0.534717612414816,-0.0751535738689571,-0.5596778465312386,0.6044872497859535,0.15244560602095417,-1.0576254503158165,-0.6730122754136878,0.2715553107152289,0.12620855722530513,1.3164665546481482,0.013445906787391899,0.9941896203740721,-0.0697123537215085
929,Macrophages,VUILD60,IPF,59,Macrophages,0.7125794934979797,-0.30076305377524937,0.8078343485285281,-0.021221722850293282,0.06336650651423381,0.25709097172122763,-0.6082210127582942,0.96205412067418,0.8818794904778773,0.4151818054854626,0.30719983038002036,-0.2667600764447713,-0.35967237260717055,0.23961486404516186,0.11050478801566886,-0.5524443973047674,0.10899904152543584,0.5756032578746285,-0.15688832095775251,0.4902727044592577,0.32712939941192565,1.045555085273505,-0.17405137540698803
930,Macrophages,VUILD60,IPF,59,Macrophages,0.5251873878377273,-0.33359131810118425,-0.06124656120299,0.18675627509435916,0.1439628840326821,0.10698141891276142,0.26527481046296636,0.5341132670425704,0.793433202580489,0.2116076010013392,0.6979298498754801,-0.2752929450468897,-0.019144859104079613,0.336665038266131,-0.026575357767903866,-0.5137670272985941,0.27877289545309375,0.6379095910977375,-0.05065516727055629,0.4372109968645855,0.1024177247737532,0.8181930270599406,-0.30286790079912496
931,Macrophages,VUILD60,IPF,59,Macrophages,0.8737670443935482,-0.1555192427471039,0.2770688296341673,0.49818803526115946,0.4677963569343615,0.12687515747225597,0.5217613953639395,0.4966158126052214,0.894586624005491,0.3237352340703687,0.629691164710592,-0.3600320523031365,-0.15651316509606664,1.0146741018315104,0.07820808676616155,-0.5796868653738415,-0.46602081984110505,1.3275613952404293,0.3467623014896264,1.3639131137530789,0.520318532964445,1.3654228893066067,0.6006610049435656
932,Macrophages,VUILD60,IPF,59,Macrophages,0.7880046864733574,0.15734342090928968,0.16556187604718234,0.24753063254853477,0.42503791076393793,-0.07681100825712858,0.15768975693339554,0.4489483428111443,0.7729025580182214,0.5800811140682423,0.7747779017051328,-0.44713158119770113,-0.37800507253491655,-0.004462167682281201,0.27094037915021285,-1.3592413593121733,-0.08322288951178274,2.516690308641169,-0.4151102376377608,1.2273450032073758,0.4493287138465335,0.2397111197876673,-0.13806322810412927
933,Macrophages,VUILD60,IPF,59,Macrophages,0.6648473936322253,0.09526141249344193,0.16948840890417594,1.4571147908268647,0.049191769578243276,0.08490099454633282,0.10600133060876227,0.5925138789907578,1.3735559054473303,0.9913179047605396,0.643351681624325,-0.026015775538040655,-0.10033836400127338,0.8168843610583403,0.3250294281138148,-0.11013338145313054,0.17441452841930705,0.2844412848442858,-0.1830978872832471,0.3867523066384285,-0.028453609955984744,0.8035556137823036,0.13699446688884112
942,Macrophages,VUILD61,IPF,61,Macrophages,1.1853911411251592,-0.5095507441056836,0.6707755924044544,0.11839070141023433,0.34188136150326576,0.025391870630506665,-0.038238866271924084,0.8434946016453304,0.7548666490152759,0.30202857084402385,0.5114660989910157,-0.12390749262601994,-0.09078974175625876,0.11502298059165286,-0.018159354669666648,-0.23610764112807403,-1.0484176721903549,1.6168768702983056,-0.09205919906233961,1.2383896142750621,0.6937281613948938,0.8183471458965412,-0.17316050899065086
943,Macrophages,VUILD61,IPF,61,Macrophages,1.2308852661972955,-0.15013066419138202,0.15169739744858304,0.06810354773168585,0.2084712232076773,-0.11009688004935297,0.06462373042276943,0.652498584396214,0.7836280797532128,0.08154967139942919,0.6094558870672272,-0.3874171775853169,-0.45489897315021083,0.6124989541070024,0.3052891760098059,-0.46672064839894556,0.06235511891755973,1.602392190524088,0.41214042034294696,0.42960102381226706,0.9325956262830143,1.3956700352856344,-0.3250366235264355
944,Macrophages,VUILD61,IPF,61,Macrophages,1.1229809787009006,-0.2569076112041147,0.3382205068788499,0.10722742609884797,-0.286820508367301,0.11270404330289195,-0.11622680577357343,0.7583160257861417,0.7270133243280434,0.5776056770481007,0.5518094271828097,-0.1913348148698517,-0.2114492544518276,0.7035749360585086,0.32145982520877575,-0.5884639889414354,-0.22655445541257052,0.9893798519637371,-0.0009601160676373129,0.2098054653932774,0.7662363164775521,0.9151818898156279,0.020102914604859416
945,Macrophages,VUILD61,IPF,61,Macrophages,1.2508711078656956,-0.4185909102472631,0.0007608714327503258,0.6752299410654853,-0.3209341239608465,-0.12820492496744243,-0.315676688729609,1.0029409452832512,0.3821194760923054,-0.047249973078959895,0.7610050205957328,-0.32662493701402934,-0.1247190375572178,0.1534767466920452,0.19490193145459825,-0.10642491087641834,-0.026103375480121264,0.8105684364584667,-0.18068249361234134,0.31516803299349183,0.4400309738604414,0.7934394386505393,-0.263548912210059
946,Macrophages,VUILD61,IPF,61,Macrophages,1.2935215643897136,-0.32330790059256453,0.9748075782428215,0.09230884841949447,0.06103871122013843,0.0551206807696545,-0.10477092794668727,0.917129768036364,0.395209085271991,0.6124570055616338,0.3205847991736912,-0.3001442357552515,-0.3907804977090998,0.7576582083079134,0.34099107012665497,-0.3843390272154141,-0.9780136998146891,0.45899876642076826,0.1649588659378605,0.41849970757651417,0.8204014201046154,1.4035225181841708,0.1014941752225591
947,Macrophages,VUILD61,IPF,61,Macrophages,1.2720015549501456,-0.019830571695923477,-0.15045408714100256,0.10611187338943039,-0.14438565615352972,0.10730973005986998,-0.24484260652393727,1.0200811249790653,0.1846283333597593,-0.35375519497307534,0.70438751471385,0.07416598101568843,-0.05337048118367748,0.12613974651927462,0.13108433905797895,-0.23650936134123074,-0.41877311498767994,2.219450783959448,0.2374192667531655,0.29312760569105584,0.49212595990278557,1.2579150005716127,-0.14230351802571842
948,Macrophages,VUILD61,IPF,61,Macrophages,1.247510100240889,-0.12081530369321021,0.5084706488937221,0.11213764954195309,0.08818888845011127,0.06620532026730157,-0.9713003865107133,0.7744594699737704,0.7183814783145461,0.07717855056771898,0.2290780595417616,-0.42734795901349876,-0.552780345694398,0.8316437046049021,0.34525631532183615,-0.6339913631101444,0.1858617341284219,0.9898665470298075,0.17940161896166548,0.36251848561310906,0.6468309268387327,1.2140209793317636,-0.3246906146459833
949,Macrophages,VUILD61,IPF,61,Macrophages,1.099781315310499,-0.10114252923211023,-0.14431503811069207,0.3130887311222172,0.12336814791607037,-0.030020744591834354,-0.26808337200159754,0.8733226076820038,0.6651896929745286,0.4031631251837725,0.4003080559776803,-0.1981679926913529,-0.3921756498465352,0.5298184444812967,0.16740008340887538,-0.030028859501992394,-0.23891095166895682,1.8220417421734378,0.08637098401717408,0.4744810712325553,0.5830830514571171,0.7976372115650069,-0.30432039652993004
950,Macrophages,VUILD61,IPF,61,Macrophages,1.223565526260185,-0.29755327460809927,0.06566616693126827,0.2469093537179237,0.10365014847119519,0.07398275854841377,0.06601296946812252,0.9438941575074187,0.4613871535683787,0.5118974064109018,0.8321410336564582,-0.14201401867494906,-0.4396701263480661,0.6479572879032475,0.38852238083914786,-0.287416547382248,0.5134148074234536,0.9624648082700828,0.08867360202394407,1.1120848886776193,0.9867934078589174,0.8712538698573449,-0.15641458549121556
951,Macrophages,VUILD61,IPF,61,Macrophages,1.305422191079763,-0.1814478279624004,0.2198088417844136,0.22873306163435525,0.23687635346785202,-0.06126686961252807,-0.27082470098054123,0.709617302091128,0.007601816973858441,-0.20999632835088675,0.478274887974623,-0.12041890291271033,0.1483003181585633,-0.21339351028983553,0.19503138189390265,0.03877416921742512,-0.4098991227727077,0.9777965317090446,0.289830915556918,0.12266895818513518,0.5267480552775814,1.2922039739701774,-0.43750774972872764
952,Macrophages,VUILD61,IPF,61,Macrophages,0.9736531833052311,-0.45046766921618575,-0.05378911070068253,-0.029979172348049515,-0.2141183283520421,-0.014341352537576551,-0.2780223127036892,0.8344479891342174,0.7990899977275282,0.025541122957339832,0.6403673826619036,-0.47277270986189346,0.11779525627592752,0.3155066214293862,-0.015191052559117183,-0.6181426066112846,0.08223350503066641,1.718275407625868,-0.03959579645126147,0.27601979809788096,0.8475603370456855,1.1367536600535,0.19938065732376084
953,Macrophages,VUILD61,IPF,60,Macrophages,1.3315677425311627,-0.24988853563425495,0.13136369962944147,0.3343946928531129,-0.2010756331248949,0.033220758854267875,-0.48672826834303334,0.827136187820109,0.16056423271215478,0.19002179203537695,0.5453966301191019,-0.08729432389697961,-0.22712335714300616,0.9997612595591536,0.14757111653834348,-0.041129453503026145,0.06742751183121906,1.2896482236001083,0.03926242358001698,0.6197179072163599,0.7737959007965355,1.219530487178161,-0.07230788074398845
954,Macrophages,VUILD61,IPF,60,Macrophages,1.137289182719104,0.22395314379393036,0.6403541719183033,0.09568975661452557,0.3266592042959383,0.10196310006857884,0.2282926922945614,0.9222991842465117,0.2603513463744792,0.8544260018431654,0.5462902193792413,-0.29425803805402706,0.3625503806362944,0.7734007131056316,0.13061357647473268,0.4869951073298684,-0.2678037067591444,1.2577299504069428,0.37947561977924543,0.3317944733801188,0.930519146886415,1.1523472663159273,-0.08943464729540708
955,Macrophages,VUILD61,IPF,60,Macrophages,1.206825116674236,-0.39585712331734557,0.8734750343445019,0.3501358500540961,0.17539299189108137,-0.0059301209359861225,-0.019800439406611584,0.6972178467730887,0.8719591684221583,0.3706547683306388,0.6832942323692199,-0.20726725654476216,-0.41969897394341393,0.6852182084907552,0.39612440847217134,-1.1562829812159816,0.2721189814131271,0.9997372679527262,0.17484874924363306,0.3865840300328902,0.635165892308641,0.8744136057698924,-0.28933963043183086
956,Macrophages,VUILD61,IPF,60,Macrophages,1.0840311218251655,-0.48443157841970674,0.3270323854354899,0.16581348618615674,0.24010318089442767,0.0612534804187714,0.11612714301987843,0.8992760389508704,0.3318434676798387,0.24066334017452967,0.48154390419493,-0.070679424681471,-0.2362319071260907,0.5860545865864835,0.33431656697426587,-0.45466304936490526,0.1456143919485567,1.042292958466787,0.16486180778957024,0.34758247764959715,0.8151642235240014,0.8812831967522529,-0.3211278013792476
957,Macrophages,VUILD61,IPF,60,Macrophages,1.217889858373263,-0.3836106814793333,-0.18622133091408835,0.16432293141605123,0.03825551303109445,0.05445214443282256,-0.45891110059361306,0.6946577984127321,0.9257655488924161,-0.11497350147637875,0.318000963483404,0.0003786381917336981,0.14161533756053013,0.29464262005056435,0.19338967123872716,-0.8134367554322265,-0.4256528699182625,1.8932184832589165,-0.01845605492567416,0.20863932896765836,0.42414951604129064,0.9736758802929146,-0.09138862121926948
1049,Macrophages,VUILD63,IPF,65,Macrophages,1.2664034650832452,0.12756233795751654,0.718016987927606,0.36518252700672715,-0.08109086026235514,-0.02114580476509794,-1.2026488160502138,0.579273592895531,-0.012015591046364448,0.05122371445395908,0.5986745358839439,0.19506769867050658,0.1944823297431732,-0.09953012033107056,-0.2003208223047798,-0.4593863659599951,0.11352138231506162,1.7419767780473348,0.04792217612782548,0.05245180456212903,0.5556487810709252,1.1652468158521467,0.19878415741021943
1050,Macrophages,VUILD63,IPF,65,Macrophages,1.2794411696304695,0.5307655930074173,0.9963216196054455,0.2757052045163845,-0.05929673859284294,0.026865141696818376,-0.0707555009625273,0.5593380561185795,0.080956709409101,0.31333278677808357,0.3753112653285527,0.1125248446572764,0.5406925794578882,0.7089175722617536,0.2669636988038309,-0.35521519293873133,-0.5203605941006396,2.214974865648791,0.4121754755240256,-0.03058321595634454,0.7397037102545789,0.6565185101694798,0.3634089944449294
1051,Macrophages,VUILD63,IPF,64,Macrophages,0.9789066521351706,0.16237557293926988,0.6228535335913323,0.3674609819675701,-0.10094888778657968,0.05339510453067918,0.36825162176056875,0.5622925955342304,0.22960068806085104,-0.01313758392018588,0.6076066266869189,0.1544194554068744,0.22108355620487669,0.03780335321337403,0.19641880411847265,-0.01377484134167032,0.8679835619596509,1.4650226865125275,0.15926559856448652,-0.06276432617885265,0.5200860526128056,0.9074198592207972,0.17996407136008252
1052,Macrophages,VUILD63,IPF,64,Macrophages,1.0500606140240325,0.15934600083620354,0.217908017928536,0.5588027724679795,-0.25953803734343445,0.05440885802044676,-0.19677690684715174,0.5349002949265781,-0.006102741143428009,0.593216701320781,0.2896818726453711,0.448337550813295,-0.02663071795358666,0.9138851654087577,0.17747959949342582,-0.7122253158743518,-0.5656826566731503,1.0504389293194762,0.10034972391668433,0.1802424875468063,0.9915871692726661,0.7723322384576351,0.5154569905526284
1053,Macrophages,VUILD63,IPF,64,Macrophages,1.2330832417174031,0.2299513519086552,0.6049490812629513,0.3493195842989635,0.3144037473477579,-0.13515839130918678,0.6828630449813905,0.41184763143323316,0.2839106847843528,0.3239128643909965,0.5121997814607513,-0.1893257148546487,0.31995283986850825,0.6450336988313881,0.21182274068964024,-0.7873555326331385,-0.4062903386528272,0.9023208878247215,-0.011463420176241504,0.40442991695212654,0.23867564883272888,0.5474292408979607,0.09042662440713528
1077,Macrophages,VUILD64,IPF,68,Macrophages,0.6750367676944896,-0.0715145250855969,0.25897054106714695,0.048381664361389506,0.2397319910737109,-0.10926641370334268,0.004377674669682768,0.8214582817026868,0.6663019055393946,-0.022194081979028456,0.7827929830220585,-0.2721242205873755,0.681493122023076,-0.7303777624130994,0.6551225831447315,0.042624604260145305,0.13713686954345983,0.5738332969848419,-0.173424157021767,1.2537125076599203,0.27395012949238,0.10936909578607747,-0.1702513579405958
1078,Macrophages,VUILD64,IPF,67,Macrophages,1.1972360431784612,-0.15312181207480813,0.5936292761152515,-0.18323305097226208,0.47084686821739863,-0.06374251425206157,0.440392852215755,0.6879156148167096,-0.2370140132626366,-0.07250748050728481,0.7022513738607064,-0.029565021861025567,0.27834231721442876,-0.7454412834835143,0.3918222204606799,0.24405928303388505,-0.010773062373359805,-0.37596976027066975,-0.3612134046669533,0.2316513842317256,0.268700208848638,0.8544858390821956,0.10959012033058248
1101,Macrophages,VUILD65,IPF,62,Macrophages,0.6524679978506788,-0.3633737369124791,-0.3026722161786319,0.2655284158845971,0.1416923774823918,-0.0771104697481885,-0.6945792029343294,0.9989424738938503,0.2917969393760637,0.2921224131746429,1.188042986736278,-0.01753511891389957,-0.24966260198594056,0.5414079387368661,0.2953062270864721,-0.21837446435234592,-0.43261367551510743,2.2014818522179302,-0.15366729784051336,1.3716790143428665,0.2374145410615191,0.3429217352344312,-0.018509651137959736
1102,Macrophages,VUILD65,IPF,62,Macrophages,0.9370323435447668,-0.3085542566895596,-0.6038788323316074,0.21977304356215496,0.2438213191898046,-0.055700583083156285,-0.17721606760262265,1.1060550263144666,-0.39540138557930193,0.05914632826446098,0.9725172532962557,-0.6122935514024784,-0.5655261151451064,-0.48349065602068664,-0.06420289102062259,-0.807875465653002,0.003713607245254067,0.87294171280401,-0.9149994865697577,1.1485476491024755,0.273457835053458,-0.18260519049365892,-0.6880547256410686
1103,Macrophages,VUILD65,IPF,62,Macrophages,0.8479614654979166,-0.23114667097251337,-0.48447580594097767,0.16522950265890424,0.8131335832704848,0.010825570837368563,-0.09654506880277919,0.8317829886018302,0.10596480607244617,-0.3713551059933717,0.8768317241398635,-0.23441794299280813,-0.38981355936764683,-0.9902072360081738,-0.1275374309420141,-0.6733944762129636,-0.6447091644377195,1.2503032512998073,-0.3627421094669295,1.6042321942724354,0.43754816570454846,-0.012204739850926027,-1.098822592241209
1104,Macrophages,VUILD65,IPF,62,Macrophages,0.6913859403483692,-0.5134380483002321,-0.7046274263325273,0.2776791772831512,0.0644888028103866,-0.09536672143450439,-1.1899469503796651,1.0032154302226521,-0.5018380921836672,0.02664632212109324,0.8197761888762523,-0.18384551379169875,-0.6448799862372371,-0.2818145146570147,-0.24660728828639905,-0.4844563814303974,-0.4078932331336037,1.6578861587084999,-0.41649192506030774,1.245216408839284,0.426179941918017,0.5617286959785881,-0.753860462393805
1105,Macrophages,VUILD65,IPF,62,Macrophages,1.2178702492110864,-0.5115166335553717,-0.5250530125630917,0.36360485668052384,0.025512459912903296,-0.029736710773393408,-0.7886508104029182,0.6341296352649973,-0.1382214968071319,0.08420816778774315,1.0217207724805513,-0.39609134407741314,-0.12819668486758165,-0.547895438064103,-0.09800410339468624,-0.7117188345656308,-0.7332326169553147,1.6045287677065043,-0.16040684814395184,1.2221783584300605,0.4848090467371046,0.006389217949861027,-0.36938968653820087
1106,Macrophages,VUILD65,IPF,62,Macrophages,0.8280786449423253,-0.35784024013673554,-0.4218898363738964,0.06789439721349194,0.4442371778318421,-0.1667269623600183,-0.5098333651092194,0.7850161621102633,0.28090964094536247,-0.08359653843598669,1.087946198080149,-0.2211513071942415,-0.4576339053725578,-0.39307664236484163,-0.1953364855923997,-0.6689518017029646,-0.28791938085154356,0.9361099249989018,-0.4589635537238865,1.0658479686387596,0.562222975304292,0.09312176996765956,-0.23836790650817513
1107,Macrophages,VUILD65,IPF,62,Macrophages,0.7852264966477339,-0.07150158155517318,-0.5622197421350575,0.34450471309508884,0.5582628759040196,0.011405141359317542,-0.1433083426317886,0.7728045952281913,0.10743624074177546,-0.3858175389252232,1.0859950324145207,-0.18584323485258675,-0.021650131840504523,-0.7519692723075314,-0.17559325943027543,-0.8969283772721516,0.07856301484108513,1.865831913493217,-0.5505456443995742,1.3283428364421923,0.24422850976537078,0.15981513151805762,-0.4215264269666903
1108,Macrophages,VUILD65,IPF,62,Macrophages,0.9655649771852644,-0.2773311599836406,-0.4210010531384763,0.3880421018429621,0.3459161458127492,-0.022738202056700376,0.1150591166412792,0.9819491179755127,-0.5034872839287226,-0.46446647045630945,1.1966671212734588,-0.21266454100821472,-0.11083709221117746,0.11821096783452434,0.15882339024555273,-0.6152216460186406,-0.8415413121026969,1.2316397178589233,-0.365748204053768,1.2491860105100898,0.5551423321497453,0.6263594343241662,-0.13768569163619954
1109,Macrophages,VUILD65,IPF,61,Macrophages,1.0665374382551234,-0.3740673866914663,-0.9707380970037375,-0.028392799489422953,-0.01809995470428377,-0.12631582400662544,-0.4518768780869247,0.5769298896672292,-0.7292399049870535,-0.4325935183811434,1.0924779760364274,-0.1225017448563017,-0.7509886888074663,-1.0804842812248725,-0.2312898499839734,-1.2526027761171226,-1.358169326645833,1.3820023141232365,-0.5198629158919563,1.2068669358560138,0.36960156449661397,0.1238371451221339,-0.7190373134887156
1110,Macrophages,VUILD65,IPF,61,Macrophages,0.9122631677808558,-0.02811757396779694,-0.7543371264364067,0.3872568516835893,0.18234054283262519,-0.08812147748191503,-1.5286749784185458,0.6878681031757287,1.2747198507618516,0.17941760497393008,1.1166640448166074,-0.11816976962848805,-0.15837020486381165,-0.5416896735558578,0.12021113183014649,-0.4887363292014711,-0.5986534037514265,1.858808850995491,-0.12510004462590701,0.9582052149995565,0.7831672578553266,0.38180192840573157,0.023948670014440517
1111,Macrophages,VUILD65,IPF,61,Macrophages,1.015054884464746,-0.013321155609698628,-0.6464935471925128,0.4634290028247519,0.2455543169986455,-0.08930510836985055,-0.4670934924949401,0.6475321837516861,-0.11203230004576942,0.5577039587410572,0.7633069031165576,0.05196042862356319,0.1226333516371623,-0.31495870985600155,-0.24583224616101543,-0.6879644095233803,-0.871416588729294,1.1775379787348594,-0.7001616447432633,1.0556488536786026,0.00826170752998497,0.9152459430831844,-0.09014149883311443
1112,Macrophages,VUILD65,IPF,61,Macrophages,1.0728853141587857,-0.17960455504411496,-0.3722583844525419,0.1841089901009733,0.21132553526540285,-0.1732702569719487,-0.7618008458824687,1.2003848341783905,-0.006681290456201633,-0.023992660494084467,1.301480342867142,0.03784944421499996,-0.028324967626463048,-0.8399857416137226,0.17699997691637778,-2.0146234743349463,-0.48707091229161453,1.2640867504197928,-0.5192049174537492,1.1593559191842069,0.6087117718051552,0.7900686236683364,-0.6036295568312057
1113,Macrophages,VUILD65,IPF,61,Macrophages,1.1752586636679165,-0.21868417187607214,0.03721146130472594,0.18098850318160845,0.6259190769623079,-0.09604073940159798,-0.20008193366540714,0.7974451250976803,0.19262016278021124,-0.31530930652534567,0.8115526960526964,-0.331516186439301,-0.39031654660471865,-0.46967977851609477,-0.13386397358921145,-0.8180859560096123,-1.4258618095244704,1.5617577412601982,-0.41214376523926033,1.0868822441853272,0.04792132301945384,0.6072593817823615,-0.1957145152460654
20,Monocytes,THD0001,Control,63,Monocytes,-0.1531753043254274,-0.01457750488041039,0.4965280212090194,-0.04625051196975563,-0.11645052846866344,-0.03613698430908971,0.26515167386469685,-0.38027557692084385,0.1020088671679567,0.0962234297818023,0.030928274505673068,-0.34171801265219454,-0.12450318588871118,-0.06739902364319308,0.46718692736534767,0.35913938986217053,1.713830942538182,0.3712134711313449,-0.16325831538431584,-0.33390286185801143,-0.042617629750395986,0.11568160658894397,0.24067498213038968
21,Monocytes,THD0001,Control,63,Monocytes,0.262420828078482,-0.04280781353289245,0.988921269672614,0.08322282356479728,0.2711398684665515,-0.009411891042107693,0.19756800916843412,-0.19732819268119112,0.3478700818956545,0.2957438082510666,-0.08982747021607893,0.20448022956041567,0.04674958198455497,0.2346196000033581,-0.18337496084347427,0.08075930006076407,-0.09531329267457499,-0.8326472934068393,-0.006352889530650711,0.018225408642860156,-0.7309028309888913,0.07424477371517375,0.16278015564453646
22,Monocytes,THD0001,Control,63,Monocytes,-0.8795274468365923,-0.1643934450724662,-0.15907688131510914,-0.07596939883655532,0.21039227614421654,-0.029216966477107698,-0.15024857663244076,-0.021952162382279004,0.3597756320235818,0.2438082323982654,-0.06982385619369798,0.5528233194288891,-0.044920340862936274,0.008502284292778894,-0.1229635095084211,-0.007345383615332584,0.7033426259709301,-2.556346397615432,0.28886722883045896,-0.05101665433394933,0.3026946395069316,-0.20284449539889668,0.10205289400820138
23,Monocytes,THD0001,Control,62,Monocytes,-1.0643364003974451,-0.0748459254737607,-0.016098709002993976,-0.13041448543687664,-0.21784717484955743,-0.046240283341876666,0.08240040006601373,-0.05758726654736658,0.3029004169210189,0.38302599824860883,-0.07047655259776035,0.43572070694182957,-0.002254119109342846,-0.03380050453566654,0.02709782262037987,0.1831942646005276,0.5933286955961232,-0.8158702580235464,0.09031790168674239,0.285113326398778,1.1135871251349414,0.06449404745904519,-0.05441586061534256
24,Monocytes,THD0001,Control,62,Monocytes,-1.0198963236137963,-0.056455293131222946,-0.42858620657405805,-0.13760856751575293,-0.24801323713439696,-0.025817625853646983,-0.8602023019304924,-0.37801276893823266,0.4652676306308473,0.5550861248336809,0.16062844075795377,0.2920267476098185,-0.09975949527333033,0.011522435652384484,-0.09641940469513673,-0.6365204343041735,0.36752744522991504,-0.3538983145557444,0.2600829015526389,-0.10557608856809189,0.42501117326885696,0.15554585838009383,0.14476958090761097
25,Monocytes,THD0001,Control,62,Monocytes,-0.8176106421073968,-0.21915861917758678,0.3180762180464046,-0.03833936938745069,-0.5644403833149394,-0.05936317256729566,0.4574135866375894,-0.18000403631638118,0.05062158744881134,0.2793524586716708,0.0004954099403490916,-0.046705664573593,-0.3979808771538303,0.19809902103885962,0.12610942005363074,-0.4428902003153496,-0.5194328317591748,-2.8955459952932685,0.18917567080131628,0.006920054419921527,-0.11453122008628926,-0.19891951655222628,0.10731268340833566
26,Monocytes,THD0001,Control,62,Monocytes,-1.0592219709782036,-0.3613125732219364,0.3778479397679124,-0.13408192047976544,0.167668455117893,0.0006012985387766259,0.4082361187057468,-0.0698753263626112,0.3989438379555042,0.28615508597848516,-0.06960486688854652,-0.07602858885261714,-0.31653625655386075,0.5650439739019254,0.14075462921346693,0.4212904663582939,0.9130548513624006,-0.5044758989817022,0.42695888246999697,0.14776704100918492,0.05877045100686988,0.24365914763358157,-0.10537526040491857
32,Monocytes,THD0002,Control,59,Monocytes,-2.3031406339781033,-0.10925936979719021,-0.3178172827134159,-0.2002285965160449,-0.3092254735805803,-0.07164619574470531,-0.09105254646448384,-0.29424713581521966,0.39868229691720336,0.1864988623180048,-0.1846250860185719,0.21659700582169525,-0.11674614398823752,-0.5129831575873135,-0.10741731107592614,-0.878562469845383,-0.38456299485946827,-1.2740059407765945,-0.09379124401866273,-0.14157305034698456,-0.13027168595136496,0.5492106871517308,0.17961855011296365
33,Monocytes,THD0002,Control,58,Monocytes,-2.167720415395223,-0.036532458834668324,0.483395474881442,-0.004063375603696201,0.5894758007702682,-0.040154801330564996,0.430391662302316,-0.34431163541174165,-0.062073784210978984,0.24340046822451214,-0.20863904315874277,0.7725638789013466,-0.306290802737652,-0.16294213398146398,-0.36481557286451205,0.2053451768127006,-0.07533391436165095,-0.4810364650826355,0.08923309107182545,0.24748990921074923,0.12602171533450837,0.25631995760249965,-0.3590106184242662
34,Monocytes,THD0002,Control,58,Monocytes,-1.1851411782258998,0.30116865451246677,-0.06618588584339966,-0.10445800193679636,-0.11897312821161411,-0.0035818005351655113,0.2374070667169744,-0.1283510188960628,-0.27069265352659183,0.25131174396605216,0.055850011828942336,-0.6500838453621247,0.27031957475707635,0.22178357051678974,-0.26869685733378773,-1.9050118064276407,-0.9236540994358154,-0.9976396202632801,-0.059749038673423155,0.22259567654772397,0.03296990560228398,-0.0439066346724573,0.25781159522115166
35,Monocytes,THD0002,Control,58,Monocytes,-1.13101822092158,0.03537517431279156,-0.6845956104079173,-0.1386190798577263,0.1793673391800215,-0.03105449541087816,0.2837803808036918,-0.40339828882810547,0.08038326204388392,0.2836941828855122,-0.3798998185242705,0.3280428857420691,-0.2504196002783511,-0.19468563127254357,-0.05693797162460108,-0.5547943769994146,-1.1373926749301897,0.3771508329331293,0.13605363620720373,0.708280468356499,0.3579408630627369,0.008917812556693393,0.16766388332037
36,Monocytes,THD0002,Control,58,Monocytes,-0.6799991181208244,-0.06885596954172736,-0.06778647100715078,-0.06520149819903968,0.08672060034899481,-0.09417518248129267,-0.7496494868898032,-0.29243703360003814,0.05117608274946075,0.7686406735475992,-0.3123272689152951,0.3450072871917962,-0.43721973716552553,-0.2316746611224356,-0.4710619905996241,0.16050498326288776,-0.5827111018354134,-0.8701904811195438,0.13786110353547143,0.02833566581818075,0.23755260119288726,0.17291500258203113,0.20736264392181553
37,Monocytes,THD0002,Control,58,Monocytes,-0.948266075759853,0.1694049604132982,-0.36445010864413346,-0.22842827109459454,0.12372344330695184,-0.03797332427798372,-0.5867180771677746,-0.39846651951462747,-0.09779845459086489,0.6586495357849759,0.06993766340882906,0.29342810861868984,-0.5989400689130421,0.06907639377347227,-0.2698405301296418,0.4500744608021849,-0.7609234585715756,-0.5258810678483262,0.02535847097801002,-0.03516031144297032,-0.30043885457175357,0.24613404608520337,0.2142801078192778
86,Monocytes,THD0005,Control,62,Monocytes,1.9363612427311423,0.8305240521701779,0.26615134728859813,0.050762299062656974,0.8410446163684148,0.0127487624478449,0.037195323796428474,0.2931343133589546,0.5434884978622607,0.20384959782609874,-0.39232243183340093,0.4486982714434471,-0.1838988151299711,0.20683714485947813,-0.31256435126378646,0.2765992269385153,-1.8381204676307115,0.13405520284315084,-0.8326574299591836,2.3780443153851825,-0.26649461222242815,0.25212517851281024,-1.3525320620723453
87,Monocytes,THD0005,Control,62,Monocytes,1.6456275584898128,0.3935661498795336,0.10086257922934938,0.051760192201852157,0.3793193405089557,0.051974636953410216,-0.04212932826499014,0.2701071855147591,0.3448252072275493,-0.07264859196201816,-0.038446248956053725,0.04060945228619127,0.17928109621169874,0.25389400084284974,-0.35286289842490925,-0.4179012884474809,-1.2818374683179026,0.6372929514087536,-0.7389220968364965,2.055430069860261,0.03443510646803411,0.24525065400096266,-1.0651781755040193
88,Monocytes,THD0005,Control,62,Monocytes,1.389084762605417,0.6915730357106259,-0.5527209762719411,0.005601538269176869,0.981687715562181,0.018107667702443882,-0.38411315747327673,0.19144321102443773,0.038717696058488564,0.17321658357640904,-0.16151585559696435,0.01168812148643282,0.22185390557230789,0.4340607534712662,-0.23325459081951055,0.4909395638844227,-1.722961558632418,-0.42495453745926764,-0.8476969665038798,2.03426879033929,-0.02589852172668829,-0.3159509647694486,-0.9366654903441957
89,Monocytes,THD0005,Control,62,Monocytes,1.6776143211056203,0.41950168619764516,-0.32905624119002236,-0.22187875282480646,0.7735110648156819,-0.018241831494925337,-0.2936162585358919,0.01460180959373195,0.2836613272623688,-0.09185837787431386,0.04257735565827865,-0.04962968047750173,0.00309576204651384,0.30491164988173425,0.04294636745191917,0.12767783400003482,-2.160831632053969,-0.4599394478245852,-1.0880877297366582,0.8712917119325874,-0.1696174208502324,-0.20992777617760774,-0.93404690147243
90,Monocytes,THD0005,Control,62,Monocytes,1.5968623208113333,0.3747479553735422,-0.5282842324242722,-0.09463497926327163,1.118607597316744,0.027375544355559084,0.08925560455555237,0.002585702116586812,0.6973837237501747,-0.09326800432016297,-0.20275794966592744,0.08653898105768748,0.5096947686959207,-0.009027527912877635,0.03456645443974514,0.3084772759820891,-1.0807939450570987,0.41064979270506474,-0.904688835923432,1.765538019916574,0.46477370620391506,0.22628053228991757,-0.7083805492511576
91,Monocytes,THD0005,Control,62,Monocytes,1.7049689859367134,0.6952164896191539,0.13863076930878698,-0.013090802056266917,0.6723297021413686,0.006597215291985248,-0.38443531804682823,-0.07765367924428276,0.18350085286549045,-0.09355707572528066,-0.2782907171055468,0.41426593522934135,0.11893272552283318,-0.17385193918923855,0.12752296859083406,-0.3609732095723582,0.8427176942024007,-0.5072785640021791,-0.8544598965460066,2.5738607943055807,0.40979251327144034,0.1771608533551945,-0.6262830341152034
92,Monocytes,THD0005,Control,62,Monocytes,1.6277287448814306,0.5637172100628396,-0.020448294070258492,-0.10491840456391395,0.34874519727527775,0.008547919833962386,-0.5046695220928231,0.28817366439332415,0.1654455895641963,-0.09355077078814038,-0.03149055302172195,0.1494621293405897,0.05533578019711672,-0.08546045313120496,0.34699321881464645,-0.5445217666874838,-0.9905725356988545,-0.27450938761250004,-0.72319169183484,2.0615612812961714,0.9905294896478052,-0.13148844981286328,-1.3956256083417438
93,Monocytes,THD0005,Control,62,Monocytes,1.6496166749570187,0.22135044594636122,0.5860566705049599,0.18249899649597995,0.24530376617406552,-0.007775207268096275,-0.43594574058222735,0.19316180282875742,0.34206921906644844,0.08583077234619031,-0.5960243597378663,-0.03136060762145758,0.5280469645488902,-0.14550346167323927,-0.3414162503049414,0.15374845790526837,-0.8378476834980502,-0.43980104878234916,-0.8314226777943845,1.9082539884192753,0.45970324703978277,-0.4299090749172416,-0.9328896559588093
94,Monocytes,THD0005,Control,62,Monocytes,1.1500551094311608,0.8952007163460812,-0.356302028268881,-0.06514731250333225,0.5186907688437347,0.026973322101924983,-0.0764392688968833,0.16933172047857864,0.16766447305396465,0.06150252406651549,0.004164365677222465,-0.1013139342430472,0.12863590743510195,0.01392996865969584,0.003613621734969064,-0.059859339296621336,-1.5861715451332605,0.2812174479189338,-0.9175231728907811,2.388446971786482,0.4182666593855716,-0.15557488402265268,-1.4244915529948527
95,Monocytes,THD0005,Control,61,Monocytes,1.5748631996597393,0.5718860903803424,0.14325064855508546,0.16486058067637815,0.6000639858206281,0.023571973495721085,-1.2486258321547692,0.010193953659447752,0.1528439731705952,-0.19385346966689357,-0.33637645773504826,0.01227744097370772,0.006133262477014907,0.3476398349971538,-0.3713030524387174,-0.3585165680735123,-0.517965557075372,0.6049437209440702,-0.9581296024049162,1.970600178375569,-0.16190171538097534,0.39514921428226246,-1.2655907581730468
96,Monocytes,THD0005,Control,61,Monocytes,1.4420452329727673,0.6579596948565862,0.08273146860587927,-0.08846786749019349,0.9750941083532537,0.002902312378043867,0.09561492271317913,0.21600474294715172,0.3821573278151707,0.18613323958529668,-0.03773744981517001,-0.1477419661172811,0.02734759079072683,-0.11268813397003853,-0.37373068294740297,-2.617012777440115,-1.5835990453001922,-0.24230421077599243,-0.8816414394959267,2.2493088901501177,-0.05587535296414891,-0.29485098360940315,-1.4156003378257576
97,Monocytes,THD0005,Control,61,Monocytes,1.4658192275899384,0.621602151658596,-0.3247530094047777,0.0034239841603139866,0.5928983854099233,0.02429633647755347,-0.004075742915452815,0.3007758885499621,0.4888925930731878,0.1488891585985272,-0.033285120029560245,0.46863721910638134,0.32133052373476373,-0.11295444986091177,-0.2489508520422241,0.13386529943293418,-0.8032549536387062,0.1941380997625911,-1.0461155104159479,1.9477019964200908,-1.8839867638096084,0.009764559132291375,-1.2084935362568863
98,Monocytes,THD0005,Control,61,Monocytes,1.7443973578514436,0.19254060100683026,-0.18175965617326326,-0.0021131385535627057,0.3768453599351823,-0.008157259230529169,-0.17085289491212186,0.15349123936713455,0.25589510990030373,0.015519941107885953,-0.3304231395572978,-0.0882667754516883,-0.42776639198312144,0.1678954844697234,-0.26562319132418316,-0.07964004396085017,-0.6423837140079302,-0.93347886036596,-0.5023560131062548,1.8711045449284136,-3.968338435673832,-0.23781479448897228,-1.6376810849042318
99,Monocytes,THD0005,Control,61,Monocytes,1.6680071787125736,0.638632122657747,-0.2799343926518901,0.02267125676372771,0.4598345973505138,0.05258492798459956,0.19137553624129292,0.2883743479223916,0.46567883724669024,-0.09281043821850565,0.15229793046373183,0.017348312680901964,0.7631315305895731,0.17230373539371732,0.3169226391262856,0.2915774165970501,-0.5896002188258146,1.051956926884816,-0.47922046680431285,2.1177973901999905,0.6394121736743964,-0.37759333974208037,-0.4279630903734563
130,Monocytes,TILD001,IPF,61,Monocytes,-1.570924356895222,-1.043306761142531,-1.5284986356534196,-0.09594212774186167,0.3732184247394272,-0.038853763116886,0.13626911025746907,-0.7070302394642393,-0.7126805843173122,-0.28889506134889775,-0.37800293297127835,0.18137850357220311,-0.5317342501885991,-0.6425171656124882,-1.0099135518665348,-2.4778319317549964,-1.470179040668818,-0.2969347462161583,-0.972374015727012,-0.4885302672366194,-0.3834126834868632,-0.8248429036914414,-1.3861493926594084
131,Monocytes,TILD001,IPF,61,Monocytes,-1.7522567686324335,-0.8010716097918174,-1.283421236865301,-0.16193101358461345,0.2989516543877208,-0.28734887015642585,0.08633110790846321,-0.41198720580539727,-0.48234081518760186,-0.473866906914969,-0.3814621504715617,0.32571235140642585,-0.4961327646023533,-0.7217734878970595,-0.8357031204829496,-0.9731712418697839,0.10326149366186294,-0.06140007556443683,-1.0009453731257298,0.9694831214432872,0.7568667825287059,-1.7728075068653808,-1.0279279641275894
132,Monocytes,TILD001,IPF,61,Monocytes,-0.5058968310115385,-1.028571677826356,-1.8545562816823107,-0.1071406242259165,0.20224839998519448,0.006867708198792964,-1.7723441522629848,-0.38060036045019213,0.07405876683214738,-0.2810658792375547,-0.46447971163342255,0.24523505529365427,-0.8167528286927247,-0.9262923907954187,-0.5958004476060917,-0.10827363223521283,-1.4329772992778982,-0.3586100161542734,-0.7477368751741009,0.4720452654510379,-0.38167780468765505,-0.9925659129466928,-1.6371660243044575
133,Monocytes,TILD001,IPF,60,Monocytes,-0.5772621900218046,-1.0933035869767838,-1.7500281623130882,-0.058824529640264585,1.0981346739365805,-0.03877200346285914,-1.1685835967038862,-0.8301233961320099,-0.8641028967159232,0.040144491822921846,-0.33388253598070633,0.6161164579934331,-1.111274428604925,-0.6231856121563334,-0.5092298800146304,-0.5121563561263849,-0.692640707134719,-0.6716098726834937,-0.9308252740733924,0.3860523882828756,-0.11176773987849904,-0.6485253557404005,-1.3550661773289379
194,Monocytes,TILD015,IPF,62,Monocytes,2.1333251923784355,1.079201665009933,0.4917703273498042,0.08030625722701307,0.20813077984410724,0.027295432529943382,0.6147512361409698,0.39120928643362757,0.21570864232526477,-0.17673023455014705,0.14087318115665368,0.6624664623165833,0.5046677995289969,-0.3895732551518189,-0.06953347167915688,0.6069476826035222,-2.6114108836085044,-0.4295484993708565,-0.3243992009747375,1.5820437070452906,0.4459247320274276,0.5997576337535956,-0.32896688318497314
195,Monocytes,TILD015,IPF,62,Monocytes,1.4351566199783121,1.0862453804301704,0.277539761262953,-0.043294688014189474,0.4102339127618759,0.032447717987070995,0.774297875219541,0.16439086332236022,-0.02598343208666893,-0.30767654389493726,-0.20675928329322985,0.5220541251084776,-0.08548479315271029,-0.2169222618778973,0.3051187499136291,0.4543847423790886,0.22071917645417719,0.21557756897889616,-0.4449220821695295,0.8443993173533705,-0.15990952443273235,0.08314527088513333,-0.10568562953480864
196,Monocytes,TILD015,IPF,62,Monocytes,2.1783262882557253,1.0370081634569885,-0.10364080425006883,0.061102324010304,0.738995524876742,-0.007206001710939831,-0.912371328149825,0.2706155597453887,-0.0029884113932336174,0.2990193750876637,-0.3171944439708682,0.35943617880011475,-0.24205874383107512,-0.11190886828081936,-0.16369560801410102,0.15828155524591636,-0.8363930271024447,-0.24756965927800387,-0.3040517974202255,1.887516191631487,-0.5575715515325516,0.47320191776206616,-0.2241315657357365
197,Monocytes,TILD015,IPF,62,Monocytes,1.5567627275485318,1.1184074403728217,0.40381428649030926,-0.0024911314631835503,0.2838035326656062,0.009779817584415314,0.13937466500572449,0.07645483028124886,0.03271583759799478,-0.10496887627193305,0.2681330841206684,0.12371215162677306,0.6576524170113981,0.4446996098389242,-0.07617787369020623,0.16328053062179776,-0.46217225495627234,-0.0728371655083907,-0.48462129768408063,0.8791403689987853,0.42272306839478585,0.22333167909327228,-0.16938534451021453
198,Monocytes,TILD015,IPF,62,Monocytes,2.140876253077094,1.1099775586306153,0.06938210598190846,0.06232205193715864,-0.03372633991623178,0.040003666913388275,-0.361059648347938,0.26626027246647627,0.1807912834275614,-0.23092118411255017,-0.0579678112275291,0.7254836141598479,0.7830999075082111,-0.04098256779533691,-0.2259924594541034,0.6513996967538057,-0.1150029292812861,0.4792430501595219,-0.17301497415401573,1.0306043685717303,0.1611462774779975,0.600980466673521,-0.8695593088111555
199,Monocytes,TILD015,IPF,61,Monocytes,1.838879671640318,0.6441871393159501,-0.14015203691795575,-0.033955623154053115,0.4358052760907362,0.05679703422380827,0.22537201930050496,0.07485960620231077,-0.1176202362771492,-0.09878682301060718,-0.03167271546896741,0.3454010096590511,-0.4464668043093703,0.37385486639426707,-0.26489410643666456,-0.21019520260927949,-0.5538362641723148,-0.08739527791683509,-0.06767249140193846,2.287302645382699,-0.044838865656269586,0.03933443889702374,-1.0807406878477865
200,Monocytes,TILD015,IPF,61,Monocytes,1.6840658956519465,0.9559332601417095,-0.15707958095369132,-0.17669243548994557,-0.16943103916153632,0.02203712953926673,0.5001799224079485,0.2630068858788433,0.10423381676912803,-0.4494330394837654,-0.24157282649500303,0.2283138981318804,-0.2022673644168329,0.14850642918145815,-0.11370499477743401,0.5702658129232114,-0.4713112017131102,0.831421621397667,-0.1509529447962434,1.6876578390840724,1.04665877287339,0.12289957438622118,-0.586725855752319
201,Monocytes,TILD015,IPF,61,Monocytes,1.686827683863503,0.9408633260543504,0.23901499806451143,-0.002004779517949663,0.03748224811013348,0.00659751757243674,-0.29761744190083433,0.10074251454746266,-0.23802564724225905,-0.3740433354606824,-0.1407350907050687,0.27521173344301947,-0.4315760677828421,0.5035383565008212,-0.2110574884844943,0.9484758407297134,0.3313864697262134,1.535748705549655,0.004402071047331278,2.133888714579614,-0.15411023222356968,0.4200464727817781,-0.38895551095678976
202,Monocytes,TILD015,IPF,61,Monocytes,1.4014527402830261,0.9817925104046336,0.11337203677097064,-0.14092126036476543,0.09386664622872973,0.009766747242934332,0.2953410726751929,-0.023931397698281863,0.4060884677215798,0.14382312982409226,0.004411841814460225,0.32189251634250254,0.5661642970353317,0.1939835272976764,-0.10756302803251655,0.4644820036408587,-0.4560423784031975,0.691737638591174,-0.6766404128680406,0.7637093329618776,0.3966664044139056,0.28617758939012505,-0.3545313591141381
203,Monocytes,TILD015,IPF,61,Monocytes,1.540894042301144,0.895340407243747,0.46858747335596973,-0.028749691301293828,-0.0631978072262264,0.04531758776630473,0.7849085560602942,0.35785923076061804,0.07647667712706639,0.6094920922673857,-0.12254815394464919,0.48602387223911026,-0.24511913104526933,0.6275137346981017,-0.04731092793791504,0.3866704741433311,-2.6657729343989325,1.1317235002235324,-0.1302200858018315,1.0501235708460157,0.7580063695057828,0.4113060048735423,-0.7420123435703607
204,Monocytes,TILD015,IPF,61,Monocytes,1.4283644343619966,0.8685782968472547,0.14030466677750725,0.053486046196976646,0.12440648339890259,0.06254707168247677,0.3171368179774127,0.10752194672750134,-0.15048526181799754,0.16622433188581595,-0.04190660363870896,0.29523572682371335,0.20421735019807258,0.1129554987416509,0.06957868825708084,-0.17361591406276225,-1.1693175503469078,0.6033485435048302,-0.16213506829903193,2.387996047813721,-0.1952717925039393,0.14426814342235594,-2.7464568368362596
205,Monocytes,TILD015,IPF,61,Monocytes,1.594122726683113,0.683118574488635,-0.20456831010545082,-0.16192088316863562,0.14004121354960336,0.017229118940103372,0.3961890548317825,0.296258159018096,0.37892680736776385,0.05906253902381495,-0.2626830074439398,0.018008119594654412,0.5992677427150285,0.14408364984348948,-0.47051841931268124,0.39487332210302556,-3.3814341305955944,0.036351085347933326,-0.4467184215250158,2.1022104542309354,0.09492739525647356,0.13262722663431092,-0.7185748863400436
206,Monocytes,TILD015,IPF,61,Monocytes,1.7880741303606804,0.9506062565778371,0.1257091357953731,-0.11146724074921843,0.5900784647730366,0.036998276874152136,0.1854011782036522,0.13927135197388166,0.11788659262820793,0.120553450233428,0.23508818026016834,0.45977324526958285,0.22667110057225917,-0.007138612962292225,-0.0955966302741816,-0.04122876890399109,-0.5637064547317089,0.518427188452288,-0.17008436581360922,1.8654632690933048,0.6128386531218081,0.36986139112197747,-0.3622454950336452
207,Monocytes,TILD015,IPF,61,Monocytes,1.1958663157096903,1.0267684656177696,0.10401070001923869,0.10953352907429029,-0.2258061258028278,0.03523406187344409,0.29270586016555106,-0.011028796301513495,0.2236766360413467,0.6480009122769134,0.19634252874335498,0.2510257748140393,0.6269324138053043,0.460560863676765,-0.18457383768463761,0.29822661956357965,-1.0869133297964908,-0.1427485832722739,-0.19128600875742036,1.2733165536075806,0.05750903435952219,0.28608049072250336,-0.6491892916341343
208,Monocytes,TILD015,IPF,61,Monocytes,1.613490441054709,1.1185931152833914,-0.2708511003900808,-0.1066694273761819,0.11535700011100981,0.00128951338811287,-0.1844011017881138,0.17832991123470376,0.47020346014752123,-0.2651999626054243,0.0004991159594262169,0.20740502524923463,0.039527578919914284,0.5653434807371263,0.006970598167684193,0.35456468189932916,-0.5674985718845796,0.4439434964462581,-0.36601299874209026,1.091508105909508,-0.012400228115239175,0.12185370719821662,-0.8221741374519861
209,Monocytes,TILD015,IPF,61,Monocytes,1.6731607166489078,0.8232262969634006,-0.09604703270375009,-0.05227634292934782,0.8084490484172002,0.07222767419376339,0.6971573549382438,0.2563109980725952,0.4213142330620074,-0.353450889214015,-0.0008957583957491036,0.15755182354626054,0.6735824556346826,-0.022311797900958434,-0.19248759694264367,0.6265874465950688,-0.8630990588529991,-0.33690471148404005,-0.5272668062023484,1.0001771418910883,-0.165116743855487,0.5184361865681918,0.4526991922484539
210,Monocytes,TILD015,IPF,61,Monocytes,1.4100170035394262,0.9241007927176664,-0.22278258347908875,-0.03103002198826071,0.17252908289056146,0.062164928440646756,-0.7951215145836862,0.20330361810970893,0.24305106266765186,-0.4364570945260812,-0.24039685250231502,-0.09590586656867957,0.5341137202309226,-0.0991224597712739,0.12997517188589555,0.43281878563217485,-0.9051578127720087,-0.08185770888288367,-0.4348855176495588,0.8872100412550189,-0.23547764067891253,0.1838634709664006,-1.1463220123718363
315,Monocytes,TILD028,IPF,63,Monocytes,-0.7880294582017121,0.2685809876017565,0.37987206441194266,0.2454233421859939,0.7512673271852373,0.05287193448858818,-0.14320377819152208,-0.23854479081774044,0.4114497687129138,0.35094626053287714,-0.037773438013748314,0.24855249078434125,0.4050447537684518,0.33307500925528294,-0.12995714705867023,-0.05670271532930478,0.585995443208326,0.9407400575023348,-0.009956457641476624,0.759269926368847,2.278894651073618,0.20058843859660816,-0.303940676183689
316,Monocytes,TILD028,IPF,63,Monocytes,-0.6316294790726538,0.10683528021350092,0.6018321156914913,0.20786456830828867,-0.9739287503997572,0.0060378275109526985,-0.2232948356184712,-0.2373304439050921,-0.06266575875420842,-0.2789550556672421,-0.3402398462957295,-0.07875370959924673,0.5919284386477074,-0.2415509419631716,-0.15962673042231104,0.2412512001630378,0.13405754218850455,0.5337195176679327,0.07980792449068246,0.6676670131451615,1.4922854090095838,0.14923334853530054,-0.07948745655947044
317,Monocytes,TILD028,IPF,63,Monocytes,1.2391184116447853,0.49234604119578385,1.1227258501033117,0.341502206770351,-0.0036939523617759793,-0.008483085560162522,-0.1041662261577086,0.15691933299352792,0.3398591483617022,0.10875256949787285,-0.316939864427596,0.2174570983813499,0.3030438949149489,0.3467224674312122,-0.39271464368615544,0.463368810789751,0.9983002189038556,1.8288291185437033,0.3743344348987442,0.40226019181773404,2.042583379958858,0.3082843932356034,-0.044609660493071725
318,Monocytes,TILD028,IPF,63,Monocytes,0.6998198062346119,0.13160329252100086,0.9462798370834419,0.12183537024918287,0.2759120034869685,0.01646882800910715,0.05073480882426273,-0.34503740346331185,0.34624930190902825,0.038576051461234016,-0.2867153529968471,0.1635559811574612,0.7177613270712246,0.5106295537779242,-0.6231335256504236,0.2822113675815076,0.8523367841728889,1.4940989546081318,0.0213964038336788,0.22467646409797842,1.581546614495482,0.11123698443276805,0.03258435725281803
319,Monocytes,TILD028,IPF,62,Monocytes,-0.896240904129579,0.5488261983369155,1.8595822441653072,0.281242976034868,0.09472324328035148,-0.008109333609078596,0.09309734234988162,0.11914208682239619,0.06736576419122724,-0.04893700210379748,-0.2556239663616839,0.4696907000586273,0.7901173528122422,0.2375432647546246,-0.5075641382676773,0.03509047743163325,0.2898557846654693,1.6846542532572002,0.2459840482854997,0.2137461836899532,1.8634144611867853,0.2366571652538628,0.04134158840253842
320,Monocytes,TILD028,IPF,62,Monocytes,0.7607123460222374,0.20876637439357884,1.2579414640564697,0.11554890499923179,-0.32281121048972783,-0.0049707468201103215,0.08097074982966052,0.41309815554875867,-0.25644077246722846,-0.1510755506143094,-0.3879076489223804,0.24685180493182637,0.04412671805131491,0.21810100328705517,-0.4823749359687266,-0.5098808834556828,-1.9511008118326034,0.7777859131668676,0.20886821127430855,0.35399411045193835,1.8655355056941494,-0.04631021074205465,-0.7691848969929467
321,Monocytes,TILD028,IPF,62,Monocytes,-1.0379784811312005,0.036218441046595794,1.1485168673530404,0.2157899176765482,-0.012427414745591937,0.04066768261419827,0.16174689537642664,-0.5388216558576712,-0.24982363633082083,-0.09253812767110899,-0.1517872227689829,0.5659495407329225,-0.028362440974153393,-0.9535773390812671,-0.7847753738810437,-0.4353191500744247,-2.994043974957087,1.0133913690330996,-0.10328743402719671,0.5949232585023913,1.809744006954873,-0.06613462454541597,-0.4597585759965216
485,Monocytes,VUHD67,Control,62,Monocytes,-0.5905391717297428,-0.26688467574331126,-0.4557875093012959,0.4061290784127012,-0.4142979376422817,-0.006623765954251449,0.3789729220112294,0.34668905465863764,0.1674153080130986,0.08717255551986834,0.31817296345753604,-0.15719497686994763,0.22175363770431927,-0.31652598985990027,0.005080068610784191,-0.47267662382615533,1.011874239099426,0.08181252587808838,0.20556687756434067,-0.2959140765188258,0.30839490540365516,-0.318606843602378,-0.051182788562126595
486,Monocytes,VUHD67,Control,62,Monocytes,0.18069135272327147,-0.22231112088437063,-1.0382918289386782,0.571156801118332,-0.32422836339827926,0.010328643592987692,-0.11495869949762033,0.025251848698566018,-0.18377390620925815,0.14971047295628154,0.1841011720235254,-0.21672797038003566,0.04823081368554126,-0.16440050842661355,-0.10570256022720935,-0.7120572225445747,0.16446024651691538,-0.2214577016581327,0.15891575478359524,-0.10070062163644096,-0.2641674770002584,-0.3565156199472814,-0.11684594617537963
487,Monocytes,VUHD67,Control,62,Monocytes,-0.7632480885235798,-0.5632892146244217,-0.6623563464232671,0.3119327726155978,0.03444624574992518,0.020888142756383628,0.5248726556069135,-0.019336523890808942,-0.23488351273386338,0.20829666590071433,0.2595126037327823,-0.1464789137879228,-0.46631694303603843,-0.4514579033793722,-0.38447703337807587,-0.284920557190163,0.4789874426389066,-0.34266288405451145,0.06987190950268792,-0.45888724778125456,-0.44682873097162484,-0.5614633831532845,-0.1349563734151396
488,Monocytes,VUHD67,Control,61,Monocytes,-0.9011713922356813,-0.4997674618763586,-0.8035770082944546,0.31057419378813356,-0.06248694336331861,-0.05570161993560403,-0.2500897167297326,0.0837407925054858,-0.1884479914034753,0.08234529146535456,0.15822856909200275,-0.5010627948381773,-0.07715060470441834,-0.4604440391846539,-0.14908006910941823,0.03088249531890101,0.3602437323352685,0.10363805137149264,0.1828114488213547,-0.4132539495599332,-0.3555916837771107,-0.38405247868058756,-0.2199490191350756
489,Monocytes,VUHD67,Control,61,Monocytes,0.922871181358171,-0.20194685420491498,-0.5253163129014463,0.2837962378382857,-0.35437905743643533,0.0665483910130239,-0.05565732084697914,0.1293030931488239,-0.22969290005666193,0.09253064267845812,0.44806498236101117,-0.16585975165237157,-0.08014401826351386,-0.49605101524182266,0.15280051232928027,0.2532155068862786,-0.015457817427116743,-0.4384880672031069,0.1282377364095036,-0.4532948241152106,-0.7547256464221453,-0.47943069156208473,-0.4204455911083669
490,Monocytes,VUHD67,Control,61,Monocytes,-0.3759764301851794,-0.5803494874008643,-0.5969115045324621,0.41116861949609435,0.0989808164918682,-0.009308183150926366,0.7822099736389065,-0.12931039895146362,-0.08796797060016227,0.37919700543432866,0.3035733871734308,-0.3897937883332956,0.12254924218004487,-0.1823577581101183,0.0521577841622831,0.31945743158001344,0.3671019289806034,0.13204593838695633,0.06643709006640022,-0.46857281816533597,-0.27739234197457985,-0.3686390785701872,-0.04583483696014804
491,Monocytes,VUHD67,Control,61,Monocytes,-0.3973445960499061,-0.34733743505386827,-0.306528231020487,0.18011015217243073,0.014383686078692235,0.04499112189489135,-0.22875603949278317,0.24452618451011865,-0.1656720238041809,-0.5554926364714726,0.21028214558332078,-0.3669053928287668,-0.14160304971815754,0.060128347874177694,-0.1715386399798274,2.225307967183156,0.238277332355442,-0.00916855844639547,0.10279431925647219,-0.5037027300627793,0.12340520362636197,-0.07515623252514313,0.025247533791953804
492,Monocytes,VUHD67,Control,61,Monocytes,-0.4000878510134797,-0.30147963001452427,-0.7168198186452384,0.428964726168358,-0.4265904899083299,-0.011502653319826216,-0.09912656647586672,0.08659375510066125,0.05164994667232684,-0.02412134387441156,0.410159594296468,0.11327858459077995,0.13930514344172787,-0.15736615000056525,-0.3436585817853444,0.03570016506973757,0.9121289858721371,0.03864225155346074,0.1873629255771502,-0.3399084268698244,0.03791601180362343,-0.039425597858710734,-0.1553904941961503
493,Monocytes,VUHD67,Control,61,Monocytes,-0.31150235690225325,-0.4764190172301331,-0.5595630584722698,0.21100640322387074,-0.21569528497411175,0.03568221293821868,0.4198410330204933,0.005367149020048739,0.013090438406592497,0.03072928167736738,0.4256521911016506,-0.15208948781573198,-0.05992250613816826,-0.3466114234889354,-0.28732063731015856,-0.7481014936732777,1.7219847261587942,-0.5060269728411874,0.27322896674364516,-0.5425078535759954,-0.256148894071477,-0.6253013941775218,-0.18489304189535155
494,Monocytes,VUHD67,Control,61,Monocytes,-1.6560466553179238,-0.5987327933848774,-0.9963078127617547,0.42785869104985824,-0.7118457246429468,-0.009934178338361823,0.49537753559556147,-0.22035458244708928,-0.46582322030602896,-0.3162499689180039,0.3443314765913068,-0.10406397315814317,0.050608188894926666,-0.6135256416508958,-0.3798907711178535,-0.7139615664353577,-0.07736910877323756,-0.04555930226795275,-0.15217111983477463,-0.6351116273957013,-0.12947451762690518,-0.640493528649128,-0.17384296821450107
495,Monocytes,VUHD67,Control,61,Monocytes,-0.7314899464141622,-0.5392087516748081,-0.17975763307431533,0.3431894601470732,-0.24438516469126897,0.020681069938487926,0.4322632627223919,-0.05978271684611192,0.07554367126205976,0.20754755821322715,0.22374036032128974,0.16139924454299143,0.49509182130791063,-0.05446285422434037,-0.03414076431054247,-0.05207665854044678,0.6453153320837413,0.1380269717888646,0.20674882436801678,-0.6042035102689972,-0.26018341735167355,-0.25616297935653465,0.24578123748957967
496,Monocytes,VUHD67,Control,61,Monocytes,-1.8742885111093126,-0.6970906673653113,-0.32964989214364526,0.3313029300217641,0.23784915696989326,-0.059829444427728085,0.34813569177652287,-0.18351594995645532,-0.25170522271297335,2.4376540525650713e-05,0.3218482165786564,-0.214320560250115,0.07946658939427315,-0.27343295137678436,-0.22842342879963112,-0.5788728062475822,-0.11789825230039248,0.04268109601395195,0.03545255324734131,-0.5422650669956876,0.08165125233176508,-0.5274055369122975,-0.2548155391708975
497,Monocytes,VUHD67,Control,61,Monocytes,1.1343330599776695,-0.393301732039644,0.03926242136334876,0.20384589038924605,0.0191814341696886,-0.014333050358480313,0.40440634643932244,0.3475346066092517,-0.07375429348939398,-0.09506097801406627,0.626703889198196,0.14107360440935895,0.1292509113222189,0.20518565636278582,-0.17121179932100894,-0.09474544994786749,0.16774971294411836,0.25334173734230786,0.2304223137599823,-0.515241272769667,0.28630021678930523,-0.5257714299773211,-0.035607720812643386
498,Monocytes,VUHD67,Control,61,Monocytes,-0.8029687927571385,-0.17871267780909456,-0.6654031321133194,0.08464971253988803,-0.14981473875012824,-0.008887506699564871,-0.053051667881838745,0.11792720563251574,-0.17304888620626896,-0.12489616449097496,0.45955999094962985,-0.16668859561561714,0.4760057720200028,-0.4817048580035053,-0.06319270760965232,0.012714235117122434,0.43038506465375553,-0.079732735713456,0.07345875122518493,-0.2841763389453762,-0.5331720313596131,-0.22204912587964226,-0.15855291102889535
499,Monocytes,VUHD67,Control,61,Monocytes,0.7942420928384301,-0.467709253569444,-0.12891472868739517,0.40427115389589435,0.29477406440792986,-0.003814905419653656,0.611883649907896,-0.13490118447130292,-0.25934419458015195,-0.10515606410248302,0.30036849646284614,-0.31001755549565724,-0.10018307956421865,-0.37944847663402154,-0.10651145956596197,0.02560460134951251,0.1326558883068319,-0.6950015138868071,0.3281756118311011,-0.3145843667181973,-0.5087582817894555,-0.5630402956972779,-0.15424554265183324
579,Monocytes,VUHD68,Control,50,Monocytes,-1.962847603202781,-1.263665057715056,-1.253729030642044,-0.008150123717270665,0.18602690715399295,-0.08653230718581627,-0.48535685975742715,-1.2477762216411676,-0.7442002719739684,-0.562633190203859,0.19699895122244857,-0.4065381140985153,-0.5145433107973817,-0.5009360066837516,-0.28222987304313485,-4.353497374276113,-0.10664979465892041,-0.04019710931034544,-0.7081149467291434,-0.6112558374496115,-1.0992448079644315,-1.5256154820468333,-0.01563793228042423
580,Monocytes,VUHD68,Control,50,Monocytes,-1.8410033403504953,-0.8673655320599366,-1.0097147704342835,0.15484312110676537,-0.4165481226429925,0.0035273078213218885,-0.47518193856064334,-1.0274771853983795,-0.7071530088039987,-0.801919196340112,-0.059202796351865136,-0.7481268752410843,-0.315613963980715,-0.7155087268142275,-0.10025751382655329,-2.278087957719224,-0.7949015886985348,-1.0519262361397488,-0.6162957846684545,-0.06884325762077158,-0.5416032468377282,-1.3093656879535507,-0.07841059599513056
583,Monocytes,VUHD69,Control,89,Monocytes,0.282666040775066,0.7230333671617944,-0.4643334891886725,0.29912574360092975,0.14303186184646646,-0.02187335473677429,-0.8507945263221441,-0.17912695605475887,0.2910354212351745,0.3733044730456796,0.21769191030363708,-0.15021386416659974,0.20397519304061856,0.3951641032596725,0.1065609846626963,0.9848765013126908,0.20307125039857404,0.10342377129895902,-0.06735934570933134,-0.31500991787700183,-0.32612186198608406,0.8446566053414999,0.8031458940082054
834,Monocytes,VUILD60,IPF,50,Monocytes,-0.39275033250986674,-0.6424582182212984,-0.6084154195518209,0.206158402168556,-0.1192000714468829,0.008484561529303634,-0.32398396196119367,-1.1797579164090544,-0.15737238075945856,0.03605071101240409,-0.3353075976221511,-0.3476029734475574,-0.05842949388575338,-0.20695146667387168,-0.47817730428140753,-0.3433121831946592,-1.136917588296451,0.34357741361593475,-0.2807414041938577,-0.17817928250901685,-1.2458525883115625,-0.47703322728302666,-0.4876507593277408
835,Monocytes,VUILD60,IPF,50,Monocytes,-0.8110034514643194,-0.663314946651262,-0.9120075722692366,0.3082598279746599,0.2573949842477715,-0.05286805734337396,-0.20653436335203224,-0.08054566469125585,0.10749803865352386,0.012236409568914523,0.15941097220139977,-0.3329675337460706,-0.9604343270208054,-0.30299751634626343,-0.2843910242925013,-0.43831526941511484,0.15438458139764902,0.010809859115307695,-0.23478852870175923,0.10299318241608674,-0.5929306505667199,-0.5081610092729719,-0.4718141517989906
958,Monocytes,VUILD61,IPF,54,Monocytes,0.16415708640438909,-0.18582738420153175,0.16642133873873188,0.3132036313748493,-0.1936109589730451,-0.018888417887266883,-0.1157465822314667,0.23361882985052856,-0.10119327699203615,-0.00028440834066607596,0.15045524494502646,-0.4357466390097357,-0.06383978311001741,-0.22797742889770214,-0.12331326188694897,0.25845194293910795,-1.5182988654680525,0.013344447077899047,-0.23937691981333542,1.1577044494439364,0.5146245300792209,-0.09342923884309519,-0.06660674328150648
959,Monocytes,VUILD61,IPF,54,Monocytes,-0.43947089855072535,-0.35691929119172366,-0.23848398752163988,0.23152823743296677,-0.24322645269763443,-0.05119881913594193,0.7335485244350927,0.5384343768923692,-0.2007176087330368,0.38616562157651096,0.1479556819679424,-0.21552808358773498,0.5048645707928417,-0.7806643243583714,-0.1737952142620327,-0.35430539966260993,-1.697433076162721,0.7862965371891231,-0.5137848769989228,0.09739218132690204,1.4006068407526298,0.27614031535803835,-0.12079693110518151
1064,Monocytes,VUILD63,IPF,79,Monocytes,1.2611020938921436,-0.29044999402482324,0.43174743107852454,0.3873924386600732,-0.17615421285337513,0.014427595712589326,0.5375680338054626,-0.0012947070785036098,-0.01451035396969334,0.4358338511286134,-0.1996877763396966,-0.2825496381116506,0.5805711981371906,-0.30747702415042205,-0.23585747329296988,-0.2617016629299375,-0.5705816285522596,0.9536131088912263,0.018477855145438347,-0.12667319494996251,-0.21268925990593612,-0.16578073453999054,-0.20307433652748932
357,NK Cells,VUHD65,Control,61,NK Cells,-0.3616139645066922,-0.058685316998920614,0.48149764411570806,0.04476138482846541,-0.5390319347594169,0.10276088311910846,0.4396630116365442,0.01863380243581982,-0.049140889082331024,0.17980988592794503,0.3100847328632227,-0.01023254116375797,0.4506612673381492,-0.4671197355066341,-0.3295404565853176,-0.23686431223216964,0.5856545457764017,0.06238235079943222,-0.10300190858158775,-0.08917697877303166,0.07870487468022215,0.1553857085035003,0.011288537909625578
358,NK Cells,VUHD65,Control,60,NK Cells,-0.10719957014424161,-0.00821740654640458,0.38139259310512535,0.21715866113155888,-0.10690082914960868,-0.1015164835058827,0.5926029355776581,-0.10843704655980504,0.28063066035327383,0.305911017525081,0.19938743694649178,0.16496865119423956,0.139719055129468,-0.16934863306989947,0.02284347055118473,0.41508829985016404,-0.9290959219118413,0.06049338539800074,-0.36499059978184856,-0.06752931302931925,-0.5859876247261581,0.27073029093800094,-0.10974307481068268
383,NK Cells,VUHD66,Control,66,NK Cells,-0.2578969697675734,0.23805806432651042,-0.5925780430202706,0.025955080567415186,0.015891550546063282,0.08278255155220426,0.26349168187895833,0.06557234175888602,-0.05069925122654917,0.4859257534528206,-0.3208438078818764,-0.10412234158320209,0.10368282756135458,-0.03447206999788779,-0.5719442693501137,-0.19001930954119628,-0.1875593542112239,-0.16781022727440859,-0.2724056637137856,-0.18041262301107078,0.4136691827937962,-0.4399558636861136,-0.4654141407665161
384,NK Cells,VUHD66,Control,65,NK Cells,0.20617491919073722,0.45366338418608537,0.5082477057882794,-0.1759583843024652,-0.20187491139184013,-0.09312002802969963,0.16393804096047138,0.11860924159773573,0.44285719410706187,0.06941467600505097,-0.3518512652233559,-0.0786139638446366,-0.719785329710354,0.36356842843575976,0.6386486653656878,-0.013538072542107015,0.09960106423469928,-0.12141286671813346,-0.7098177534267256,-0.168422761691212,0.7780309246612455,-0.432280121806057,-0.18635811168934877
456,NK Cells,VUHD67,Control,63,NK Cells,1.7396913866691361,0.08016275399895147,0.0646693523638517,0.08408108358624039,0.13390765194800297,-0.025958905249209303,0.13726804447053365,0.021090615220800853,-0.047900527082609445,-0.21008067754638352,0.11086134292426676,-0.05981204171576082,-0.03199762061651442,-0.3337643720810998,-0.26073535363563594,0.2578621250180739,0.24927280791736134,0.3866884764905646,0.20381983969068937,0.01563101600569746,0.0752935397760753,-0.07278233991086053,0.03651726506826155
457,NK Cells,VUHD67,Control,62,NK Cells,1.529312246274842,-0.03601065024987529,0.0024489970444333724,0.037891655615285534,-0.18117057078017126,-0.071963294277255,-0.2856751503362965,-0.0400508700893896,0.20062151546131038,-0.09701703132990175,-0.010968454606005141,0.2124120479478946,0.27205915021179816,0.26020642871406635,0.1345483028993505,0.28115513106191325,0.47856727960257556,-0.31624202009220176,0.19408885302897658,0.046850727331432605,0.9085358266137644,-0.10417614336951155,-0.09017212433992655
458,NK Cells,VUHD67,Control,62,NK Cells,1.3507403950545362,-0.07268314760159722,0.042334008886374175,-0.08371176400091125,0.11831113487898215,-0.0468399597426849,-0.00783216507160073,0.02278539310192241,-1.0719751308217496,-0.05452692497928622,-0.2782843332592312,-0.024153541794403103,-0.04892951593361471,-0.13671620531564593,-0.013277456735448468,0.1974814238480448,0.07281035587422832,-0.5657602257968698,0.07023412309796305,0.09104316039604024,-0.23153494434725666,-0.07396937870739566,0.8923532714565116
459,NK Cells,VUHD67,Control,62,NK Cells,2.0480769941127965,0.05398414863935119,0.14324824677443873,-0.019587447222154372,0.4558585258755046,0.035197253203872514,0.6281988422372423,0.04743503094682019,-0.43342644128944696,0.055663414609881584,-0.02675059201012338,-0.054582274090210645,0.20364472677683976,-0.11711888645424035,-0.12740677459484745,0.23458218666301373,0.2652756730299768,-1.1061807635379133,0.263468033206801,-0.06984422805840221,0.42341626139514515,0.008151241967046533,0.36030455694431085
597,NK Cells,VUHD70,Control,67,NK Cells,-0.22297503066975233,-0.5492778709242071,-0.2837780286052668,0.20301297313884076,-0.060548905775752074,0.05288956343321012,-0.7818399853841479,0.07723298881463397,-0.1199856851119198,0.3331086716833012,0.04029114586368661,-0.0710944902148785,-0.9528633906699727,0.16998517357228896,-1.7983060035598972,-0.36830040144140824,0.12408409947194013,0.4465935078964451,-0.29588928663048936,0.007150666417426535,-0.5684793550780569,1.349011803127918,-0.7455301507480779
789,NK Cells,VUILD59,IPF,71,NK Cells,2.6602312641281802,1.203392766572859,0.4880688640164182,0.03616082426149396,-0.26411151233387464,0.09398515051601919,-0.46218142530644174,0.12072037172957695,1.0088692689552756,0.5074960476736707,-0.23237827683828985,0.034816896396849796,-0.02863109248907205,1.227845451494494,1.0538141899388909,0.5517268420516726,0.1129974330058679,-0.13233140803708895,0.14214473505703537,-0.11742448000072825,0.9700692392609004,0.13894667009300807,-0.2822112436973363
832,NK Cells,VUILD60,IPF,54,NK Cells,-0.36171710998429074,0.2305570739629436,0.9078782925300835,0.11058395148613875,0.2482000833488196,-0.09284467206701483,0.1988507722455219,-0.008133194473464334,0.8780837299762425,0.25435530426732994,0.06183856408475301,-0.03357713622262704,0.06823605062617927,0.8017952433956088,-0.05795839814357692,0.4281099853092037,2.14835477732463,-0.22851542978305456,0.29241544905794686,-0.008017079134465071,0.7046749193350947,0.7152132529841274,-0.0572217895632645
833,NK Cells,VUILD60,IPF,53,NK Cells,0.013066738679362214,0.20191377780204384,1.2784926167873825,-0.12876066031318814,-0.07230768402438684,0.041884124519048146,-0.45156888837350895,0.003956837648433187,-0.44353583721562884,0.9766014481763415,-0.052943759434362456,-0.059424367293626185,-0.02344797480710619,-0.28342908874442824,0.4737199024067457,0.35155316361301375,1.3956726520569247,-1.7736698739491663,0.5495021720670146,-0.06919680256760327,1.0944842099811587,0.08593373885569769,-0.4104337899526841
967,NK Cells,VUILD61,IPF,62,NK Cells,-0.07688251666097749,0.626472347434638,1.1435986043820328,0.3105819210894737,-0.051654307882583655,-0.00767982001426174,0.1488787174535049,0.09820417489366734,0.21140654029538114,0.8180947334263571,0.15689866603402752,0.0955894116856632,0.3169358048640152,0.3144382110731022,0.18766590939769873,1.1448178982394035,1.1964028934220559,-0.6996438954649707,0.31112990048561456,-0.040124139724615045,1.9513942421190267,0.3183601121446416,0.11563196913817674
968,NK Cells,VUILD61,IPF,62,NK Cells,0.25048239985137133,0.5975171020257367,0.6704785838474788,0.33159401750871714,0.12023062671102275,0.01935096921813628,0.2082158880000765,-0.10829237206081724,0.47541824580785724,0.8984241030045128,0.06482986926289784,-0.011622501715327145,-0.38537253208378686,0.5264803216637354,0.40817634569965966,1.4331771998386702,1.4016767319007082,-0.2751911089539524,0.5162304918951925,-0.08808652401207527,0.5067449702689983,0.4722097579881936,0.04806745823785317
1054,NK Cells,VUILD63,IPF,60,NK Cells,1.6960705592136123,0.774571306954858,0.8374809529036004,0.3230224089640483,0.5818873755331471,-0.12797768844692217,0.5218037859060346,0.09162092807479777,1.182631491197313,0.8527229631719112,0.3977443442356777,0.21401090503130474,0.8601334925771289,0.6619312788858825,0.7362667265857741,0.7554857169698816,0.7340494334302538,0.05969781809184288,0.22847085406157158,0.15719708873091118,0.472082772568412,0.5952484580507855,0.6632847611340913
1055,NK Cells,VUILD63,IPF,60,NK Cells,-0.008411691793295883,0.8687672541610593,1.09541471128705,0.2628815595637535,0.11517264545172197,-0.09657623370949292,0.49678321346878457,0.0453267088932282,1.0230406138584678,0.6681584264873387,0.40143894223649373,0.11596132050892266,1.0376932335318254,0.7894425459229686,0.8936093395205651,0.9252138372727974,1.7385114266190547,-0.10997865041472198,0.5330709668501634,0.3446216150364571,0.06846736495047405,0.5885162497439085,0.4908217430228579
1056,NK Cells,VUILD63,IPF,60,NK Cells,2.4740723014278183,0.7908347258008424,1.3515902054475872,0.137414830082978,0.29832082344100563,-0.027920634853017573,0.3371569096072948,-0.03618052040821788,0.6836902293959266,0.6186775538752655,0.32963671889698154,0.26377126154471303,0.7407740597160507,0.6702196181694051,0.28535522392853546,0.6977242860518583,1.5333674167542075,0.15984825149174736,0.21112722079643084,0.47991041565963133,0.21691286017989522,0.7720136535441325,0.8990739197204103
1057,NK Cells,VUILD63,IPF,59,NK Cells,2.921648581442986,0.835661066598724,0.5298613717274262,0.2209726336245403,0.2220170178417844,0.024694715365101746,0.726414575310216,-0.03810666248653837,0.7970131340337853,0.058064193429680236,0.5012323559799592,0.18406900410440924,0.4875724878456382,0.45361975369208474,1.3914052174211606,0.7445005818069459,0.5040185161418741,0.9509212224146378,0.470892087475697,-0.010855670567089866,0.5583899354663691,0.7315046686259753,0.5299444628195108
1058,NK Cells,VUILD63,IPF,59,NK Cells,3.198427031401104,0.9553781850119797,0.5045967608959159,0.24411919535622248,-0.02020274676234289,0.01468049818980197,0.07972047571513419,-0.022536822602268455,1.557132655874746,0.3917216368621456,0.4642979702296113,0.19501362232469116,0.7271180519261106,0.7707670604300535,1.1710142328321718,1.0954065471417718,1.0990696038609786,0.2723557724834569,0.6250288687300998,0.4138452033601199,-0.006720024932476177,0.40893653964684185,0.17681762510036567
1059,NK Cells,VUILD63,IPF,59,NK Cells,2.869096694135447,0.9417712283581516,1.5592678798416013,0.3065084639633026,0.12472588552385153,-0.0482396191136166,0.06295260603679116,0.05257646865593462,0.8814553292503602,0.890886563385964,0.5568938546123307,0.31705075286339085,1.0859726801100917,0.6095658637387572,0.7635891145332976,0.9917318313517539,0.9063772272409184,-0.41019093143504154,0.43523360631734576,0.38065679245203926,0.3129953355764751,0.7620191530114272,0.3373125171834792
1060,NK Cells,VUILD63,IPF,59,NK Cells,2.3417875846605076,0.9425547123717753,1.0805839385968476,0.3705758774882133,-0.1515338543233557,-0.001565487225056025,0.3119266789092885,0.11243878186279413,1.2042463944604032,0.7570902457603013,0.583117739879895,0.07435519448401345,0.8201292656427283,0.335120983775996,0.8149586121109387,0.8730230369110974,0.830637855228718,-0.5714383219164176,0.4734432419684598,0.3798914628794505,0.160510299762158,0.6996305315734206,0.541747408416476
1061,NK Cells,VUILD63,IPF,59,NK Cells,2.0340642707674284,0.8576548377906695,0.5778930982265033,0.45455946269309283,-0.0028389781106586704,-0.04894698633005869,0.501236359549429,0.00380315793601476,0.6381949453979624,0.2829619246619117,0.44382139170853524,0.08226093254312587,0.8829819503873874,0.6378018230860489,1.3230388508581055,1.0213413751050724,1.4601626221159587,-0.47635179192980476,0.10696432600698678,0.1884792607036896,0.1884763045962466,0.8339330508888445,0.5688778711951054
1062,NK Cells,VUILD63,IPF,59,NK Cells,1.7257914953024964,0.8659403039407353,0.8406100356488538,0.3091024201442763,0.010712930817480799,0.06577309211479722,0.44692146310626446,-0.14507077941917018,0.4200283752695683,0.3497475504928772,0.3089241135740982,0.13568433193761986,0.6177643975069391,-0.4422050673588748,1.7478393252339863,0.5492309161983311,0.47716280244845743,-0.015620816124019134,-0.0014255699553451934,-0.038623497724133746,0.5111990465058762,0.19318779850460463,0.7278683824108036
1063,NK Cells,VUILD63,IPF,59,NK Cells,2.4066322863997485,1.0115977619364667,0.7801009166577973,0.27293645474197853,0.040820999556364014,-0.02420841758884716,0.12874640693129846,0.08356166423065095,1.2955836943094348,0.8017870411631525,0.5053627814743012,0.25569859435774994,1.005728495211296,0.7707638698825862,1.5622760062023242,1.0344291423002647,1.5326501160867592,-0.46506869747381946,0.2939393729021122,0.05660085743072737,0.7903964178938667,1.07076573671923,0.7800003534507205
102,T Cells,THD0005,Control,56,T Cells,1.281553811110166,1.1240469275256697,-0.18119903740601537,0.06765251754605367,0.2488196234254373,-0.003978757650410105,0.22412203237991027,-0.05891398566603901,0.271097635752451,0.35040397801554135,0.5869262098092174,2.30233461341169,-0.04023202058095387,0.793651378695146,1.3069696386985452,0.28328390502336737,0.32051065389036804,1.0418372157335614,-0.8501921714195684,0.8769166723409386,1.3412028653124528,1.009623867145415,-0.05105157083846939
103,T Cells,THD0005,Control,55,T Cells,0.9499160269703667,1.120292160439985,0.4549567177584979,-0.012009033143400485,0.3867806335587823,0.03675446289245584,-0.22164443129511685,0.06620704646485376,-0.4284248252747311,-0.0503714745034619,0.3910389948412266,0.5854127231415395,0.17725879868168026,0.6908445940552059,-0.018524234922156844,0.29668293868800505,-0.707895390033257,0.15838653333699335,-0.41841623265963435,0.1861849478062598,1.1562790186390237,0.5993570939128112,0.16510325786214777
104,T Cells,THD0005,Control,55,T Cells,0.5598976297376799,0.7874766658608325,0.2314697487456379,-0.014447397029294453,0.3415944532075978,0.049372391242091036,0.8460628829177482,0.03512720205270875,0.7325772879031855,-0.1653125871488604,0.6231181247621337,0.2770549350642672,0.4070380886876622,0.8552916515122888,0.5401024347476286,0.41157389560280344,0.15435179343141342,-0.3721660432980104,-0.486325662012349,1.2254647370128002,1.6275167874856642,0.7578371243098087,-0.2642587557041819
105,T Cells,THD0005,Control,55,T Cells,0.8715218029865531,1.012391293834723,0.5393892641291849,-0.19511976569670655,0.005987933639141652,0.019476624577180687,0.4097008931268181,0.09288682519604058,0.360411229846056,-0.34138446579672616,0.6074778494911424,0.020988435652251537,0.06535079168182634,0.7876277767774812,0.19729798200257664,0.3753473901132663,0.05853946272260808,-0.37024611128657103,-0.6247834131167307,0.7128448284811015,1.5463746627890986,0.6967651326222195,-0.11208548116129023
254,T Cells,TILD015,IPF,60,T Cells,0.8360914517948757,1.5476542262894915,-0.2262696484683091,0.16746106059797752,0.4904538617308709,0.0845020050559771,0.32203637892802395,0.0555879252831235,1.3248904601985936,-0.00840104647405869,0.20091030332900148,0.4066450090522002,0.30971874333944716,1.237590215604454,1.610172707743004,0.7708399833908358,1.3563058704223685,-0.18407679255999282,-1.0252104532414836,0.5264265829512379,1.8191999609517335,-0.4387941834106927,-0.19041424566026463
255,T Cells,TILD015,IPF,60,T Cells,0.8072430695785471,1.5388642739487408,0.26347418178156723,0.46073690400709283,0.5158987673493702,0.004794289236494497,0.735249009127475,-0.05042864207553526,0.5191822840406836,0.6873961395386224,0.3783358360992894,0.11829501317540424,0.609896047302082,0.9774051643346244,1.1301099807271735,0.6451944070804898,-0.008183589442408764,0.33652300129089774,-0.1722850022044657,0.8846688238933675,1.7482725577642177,0.3712780420531436,0.42055401105012113
256,T Cells,TILD015,IPF,60,T Cells,0.5587854190307833,1.366294432089979,0.761212943106753,0.29834050057885714,0.2810182395504101,0.02112871250317894,0.25370311626517317,0.05515884761860938,1.2026730359298832,0.2900918004468678,0.11178312388066193,-0.15347607805912616,0.5241371686521196,1.921796693632624,1.5647757958458346,0.5512353856868838,1.1762885223722435,-0.13423516633247168,-0.6085361011972195,-0.1777655674285665,2.0332086264046114,0.18387019559974335,0.21121264749691693
257,T Cells,TILD015,IPF,60,T Cells,0.3661004248288783,1.558261204717179,0.1313191421662763,0.7435347970529119,0.4088501480738098,0.04189359822797608,0.1920463652321995,0.13525272310353018,0.7775774320017051,0.2016045865380298,0.038563815297979545,0.315743360150799,0.3115309419992038,0.5229259060322294,1.672231669287512,0.8701657075455759,1.4077895710182906,0.301466473623777,-0.42976951743076064,-0.1703455313503752,2.1691917523993673,-0.03021309333927393,0.7358876181673285
258,T Cells,TILD015,IPF,60,T Cells,0.4425027683574479,1.8042170935705282,0.5285925777653356,0.45181866026442147,0.4214900248897868,0.042657313348912825,0.13590760582402575,0.06364973396551524,1.1303104451577481,0.07989197331049983,0.326157431219327,0.1138393321458371,0.540399142583595,1.440814272563258,1.568147334961564,0.6593174389275915,2.8595636424763997,0.34956518943067405,-0.6912151827918906,0.4211089272071987,1.9952029413753523,-0.47403951999579197,0.8712556799120471
259,T Cells,TILD015,IPF,60,T Cells,0.33320318800137844,1.4580710229626903,0.14476074099665864,0.5257518680444077,0.3197596202329319,0.06368702402872356,0.1264079319501055,-0.014526848797504287,1.4269004519413215,-0.3367038262275203,0.09606679020640975,0.26229700247105603,0.6840660815729959,1.379405322495866,1.6830980785672018,0.5592377480610435,1.5573646019752378,1.0433294174654943,-0.645115824780824,0.2515842812806714,2.0025497488434993,-0.09486863763280133,-0.12598394164555787
260,T Cells,TILD015,IPF,60,T Cells,0.9193179806001553,1.686984947867251,0.44551325562388616,0.5185178898200694,-0.026301300451127857,0.06372705265802896,-0.45038549497797586,0.07979318169777894,1.2121650198523992,0.3081974871731304,0.07444563815125278,0.37015641247639425,0.3501572003796313,0.7469049342832883,1.5349818723139987,0.2922212759929963,1.9041359645203366,0.036431140492162326,-0.7596708120194247,0.21136975746776057,1.6528122381211605,0.1901278890172476,1.5445528883617345
261,T Cells,TILD015,IPF,60,T Cells,1.0811394610799523,1.6935379158825714,0.13553149152411986,0.3388549637779656,0.32583218664107094,0.018010877418688186,0.2621265518836548,0.09919054945860489,1.1664649371155658,1.1054795088719955,0.2636093784980843,-0.10084384624996645,0.5470938446789493,1.107281006248481,1.7100088083709721,0.7623322136975756,0.564914548397896,0.547443063404883,-0.35071507482005365,0.14978596497712204,2.0091067818365365,0.1297340230309523,0.093907640996162
262,T Cells,TILD015,IPF,60,T Cells,0.8412380489929415,1.9063481463315772,0.35310737596536107,0.2650390281274099,0.36227834707301604,0.02116911395662076,0.03617605778808387,-0.01636159928582432,1.1357195430350284,0.6457815473941362,0.030253184566907416,0.11576068734559612,0.01362498671691132,1.508275497109914,1.7537639691815765,0.12919917308273882,0.5118450133097645,0.6877774812177571,-0.4837019475343728,0.08455948129446805,1.9007860064133903,-0.03807300651767653,0.3655266555289265
263,T Cells,TILD015,IPF,60,T Cells,0.9403102177907385,1.7303284864214752,0.19758527163514852,0.42300731476144776,0.3611693504749658,0.02107132333305981,0.30377913006560064,0.10309363117418396,0.24043667179525402,0.43538883713743176,0.1792527879687965,0.23621267255743963,-0.2480499522796602,-0.12820783621202872,1.5497427997141546,0.5694246173447225,0.2811642089063967,0.306363715045414,-0.6566975096029548,0.7018887929458212,1.7726141362102976,-0.08466188260835457,1.135102104178494
264,T Cells,TILD015,IPF,60,T Cells,0.7753727916768908,1.5278067182920723,-0.00935721666733684,0.3515646728172893,0.3412136564985197,0.03218209458473148,-0.01912354168864957,0.13402453329180214,0.48270307134367174,0.403401958532827,0.2348160268549538,0.17827196002601536,0.5085311318325233,0.9979029874706009,1.6633375639630317,0.38747699093521626,1.7888841029163682,0.023952392984437763,-0.4010117058333068,-0.2620626076193577,1.928125556584535,0.09524092727654285,0.6941523911393105
265,T Cells,TILD015,IPF,60,T Cells,0.28746730713649443,1.565370808628434,0.31644447797915065,0.4039624097913683,0.6262836276541165,0.06473645517187067,0.33755867921464083,-0.04190775897763417,0.1779615221477983,-0.18475647456035507,0.21190271389897827,0.036715761528025595,0.16140034659392544,0.7381999077998913,2.815093059675344,0.6038255273614755,0.3431987667428269,0.7177861244374822,-0.6769622172613694,0.5525209900712365,1.3910875960929332,0.04266223144424272,0.6175559316177955
266,T Cells,TILD015,IPF,60,T Cells,0.3757788647365622,1.8455176131495068,0.5215900921941292,0.3708682141544048,0.2554112979152453,0.031415893850779884,0.3109427515929356,-0.030946974605031062,1.2917058475241048,0.5660500605399211,0.010728595386912471,-0.08186969987713773,0.5296562944055162,1.6911702215418876,1.1036357692108427,0.9065791341884862,0.7160552583911151,-0.19017435888359158,-0.5628853877384268,-0.380657273197344,1.7860130289407736,-0.0181957268085895,0.4867598752001017
267,T Cells,TILD015,IPF,60,T Cells,0.21329824113416623,1.5479167504450475,0.34175095393988275,0.345001503231922,1.3890299886462238,0.016172148429818557,0.011137610556992174,0.18169638532523086,1.0976257414208075,1.1600934073535714,0.13296066648444813,0.06141115447817534,0.23766281819714016,1.5239563949213826,1.8852090425365975,0.39681371799365306,0.7583043683619337,-0.1139212266215543,-0.4258431187182135,0.5164825853266648,1.740400663804034,-0.47062168960839895,0.43320091662772553
268,T Cells,TILD015,IPF,60,T Cells,0.6315850148121913,1.5467294905027076,0.25247927087648014,0.10854493082221459,0.10558954847915682,0.016197756889124528,-0.19830294119606293,0.1160784496370631,2.0196720967384305,0.7762429739787792,0.22117335085958376,0.3061695593850527,-0.15318938825870027,0.8983809740763966,1.2051100758699782,0.5867401122988556,0.4920745665729575,0.10378799378096924,-0.9989022405175054,0.505800794196429,1.420287094073496,-0.4364120645046268,0.6041076689418653
269,T Cells,TILD015,IPF,60,T Cells,-0.18465095856976618,1.6629278566605328,0.5947720990922502,0.40706123535216954,0.38171561262839915,0.03701763442208139,0.03504965528493396,0.005823419575918684,0.49016302309311865,0.06929402921250159,0.2741206806214123,0.03728433422843698,0.05979774783307682,0.7089531337449441,1.800723621091778,0.7312928269278897,1.3848393574618556,-0.003227839118137737,-0.39802242279911804,0.21378370561481624,2.350643279586938,0.06643055267132628,-0.15931724588385185
270,T Cells,TILD015,IPF,60,T Cells,0.8021692131753211,1.6734128493056373,0.28662232463967074,0.22155815434300544,0.36831002352863074,0.03894967267400924,-0.13105206050909526,0.08868261171757538,0.5114623002712376,-0.030567065227826328,0.32830363943857155,0.15554090339418317,-0.1282776912042151,1.0083682839448815,1.449488004343913,0.6411879264583538,0.965048865294881,0.21532502206322546,-0.3683379090622151,0.23305942408808974,1.8973673606656236,-0.1696236004429101,0.31429852468565905
271,T Cells,TILD015,IPF,60,T Cells,0.4891862323376353,1.8957022899307743,0.34808192428065393,0.2950952703818735,0.2555948223590387,0.029974872758508825,0.7841739009009951,0.1651489034886678,0.3800122423191729,0.4127665197140626,-0.05491400339360582,0.18794410612295692,0.4211691353282594,1.813212800442509,1.6860322150384812,0.4241916323175288,1.4087610686022183,0.5281978859317834,-0.5852902081995901,0.34827708893367804,1.8923920033203705,-0.06970405916350204,0.3670179685303561
272,T Cells,TILD015,IPF,60,T Cells,1.1542577004334174,1.3668788222172727,-0.017802196584761426,0.18326524375492634,0.19278959683266944,0.01556215967352036,-0.033128242032250364,0.01619591969234407,1.2217114888410092,0.5280964439205843,0.36430578756696685,0.014891955638522594,-0.042784939018053324,0.949147479035306,1.240633149472203,0.7546572305504009,0.24921330989982632,-0.18858575446036943,-0.6822972618769652,0.17001216278370365,1.9112006464222877,-0.10996125293021675,0.1818576760438599
273,T Cells,TILD015,IPF,60,T Cells,-1.4913463971536849,1.4659351500815676,0.4146259002564678,0.5486860877485412,0.21731019618461522,0.009945979509707686,0.1591512749133725,0.0737915564039551,0.49153792034775073,0.24807369067768384,0.3690697958728461,-0.14639366540976548,-0.039140252102507225,0.6584067948497332,1.525770003743776,0.4030192593244914,0.6750172404621398,0.23794740851738208,-0.21618925277987946,-0.5508584049703545,1.8026105594329096,-0.21954444348992905,0.569857675281184
274,T Cells,TILD015,IPF,59,T Cells,-0.19828368317346756,2.0583174710859033,0.5344069748689276,0.1624621352017814,0.4229392786003935,0.04966866095267658,0.3822173907716587,0.09950113943817929,0.9353340978561383,0.8069310035127933,0.13652619674149621,0.13231074642686516,0.6816467047704226,0.6424530833821153,1.4823268789661839,0.7371100411991246,1.3409779647759328,0.729957450541666,-0.42134190267681093,0.3391316009710141,2.0024627161002675,-0.26733019313788076,0.30702798513606344
280,T Cells,TILD028,IPF,72,T Cells,-2.2810446232799064,0.3801050501939359,0.2131977884467532,-0.1998510465902657,-0.04930623401112447,-0.04560806884426011,-0.2814802911526319,-0.01887610435998999,0.24211456644983614,0.8841649432059928,0.0215408897705596,0.1166486290932077,-0.2800089938252993,1.0178274633731317,-0.15739715913847568,-0.39447887598057596,0.3573683882480058,-0.02932365319385029,-0.00551573402576188,0.6348480201939392,1.1652001345678884,-0.16376715414015847,-0.04693957390533198
281,T Cells,TILD028,IPF,71,T Cells,-0.6299824246534144,0.6262713404146445,0.792776490129642,0.011331859352505937,0.11854861139675449,-0.06044629840697083,0.8343992461422834,0.011723282527425799,-0.04405809728384297,0.4362927908702691,0.35314056858548964,0.4217896570475799,0.17603614246814156,1.1765809612022835,0.2528307789896749,0.15311133607648617,0.4382700037690375,0.1490156324825954,-0.06804772948692572,1.4002359508434465,0.9045145270108381,0.18424716652670112,-0.09297954773890124
390,T Cells,VUHD66,Control,61,T Cells,-1.5151214413573797,0.5334307008038951,0.32993096561638574,-0.34787671113103935,-0.03373494027787817,0.00026409645019114664,-0.7361053379899695,0.056758164313542435,1.928853645160176,0.027913711106961538,0.4075009362278125,-0.14704166259520474,0.003514108465071393,0.8772257220223739,1.2991720839152288,0.5786321928200094,1.2964702703189925,-0.35951213801427767,0.46424113725777244,-0.5417430973499379,1.3738354490952966,-0.08317485299927821,-0.5757461438136691
391,T Cells,VUHD66,Control,60,T Cells,-0.18218306451437793,0.5352935879176264,-0.013831311432018361,-0.21453073099683753,-0.040253384542936414,0.015155921231265832,0.03811844173111318,0.1289826677321459,1.9979146721125416,-0.007502315613273858,0.17952803725391647,-0.21151998020479318,-0.1500319811716453,-0.3750421030180078,1.4674736203787404,0.4968164213834883,0.8273903758472841,0.3051302834902379,0.09562379452198887,-0.1849438585002904,0.5055436916940435,-0.21922563617617935,-0.22949476018626133
392,T Cells,VUHD66,Control,60,T Cells,0.2229531443997565,0.556381513069951,0.09288904890362032,-0.23315648797840474,-0.30787236420531294,0.013795956267842972,-1.098626452732479,0.04987303583300305,2.4968198491533227,0.11021943215720068,0.6028298776962195,0.5741472690529855,-0.3522154879365621,0.1781863351422511,1.0179044038804095,0.6618787231261505,0.8459491031666024,-0.7112717714149253,0.06736164927196707,-0.12019830399128587,1.817601384353009,-0.06322036459156742,0.23234135223330996
393,T Cells,VUHD66,Control,60,T Cells,-1.4338638492390237,0.21882358521675055,-0.11192065593646283,-0.47283136109030643,-0.18932552382431436,0.02018722007203377,-0.9490114534908267,-0.05381469858637211,0.8629210824687191,0.3674373659681928,0.5075083365784944,1.7707939145960467,-0.3275394197735714,-0.4819073223128661,1.0255928627921613,0.46099965060633213,-0.0596387811556471,-0.7991067566991424,0.006445239941260318,-0.4092520322109513,1.6734541502197318,-0.6038239547243314,-0.2584082868880876
395,T Cells,VUHD67,Control,61,T Cells,0.34766773060162837,-0.12051787866008944,-0.46120589178149485,0.27557034948995657,-0.08112580677724765,-0.02346640996447908,0.03728752549059192,0.02976344273143996,-0.637233995014654,-0.31204913860369443,-0.18728557751864885,0.1169053369207481,-0.5055645470345868,-0.22337143080814312,-0.09640650396832298,-0.20159640437486873,0.7597467234906072,-0.2487113879846139,0.1657321819889648,-0.05536968855953536,-0.9018975184850582,-0.13103607589808483,-0.18059805758866582
396,T Cells,VUHD67,Control,61,T Cells,-1.5025665215282284,0.10872612785671498,0.07410337026946781,-0.00461353576050363,0.19241989425417327,-0.033910887652757994,0.13840965102680228,-0.0012416640736646715,0.1439075105181244,0.449808879054315,-0.018552445094987352,0.08044718171722533,0.01549759942591837,-0.8023033665286319,0.4344973377753883,0.18316445541683785,-0.820681289806259,0.06529830860211118,-0.09218536516043378,0.37412870528770115,-0.7680827023918024,0.12654509937579336,-0.15972075687846513
397,T Cells,VUHD67,Control,61,T Cells,1.0780367064705787,-0.08247247427172143,-0.30060574811717855,0.07787004434770807,-0.1379365910603424,-0.03201545414169887,0.24724636207776562,0.01076551530071173,-0.23170577988366278,-0.5905611968951128,-0.12549505168255762,0.023590406964443894,-0.9035259639468306,-0.5608566583526831,-0.17720369184546053,0.14112737964273964,-0.09480970440495089,-0.44329648782904657,0.19671239781916688,-0.008427974453979942,-0.3119947579388356,-0.4329609700601798,-0.26210610284782687
398,T Cells,VUHD67,Control,61,T Cells,-1.4711921913497386,0.05430067531275465,0.3637152079979227,-0.16473117162261675,-0.015738801504458468,-0.05973030388969912,0.4550619465518682,0.07866571411764325,-0.44931357826794066,0.06493903006199016,-0.08511216951069452,-0.022699275444513813,0.10340150152819536,-0.09087990702548569,0.16764001454959626,0.0009227459200005263,-0.24200891654024684,-0.3076215379524485,0.5295299633596304,-0.0875397595600218,0.20669733322040407,0.25750178296898346,-0.3291999130217777
399,T Cells,VUHD67,Control,61,T Cells,-1.3991316224000039,-0.18126549703162512,-0.025104354318979654,-0.005897305104846518,-0.08308883470153436,-0.012756347663496273,0.5202445553501047,0.20348602282168865,-0.12804004791737292,-0.3035067204802127,-0.09985261796771067,0.1069014162054627,0.31072214609728455,0.06394774567599879,0.042054851135394644,-0.1781357887402532,0.4111867918638203,-0.4591105903099044,-0.016987821815610076,0.29181519213095336,-0.14356875593638524,0.0315117693533891,-0.13960574035068232
400,T Cells,VUHD67,Control,61,T Cells,0.22269061181815522,-0.29440651955596886,-0.16534547853613432,-0.04972321999258603,-0.040678024050246855,-0.009087680502141262,-0.0888837934283712,0.012087822589248187,-0.2015187094077062,-0.286652771984011,-0.12817976236124318,-0.2105685560490366,0.11705832662102361,-0.10553909479769992,-0.07277256984785625,-0.2963939707772523,-0.24126668644745977,-0.737671561344235,-0.15204534004465892,-0.10108133294115575,-0.8517865036198302,-0.00813879887939729,-0.22899351119937308
401,T Cells,VUHD67,Control,61,T Cells,0.15442492822841178,-0.27726320152001266,-0.41759472070664677,-0.08538908242437987,-0.13901378389891847,-0.026518630560807936,-0.08105834832265962,0.07699453815541343,-0.14439575793489795,0.012759641086634563,-0.31131656908328104,0.24832226560448314,-0.054735821385855254,-0.34805419422974254,-0.2713022864433961,0.06671480466355581,0.24801439398680775,-0.24902948408400108,-0.13405324533484506,-0.4393157564410236,0.533542750994052,-0.22359066839422356,-0.19634244969598172
402,T Cells,VUHD67,Control,61,T Cells,-0.1505090087987744,0.0349489949059578,0.10858086628887159,-0.06818169289661044,-0.04467799797031605,0.006470047183890454,-0.21991278260060027,0.14405130307346659,0.22866279752230448,0.0957792734945454,-0.05793866181680282,0.08443221879629255,0.1378455335737569,-0.7998070295110714,-0.3443611366941176,0.40861491153994034,0.2762422475172978,-0.17699790568684795,0.1702070465228081,0.45544983420980467,-0.27118934545556744,-0.35759666309351296,-0.28318198888815443
403,T Cells,VUHD67,Control,61,T Cells,0.20511819377713772,0.1336937752721361,0.02176482008133293,0.12648559609192273,-0.09182710461953163,-0.015416141536472801,-0.161917728767411,0.036291324677956996,0.4185647892130242,-0.3213844361289828,0.2148435427502439,0.42224055785984993,0.19254920287520336,0.032060873671486974,0.1785467450874445,0.3217633088646027,0.11830259315432234,-0.03276717691899794,0.4404186804883879,0.17838013431507163,0.0775502516072995,-0.07949352849694918,-0.1130428934324947
404,T Cells,VUHD67,Control,61,T Cells,-1.373916621800156,-0.07181256036539022,0.3101888493726149,0.023677647597484117,-0.004169500223738324,-0.0063290305557373305,0.03888150149217975,0.2264200981725893,-0.07234890092858452,0.09423743299534505,-0.13139637939876675,-0.09205516640674764,0.15658433985340786,-0.11000921342486294,0.3400731085303464,0.14798605012000673,0.2708103542062627,-0.40688829330995585,0.09749148555021186,0.01916549134213595,-0.7465857364152527,-0.11810961698411833,-0.005910798599642664
405,T Cells,VUHD67,Control,61,T Cells,-1.5299191458790884,-0.3206824431320397,-0.3454159741815909,0.16459330292473073,-0.10290871374440776,-0.015851846348662144,0.2290796446451329,0.051853739215328085,-0.3559633294897636,0.6499092593906908,-0.3226578929743899,0.1040663267475482,-0.03189377748253824,-0.14439575130102442,-0.23719351854287926,-0.17561353961484652,-0.34093404748522743,0.3576964581562152,-0.03726243007500109,0.21261019087265223,-0.0486292955194374,-0.3039997384445166,-0.26178360621638747
406,T Cells,VUHD67,Control,61,T Cells,0.12070118232142298,-0.1757466163157831,-0.09605261821024032,0.08478868260305744,-0.32355333075234877,-0.02968267193309351,-0.26785769098176043,0.01939650531098134,-0.32711392705097886,-0.35314013838324554,-0.14965303990063689,0.18714020883065516,-0.0022925930526183566,0.44940876780046446,-0.3598471068932338,0.12831643516230887,0.18557437671957255,0.33072582084913893,0.2879888538327251,0.1208624711439496,-0.48191781560074665,0.014942832528160154,-0.05682474068928064
407,T Cells,VUHD67,Control,61,T Cells,0.24322128444023422,0.2782527819977237,0.10668357352945089,-0.0357623686615459,-0.02150324116682343,-0.005451250902891952,-1.0442374112831612,-0.023136097312850632,-0.37755385406385217,0.38782602499987967,-0.12609538185422545,0.35933100918304706,0.042357056331644466,0.1023572782122647,-0.33606919058436285,0.039915048244359236,-0.030493279013598284,-0.14174789700231988,0.2607641841289896,-0.1481038001066435,0.10987461420765958,0.05083580652042322,-0.17018044623249293
408,T Cells,VUHD67,Control,61,T Cells,0.5584235372095163,-0.292126823379139,-0.6633557198733055,-0.07632360712514884,0.021515305437974815,-0.03281146566345133,-0.304544956842357,0.11256598942031637,0.034817465419744675,-0.3675926075819963,0.036213418295408376,-0.11670262351574563,-0.2536708797783197,-0.22174630733785552,-0.38257047489011603,0.19431451012028375,0.6365731993664603,0.3129191282546362,0.09308630653549606,-0.1552735739965753,-0.3338077098997432,-0.20238442829273037,-0.05246605786177471
409,T Cells,VUHD67,Control,61,T Cells,0.2654656231586684,-0.05004048995762476,-0.43693090358182707,0.20357571619295647,-0.037351764569350944,-0.018138032238691888,-0.5379933235504378,0.016646659507882994,-0.6418473858766859,-0.1321233961822805,-0.11301797191656214,-0.27177205754680794,0.2736369128793225,-0.529395887172267,-0.55005566696404,0.1579295003819426,0.3793920508961562,1.5985255080000135e-05,0.2820535937513084,-0.07153127604863549,-0.268889691251262,0.06938213695776381,0.5717901003858571
410,T Cells,VUHD67,Control,61,T Cells,-1.4428056396446987,0.2441578950763135,-0.46587377469039803,-0.31741731719259225,0.10662993958563474,0.005011136517948637,0.42694333920695726,0.018482781116030585,0.1912174852979725,1.008142091667335,-0.1525543857448501,-0.2973863645317223,0.23508403468199351,-0.27715877972449715,0.10620620395100452,-0.27376512828696087,0.2661872132584151,-0.35788722419212965,0.2204537231571518,-0.1342744408742056,-0.020968257544504067,-0.09195886728778396,-0.3897488423560945
411,T Cells,VUHD67,Control,61,T Cells,0.23090476334119495,-0.6230301218011506,-0.14080903319618324,0.294098185404616,0.16815999602544962,-0.06618086709001869,-0.27988552903629216,-0.016668244837081077,0.057535925520089036,-0.17408479172675126,-0.1490332077072724,0.21178868966340836,0.3487502771962044,-1.6210115396264282,-0.30426513228035423,0.33841590603021965,0.9210485908812693,-0.5918205002934835,-0.072556332457865,-0.03046379546453257,-0.49143326542204535,-0.09432488314242177,-0.5125559875828579
412,T Cells,VUHD67,Control,61,T Cells,-1.1142094520656538,0.037166577160816734,-0.17644711552044995,-0.29119612486158425,0.09174513555984212,-0.017949758974358337,0.904172854910663,0.023675447302375224,-0.4154225156012877,-0.07574158232692296,-0.1583590318697287,0.16369366244586414,0.15250487091528517,-0.5271612233974765,-0.3811975518983466,0.028852779810965738,-0.09156366129189432,0.289194956251408,0.29573884339675327,0.35457517878235495,0.10043319666632866,-0.21135886464627326,0.13241290355735544
413,T Cells,VUHD67,Control,61,T Cells,-1.528439554859667,-0.09158906555223977,-0.014606557518844022,0.037493279526980304,0.02759851890514902,-0.033486182818200386,-1.3626218892535886,0.16811218559626262,-0.4392951572146085,-0.14537710307355647,-0.16965719051431602,0.16085825691637343,-0.15485647772520872,-0.007968750997729021,0.19034042158652392,-0.39218071119576026,-0.5192655692250778,0.1445935638858015,0.1191652313042394,-0.059446285697239,-0.5079225859093155,-0.06269338764947063,-0.05868835933159725
414,T Cells,VUHD67,Control,61,T Cells,-1.2402305181162345,-1.4047743726715078,-0.23249654880959503,0.6243851506005668,-0.09258884937924684,-0.028838420527624146,0.009741885184830816,-0.0072063317326351226,-0.32390059316896563,-0.29430292095962807,-0.06198265088042941,-0.12775141276388902,0.3068240053545853,-0.17072088537761035,0.2529299712108677,-0.3918860433124506,-0.24476943369831583,-0.2553702841919508,0.011983059249647675,-0.2702024215413679,0.3435565488289053,-0.44375496613421617,-0.17314928403500074
415,T Cells,VUHD67,Control,61,T Cells,0.30870782260080176,-0.2099491122945308,0.1306566075133746,0.18204955642785,-0.008343980063903708,-0.012868600583320827,0.2284953014260799,0.0820940348348835,0.43497433490899334,-0.06969420051764819,-0.014707944177977477,-0.16479330330807399,-0.33669991466969557,-1.0287250551250346,-0.49751106285478275,0.10381030227896829,-0.049775583064748004,-1.0226318117257045,-0.03601486936792274,-0.10474139654003242,-1.4835838809212174,0.15420503852781714,-0.04238489804894802
416,T Cells,VUHD67,Control,61,T Cells,-0.062117555263496035,0.009575114289011004,-0.2989102626308002,-0.024389023573332443,0.21418123808296186,-0.015202035635973193,-0.4299801435370315,0.02451311708177785,-0.9820686772588393,-0.07656130048064798,-0.03697612092654337,-0.009170807303199274,0.2899451141452508,0.09429425747556977,-0.30605732151413984,0.44751157337174563,0.11346604236696271,-0.14930244924385586,0.240065184298543,-0.34046754060302925,-0.31857516778289124,-0.5721521749771034,-0.22876934291004866
417,T Cells,VUHD67,Control,61,T Cells,-0.0021699068126081605,-0.20821651683600764,0.22357905196357253,0.10677803030841862,-0.07001693781659321,0.007028767463680491,-0.24271331580528438,0.13232101402386584,0.1577068954961096,-0.1281681981781667,0.13119170024005508,0.033098321328239845,0.14108497410170828,0.43212397018968923,0.08264861300134829,0.24239415402035136,-0.3581313380593997,-0.7195167126179662,0.15389247373652276,0.17052227770046577,-0.08520411714863603,-0.012820857147630812,0.2031145352590563
418,T Cells,VUHD67,Control,61,T Cells,-1.406031414573915,-0.25520906544940447,0.08097083849080791,0.22261077600588494,0.06686912599158726,0.003262529624848072,0.20903814579989297,-0.08343878982326383,0.031956457900537166,-0.4621067288943784,-0.14930517924904535,-0.012572465274857478,0.3095310490894834,-0.1915754030739931,0.103794195705573,-0.23885648689624528,-0.262029993758866,-0.7886197052495552,-0.11642135465880839,0.04087033554099894,-0.27150278731584965,-0.07528154943082649,0.030307276968143372
419,T Cells,VUHD67,Control,60,T Cells,-1.379988138891548,-0.22838040185266772,-0.030909181997393214,-0.05456273120472269,0.07597957137287761,-0.007027898374313319,-0.08002017278249443,-0.007264464327238176,-0.1899876917261416,-0.13743203123679487,0.04634870430027417,-0.15292640380038822,-0.12191040895113275,0.34653057159233197,-0.47677200077885923,0.5248599539651736,-0.9419271059195382,-0.12206669884492193,0.14731999923310804,-0.011070635771892053,-0.828884970872533,-0.0016892832919840114,0.1263100737893615
420,T Cells,VUHD67,Control,60,T Cells,-1.1100310526110795,-0.3418896710899456,-0.07216616470762924,-0.037483045340838426,-0.11161253346186083,-0.014951728542644288,-0.23077881674161047,0.016809679801501304,0.23794738689211423,-0.30173442487248886,-0.24341281171840098,0.4386710799387918,0.11916598317832078,-0.13615917443931497,-0.1828346838823,-0.05926616388724951,-1.520342020390017,-0.4370239009853389,-0.09784336860244419,-0.048361269616662546,-0.21077185299383275,-0.1947300160239041,-0.6273012747484292
584,T Cells,VUHD69,Control,60,T Cells,-1.7866381222768473,0.11531722073909698,-0.15806678107786962,0.38044499062058607,0.44328700953507577,0.06502205752304761,-0.11642813087573724,-0.19048483464144123,-0.6472406818265867,0.012000887007971958,0.44291354982818654,-0.19936042877877053,0.07814662669338976,1.3311892708637711,0.3106794873316853,-0.12518190707247073,-0.9416346480057636,0.9402129404907184,-0.6081057805930796,0.26840324291350814,0.41653935862186336,0.17670543723069795,-0.1377048369921205
585,T Cells,VUHD69,Control,60,T Cells,-0.1388847332074819,0.337227886175043,0.0772213306029946,-0.1359200324413282,-0.025216535692988977,0.07525146984158305,0.024142274580144597,-0.09231208268019589,-0.17650399273179804,0.11810731905626262,0.3748986703731409,0.3482394709432147,-0.23530372425907056,1.1091141756329879,0.30128489693336874,0.06523709169786837,-1.1788995114783565,1.9501044632239835,-0.5460214735599243,-0.41982547069996007,1.0960885735507542,0.5488004506097526,-0.15844651638673954
586,T Cells,VUHD69,Control,59,T Cells,-1.6294717146780198,-0.1732340772132869,0.6903519623821888,0.087864802903675,0.08084164401238321,0.05038729641197651,0.05797685392951494,-0.18291582429331346,-0.9616159305653329,-0.2037065281999923,0.9276185154329188,-0.09913816139780486,0.3441240651315482,0.5398727746072908,0.24030711137360938,-0.6488135811445538,-0.8843477810185634,1.158660357521617,-0.8342708653641677,-0.23805561341771223,1.185656381162217,0.23645485171773875,0.3126528880500034
587,T Cells,VUHD69,Control,59,T Cells,-1.6103798206125688,0.6493982413490391,-0.5056866701387993,0.1856014101753354,-0.03257634249714286,0.09288195694104164,-0.3112534193616083,-0.12051846606161834,0.31286564340121586,0.4943176066138081,0.5639152442242144,0.03554195172837135,-0.06282216746215696,1.0587838646841905,-0.3397357457240795,-0.6108379657099847,-0.7302694182013494,1.9344160090233222,-1.212149103125871,-3.8670988123362897,1.0700717874681045,0.44072035988925046,0.37501245944859196
588,T Cells,VUHD69,Control,59,T Cells,-1.8313101628688595,0.42098174444410186,0.22309476296910982,0.1384699921492725,0.4517271843013978,0.08685327811865304,-0.10823334260701746,-0.0552656313664313,-0.8560209486697202,0.4223953703171147,0.5527286173035821,-0.262829823636352,0.2710621297595498,0.8903095199998713,0.4069071759872652,0.04742410351438062,-1.271647941465725,0.3633635032874434,-0.8013386703231455,-0.10656089642584256,1.3091495103258421,0.5291666461681975,0.06185801106310678
589,T Cells,VUHD69,Control,59,T Cells,0.2590990384488375,0.1954737065840814,0.11637974750559366,0.024187288432891297,0.13750823634751153,0.12549260231754325,-0.1766678210106488,-0.13645739718726296,-0.9119758343092713,0.49299884882425193,0.11962886623939618,0.16432116780655806,0.0815373760700292,0.3058911105134502,0.39364348195734344,-0.5229486700550493,-1.1296465164939566,0.7457644682525651,-0.9297937940048213,0.7766812729469577,0.3345503132820618,0.7393847792195507,-0.791298435289578
590,T Cells,VUHD69,Control,59,T Cells,-1.9511543750642995,0.7411165999870433,0.4658199045507386,0.35639304802265215,0.3696585431054072,0.05859058110702132,0.5420655162453206,-0.14985545913084458,-0.04905387641117959,0.2618137873903257,0.6419506810187078,0.8038070359470468,0.3153406680732601,1.2014761040697703,0.6409957678442043,-0.23334405234542152,-1.1251163305049954,1.414857964044938,-1.0770057865682907,0.12437909446554615,0.4304752756025197,1.244676668269788,0.29954728655874413
591,T Cells,VUHD69,Control,59,T Cells,-1.6443987091004577,-0.38051227491280293,0.267000551648767,-0.03103961627122789,0.04916813733986517,0.12107107662522526,-0.14587789179942715,-0.15585102221857602,-0.2478331053912709,-0.4354310807308346,0.5340674060461065,0.07530477475084049,-0.02588481956031157,1.4693532617380234,1.004177764629307,-0.6555829087892261,0.42685382664515376,0.28797206044594825,-1.4225337850864055,-0.06656879611305315,1.56770799232552,0.9418903464259928,0.10362810378933117
785,T Cells,VUILD59,IPF,61,T Cells,-1.3607580314693966,0.5379106519347797,-0.20095971317010106,-0.1935237227228375,-0.13423876860367176,0.016403161424353798,0.3635032736984665,0.057154025901703286,0.40210825637795555,-0.46266088151063456,-0.34252519638943674,1.780348131814961,-0.2303300509974123,0.18064837956154634,0.2167672337979322,-0.3479251967466113,0.061519439379502695,-1.3107578515362541,-0.8615401271371363,0.10379627456012946,1.2415367687326868,-0.030489670013278136,-0.5559853063451642
786,T Cells,VUILD59,IPF,61,T Cells,-1.4391339060047947,0.48394140564529925,0.13200328717697407,-0.09974677869781572,-0.12083612323963663,-0.012234161874823233,-0.8824381441730073,0.025752294210838925,0.6692616312254646,-0.2904821269089303,-0.14431381790285944,0.4958439693700568,0.07142796021220743,0.9734338269166612,0.2822580812656765,0.08021683006486241,-0.7190474050413885,-0.06775652008122564,-0.7555172590624386,-0.23974253344168944,2.0338655251400657,0.20552324463078317,-0.334597518184029
787,T Cells,VUILD59,IPF,61,T Cells,0.7975805457690401,0.5942548888284269,-0.3938766007758657,-0.14284152810566306,-0.18967050536269794,0.004853157123291203,-0.2548587101300617,0.09401460305461168,0.7800068482659321,-0.030104771032949992,-0.29924797185309066,-0.31430491422624574,-0.6149980277317366,0.07785182462817197,0.1698193500890872,-0.7552523131720952,-0.2825012701874185,-0.3948558559382225,-0.8132283806192542,-0.08834835996836021,0.9692610084275829,-0.10686842948982178,-0.08211105477557816
788,T Cells,VUILD59,IPF,60,T Cells,-1.2831075641304335,0.5430778659952049,0.15990994273921585,0.02773651889389964,-0.30773079998396813,0.02970397599239699,0.034319364612309534,0.12028365099750132,0.8043655024942198,0.08583532361544444,-0.3680740481711597,0.40845784871294344,-0.12100398477348878,-0.205821837943454,0.2614064257019718,0.09284141231613444,0.08968593556043516,0.24863307583914107,-0.907658982510124,0.12059319344184505,1.903028027060548,0.07396095550395983,-0.6468887469410199
836,T Cells,VUILD60,IPF,59,T Cells,-1.520696103838026,0.4871057108480394,0.009781036485754666,-0.13841473288286577,0.5050523198205727,-0.007262592966478574,0.851018442766891,0.14274388515344558,0.3152310245371062,-0.3226267718743465,0.12359599340580003,0.7894068940376265,-0.17044638282210375,-0.11683404778152598,1.3136922722973456,0.0420841034639068,0.5729861232412536,-0.15542406743212084,-0.2666200591713402,-0.1549441588632796,-0.25848602300433193,-0.7832887623360663,-0.6605086602566513
837,T Cells,VUILD60,IPF,59,T Cells,-1.1541584391609236,-0.33939586052775433,-0.4525388850360537,-0.20485746014852135,0.2454670541879913,0.027296025965144105,0.9082253605071479,0.06374990417913037,0.35810091508612923,-0.10869608006455117,0.08600602424768025,-0.2400647449841108,-0.18543509163399663,-1.2093943573733623,0.9626994063650931,0.40676921982180664,0.308228615790385,-0.9415064457393594,-0.24630315423014418,-0.22917721802383775,0.8430659933503489,-0.71521925884881,-0.9124354125782839
838,T Cells,VUILD60,IPF,59,T Cells,-1.4875522994372254,0.4378889179985974,-0.0766245991140595,-0.3897577716112486,0.029472416594166218,0.02218918314249889,0.8767968035453988,0.29489643611038524,0.7353425484072967,0.0530604307649792,0.273877724590645,0.11752793791015467,-0.16435849248822762,-0.15468346321731366,0.6394915851499592,0.4667171860474715,-0.43800880145271287,-0.6232680426198263,0.1278935174592162,0.10931462153104657,0.6204511416361184,-0.5002405116075095,-0.4090308600331662
839,T Cells,VUILD60,IPF,59,T Cells,-1.3970379428717534,0.6410483353290054,0.40530490528911667,0.03477619701973849,0.07656536379260322,0.03176414015453334,-0.14865548680032833,0.08922705395628441,2.1531221263515854,-0.27990680333529033,0.5310836130127452,0.022607666137683953,-0.3351615563093,0.2854498670261283,1.3931487559679816,0.6125474155185769,1.6103289953892486,-0.699207483546229,-0.07775928944879636,-0.5159056965617652,1.9050094852790977,0.010016122099571794,-0.03542403851242905
840,T Cells,VUILD60,IPF,59,T Cells,-1.5202032090560422,0.5644329986478763,0.15831617318198202,-0.3047764814495907,0.016955044407231203,0.00890083379431222,0.15646962600275952,0.10239796049343969,1.4109219184723436,0.07843875244497153,0.50804956543841,-0.031466434819956354,0.011433035297494266,0.8458269656754737,0.994469157160485,0.218777325227339,-0.21047833957883072,-0.9606601441188543,0.16672194191136053,-0.16276573580972473,1.164782109163999,-0.39555232035965476,-0.6342424024447445
841,T Cells,VUILD60,IPF,59,T Cells,-1.6089111432059136,0.38206213551409424,-0.4865409677967658,-0.17882333061339148,0.11395198844143431,0.012648656967584194,-0.0029735132626767186,-0.038375288747047466,0.8264813024183363,-0.33453698429308076,0.0008303679257600817,-0.24536469886819964,-0.37184355053350354,0.06096277798269927,1.133114773680006,-0.1345885535893638,-0.11186155624400604,-0.76663061250347,-0.15261639136841573,0.16651947379234017,0.6130517107970598,-1.0484367422124343,-0.6062522925785643
842,T Cells,VUILD60,IPF,59,T Cells,-3.093088025115597,0.4978007631370033,-0.16879409599815537,-0.13489445523726198,0.10201244944091649,-0.013262085024103483,0.16430966456679996,-0.025420630428174495,0.8305986170308498,-0.021728383862780976,0.2393371662258239,0.5233952017552355,-0.026668263176219023,0.13850349098974937,0.9122380411951825,-0.004624930394243382,0.29940986374791606,-0.49244867883148213,-0.12940626602648322,0.28551395303898564,1.0845721596314923,-1.2098310363865072,-0.2633668797705714
843,T Cells,VUILD60,IPF,58,T Cells,-1.1805794270440861,0.47364278819047084,-0.36772325641232423,-0.10092819770759576,0.07154010897424298,0.03282190847906864,0.16413803546072808,0.004261537765740991,0.5377453738835202,-0.29307434784122194,0.1881030446980493,-0.02045983933953567,-0.32746174240945797,0.3701147029595536,1.1871344870455967,0.391432457715118,0.4110088774313186,-1.15534438517974,-0.4269979703316154,-0.06146486517846693,0.8656051389377808,-0.4203278400323836,0.16670291255882438
844,T Cells,VUILD60,IPF,58,T Cells,-1.5421182250740995,0.11145953357478179,-0.28991473734591855,-0.24367421226572458,-0.23953738274431188,-0.0013549132131435888,-0.22410297355628891,-0.005602674284280586,0.8879823683247892,0.6737301013718915,0.16930784678300156,0.19779675930144755,0.06083595612834115,0.3047296215054977,0.9416089176244278,0.2323475221985453,1.0252522862117772,-1.3516307668533702,0.07687897226695456,-0.16992322988066413,0.8971718039483934,-0.48749957745675154,-0.4894241907926335
969,T Cells,VUILD61,IPF,69,T Cells,-1.7970737419247356,1.0731096142221552,0.518013947101285,0.3622128632960121,0.205546357707031,0.04711563608062952,0.5010448972143653,0.1289175481830352,1.9371048239510051,0.1786331813966532,0.2782171418344152,-0.10823215917930763,0.15056431820169458,0.6244259810602872,1.6506010410703773,1.0399081156645826,0.736247468815739,-0.6521623420501976,0.05927268581658304,-0.16411744748474047,1.4778492284858027,0.027519586113752565,0.07945448676551103
970,T Cells,VUILD61,IPF,69,T Cells,-2.1438882026680455,1.0387726528209775,0.4399796131656407,0.014795156138667043,0.16420481638822051,0.0027930200188673827,0.002354626879676614,0.04829237004719387,0.7273506706959411,0.6059579058804773,0.4537396240780216,0.0076651028792269005,0.2272069411794047,0.6418662222218703,1.56905937058105,0.47888282335312576,0.6218819436925735,0.15683430018865566,-0.04577858142050324,-0.41684465981756247,1.7161476359524508,-0.5161376204641583,-0.3003282729129164
971,T Cells,VUILD61,IPF,68,T Cells,-1.6430088877434172,1.1421072364582632,0.34764909432420005,0.43525633848322454,0.3621756572767553,0.018701829858202134,-1.0402351752071484,0.05120353520080913,1.717296217523437,0.10847321534978864,0.41587696056978235,0.5094229153073171,-0.2639403646078481,0.5536194352194397,1.301126624580159,0.35372195402402584,0.7707461200306891,-0.9463694523864727,0.12654279826949688,-0.12893128903357584,1.5976152802550636,-0.08495614096409426,-0.16416290528842503
1069,T Cells,VUILD63,IPF,65,T Cells,1.1228373371804428,0.6462842219682283,0.7327879872746441,0.13609213596760902,0.032520417638482124,0.001035413419602729,0.45349152353378447,-0.03583453843861715,1.2650405358256667,0.522291324278346,0.6901897441049265,0.4943690034890623,0.6452579055418651,-0.24400755202635746,0.5935591527533963,0.24797391102966496,0.3110648248864836,0.023127692306189464,-0.2904242873022039,-0.0057321902922103435,0.38383277277639166,0.766029240408974,-0.04230319700611899
1070,T Cells,VUILD63,IPF,65,T Cells,1.1636092000612777,0.4157254720046709,0.36580458502398994,0.26658601057841796,0.10248920126928929,0.02817402496653077,0.26790470278098943,0.01773712232151233,0.8629027556462975,0.16530256950167774,0.5307099981306656,0.21555460859137945,0.5082679341087322,0.28004281185548957,0.6204515034386647,0.16200667150503192,0.9621592161071211,-0.407873085425254,-0.5159147165450091,0.05779709145685239,0.5072302459097254,0.24806252187740843,0.15197627249908136
1071,T Cells,VUILD63,IPF,64,T Cells,1.018457331556374,0.3674905473976645,0.5904977882472143,0.3482172814209567,-0.0871904376192703,0.06486825000988486,-0.24614323945357994,0.1343629687932196,1.1778988233131626,0.09526490396845161,0.5693858881002253,0.4098100120438677,0.48022175744445944,0.3699663311671448,0.1657193966745441,0.02578699088803287,-0.03728286657071294,0.7395073488475387,-0.4591110800720132,0.762942638575448,0.7516045934057796,0.5646683881455508,0.06684447359082255
1072,T Cells,VUILD63,IPF,64,T Cells,0.7685495375732421,0.19536298990211778,0.22566687166525148,0.38908378479974765,-0.11435698569746602,0.08360501189311284,0.3421285077724567,0.1674915571886181,0.9562057101851104,-0.14518517321402663,0.8706880799165668,0.15510844545179234,0.012210365571781477,0.2728913002576546,-0.20567324734269093,0.37309840994867066,-0.7262516284296328,0.7757005713687217,-0.42979395129941955,0.12092687295201801,0.32628398676817405,-0.01068778963812107,-0.0001554896764288157
1073,T Cells,VUILD63,IPF,64,T Cells,1.150379134836464,0.44366181817690054,0.7537211916514387,0.32131783215439547,-0.17695763638537101,0.11965438735866968,0.4470360558197035,0.01855699281712722,1.6132156690751709,-0.47899708484588877,0.41364511911040364,0.6433943487592958,0.4929393216996697,1.1251987381322093,0.10845940853887007,0.33280464359303025,0.20457783540875243,0.5950071458563945,-0.13926536353998076,-0.007508294828739228,-0.4207369336986164,0.6344324292017772,-0.04901397348109957
1074,T Cells,VUILD63,IPF,64,T Cells,1.205086470435179,0.6309573318010049,0.8465705804536516,0.2026911048348585,0.15805280463081078,0.03969506733147896,-0.6188234777921285,-0.006562945442803524,0.5549092565227022,0.0014850818077592346,0.41454622541415004,0.4893179729483139,0.5094992138747582,0.08804776590737297,0.3828359117436055,0.23363865668404185,1.0831878724894637,1.025436782492837,-0.650441320860685,-0.2056790290933619,0.4846092692069534,0.506395274680864,0.10658332304363362
