instance,celltype,Subject_Identity,Disease_Identity,n_cells,subclass_majority,Muscle contraction,Respiration,Chromatin modification (1),Heme metabolism,VEGF signaling,Protein processing in ER,Lipid met,Cholesterol met (darkred),Cell cycle,ECM organization,Apoptosis,Interferon signaling,Nrf2 signaling,Amino acid met,mRNA splicing,Fatty acid met,Adaptive immunity,Translation,Cholesterol met (salmon),Heat stress response,OxPhos,Innate immunity,Chromatin modification (2)
0,AT2,THD0001,Control,61,AT2,-0.0010289093363266052,0.11817390737671925,0.39048402195038145,-0.3670359618745617,-0.08916663536955347,-0.006247082793740097,-0.42323855306564634,-0.01149945020193698,0.23922746446233528,0.09440457709984301,-0.562198828816054,-0.17597979526426757,0.09661220139939625,0.3872115018273139,0.25008593014812736,0.19692568745284403,0.2447597151809745,0.2531672833338681,0.3861106298152235,-0.08501060815742355,-0.08641013967739962,0.15190212110062204,-0.06635865101183712
1,AT2,THD0001,Control,61,AT2,0.03637217235298823,0.09014821379642535,0.43183975452523554,-0.17801746680658684,0.013513695503320185,-0.025268480047329227,-0.5040678539478415,0.06873598857534821,0.04954738573755834,-0.06929884322224554,-0.4319150566363516,0.045772058592944996,0.06650185807867812,0.021343734149562678,0.17807915284560036,0.138295945020313,1.0304350433765839,0.15110245418777551,-0.19227931300935808,0.22941482897350887,-0.01193484940093305,0.20104320181774618,0.05984959881450592
2,AT2,THD0001,Control,61,AT2,0.013514447137380446,0.0822859874338781,0.681858838231099,-0.9300239235668769,-0.15968201236317195,-0.020939584202210485,-0.10220447493487107,0.05385226145180238,0.008970910535491967,0.037770108383222895,-0.022719477046203748,0.2712189253797037,0.10072057288807398,-0.16133085105226055,0.1972492180202622,0.1775622423224064,0.7712809849169066,0.19546283934855063,-0.23968557674048893,0.04657611740498373,0.3284412727657408,0.3910441614137016,-0.19840925415608912
3,AT2,THD0001,Control,61,AT2,0.04674548762988357,0.17619896721794098,0.5511948430466784,0.004701558274282134,-0.062413967919884926,0.002197264986841702,-0.27091867879621856,0.02407209780776471,0.172450836257592,0.2558631863845976,-0.26352148105433565,-0.06656509936388373,0.02029892793609209,-0.17867480324701338,0.36878992068002975,-0.11534862199420984,0.32595743119570647,0.1740886091228991,0.1872673169275204,0.006731623451221366,0.3379275898534255,0.19922694810313032,-0.19397747919485908
4,AT2,THD0001,Control,61,AT2,0.041985062470291566,0.10397195268526371,0.3909554249923113,-0.2348392952042745,0.1829621196069832,-0.012137790335133042,0.13588871438901864,0.07248452241805495,0.020810370709808998,-0.2174389211357123,0.037849645766542206,-0.21284576972509364,0.07670371791699104,0.34422790393092134,0.05322271994355254,0.23105657775248162,1.2690414769631604,0.18231939284942386,0.066922063732058,0.20166076763301624,0.6516368688777149,0.24287776142728967,-0.05147482858968067
5,AT2,THD0001,Control,61,AT2,0.16529183022463023,0.05747794388209961,0.16057436792858723,0.13200241236610877,0.0985396585431371,-0.003866071360313887,-0.13809829315691982,0.0006310998695872195,-0.0019073470551011305,-0.0819431885533342,-0.6948757541310502,-0.19753828058908438,0.11158712933873041,-0.3221880315711067,0.1006313239389512,0.22042816410060295,0.5506855826400343,0.17902394768405855,-0.005537072655964689,-0.2985267297312466,0.32340708758499337,0.2216409496018536,0.03116439413935284
6,AT2,THD0001,Control,61,AT2,0.05766872333717448,0.25088649378078065,0.24245065195384194,-0.04805708191161331,-0.01169935363068722,-0.010369244303862359,-0.37509103105092934,0.012833663426813295,0.26974047658058165,0.18398131220341343,-0.0704212558373298,-0.48215671034262203,0.16643469816841117,-0.08373222654973039,0.43989698829437135,-0.002858553537582246,0.8328677004268723,0.22104157011674708,0.1965274736378186,-0.3055953601573218,0.17430438395356884,0.4963915940184449,-0.12693041019880358
7,AT2,THD0001,Control,61,AT2,0.027734879153183498,0.22955783601743382,0.5264757817190012,-1.0003952919456205,-0.08475893364282464,-0.007295459520986217,-0.4487389734836798,0.07561051916806602,0.06036090507680402,0.04269515495688336,0.07659621187738061,-0.1561606467558215,0.16408003891158027,0.20631051132837264,0.35331794058570515,-0.05726788598845349,0.06774176290280758,0.19330644493379856,-0.01896754194506527,-0.04419054061975888,0.4909906358988036,0.21678483963547932,-0.1445406731226842
8,AT2,THD0001,Control,61,AT2,-0.011540529849696337,0.25262537260009943,0.1556453467673233,0.19704223999529727,0.04207122582911785,-0.01779527734724603,0.04216286081184332,0.030847170901649304,-0.003587631600880341,0.06333845527255058,-0.1636393477825174,0.40484725515251135,0.0314446376540611,0.4598086484037337,-0.03262051318286317,0.08991416963687121,0.5185541371485392,0.0750997886058498,-0.07134866580623703,-0.05162404548978023,0.3864321609143379,0.0005506303924278713,-0.1402396701110513
9,AT2,THD0001,Control,61,AT2,0.08302977112083844,0.19305207514643682,0.3136161971848617,0.03503220308139757,-0.12823200111112137,-0.02104247075702317,-0.4072049667124192,-0.0012983415269072276,0.13561753368284732,0.14961692695345274,-0.42468859916106455,0.5453634339168275,0.06075801423459685,0.10016615334560294,0.15639359894701474,0.0696383304684198,0.7022114574994996,0.21743294524044343,0.03913545576659049,-0.28483225294761827,0.16198600249008896,0.24197070142210905,0.11838586066029075
10,AT2,THD0001,Control,61,AT2,-0.03977306634477064,0.026463482480660737,0.25671161566329737,-0.003987371365447033,0.1348771828890496,-0.004506093476369332,-0.5064553349379115,0.016812728361694902,-0.105308904517548,0.0573162752843696,-0.23067220884259196,-0.188250377957896,0.183551026457336,0.05065404655827189,0.19516752272431576,0.008033451414492937,0.09564380232110054,0.15420707648880286,0.03098196802872632,-0.07764624785666752,-0.15667272055344578,-0.24466845555870687,-0.19266804665175577
11,AT2,THD0001,Control,61,AT2,-0.00045010414469156754,-0.02353451814779984,0.15696515032162645,-0.02121234814863115,0.12749818517877579,-0.026244741745610485,-0.31367913513701057,-0.01303729906405587,0.2809717871769511,-0.2003981140749646,-0.12214543259248324,0.04295185100766856,0.03547385130075626,-0.22825994800656182,0.18155656913590026,0.11994568470755024,0.43884895944674657,0.20011789778980565,0.04947849278295251,0.0905834883058114,0.10010085483241472,0.346165315733329,0.11831710485464664
12,AT2,THD0001,Control,61,AT2,0.06769999870853725,0.2849351076143948,0.3893803905966231,0.010792983188028026,-0.10418828546702678,-0.009269929712270418,-0.20188919687817197,-0.01893879753822826,0.10457345434664757,0.043383345691980706,-0.41157440643787035,0.23547299083228035,0.0013313599087426443,-0.34553128372236974,0.16905595094851125,0.32219797020096164,0.26976795362726436,0.1696712574769657,0.28756484961512446,-0.25215272234973035,0.35533597532177463,0.4145502915738031,-0.07539798949541865
13,AT2,THD0001,Control,61,AT2,-0.0371882439371185,0.0917114221232825,0.42001691859607304,0.20754555004789702,0.10085002568264549,-0.008288378135958643,-0.9452607787949335,-0.010858508050325491,-0.017576155807328776,0.08875107250084135,0.0012398177103267773,0.2684482892594949,-0.402956092306748,-0.2924515027622329,0.3435129289364217,0.06609925266200264,0.5551704853742949,0.12033237769289361,0.17705225083887433,-0.04961544935810127,0.15752072352259225,-0.04775605273216791,0.038633837062376906
14,AT2,THD0001,Control,61,AT2,0.08784820319820322,0.06387741654861528,0.2715601510453475,0.44519740168628535,0.030329142137360314,-0.004730336963617551,-0.03183757448187131,-0.017526182720355808,0.10524527697015133,-0.3616262110769133,-0.03255502491804868,-0.014269310363220104,0.1827915320966859,-0.11204432134849235,0.18466766871584211,0.20880224862945734,0.6889185159805181,0.021338779658266475,0.31697544883017176,-0.15375076971785145,0.30728676199961236,0.05069858364823777,-0.0341285824716098
15,AT2,THD0001,Control,61,AT2,0.07670217416679781,0.3383214333173077,0.5094783160595304,-0.21866689283170695,-0.21399581326924988,-0.021186948439039708,-0.22990167569840236,-0.030618481078756796,0.09467253389739942,0.01263683660899368,-0.29561757389372606,-0.007491742584936311,0.16058881511918927,0.350050726196573,0.17492844379517883,0.2022670489316502,0.8012327449548504,0.2907495130030833,-0.5123064297915545,-0.2514265201405207,0.7623812612673245,0.0631758569310299,-0.020251453911004923
16,AT2,THD0001,Control,61,AT2,0.054203873376545184,0.12430189462321863,0.4245372618724925,-0.36260896657284974,-0.12645391632912073,-0.026295357095895817,-1.0477013966082795,-0.04451213634606532,0.0013435391433955935,0.06919606283589222,-0.025966097092685988,0.1517248625571899,-0.09411995540212598,0.2132790860908282,0.1989733170173292,0.17918262109523722,0.5472696044885634,0.08241086364632313,0.3408153278510783,0.08695913762751303,0.3075846152773389,0.16088657746183177,-0.156901164866077
17,AT2,THD0001,Control,61,AT2,0.11447804752297162,0.027476101640135926,0.1783287259434847,-0.3735822921246932,-0.09202428326081646,-0.03516685411206152,-0.2106680338332135,0.01864695822440743,0.26460149784235637,0.5061605150339258,-0.2805434651642804,-0.09293744538975329,0.026526146314115,-0.029355116326877977,0.168163275672377,-0.03719051897161265,0.22598993273805829,0.05262255757192717,-0.1748105027554314,-0.1418368566777902,0.08369460922044598,-0.09711125547889476,-0.17407784767236026
18,AT2,THD0001,Control,61,AT2,0.13565023041596885,0.18387637016961325,0.2515523906945124,-0.11620623004414979,-0.01317334204238189,-0.013624963824577929,-0.04323671784100152,0.09648221069106858,0.1286026772758762,0.37932434032058365,-0.23432124517938435,0.2993204266538417,0.12495253881730875,-0.15939260197414934,0.23726904236403823,0.17994833946679248,0.6175239687771177,-0.1407590138303461,0.02103302273621839,-0.42947752624608865,0.22804387763947284,0.2873915605899019,-0.0858821919836257
19,AT2,THD0001,Control,60,AT2,0.07438670481646531,0.12393591321232995,0.06358576879358495,-0.965230736852126,0.1592066614629321,-0.006651028901636489,-0.553542545045162,-0.03744047502444036,0.11278019597385448,0.00015141424142751155,-0.4398189030264872,-0.6603938844676119,-0.1358417054187943,-0.11834362361564144,0.2944613387545654,0.24135381424539293,0.8887668354718151,0.1723446205392096,0.3174052635895908,-0.1098665796412672,0.022563156132701722,-0.1012509381779885,-0.12522118334260374
50,AT2,THD0002,Control,62,AT2,0.033124165538072875,0.19006934133678607,-0.06005990321801414,-0.7446867654518291,-0.10927197199601671,-0.007812926549078617,-0.22590570075294056,0.009385734605554735,0.31685387477137267,-0.10730452150139297,-0.26683183329755183,-0.6507693972833087,-0.2889871560498135,-0.1812955762413999,-0.10448809890958108,-0.13123801335817495,-0.21555189479328712,-0.12021279314006694,-0.2011013956065277,0.022108060365271756,0.8477271938284858,-0.3807746447484801,-0.11964838376735283
51,AT2,THD0002,Control,62,AT2,0.07367693668979305,0.13143677208307006,-0.0982085540656846,0.12761009811937715,0.05005648796232936,-0.015369669339282261,-0.020251772738956057,0.00023205008086306204,0.04832389204703737,0.3767575981909373,-0.12978074015136967,-0.4049356536649662,-0.48148948630699206,-0.1258996356595683,-0.1053748546807238,-0.032218333246359074,0.17339931609808676,-0.07722922698219602,-0.1540880325734508,-0.0055815994607800725,0.7063457157038271,0.15312014658359768,-0.13594563143963725
52,AT2,THD0002,Control,62,AT2,0.007208297968833732,0.007884252547845574,-0.09322356092657685,0.10745658014785633,0.024658967441383954,0.0036965024278207232,0.05962113186819299,0.02868774770185354,-0.26720812556650114,-0.014777198227062492,-0.08265049976584257,-0.07073786854886256,-0.07702787326991967,-0.36386695110491873,-0.14646431973745366,-0.34104113915392276,-0.6819359613484323,0.0475170440695621,-0.10996353841272118,-0.028737036068200453,0.8532026331277274,0.002960769383333937,-0.17920788064514273
53,AT2,THD0002,Control,62,AT2,0.05995751441666727,-0.03676242111882248,-0.013714942094400696,0.20378328802220008,0.27125039200516016,0.0023960285827993926,-0.43106716455412986,0.028900507664071082,0.4899814781386555,0.2640796420739009,-0.1546847476974588,-0.7599481251601042,0.010962850420791499,-0.3955297576224231,0.2570664921365768,-0.2716677552035591,0.18794019637048215,0.19956481446198102,-0.19025346614007385,-0.4529263370294571,0.6399998478230199,-0.21576947166312094,-0.16666427093185346
54,AT2,THD0002,Control,62,AT2,-0.02489922863475099,0.13550042325910744,0.1795764090661422,-0.08320009705118474,0.22532831637996978,-0.007312946310279149,-0.2282505209526843,0.026018357941650277,-0.11597203405285987,-0.418968303130914,-0.43961602774021163,-0.15617393467092536,-0.14359320558570074,-0.48350893909145515,-0.003017106490645958,-0.010180087411897413,0.3117694222961644,0.13898161783098942,-0.7792589006679285,-0.01678550861850083,0.766818493267178,-0.15077879014620754,0.004585800936917969
55,AT2,THD0002,Control,62,AT2,0.05067108153434458,0.0639854070483148,0.013729395670068888,-0.04293476389360894,-0.09714797355342276,-0.014897267219972522,-0.5357437140529742,-0.05945498860319138,-0.08166313832755105,-0.5451886300235107,-0.08056140704821552,-0.7570974883564547,-0.11725083276470993,-0.5236833222915749,0.03440515421232547,-0.30554204449474814,-0.10007676441352874,-0.22060456481845306,-0.300265051962972,0.18751543626857795,0.834564950491426,-0.12772167517016564,-0.10340777062223305
56,AT2,THD0002,Control,62,AT2,0.0648002909034867,-0.08980867313321637,0.2405290747376887,0.03187322015341234,-0.14353525381884427,-0.014147848604894953,0.14484075286468776,-0.0019335047075236152,0.16555286763300603,-0.1381230060713461,-0.4961557879425521,-0.562913091997914,-0.015068856483446611,-0.2155800252171811,0.16334788669562952,-0.0454559882279649,0.4332813129919053,-0.34089294856599667,-0.33539759339234204,0.003103636970455484,0.7062742569386005,-0.044388304322151136,-0.12334601928197766
57,AT2,THD0002,Control,61,AT2,0.13616284851261642,0.22191539324356485,0.023077324421729176,0.01396970723084998,-0.0794245871505213,0.0018112168496412012,-0.021478250910412576,0.012641463404136598,0.1451175899770735,0.441156641002146,-0.2574736407965313,0.08810752239680464,-0.33777560141856755,-0.6509396247320502,-0.1765731015904649,-0.2763879185307436,-0.5966965849414776,-0.006091456571342038,-0.308247036215586,-0.07811947867107033,0.7339601794289418,-0.11629157419861207,-0.2207455571110098
58,AT2,THD0002,Control,61,AT2,0.0515319542106315,-0.24544050685399446,0.18957285832668166,0.04170418473641502,-0.10968094221065605,0.014394572925122126,0.0641049046021467,-0.0407706889550849,0.4918329196611906,-0.07233134321879081,-0.1059453672935277,-0.5481181090439068,-0.029647142190888456,0.07831229980111187,0.06516606911666123,-0.15084414073204644,-0.6191885543667722,-0.2115449198055373,0.10542220445871288,-0.0682072727602506,0.7532322940759064,-0.5166584614171873,-0.04172360958621506
59,AT2,THD0002,Control,61,AT2,0.06317940665058798,0.11262452887668901,0.2321592937933329,-0.16068480608036162,0.08050365825445913,-0.036187966787668606,-0.5052867625878459,0.008230282541233095,0.0578344594107509,-0.009798843152280547,0.07513158028816198,-0.4842762236581104,-0.48521879295966375,-0.05350688174624709,0.00602432612255579,-0.3189237983981859,0.25709417694041997,-0.2851369121810373,-0.5776784006927442,-0.05002792126718875,0.8714490858592919,-0.5338585360569486,-0.24823826458113243
60,AT2,THD0002,Control,61,AT2,0.0637383932661592,0.1934220390510338,0.3450027687667805,0.18212332847801585,0.0531488800123357,-0.01090284727706041,-0.023552943960382454,-0.00015651999963690096,0.2078089751548502,-0.20496260381004144,-0.3637338203637809,-0.556494400346437,-0.12919786650145457,0.14248665424427237,-0.14079357084044763,-0.0965774021598172,0.4281704811009088,-0.12279729354486324,-0.3648807403907546,-0.09031006044417153,0.8005106181495323,-0.4978998827387544,-0.20951048368004135
61,AT2,THD0002,Control,61,AT2,0.16550791190088163,-0.036473426760463966,0.0045615644418997335,0.18686661024719137,0.08264259983266188,-0.03657386716157775,0.24832692688650881,0.03744587527254223,-0.2913400495281609,0.8012590402985541,-0.07641292400389871,-0.09389174023727782,-0.12295823150719012,-0.5601895421318227,-0.05022712817378848,-0.18496080546657528,-0.16708050997737975,-0.11145889554409914,-0.17591585924095204,-0.07983722341700412,0.7234848237527857,-0.35556711689394593,-0.004838602618379047
62,AT2,THD0002,Control,61,AT2,0.028599567789821888,0.14652833942588903,0.07199599508593706,0.36184067796076497,-0.04930533851054818,-0.023595224206118686,-0.289574778155637,-0.03098552811252757,0.17368881301066097,0.00821851347054766,-0.10651370586832613,-0.3300482256821301,-0.22672819864414012,0.17178240452336402,0.15784361761521806,0.009211672400806135,0.10813903887016021,-0.1593147987867673,-0.44928001923469124,-0.04574123009208613,0.8203793731317038,-0.14031939746222946,-0.16755548092301245
63,AT2,THD0002,Control,61,AT2,0.006996870975317651,-0.029487644850235188,-0.2468045740477546,-0.8108942376882091,0.18396310184495113,-0.0020081288278133757,-0.002024886053559793,-0.020328894149533958,-0.2821211324241564,-0.04647242583361538,-0.5520179937333152,-0.5358286042543307,-0.1188978892824972,-0.10194836039299854,-0.35445144605316053,0.060094245103539445,-0.22031272721490963,-0.06262145566101597,-0.24676137860750355,-0.010247070655496134,0.6732909190137188,-0.3290020098839808,-0.11624378535401773
64,AT2,THD0002,Control,61,AT2,-0.03669666246146891,0.227187162525461,-0.10418008293681831,-0.031097637268664286,0.17011852940480932,-0.011995183554794727,-0.20329612032146246,-0.020065556872640132,-0.20210004244315377,0.10496142321594004,-0.011710840821558873,-0.5260279760938987,-0.20845414273551482,-0.03296436740145119,0.011955565700666502,-0.07279348208561316,-0.09866479962306814,-0.21273318232383803,-0.12610497619736794,-0.11203297930394411,0.6229725185937871,-0.37156488133561755,-0.020030667406532577
65,AT2,THD0002,Control,61,AT2,0.09531237648300728,0.06114844248140588,0.2894264501721907,-0.046258284322836914,-0.056695265165761344,-0.0284405611297542,0.1951010662735868,-0.01774343462566682,-0.01840617306017415,0.5132685578269167,-0.07032220184481346,-0.030582869154789458,-0.04950163937297538,-0.19453245772183017,0.17618931452935838,-0.3274654730444876,-0.49347424272499724,0.15148142227392616,-0.16725671750430587,0.14315381135815844,0.8589789986974607,-0.2871196443536321,-0.20933530117531418
66,AT2,THD0002,Control,61,AT2,-0.055009248193160394,-0.06911136849744008,0.2805911491550015,0.2533310807161518,-0.15347940574995678,-0.01781570457383362,-0.2052600372638948,0.0025403216653788405,-0.21051087683963327,-0.03563314656473976,-0.16603102770938924,-0.6925525361927645,-0.21611481283966982,0.47409542338715865,-0.1638227282333789,-0.1316053223006215,-0.16152453075634987,-0.06322670591471291,0.009745276011930273,-0.06869781073016451,0.7493332132007197,-0.16713835148601325,-0.0965092522601113
314,AT2,TILD028,IPF,61,AT2,0.2151057484380441,0.03869493228598249,-0.26662102733028925,0.8821851148745647,0.23232091717408873,-0.021792077421893954,0.11177088326895508,-0.039520720860784876,-0.4778733511030698,0.4393758243912688,0.5068112439934036,0.6754407198556922,-0.34351419739406786,0.11068346581384121,-0.20611268988632658,-1.0603833500845676,-0.20721047674061882,-0.09771004450624483,-1.5819362889417419,-0.3405772619967759,-0.1339902197087461,-0.8483351905736074,-0.3899108207103739
352,AT2,VUHD65,Control,66,AT2,0.09436598813584965,-0.022489033596901117,0.12154847566798083,0.36210812917374363,-0.03002739638991933,-0.005306176387369806,0.13691474350896535,-0.01792580629743177,0.31684438280238447,0.03510635314798667,0.7107068906513403,0.48678171094988487,-0.07180573940182913,0.05771126422057119,-0.01473329515616923,0.2601694745300479,-0.11923744692714248,0.03663825477807728,0.07375587772281658,-0.049361517434229445,-0.8420131857023367,-0.13230527681395826,0.03035532795603669
353,AT2,VUHD65,Control,66,AT2,0.035934172510073685,0.14024731436075305,0.26229285101129735,0.1540282264941754,0.011729462291093383,0.011690589405512812,0.4740321014473694,0.03421025931626742,0.384565235164466,-0.2299728205653752,0.9090103725638284,0.3260854543593799,0.01650898507826243,0.28422344965979485,0.22223459404431287,0.3389747477406467,0.440899705552756,-0.06196083528605051,-0.003867836830598128,-0.0021358643406348054,-0.659358636116018,-0.016297276426646374,0.16635512397716742
354,AT2,VUHD65,Control,66,AT2,0.080778799441436,-0.1264763516962899,-0.09577128826690665,0.3126324801955707,0.001987209517715331,0.005998175880961759,-0.30389561070308346,-0.04301003860892833,0.3620612480521694,-0.11595708482874381,0.854009076618664,0.42165068123112703,0.1352134767026716,-0.4364023340945017,0.06902274170273102,0.17971922525157008,0.19632896773402295,-0.022187526676169727,-0.21807062141416997,0.18933630372169358,-0.7341881383939596,-0.06832238493899395,0.003606728268207856
355,AT2,VUHD65,Control,65,AT2,0.10400307058784387,0.14138790266954077,-0.3152371394114298,0.047948062686991734,-0.07308001742894916,-0.008511921732773684,0.3750198001397328,-0.010522881675999247,0.04051594182215898,-0.012239771546754728,0.7086805330087433,0.2199326926088462,0.01474862134196792,-0.6073904623824954,0.1041741864023179,-0.058864155700581636,-0.3732665417245338,0.07727327246600486,0.38698993550956223,0.35024874830242037,-0.9814641697439445,0.019934388867904974,0.13283019608138755
356,AT2,VUHD65,Control,65,AT2,0.04709881696792413,0.09633208181198373,0.24222486588069597,0.21272609896771413,0.12650936530614826,0.01652392781997141,0.1999704031773661,-0.020473834222280572,0.012424209607482637,-0.04062388396108311,0.666446195867557,0.7129469397040709,0.030409114651895018,-0.10021859526895148,0.3004598228631169,0.04874425584015113,-0.2516729106268026,-0.11482730606985297,0.04937998838659488,0.28226945381951785,-0.4798455969833503,0.11748080472190786,-0.059056742304451716
360,AT2,VUHD66,Control,63,AT2,-0.0246679114436991,0.17031663447900533,-0.04807863735986065,0.14731337978301118,0.033659099364932485,-0.028451419131196316,0.4772596987039238,-0.08845014404040721,0.44074383630540476,0.3814157277702942,0.17346877535761662,-0.01475478722913505,-0.0074409944536973464,-0.23909797995511603,-0.03168504909851573,-0.05975714063973182,0.05382780731406901,-0.4742180212967231,-0.2935168363613918,0.20706696941096994,0.34863047299658534,0.13588732909129536,-0.006499349877059447
361,AT2,VUHD66,Control,63,AT2,0.0013278907435029476,0.39638589451413697,-0.6640706885133603,-0.8145886473708072,0.06541903937260991,-0.010448175939861854,-0.5429973842598531,0.020559273296503314,0.33709687967991897,0.3998862055725545,0.04300249228492806,0.34334596533676126,0.002352358026807548,-0.23784671909413496,0.08234815913907546,0.03722395719906364,-0.2804539195673624,-0.5121549802674724,-0.06638950650506813,-0.16805246145658345,-0.27311773255001354,0.15310357052148274,0.07350597855913299
362,AT2,VUHD66,Control,63,AT2,-0.10027761946302054,0.3582062724895301,-0.49197881562445944,-0.6424764009777146,-0.04401461321157552,-0.03197076372906838,0.27115683054329026,0.003874165759982659,0.12047610020565457,0.7059570178458765,0.05401674236399115,0.2040728605229103,0.14848391424016266,-0.17752991011190714,-0.10951799960556646,0.045340323067077595,0.1611203342478921,-0.2892703358276971,0.06288917970080679,0.03112614452060842,-0.77990671664725,0.17660777285147072,0.11539811013929403
363,AT2,VUHD66,Control,63,AT2,-0.14404575304253336,0.1787761106460452,-0.22083006598619406,-0.8386260693760822,-0.024257242523168326,-0.018443899038609247,-0.309695010290864,-0.04204563934338839,0.42065385210430534,0.4625969880534139,0.36364339272141555,0.6150355696010744,-0.05649460672928034,0.08166541601373097,-0.08324578208932888,0.1383204684287711,1.1785861035658085,-0.40869408295066145,0.012132047826455328,0.013802633338968064,-0.04927006213309017,0.2593223990074373,0.01191267372568048
364,AT2,VUHD66,Control,63,AT2,-0.013313233732539866,0.23322526650833295,-0.12733607437234087,0.2223087865117088,-0.1650010270159296,-0.03228826621709211,0.047836400680596795,0.004294601259293339,0.4043819526619899,0.5672398453573375,0.055225149995282066,0.7359489832301152,0.11735577600525682,0.2606051371907151,0.11392078560380983,0.12494652885175905,0.1790369792310118,-0.23061168382418115,0.30336432046784895,0.11340439263128574,-0.16661897706954734,0.5315410023255122,0.2710737413530415
365,AT2,VUHD66,Control,63,AT2,-0.0650207587174797,0.3112762280555302,-0.37352436651056153,0.03831822093011191,-0.09688760592951973,-0.03428256016665529,0.29791125248006145,-0.006299430326819129,0.14846329515801257,0.6603112758845257,0.17709597348797904,0.3251010161932752,0.039986740198264245,-0.21823260951355733,0.18693676764386216,0.14546846741863878,-0.058284421606792466,-0.4247441104051916,-0.18135837021539894,0.04474144532713951,-0.2243255353443568,-0.059130116128843196,0.19139804930469
366,AT2,VUHD66,Control,63,AT2,-0.11486318350121671,0.2694031401725074,-0.5271872264419699,-0.7776036661490884,0.13407180579182124,0.000500754594527213,0.029969308611093908,-0.014769970464951494,0.1760023228532476,0.9232271458925148,0.4155423923686521,0.0058955534700118875,-0.09513377741127207,-0.9709926969778351,-0.10644623013298986,0.1621836232121865,0.08369624248582454,-0.3250209609122571,-0.030236878450789886,0.024330053501366612,0.16966132559906996,0.17945280165284624,0.15232778927881133
367,AT2,VUHD66,Control,63,AT2,-0.07630556483219182,0.3130353292068645,-0.34660484246368656,0.019465787636892166,-0.04325160033213613,-0.009288070354161626,-0.20387392542111699,0.026833076324438168,0.2380121134872734,0.4183096357291279,0.26211965067746684,0.6121208004885962,-0.278765699105527,-0.732411570836825,-0.060188174509968856,0.16061842455155384,-0.23416722025728423,-0.5947636656625422,-0.012906057475009156,-0.06527932613056055,-0.09307049667296872,-0.024281804798419068,0.09091567929445624
460,AT2,VUHD67,Control,59,AT2,0.05146578674372394,0.09204944416941965,-0.7695050894604407,-0.7626774728345787,0.09743140112659568,0.010213151825065311,0.11198855871850881,0.03760565429025139,-0.07051584519891634,0.14933055977472373,0.09063909990606102,-0.6946538948547946,0.18449606575543412,-0.3987705235717324,-0.12533128989174624,-0.4287634709272743,-0.3585203095935749,0.01591020329300576,0.08243182849224001,0.012286730429624762,-1.0391884263730498,-0.21721289300193597,0.01539390514592063
461,AT2,VUHD67,Control,59,AT2,-0.029572978771601963,0.4561281903426919,-0.3053668737599692,-0.10519067828770168,-0.09932101647379445,0.018272737017413176,0.20803866027405524,0.05071332649751876,0.2720349158120216,-0.2576797923662806,-0.08559039841808726,0.11094426158809025,0.25700397765870037,-0.051205785703554905,-0.20005527824485866,-0.27596792635714895,-0.3882306053627484,-0.1636836599086989,0.3737505193823703,0.3088918306416484,-1.1473934304837077,-0.05620014884895709,0.1853307338564423
462,AT2,VUHD67,Control,59,AT2,-0.06013326341359729,0.19440439284500652,-0.03351285342873817,0.05346326528350235,0.21172757428310707,0.03843173437812243,0.27629585730805784,0.030590367531676953,-0.2494679431895282,-0.5301087977827308,-0.30515215788182287,0.12048640465976394,-0.11359431059451708,-0.28204859070172933,-0.2844004622931769,-0.16051950890168992,-0.11456314533224403,-0.027032109023315147,-0.15633145002982782,0.14585113814725426,-1.4833024987046879,-0.02953455564877475,-0.17668674501813617
463,AT2,VUHD67,Control,59,AT2,-0.04489380870028564,0.13033427081734392,-0.6420546628222259,0.07866389472813022,0.11567665810011689,0.004188666977923967,0.7840850635869134,0.011372990735669913,-0.15106625377300517,0.009088334357716294,-0.09534415758389882,-0.459028511269783,0.02545519943713103,-0.54009504138393,-0.14004760547632455,-0.06720644761131142,-0.3861042922241164,-0.12020510293873608,0.23833269841004143,0.023497774792682263,-0.9885116709659691,-0.3195838821770488,-0.0934832170632732
464,AT2,VUHD67,Control,59,AT2,-0.021691860693129984,0.27692079707118467,-0.5765401179146552,-0.7425084438447369,-0.2695398681456276,0.0019307004289263663,0.4935788846824673,0.09482119940784148,-0.4359389239112739,0.0048263675298337435,0.2971381737359617,-0.3044561178435873,0.23866809933541105,0.09387581011666361,0.10632760877569339,-0.15253440684828887,-0.6924508748481348,0.09352694117868736,-0.10466448524144528,-0.03118556190409198,-1.102121190676594,-0.05383734679627213,-0.1317109769083796
465,AT2,VUHD67,Control,59,AT2,-0.007032636926426642,0.10230417695877107,-0.5361166784249909,-0.2605035739396861,-0.31109453990607183,0.03576400283085697,1.011374230990216,0.028176941132386987,-0.17173452666728942,0.037380904772041264,-0.26668518372398886,-0.4457422330581995,-0.011027013814371909,0.11993520559170764,-0.2037578692352494,-0.18093277659997203,-1.103596128256081,-0.30267559324502247,0.11975998280295594,0.20025817013603564,-0.6720570410604501,-0.20309022627175177,0.10419505676567797
466,AT2,VUHD67,Control,59,AT2,-0.041211575415777496,0.11567324952856552,-0.44438330899169687,0.007343759380080622,0.18571312920590766,0.00776756512478003,0.38317907731985196,0.06227004606591507,-0.2716079083419816,0.03497707807637484,-0.08250262466272161,0.06537288889733506,-0.05621391764406986,-0.6298176126537839,-0.3596366284121178,-0.23164407215149868,-0.22649664437798403,-0.17617173148567108,0.14236245139454978,0.09635445977486898,-1.407654468054122,-0.5138589163836421,0.1723439445536982
467,AT2,VUHD67,Control,59,AT2,0.010273643025045635,0.28704583072222645,-0.5901657686936413,0.027591732362362124,0.23734782539490762,0.027148007510500047,0.21633736858881347,0.07187421529713006,-0.14780458096394244,-0.292540651486973,-0.2055837782533358,-0.1589480013588201,0.010822610519593663,0.1567057213675957,-0.20502339188620392,-0.0179669772873751,-0.8608825626165097,-0.21555718079981198,0.23369321438482127,0.04892431024040371,-1.2435594465983482,-0.059937519255111746,-0.10465895857405055
468,AT2,VUHD67,Control,59,AT2,-0.042865319365239324,0.43262402183399956,-0.46045174138574113,-0.8401505212471859,0.011058193284405741,0.017403614734770576,0.5261661636832208,0.12086840203941454,-0.022648293975366413,-0.29152538079972506,-0.1758637995105562,-0.09131532543330888,0.046209844219399436,0.3645839166676424,-0.3349327657761526,-0.07997604528873606,-0.6998023170109856,-0.2628529381284792,-0.5232553209738753,0.03103581044293055,-1.136395306646568,-0.3563540183853027,0.07996554926127811
469,AT2,VUHD67,Control,59,AT2,-0.1117198017817231,0.3741955478081744,-0.47750406933289397,0.3473430571534616,0.13066570966885843,0.017940776669163105,0.4553500482323588,0.14457596748559315,-0.24539456001986829,0.10904535674430353,-0.2638795490088112,-0.1605998405165004,0.11615277182581946,-0.26144521874670973,-0.2671646019435683,-0.2311334501294618,-0.4786246935598646,-0.1790486647308096,-0.008985048336046762,-0.0293428626212398,-0.8455901931251053,-0.1233116328145953,-0.15112362811380803
470,AT2,VUHD67,Control,59,AT2,0.011038370206007769,0.1733557701954563,-0.821581882724087,0.1415590201476575,0.09622502622190146,-0.004104380643992176,-0.0017304404892017561,0.04163102714332457,-0.04921557357765509,-0.5218282762585802,0.15978743293695485,-0.2498843576911971,0.13620802150286287,-0.20653835317709318,-0.21040720536971755,-0.2321795865063666,0.039412535493439774,0.030459533407252628,0.05873131870123437,-0.01453217544258812,-1.547873171762952,-0.17085344768348198,0.029637042349746852
471,AT2,VUHD67,Control,59,AT2,0.019560066221238313,0.21964037538467568,-0.5723850923766333,-0.21430122668097898,0.06668700775840629,-0.005292874341807141,0.5231609132493562,-0.006425995128496596,-0.28200982953834924,0.12615993613829812,-0.12125122500147749,-0.28278927925128283,0.1607844358602097,0.09707358971580796,-0.20138288340288765,0.06523096333668332,-0.4689313705193355,-0.03904841422314566,0.012469954632484598,0.05410033712834752,-1.134664572584317,-0.3108475781584148,0.1809479480613936
472,AT2,VUHD67,Control,59,AT2,-0.025497357955661597,0.12857476256258968,-0.2654146885371958,-0.11054978205061497,0.03192481021463567,0.024130362269150066,0.42221565279727086,0.028226422973744565,-0.187526327794043,-0.10205036676621732,-0.1611510617773162,0.034496392668345255,0.04750912810004244,-0.23905679147237477,-0.0613366548113264,-0.059267062888778616,-0.5869657706407998,-0.17691289138177962,0.3800171406973584,0.06950069106766099,-1.1970452912028744,-0.06675755812982129,-0.06438309286983061
473,AT2,VUHD67,Control,59,AT2,-0.016826497363942466,-0.06006298920756416,-0.7979366076794431,-0.07544615076093356,-0.11109602500459734,0.0038288401832092768,0.31910874259922584,0.027852332518589783,-0.22179221135343952,-0.188782679332513,-0.28887766995733727,-0.24688756601368636,0.05230067256542074,0.1730210574251712,-0.305289980992353,-0.2125299422476764,-0.5773650721295054,-0.1939121718154879,0.17264963623177965,0.10626191540378051,-0.899189733933383,-0.20200101757122751,-0.05554065211702162
474,AT2,VUHD67,Control,59,AT2,0.014611119476382307,0.2608326665449646,-0.7608674430756065,-0.09514048630243925,0.0665402140747594,0.0008993101967827077,0.1548048992476775,-0.011877423333276738,-0.19105468561761052,-0.3223500811446727,0.2012325529701477,-0.3194999311552007,0.1778310433628864,0.24206576680026853,-0.19889515076442613,-0.0991209349348641,0.19459435794873398,-0.17850402665252157,-0.2318105443047208,-0.009669721598171449,-0.5986845081296658,0.08232574425480055,-0.09239008751463795
475,AT2,VUHD67,Control,59,AT2,-0.04139637317467868,0.17030900591333129,-0.6557222599059309,-0.7130130334941859,0.1821509920718123,0.0011299137553099628,1.1124625314282934,-0.025382452688827387,-0.7464313825238424,-0.08186523711192997,-0.025047299647820816,-0.48731858042077564,0.1558675477702192,-0.020529978810003686,-0.21831849176970586,-0.24274983896413316,-0.7035387692301768,-0.28027499433292996,-0.9664917073247585,-0.14323028582956093,-1.327052260605211,-0.2781106548747969,-0.07737259799249693
476,AT2,VUHD67,Control,59,AT2,-0.029194971726387457,0.22457841517643398,-0.5514834646547685,0.17193180165559993,-0.031416520785506524,0.012852989070180149,1.093277643583045,0.029913053030902866,-0.6001029368613097,0.09416414321844108,0.018614677953990046,-0.2910476635039299,0.12151966613013104,-0.2202188909565935,-0.03883928831612063,-0.25254508136859466,-0.15227990494189272,-0.10557009741378436,-0.12537527410185445,0.005607342401988445,-2.5000062953609525,-0.24386975413800496,-0.08864854342123275
477,AT2,VUHD67,Control,59,AT2,-0.04967446233716443,0.09427758905140105,-0.7017224310753981,-0.05447789619273064,0.005868119420005728,0.026470998445667075,0.6084952852711089,0.08715941534412389,-0.48889815350956484,-0.5830555109936463,-0.3331925417991727,-0.5774035846017056,0.03420465739797151,0.06328247865673826,-0.2338366685217668,-0.07933265917287496,-0.3482504303080951,-0.28042501265256053,0.18665830365120348,0.08673371522683772,-0.829392478268721,-0.4705662757216736,-0.02273673634631495
478,AT2,VUHD67,Control,58,AT2,0.004686543389492886,0.2248258830353534,-0.7400022020351384,0.001404098969856043,0.11488682654735266,-0.001764605017380452,0.2804494781324143,0.0696955020361664,-0.28546546840811365,-0.0631673286581332,-0.20395839447210692,-0.07147749836484614,0.15585088532272223,-0.13720451040422363,-0.15601336090534962,0.0685179039548516,-1.0003951939163305,-0.10501233071548714,0.19600692778121986,0.1584111065129615,-0.8435754709537692,0.013646084922630305,0.19705706842719475
639,AT2,VUHD071,Control,49,AT2,-0.13513901112261387,-0.9914809631770551,-1.4849137007664481,0.23711031144316763,0.04376630886888213,-0.007706725054075314,-0.15055581588702624,0.012019159004665304,-1.5441447690542267,-1.3140677237392868,0.5671617995603699,0.39234381736810475,-0.7274591769612937,-1.5827781916492516,-0.9358292961712172,-1.384528514717002,-1.444613049984056,-0.3404734310981614,-1.7505835687853797,0.15406074677784792,-0.5794057358940907,-1.0025816149506352,-1.0421405661873702
640,AT2,VUHD071,Control,49,AT2,-0.21746171318118188,-0.7609640347528043,-1.598168592068894,-0.4245588904553267,-0.11890099089870501,-0.023989796947459688,0.2869876122125907,-0.03309476685665014,-1.775333633816196,-0.8311602213125922,-0.07041347716687149,0.1240774135228251,-0.9068968228213179,-1.6481210485361228,-1.2969988498815992,-1.0679375086921845,-1.3169248405530702,0.04219301097632733,-1.3139631415383974,0.2495858860474466,-0.47136195200921704,-1.2638547359490484,-0.7838472240026649
651,AT2,VUILD53,IPF,55,AT2,-0.12238440256683904,-0.5826284638197282,-1.0076816665279031,0.7659902245037686,-0.24399270517947316,-0.026411352750863957,-0.5148855794971855,0.05192397854605026,-0.7244107156630474,-0.11685101049582172,0.5628725461813764,-0.2320724512001877,-0.8027041250998702,-0.9683804699542442,-1.348302334777495,-1.1841619845652742,0.11436998592804092,-0.7028029417911865,-1.604879756785937,0.2559525504982726,-0.6860008284349691,-1.1283462637669066,-0.8849726855915709
652,AT2,VUILD53,IPF,54,AT2,-0.22622362769871127,-0.4854007318287,-1.4350039065641396,0.8264778025498892,-0.11240700499093446,-0.00014209113364649362,-0.8084078360411486,0.019908488102856836,-0.5705358590541595,-0.1615759846938605,0.6592067050482567,0.6224325103761951,-0.6404404915423828,-1.758953556466798,-1.4166833585771894,-0.9296906311386003,-0.04368476308944718,-0.27885662691294916,-1.3328160756421334,-0.41686022017647817,-0.13722899261079752,-0.7318356668337564,-0.613751509353931
653,AT2,VUILD59,IPF,60,AT2,-0.2277977085029375,0.1465455170772089,-0.7003923305762062,1.1770712404392814,0.19279373807215766,-0.009714224902603583,0.14560339140000061,-0.10975232576533578,0.6074633690797617,0.061976977996830565,1.0831240728701368,0.2443025693735381,-0.30121730001868374,-0.056912100262794994,-0.5140220852651487,-0.6398717151960744,0.8488250376383712,-0.26500018463443137,-1.1416566520641553,-0.11605820299660045,-0.8170482135263648,-0.42811425434467365,-0.1584105641581127
654,AT2,VUILD59,IPF,60,AT2,-0.1178387168657473,0.3309482560516631,-0.34868322750893355,0.8208512640811526,0.29297176306771905,-0.047204801937320406,-0.016882046451621613,-0.06969355191156185,0.38695529939574275,-0.15955193608521198,1.1186521289451317,0.22082261560215777,-0.2765122749592819,-0.29597892183707214,-0.5947470639488607,-0.6610031085227658,-0.22154805122885626,-0.15120151888954092,-0.9513643323212375,0.05274117230371813,-0.4188934718274793,-0.24763642368443445,-0.13567368406652544
655,AT2,VUILD59,IPF,60,AT2,-0.18398479670563447,0.37830347481693416,-0.46458628098846344,0.7969760563640418,-0.3244369714126892,-0.0289955221585413,0.4762197212929736,0.02617583407533195,0.8216927671852102,0.6001628186803508,0.9037350154927531,0.49741746269190257,-0.2650097970155957,-0.45441923771748655,-0.46370206307053397,-0.48492811928384294,-0.06327977713384807,-0.3482985025874689,-0.8650952761785888,0.06395722737903681,-0.7307171067031871,-0.3616245088130131,-0.05567255049513594
656,AT2,VUILD59,IPF,60,AT2,-0.07563206824305671,0.2123127126496055,-0.4989008002950216,0.8130916788885828,0.09828438100938812,-0.03178485702857925,-0.19062169289436467,-0.1788019106332173,0.6652587483313517,-0.009413997342228676,1.1450739143877353,0.4148080053100049,-0.23663088815894678,-0.04724602019875368,-0.6703054975935971,-0.5243981967463333,-0.03653461437118372,-0.2546059528268408,-0.6885580984380009,0.2350513820449281,-0.4571132687182348,-0.15130927977456143,-0.45965906807758056
657,AT2,VUILD59,IPF,60,AT2,-0.04227056474346392,0.05212727658993981,-0.6507187086567859,0.6698180736377097,-0.1375401324526062,-0.03781346179744707,-0.19530702420937435,-0.034649226932418384,0.6233703259557065,-0.05867975008867781,0.9313100292781362,0.2633734402759767,-0.20950307994528383,0.207905279849999,-0.6138678489631988,-0.19181911237059784,-0.4112285438746419,-0.11307521734519693,-1.2446332256480777,0.045978931993839185,-0.9771829310229706,-0.24131804235940651,-0.34782492436707046
658,AT2,VUILD59,IPF,60,AT2,-0.14825367301893877,0.18129575249110233,-0.2984741312604501,0.8896018825818589,0.05411734358059967,-0.033241012385458894,0.34830281969577986,0.00393197181711636,0.4354234519394789,-0.2400727857857817,0.9060935891130241,0.30892856218608883,-0.5088764308676635,-0.3415579194089432,-0.6454574871998495,-0.49954354627073844,-0.2611889780170738,-0.15421210567391683,-0.8594119744075024,-0.06437689523093769,-1.0079117740613128,-0.5083878581695745,-0.24428482335465043
659,AT2,VUILD59,IPF,60,AT2,-0.021597391180203658,0.024337499579041556,-0.33923023297625626,1.0451989641315593,-0.08935462610614218,-0.04245627719203891,-0.34798573172637515,-0.03868441195630458,0.5592953959271256,0.4054222489632616,1.1059001338017107,3.5567045347247417,-0.23076800748850915,-0.5067457571017197,-0.6616678567575524,-0.6516210484763214,-0.5085492091928636,-0.4358073886926967,-1.2209315591337158,0.2316883770384173,-0.6330177360378625,-0.19965598718894573,-0.41395950073276283
660,AT2,VUILD59,IPF,60,AT2,-0.062171862200925826,0.5877758542279704,-0.3695592811074244,0.9527437125802894,-0.15349500086599613,-0.024222330684763347,-0.27330526670247085,-0.06421136471922662,0.5619405857125118,0.15606707566653688,0.9412097485344985,0.20394262836165056,-0.11773891912773743,-0.3854162237099817,-0.5107398054550025,-0.44558713499109465,-0.5428965853440211,-0.23851465832072127,-0.2670054998432166,-0.04442742911455306,-0.8387633137805584,-0.3552124401840271,-0.12095235273224259
661,AT2,VUILD59,IPF,60,AT2,-0.1480896749652843,0.3525971004703155,-0.561656680000961,0.9670563217356292,0.2675513797330962,-0.03156334905780358,-0.15312121976650162,-0.1237141028354923,0.6703893379078406,0.1709508585828923,1.0616482196752213,0.7532598518579487,-0.14983153677680883,-0.5621525005540325,-0.4582855596245995,-0.43747152019246294,-0.2805113947765087,-0.5129872550046262,-0.667047633226604,-0.17754020142662313,-0.8418025506084525,-0.42659524470883714,-0.22880978429595925
662,AT2,VUILD59,IPF,59,AT2,-0.04289159618491014,0.5892350678300646,-0.2357236289559575,1.0045271450999107,0.09960147690533405,-0.029903957444711055,0.5204378463163383,0.09552417892828,1.6408063757751974,0.08705521624245693,1.016177128450705,0.03846798916768,-0.16719103283228876,-0.5289883163460115,-0.39737227196912334,-0.23578305110221487,0.24977735515817778,-0.2352484655835368,-1.6058938223345476,-0.10910251082381792,-0.9966890952365131,-0.4625726697046541,-0.1869734759463123
663,AT2,VUILD59,IPF,59,AT2,-0.0550196284844777,0.3083079574167927,-0.44386696477759613,1.5442115161691277,-0.2263316383905811,-0.04461552327607562,0.2185777861593187,-0.07034618670459247,0.7224556468264661,0.1865674775443585,0.7695850836404802,0.5543597101898605,-0.7918208256003251,-1.035540372654697,-0.5281147251687198,-0.7584640708418109,-0.7704992937335224,-0.3973770058634154,-0.9871773572829126,-0.08334446102002138,-0.602130129605997,-0.6289412760894123,-0.159103662948505
664,AT2,VUILD59,IPF,59,AT2,0.017015237015235697,0.12684838575195392,-0.5712389821819077,1.0907350047515634,0.17929798740572614,-0.0377046419433727,0.0809460465280246,-0.10412441872075617,1.028950023707007,-0.09843943144184666,0.8713257980006489,0.6046780435188368,-0.45719930857985625,-0.4124533980635659,-0.4321246490138582,-0.41349466478696245,-0.024835335909553717,-0.49536071213770266,-0.8625455345664426,0.5606923350737926,-0.7393471761119761,-0.17296505857059685,-0.05876321859768263
665,AT2,VUILD59,IPF,59,AT2,-0.10992294306931541,0.24402250622097196,-0.6948256358823542,1.1466901418684483,-0.02605194314045614,-0.030920241288737133,-0.2630434605763969,-0.05850108360974691,-0.08493606916209369,0.002373132401624247,0.6300696269970982,-0.1094703175960023,-0.41954832203335635,-0.4213806387493894,-0.5385446538466658,-0.5963525004614233,0.00428027450611406,-0.09313606361203029,-1.2989859594223248,-0.15524746416026722,-0.6751781545027299,-0.13679554121119408,-0.31791700299805953
666,AT2,VUILD59,IPF,59,AT2,-0.17036710242252334,0.38453629498275094,-0.5556992374096281,1.0655297448567131,0.19578954717858085,-0.03024438864307782,-0.2416646317307891,-0.14945692301237015,0.5251529354397341,-0.3887078044184029,0.5482279422531762,0.8639474509631516,-0.4953568813626842,-0.30113639051735963,-0.8596287587338932,-0.5507195549956728,-0.3247179408620442,-0.23987998525035686,-1.1346233984757748,0.23652524880637174,-0.5777535142065218,-0.1215097385072653,-0.17502289712997882
667,AT2,VUILD59,IPF,59,AT2,-0.08618195040945184,0.461646771849984,-0.32146069126237176,0.9534229693980818,0.23195671791161024,-0.011526304343850394,-0.1954793662425479,-0.07801162791235894,0.9959655283538279,0.1593382511796241,0.6071644410515314,0.5582945887282941,-0.3021159995025054,-0.1474417709073769,-0.5654454571805564,-0.46655267224312047,-0.3831654480036215,-0.05395488808363763,-0.3697448281021951,-0.21428558293815875,-0.02869153999732205,-0.27887057651683433,-0.11832287227297465
668,AT2,VUILD59,IPF,59,AT2,-0.0714772206236557,0.2966212081681132,-0.2708039904544382,0.9864908831070323,-0.11429464320612953,-0.02689484460573822,0.056798875967271144,-0.05804417791850221,0.8535319103494029,0.4394262449029751,0.9107161502344322,0.5143333455063573,-0.2772462540227749,-0.020631279703291337,-0.42185028343178904,-0.36220321855627147,-0.5733337593046358,-0.35095473103986113,-0.215586270578245,-0.005884561313164729,-0.6304784689356572,-0.3737325227409804,0.031432410739021845
669,AT2,VUILD59,IPF,59,AT2,-0.0969026454581715,0.18353710082236063,-0.2906208711142234,0.8342181799125797,0.00978661984206492,-0.030944995457947586,0.11503273785065861,-0.12276165926822982,0.6909677065332736,-0.15480515128325728,0.7596655733116392,0.11198075203389883,-0.30901173823153516,-0.49781246762634895,-0.45252295188968145,-0.5858459904935922,0.4939563627069184,-0.30124429086486604,-1.0876202381056126,0.22780784957562017,-0.3652288452157823,-0.055069310608773604,-0.38578249822155614
670,AT2,VUILD59,IPF,59,AT2,0.014554741989732126,0.8014011693410159,0.08061691538113225,1.265605971147454,0.184397440426028,-0.03164214948231449,-0.03153562424502982,-0.017315366837955745,0.6594446642829472,0.26582627524761326,1.0738030523833557,0.6092661610610303,-0.007633762232686563,0.6002978519401835,-0.5717638602824148,-0.49915597693600894,-0.550131530474839,-0.2752718707066406,-0.641925894142642,-0.08518343829725065,-0.5941475214360624,-0.45356159417142466,-0.16520134524059818
671,AT2,VUILD59,IPF,59,AT2,-0.0033952877590060653,0.6106660053390026,0.17397081534376452,1.0187963066419066,0.2565826550185296,-0.015262556403310784,-0.12600063348124022,-0.0014991830743596932,0.7188121010666992,-0.1261262482050356,0.9044754394776132,1.0760588696531457,-0.1405171682360283,-0.3886895762741536,-0.34175954006981635,-0.659565190511887,-0.29470793753209507,-0.14182267914609148,-0.7725032750437995,0.29385041808867224,-1.1334347610878541,-0.15203157098302458,-0.32413393977814575
672,AT2,VUILD59,IPF,59,AT2,-0.021222983180752015,0.371556769198376,-0.4779205764790571,1.0308051090526675,-0.01648557157796779,-0.049117463288083064,0.37255273370754294,-0.103819168492614,0.5547918670014594,0.33914367019503705,0.9607010396891319,0.03248177594202005,-0.03275296242369645,-0.42829451440160393,-0.5031867130676032,-0.571131429491619,-0.0973267449476306,-0.032343889220068575,-0.8055309143255998,-0.2985469666049922,-0.594662418902269,-0.44001619225068245,-0.17318932186452224
673,AT2,VUILD59,IPF,59,AT2,-0.039046267701867504,0.2443669153479581,-0.6175652000972185,0.857914593925348,-0.07909999979334471,-0.03648852439036371,0.008556143887802327,-0.020198646755502758,0.5582396797433631,0.27655683007904663,1.0215010462494367,0.1399355475244692,-0.1570278695364871,-0.38973220347378235,-0.6765762193478445,-0.1876817490631697,-0.5047653323211615,-0.4320978331967153,-0.42108848594256226,0.13047356999623363,-0.5536870668209379,0.5393129750836966,-0.011784901634650999
674,AT2,VUILD59,IPF,59,AT2,-0.07089176881171907,0.42999684311352365,-0.08530711425105575,1.1390272400890866,0.10944463214038722,-0.03218942746923085,0.347561438119442,-0.14535596207075652,0.5967063380522541,0.5825252661771452,0.8903802746438502,-0.09846803247656538,-0.06448528849849591,-0.3276031805220448,-0.4246335577200398,-0.5923381902623381,-0.0785740058418609,-0.46623706783824864,-0.9027668073430717,0.11713842328480503,-0.8133891756887689,-0.3998068282825257,-0.30320354743893935
675,AT2,VUILD59,IPF,59,AT2,-0.05994551560528731,0.15595304558972728,-0.472038432148957,0.9428797005682751,-0.020697057704491678,-0.01892953252193011,0.1632704849231489,0.0008856975130350775,0.2622322791531449,-0.670000813430903,0.8938855053047752,1.8993182803219002,-0.16445114953986792,-0.3621380991516276,-0.512089987588602,-0.1783925553860969,-1.1113530900637953,-0.31684180726560324,-0.7609282096322414,0.19320737602119345,-0.4749960436079001,-0.12047956424641632,-0.3843582088215085
676,AT2,VUILD59,IPF,59,AT2,0.031221354677193364,-0.05777872836462968,-0.4876885857716926,0.8916314548425411,0.39679358386295643,-0.0040859692782511435,0.07493303986888208,-0.02582846504618458,0.36437667063959717,0.0020006624571496925,0.7656229041782041,0.3416687282146798,-0.18737962024513194,-0.5904452612603596,-0.7541750670850831,-0.8160799319730124,-0.5941771304472987,-0.38908128656719393,-0.9189203949975233,-0.12929272421805715,-0.8388314826397214,-0.240675100424447,-0.2659339318986349
677,AT2,VUILD59,IPF,59,AT2,-0.001954765781529765,0.3959677055744217,-0.38589587379591317,1.1426425795131678,-0.07044417786741031,-0.031934503762150505,0.35846306904993475,-0.15079957662169796,0.6286241698973073,-0.3082388913967784,0.6264496142403081,-0.043084150964063664,-0.2208505658874231,-0.6159758662486461,-0.42219721060700216,-0.715450223396933,-0.3648136110703496,-0.5421353866190589,-3.482557200966022,0.1575197324755164,-0.42054988485167316,-0.25064488398466434,-0.025440438892191934
678,AT2,VUILD59,IPF,59,AT2,-0.051598660197409385,0.3206405038637599,-0.54270215235597,1.0514360358066062,0.06554917491706397,-0.025217526978641214,0.23949339120763,-0.09822382043676772,0.503545389465959,0.10840160268612144,1.0044681756895788,0.5498967930955234,-0.27982026195170834,-0.5746050321952972,-0.6383079874055148,-0.42276459633200353,0.1578024985729575,-0.7776987441491953,-0.6575800767513629,0.18008126641140293,-2.94024436223065,-0.10454188261539628,-0.22787018841199413
679,AT2,VUILD59,IPF,59,AT2,0.0054295526900312524,0.3448900243037933,-0.07420653509290172,1.029733241504662,-0.23366557160994253,-0.06004644244884791,0.2759574253242632,-0.06873183116578829,0.7233465427922441,0.27396370372380646,0.6850463631738949,0.03962129066654664,-0.448599017089009,-0.10884991058181007,-0.5079274029852132,-0.4006606950357543,-0.4848961648745325,-0.05122033668232259,-0.7703106580209889,0.20115414718772837,-2.5445555571595744,-0.4354949537868981,-0.08995929603998996
680,AT2,VUILD59,IPF,59,AT2,-0.09811692018540226,0.31680908635065713,-0.522021886319798,0.9332249202387441,-0.1632384953722214,-0.025827927421149408,-0.1526064529936302,-0.11502031088896761,0.7353668701946885,0.5419775993804423,0.9367943180018086,0.40830987750618064,-0.3133011128498626,-0.42854705049743985,-0.46818225101523114,-0.41521301650573494,0.12693714012458715,-0.41432403701754145,-1.0944739524372056,-0.19378732373154367,-0.7273624934407308,-0.16790817460876117,-0.33292439935232104
681,AT2,VUILD59,IPF,59,AT2,-0.09570668634863194,0.5142592785527674,-0.26939238907809915,1.4941626477488634,0.20588627392038178,-0.009700018681693455,0.055063235487520824,-0.06631675309195688,0.915517055140429,-0.4206557559025685,0.7275027277976276,0.2618165475395278,-0.3284290539638142,0.1323999981427148,-0.8598818888440145,-0.590513633641648,0.6098547947904255,-0.1053947330768485,-1.0277240439271667,0.11146093317333602,-0.7778382819616477,-0.08180921246074727,-0.207417696300367
682,AT2,VUILD59,IPF,59,AT2,-0.0698665574794871,-0.04421741050281012,-0.8004865784312535,1.079577271935823,0.1510595394893811,-0.038727546727798316,0.2715821707310845,-0.06425954942673512,0.22337292833425051,0.061859293149959166,0.6864447180581025,1.9698365085146647,-0.31981714277185025,-0.4957318319223978,-0.6761282451717398,-0.8519223239669909,-0.38774148007813075,-0.36278019562497854,-0.9710826958447909,0.2277164909744103,-2.640636964571533,-0.630037555623873,-0.2046583284095288
683,AT2,VUILD59,IPF,59,AT2,-0.05037159192696492,0.47863511075735443,-0.4902022255801011,0.8610317605747518,4.238425968998254e-05,-0.024274131004841777,-0.6985007226315296,-0.026299076686933015,1.1567968658347072,-0.42678438829907833,0.8854797044692806,0.6997082319910289,-0.2633894877847839,0.013014953508644213,-0.1821528471680683,-0.13720430017351343,-0.32286810803113314,-0.5514917735731647,-0.8115152250785791,0.12650640810357966,-2.426256859028167,-0.31741744390178117,-0.08481766515849219
915,AT2,VUILD60,IPF,69,AT2,-0.19939158908803947,0.1790750769927121,0.07829855386868903,0.7354497948266401,-0.18811627621588284,-0.020038256814144922,-0.2620137516571394,-0.12980428729563637,0.20372466055714777,0.2868854026352232,0.28509317203058887,0.13047858518046732,0.07428320103524472,0.26730685191419806,0.05204558096151457,-0.4455643618044749,-0.19737342288519827,-0.16099856888941627,-0.06939273056037548,0.2704967528211176,-1.1381767063545438,-0.6119037307704672,0.17207092548382097
916,AT2,VUILD60,IPF,68,AT2,-0.29332030110361207,0.0887604786302547,-0.04679239041243011,1.0054720885804918,-0.06368813102957463,-0.03988425093011576,-0.21875785886497212,-0.11681069255354892,0.3366919696135447,-0.23326009702662368,0.5772327983245074,0.5526506484353316,0.03029970149760114,-0.25239901591467656,0.18222155532561074,-0.5293185686024254,-0.09802683558439615,-0.2763802926330235,-0.5838826145782392,0.4685973580575636,-2.63400511141339,0.09241876171691374,0.021639978291101272
960,AT2,VUILD61,IPF,57,AT2,0.07152621084411093,-0.1931717675144812,-0.5152648787580949,0.7526451343456303,0.021444552500984496,-0.016306431434326415,-0.583014717798421,-0.04629795890405191,-0.34567115702417395,-0.5155209392646328,0.25363480381153036,0.3525667423751137,-0.041304316990645025,0.9730391884166083,0.06488753978385663,-0.5865889160551789,0.04818483703636545,-0.05150347510840943,-0.2306292425370034,-0.1142298982349799,-2.7657120961881483,-0.1867078127826402,-0.045498679558805266
961,AT2,VUILD61,IPF,57,AT2,0.0890989020109211,-0.24276206353690472,-0.27748423837808844,0.6226515091392788,0.17182597376338657,-0.0179239873016437,-0.2245756788592985,-0.04535511017355953,-0.01671949822614384,-0.27128611145221515,-0.020832899358342784,0.23969334935407752,0.01844368285895941,0.5597650575773631,0.02832878125716883,-0.29419562976522745,0.6487692736012665,-0.0162557692697117,0.010450591267152688,-0.05282173073068166,-1.740811173472141,-0.3653651715306911,-0.01637703069232692
962,AT2,VUILD61,IPF,57,AT2,0.09252123786533208,-0.48353040994736673,-0.701516801296416,0.24537361226196971,0.024875010271872035,-0.0006323977907612983,-0.10050398977192516,0.0006223524470818226,-0.04671839952948795,-0.10243958730252113,0.2268800835348219,0.8055193458155288,-0.21040244446795836,0.35765984827579783,0.10333755949150435,-0.6653020282805829,0.6200816067643699,0.04917278700084593,0.144902823773387,0.1566836728295572,-1.3605873317381536,-0.47950397553501617,-0.18265809864729238
963,AT2,VUILD61,IPF,56,AT2,0.05771772726995241,-0.16120905430734672,-0.8700662364907471,0.6090522267658016,0.12865882342386742,-0.020505817374001666,0.2714664495180549,-0.05206169613112821,0.26826223225915635,0.23560747369528046,0.10863199383600668,-0.009873129957963037,0.16275462025226525,0.6534664775524508,-0.10691605350007904,-0.09079567818165679,-0.3753930518187534,-0.023903370099209773,-0.18292553147651872,-0.020260666419089107,-1.35222501866647,-0.248436746682596,-0.040949859809503074
964,AT2,VUILD61,IPF,56,AT2,0.10238668863021402,-0.1255114554128847,-0.9856475742328431,0.8073699679683475,-0.06668391193818068,-0.013523499073543811,-0.2819533972354603,-0.0911151907816018,-0.5808252484897459,0.07625118853715981,0.32956813738104357,0.6016632536400173,-0.16354055260813977,0.2771699203473072,-0.059013768123491184,-0.3446324699538311,0.01748442267966671,-0.22064921925350836,0.18229070771209774,-0.021886697095968462,-0.9230107064654354,-0.3640893315283249,-0.026441660065446588
965,AT2,VUILD61,IPF,56,AT2,0.07357609408068691,-0.1195887404214905,-0.26918003042428085,0.5469151380760047,0.11639021937822466,0.0033739854432421326,0.01568784941910776,-0.12496658025454863,-0.18110434068870504,0.04850634663072773,-0.5962102168351874,0.8462992888904614,0.2663272724078767,0.42953621347879667,0.1965668059108313,-0.26728446976499665,-0.25265222267069926,0.02317656100704459,-1.8429818495753607,0.23887615626161818,-1.6023794052361144,-0.5817463725734899,-0.07898874130327344
966,AT2,VUILD61,IPF,56,AT2,0.09181275427394744,-0.12906946644701275,-0.17520790723528953,0.7690682572931625,0.22964012003516932,-0.0201302113126281,-0.22419445897008367,0.009258245175324711,-0.22022605857368233,-0.14853545110884758,0.30154715100550344,0.616964710068485,0.32982141951877675,0.5982158430000306,0.10625386444855084,-0.08036805017472823,0.08339668635358292,-0.1371619587785869,-0.10300854446539592,-0.3102226319058382,-1.6276579356079757,-0.20536220156737156,-0.03682489892629862
1075,AT2,VUILD63,IPF,50,AT2,-0.2171239897576409,-1.6342830688590906,-0.5949301679308502,0.43743221619341854,-0.12870601004963445,-0.020990498561018252,-2.139211674611388,-0.23886022668509016,-1.3572784430132858,-1.0560457909527092,-0.07399625678162487,0.3527986961905976,-0.4834881938150182,-0.7108701004667647,-0.6348510683467145,-2.310177876061951,-1.3547975073042968,0.08315550555484356,-0.6285692954775715,0.05093269025111639,-2.742908647495023,-1.2353489696659443,-0.49957421820270037
1076,AT2,VUILD63,IPF,49,AT2,-0.31880659922062915,-1.6047024599877948,-1.5529838269525447,0.22782481788414005,-0.16207302963273285,0.004558282911250991,1.8123683886640924,-0.22004198540866599,-1.7824046526181963,0.11869036673372785,-0.07352017196609624,1.390342517208663,-0.7122012709526732,-1.101641518479921,-0.7064925167001203,-2.349661491838217,-0.19195109612056177,-0.3986857950348477,-0.63379846695011,0.036676576651142406,-0.6257771475657506,-0.8218937126522913,-0.8622996028656142
1079,AT2,VUILD64,IPF,62,AT2,-0.21053591511148506,-0.5464828698282701,-0.21300390479519035,0.5622544528698532,-0.032076900302313256,-0.00845522011651553,-0.1802383090308293,-0.09450489495491354,-0.5971680168391081,-0.1792388225884648,0.44426470908913707,0.2014887758320671,-0.7420853701498751,-0.5416514799827888,-0.23639335457421598,-1.1358432276008468,-0.24215024985336595,-0.195524086800467,-1.0098965939101818,-0.0433872611351527,-0.11676858443067507,-0.9898993872701285,-0.4120326954153544
1080,AT2,VUILD64,IPF,61,AT2,-0.12897343629951893,-0.5257139586076132,-0.6050318869724893,0.6790176169884362,0.3639287850088507,-0.02435915898351171,-0.4576971714863349,-0.16467363728529893,-1.1047678133760872,-0.11102420649436716,0.5396613031550973,0.6437260793119155,-0.4382617531712989,-0.49192878157210296,-0.6508370687454474,-1.0372879684724032,-1.128573235857842,-0.0006270865087003065,-0.9588171590038885,0.04146380065841225,0.0876806346207253,-0.8151371047481842,-1.079066086647461
1081,AT2,VUILD64,IPF,61,AT2,-0.22964987486275376,-0.5389292162037667,-0.34262623778472345,0.8551587752300903,0.37855155400531726,-0.02672935429032767,-0.6050339925201472,-0.12146621811617989,-0.5759008359853305,-0.197497789805836,0.4251903178232644,0.4118210247969961,-0.5451261781002579,-0.20965038365378108,-0.7866219988018207,-1.2183244766279913,-0.479676100338524,-0.15646679372517844,-3.4618627773731276,0.48352340919813874,-0.4755817655991208,-0.6205211951623,-0.5548964427103946
1082,AT2,VUILD64,IPF,61,AT2,-0.13538107084903053,-0.5134695588939815,-0.1083272554662154,0.7110208252462769,-0.05683041056903857,-0.018635470693514147,-1.019011105946892,-0.1777989550481447,-0.5101619807564083,2.731565599754874,0.19342012340742873,-0.10400019305063889,-0.7177894637632325,-0.5600830665541945,-0.6678131846564018,-1.0406955366437747,-0.43848073548775707,0.12738351351836003,-1.2484398017850649,0.45085559290334565,-0.013187326658631666,-0.8876203252936203,-0.3763624530079059
1083,AT2,VUILD64,IPF,61,AT2,-0.28828824785225704,-0.5870424732050851,-0.3400500801285333,0.5115526366254334,0.47832687158300397,-0.03628617699765391,-0.5712282752723877,-0.129480356771217,-0.7189868781942933,-0.16635637645630616,0.5694403295672237,0.12560056774415088,-0.43596496978373694,-0.716848932814898,-0.637869694529384,-1.185643130406065,-0.9465021502047648,-0.11866442078965837,-1.0814233656181542,0.18071900401453542,0.016537190474376,-0.9184062636241843,-0.39695976651049947
1084,AT2,VUILD64,IPF,61,AT2,-0.1797233137109865,-0.7266367915669225,-0.25982051427199426,0.6630196400427596,0.0025641169186322744,-0.023118939358229597,-0.8288370245335661,-0.048593066942742465,-0.4634881029389311,0.020921221550080353,0.16623772122459043,0.49870905325563264,-0.4278562995716729,-0.8639596353573734,-0.46941080342835234,-1.4254999913249224,-0.3331388789006203,-0.06901949712933705,-1.1253171651291485,0.0350866393076215,-0.09101197449785893,-0.6411154261803333,-0.7346293733765915
1085,AT2,VUILD64,IPF,61,AT2,-0.1799171263910274,-0.496203652358937,-0.7958925261323941,0.8031777284159334,0.15721045787908347,-0.03650548033300955,-0.5706225622430123,-0.14799112726242464,-0.6503573046983953,0.4320853978075518,0.24560670466063347,0.19940385763898139,-0.4501679367458652,-0.45274627396086536,-0.5049818389197779,-1.0745283093740263,-0.3056280253753229,0.1109932721688363,-1.1169836615622453,0.18294895523296942,0.016236334393800494,-0.46311554170556396,-0.5783084782915652
1114,AT2,VUILD65,IPF,72,AT2,0.28307034490200095,0.16297140828872023,-0.9124280503893909,0.8781157926189135,0.14881436221338917,-0.019675695510560007,-0.1731696567739433,-0.10351060333878412,0.03458851675494551,-0.1435051762425164,0.5668982714865325,1.5449793990596599,-0.0971739678441417,-0.7565030645364277,-0.40269034488660366,-0.8767453595707065,-0.7888849578607419,-0.0979620004359235,-0.8049941185358489,-0.029941763451209216,-1.2038488928602864,-0.47114965057242036,-0.11942853551532782
83,Ciliated,THD0005,Control,72,Ciliated,-0.14252876739154616,0.02736992406297177,-0.628304730565279,-0.07818860101280554,0.22567809055992233,0.015224816258091536,0.03314115636567542,0.07763919662068935,-0.15527140489034627,0.08965046494963512,-0.5732695778176491,-0.1501813480779488,-0.22006565526333638,0.021403946821741494,0.22578631828768717,-0.45466532754336636,-0.5604979305935036,-0.0655985745100464,-1.2506485030987287,-0.27317585295035973,1.2411978974757063,-0.04068457968159538,-0.2936601010453978
84,Ciliated,THD0005,Control,71,Ciliated,-0.03223586564652102,0.2009742059382157,-0.9642557231051526,0.03975483211357408,0.1338901042784738,-0.007493404271181119,-0.2804850426914915,-0.0524192554931648,-0.03567852962549617,-0.0006621833176847025,-0.5709249521189798,-0.3344072822294654,-0.0073620543200754555,0.28624259504037197,-0.1269383786509395,-0.4548880730555365,-0.6758956465924939,-0.07753345331416095,-0.9824210418344648,-0.31427892651459216,1.1470074059102824,0.09579711294594126,-0.3404649843764607
134,Ciliated,TILD001,IPF,53,Ciliated,-0.022051470049735032,-0.5359681135582547,0.24516476769581233,-0.1092247483407341,0.002126739876014642,-0.012004834825283351,-0.40615237879228083,0.003918850653331165,-0.1401798024817505,-0.059801650979845175,-0.4708531919926141,0.17209345494314618,0.06661317230249222,0.4088411531587394,-0.01982397439248449,-0.1679376868536152,0.7777184379171985,0.19906247979727287,-0.3117234550390195,0.024268315137972375,0.1436374858079512,0.24968069275170093,-0.2321470126172903
135,Ciliated,TILD001,IPF,53,Ciliated,0.03781747716935738,-0.5115681532055214,0.06429414637766877,-0.06368664438591733,0.21275230845181314,0.03768056350184106,-1.0917514454855857,0.03246424148185399,-0.4077270373513851,0.17930855299973417,-0.6373940000931436,-0.38628549554473435,0.1195563090023368,0.6304173265972247,-0.03411981119885667,-0.2732215415156437,0.7336670621059266,0.1624633571021142,-0.333775478997687,-0.23273503996308526,0.7078027614717021,-0.1747294981728622,-0.01776270909445924
179,Ciliated,TILD006,IPF,89,Ciliated,-0.5088140451105531,-0.5565000759426698,0.8322608900580049,0.41466938784255425,-0.2846479600033412,0.047443239639993945,0.16811000413503976,-0.08987423937128164,-1.3518896048160198,-0.4461088244791146,0.1286745731981295,0.2526568396063109,0.15463861634912252,-0.26991080444597265,-0.9998395828545213,-0.620211122248664,-0.9090157902467058,-0.04379348948410812,-1.4358919661040657,0.19907265480633185,0.6870562238638737,-0.34857586677795,-0.08811049301867378
192,Ciliated,TILD010,IPF,61,Ciliated,-0.21484469204086865,-0.5736210212307612,-0.16682999276208085,0.1539325051791564,-0.229942834657748,0.01839908076824679,-0.35143346696910577,-0.130369974694966,-0.7704601973861699,-0.5515607705633103,-0.19758262463347676,0.3671414301765234,-0.33316659454167397,-0.022678673988917757,-0.5529824030072329,-0.3061144805332351,0.2668024164098247,0.14498709082391456,-0.5527048572730164,0.327896074414629,0.04128663138274008,0.22696378484356214,-0.27218874787400915
193,Ciliated,TILD010,IPF,61,Ciliated,-0.3040370707748674,-0.6213556666011185,-0.49194642144591294,0.7587388064923184,-0.2550867800709454,-0.0017480431263723287,-0.37287286310257906,0.00454556909275739,-0.700339020539439,-0.2576786017538858,-0.059442325295377116,0.502373048517669,-0.2625824797632129,-0.2632218366172961,-0.8741277183503501,-0.24781039924682974,-0.23103995256603677,-0.2084219739443096,-0.8738410170840096,-0.05587862043552586,0.5529572764812806,0.13960361338969166,-0.5044476360792777
275,Ciliated,TILD015,IPF,60,Ciliated,-0.021548126512650978,0.25379761335120404,-0.22033021838865222,0.11617913627472622,0.012012253944323854,0.00935989767123227,0.5405074312174825,-0.06319863804047052,-0.5761530849064019,0.2070004887496902,-0.37822424902564306,-0.23035202103649563,-0.037400210542652024,0.3573895112189689,-0.3845200757921331,-0.22709252931518062,0.8023062445058445,-0.0750421456480677,-0.5728490717526826,0.09394371992262232,0.4089627425285837,0.35636033629810193,-0.3293965529783306
276,Ciliated,TILD015,IPF,60,Ciliated,-0.21242636806666798,0.31300511432599104,0.06957356204065905,0.7994263034736077,-0.0019539833110495683,0.07300173506602292,-0.003935859784750855,-0.06174923573950417,-0.12778407540423933,-0.29006946013699075,-0.1415685808317471,-0.09668462267697829,-0.05350509968270332,0.43090326123053696,-0.3447567323095532,-0.3502572002597208,1.4911241046104975,-0.08074725446896887,-0.9753932073169047,-0.1644110961040257,0.577774850706552,0.01963833044610474,-0.394233753865604
325,Ciliated,TILD028,IPF,63,Ciliated,0.08600514188965643,-0.06327433828744945,0.5947013334668184,0.07415916105153293,0.08998104636836585,-0.00820680251936733,-0.15567523656139687,-0.0654761443100394,-0.03642908145869886,0.38560361994038433,-0.21094417966358778,0.24045687617020411,0.03596675902929946,0.22562262585334794,0.10994803108147419,-0.29760563267396,0.11461991072872531,0.25247602143803377,-0.26079359878366554,0.014593443219167834,1.1969881137508849,0.06776918262042167,-0.18658732224931168
326,Ciliated,TILD028,IPF,63,Ciliated,0.012137012582131353,0.13508267277142125,0.7611028745212596,0.12291425670344455,-0.2673038729922115,-0.01970501975687177,-0.2630617878339981,0.03612050870470107,0.05898469486125229,0.2762530497729486,-0.2380261400890648,-0.03094138773491427,0.29573424717576585,0.08510597803321002,-0.11988852183130166,-0.22974483327554787,0.4534828980408974,0.06948920152038726,-0.23713712565989425,-0.17485722227662123,0.942688971739089,-0.010578390761231753,-0.28264136359003794
327,Ciliated,TILD028,IPF,63,Ciliated,-0.004760133948130921,0.10759772950053209,-0.43027973336762626,0.5724797823114399,0.36684794782868063,-0.01401075808412272,-0.5205700866977347,-0.14383265475164622,-0.4809136886668215,0.20617136655288085,-0.14432284615303098,0.23017507256875652,0.2734110453084986,0.2074450934904899,-0.1275803832359384,-0.1858819043937151,0.4315105643208147,0.07720140232606301,-0.34319539168633356,0.20589796508999428,1.028119094269554,-0.08162301113686375,-0.29150995425756965
328,Ciliated,TILD028,IPF,62,Ciliated,0.10345073930599952,-0.12959257395761414,-0.5503441779005367,0.5282830939072887,0.08953345250518768,-0.006820387621536051,-0.5120093478412007,-0.03942825675830493,-0.6716220484009583,0.7705784333942219,-0.3606684100898842,0.3528320757648918,0.4255995546621628,0.7045232950457971,0.0635399313232101,-0.25314487512232003,0.27879404478674424,0.2402470416337673,-0.1816364844117161,-0.14775856594883033,1.4152774319992811,-0.007597010894515171,-0.08363963123201452
329,Ciliated,TILD028,IPF,62,Ciliated,0.1101929078488569,-0.22943986138878816,0.8045363340554688,0.9311767433286344,0.3423264462298818,0.022791269974405753,-0.701513775094455,0.0652286899256303,-0.525180659618533,0.2897947313880858,-0.2177442291598277,0.3329568130368271,0.14961721422920815,0.553384116858138,-0.29127360277557157,-0.23323372368036513,0.46570148476552076,0.15027662997903926,-0.32405220413729124,-0.13005016874193479,1.2451412047465733,0.32465654785951775,-0.1885088793356064
332,Ciliated,VUHD65,Control,65,Ciliated,0.21484114903847684,0.13660983383182299,0.036825305806901604,-0.5526720696983928,0.07915172511438727,0.020227828060250613,-0.44835062967910144,-0.0075112905729837545,0.4633717108623178,-0.19333536767190665,-0.16960600437899823,-0.19605571652697515,0.08498866429871635,-0.35593762339343066,-0.07894442490420693,0.1488137776810845,-0.22415054535674586,0.22483529402097294,0.4373277839319846,0.01927165060582718,-0.6720575776690599,-0.15465200410203253,0.06568851531549125
333,Ciliated,VUHD65,Control,64,Ciliated,0.09467599734871675,0.07811054851750598,-0.34614507075848494,-0.481049381365911,0.44060134329940087,-0.020748459003547864,-0.417071815909731,-0.04464883313181803,0.009492214561348135,0.2811987634399665,-0.06725812656635445,0.027784299806175777,-0.4621747974138667,-0.38993318769250446,0.08899130692556584,-0.11947248931927004,-0.021528191329372462,0.34712557369288755,0.3801652405051614,0.27678678937236934,-0.35206750458607805,0.013881397221351514,0.10731444969896037
334,Ciliated,VUHD65,Control,64,Ciliated,0.15540055957939855,0.07241754210518334,-0.7717143256305852,-0.10039002406002712,0.21003576380145444,-0.00926101664710468,-0.9670839924837377,0.04900945997197136,0.22407037817700326,-0.09990289000448505,-0.4202300555055715,0.09432158789855738,-0.20991951491397107,-0.6893989462621387,0.03710120361547767,0.008684442463205422,0.11842910403905244,0.24086718991957493,0.26747816574878375,0.15124513591051947,-1.149455786066238,-0.4363317377548563,-0.030767253768107426
335,Ciliated,VUHD65,Control,64,Ciliated,0.015274913473944107,0.12506331905334106,0.1153150559712578,-0.20252728112568566,0.24709386136323047,-0.012658866313348852,-0.16551116829583978,-0.02447315828270496,0.24462495724337502,0.22685555509477615,-0.40238396380994357,0.4483322135004081,-0.24070743422852725,-0.576435584523426,0.2078208133114499,0.11724041937638305,0.2938912648543112,0.32454009943777706,0.43079367784680445,0.10434458492433314,-0.3120973842758556,0.028580325763192176,0.03920323109652084
336,Ciliated,VUHD65,Control,64,Ciliated,0.09657783757713205,-0.014822185828250898,-0.38497370977242534,-0.6770572737583346,0.24496948738852398,-0.01133774778243251,0.12441358260812638,0.017410048122474743,0.05522748704417894,-0.2587740069532611,0.013933410104452485,-0.008442167944507098,0.05639269821497777,-0.2656892512753395,-0.05883888941843231,0.04141497270340187,-0.30685595348497063,-0.01884283909346351,0.2117033540894228,0.1477437479376507,-0.3403006940303031,-0.11112540549403194,0.0030804633963601403
337,Ciliated,VUHD65,Control,64,Ciliated,0.03541410487971474,-0.013484342368125382,-0.13437479467831118,-0.17250795343265898,-0.1582407905695401,0.005142805588890502,0.030805622016779634,0.07162073044802311,0.18762478534958776,0.0855251676204058,-0.08930123820471117,0.1937807490287457,-0.23386969299770977,-0.45800326227396865,0.031094475051311864,0.022340667542403627,-0.19914334307571216,0.20385771633998603,0.5060307520300154,0.030726342269162397,-0.44332350512196245,-0.25310061738763767,0.07171780181697077
338,Ciliated,VUHD65,Control,64,Ciliated,0.13232295323072554,-0.09715257443622204,-0.2717187449375074,-0.3410902992370597,-0.06618111469729557,-0.024523218076742143,0.04174228050019422,0.00889023909714438,0.2076250720635297,0.1705836844996752,-0.06153085418825867,-0.5724492319489831,-0.1927877423455579,0.15735786527427434,0.14656387133036622,-0.22653087417543047,-0.1527106042950817,0.27990386085807584,0.3567934125710345,0.09459530897656121,-0.6411115315239786,-0.0891494784236957,0.08364686390746648
368,Ciliated,VUHD66,Control,60,Ciliated,-0.04221030060548904,0.0478645429060552,-0.12030670334919104,-0.23755151529708998,-0.127059216810064,-0.0017164841049474786,-0.08366650385381451,-0.004201202942579426,-0.48179990138638945,-0.17697643112271802,0.2777579271013111,0.27969899543515064,0.02716866494957957,0.1856730031106276,-0.010239105465854437,0.02772924581925244,0.19678619688527463,-0.21220490849981677,-0.15535418616833677,-0.037259408305983614,0.43548470081121216,-0.03491157571858973,0.09003560403006458
369,Ciliated,VUHD66,Control,60,Ciliated,-0.12048803525328877,-0.01339264815742922,-0.11266870760312005,0.007025145273152977,-0.22480947820495215,-0.006965494081368629,0.6047166639597794,0.0008702268639062139,-0.1786458834231021,0.012689313412763005,-0.1796878690054825,0.04916163149852361,0.04022773026543954,0.01980033180270531,0.052641727115869716,-0.032414950594315886,0.5405595359705558,-0.07234884498372296,-0.3455372660043035,-0.006256609833374533,-0.09374252399912501,0.10478951043841789,-0.0008343527955457369
370,Ciliated,VUHD66,Control,60,Ciliated,-0.08256814852798977,-0.04971509428292972,0.266054259845799,0.5996571278474828,-0.11234032353283982,-0.02082132151490637,0.27616741786737,-0.013400172605035903,-0.0680864214129154,0.5661525419837282,-0.03290123083641246,-0.04718194614225837,-0.21841444392336193,0.12240903540590692,0.1256910446071273,0.1426584754233902,0.45465126406051753,0.07991369314045461,-0.3420129030120785,0.02218777307183222,0.24949262183148843,0.08490350732120441,-0.021453597639405124
371,Ciliated,VUHD66,Control,60,Ciliated,0.045419100892168926,0.11972365327159885,0.09469878005445435,0.3310280754593909,-0.07823628737698564,0.006994978995038595,0.07091829410653584,-0.036608397922648216,-0.1725299667627364,-0.14076439291679804,-0.39449198215146647,-0.19428264554552635,0.19771054500563873,0.07862600246628934,-0.2466959889037565,-0.032127483112177335,-0.42987435613691594,-0.022778446846744124,-0.37153412099999633,-0.01879705118614072,0.8877865608864428,0.17203419996795014,-0.11680190312044114
372,Ciliated,VUHD66,Control,60,Ciliated,-0.08207896542494306,-0.3952487870373468,-0.28803059107878753,0.10584080205905476,-0.01762801256803779,-0.0009704030950341107,-0.10631198840574597,0.03977027100155256,-0.19621416975500705,-0.20409329181340588,-0.05128265624010429,0.2732516192857386,-0.03618997106195711,0.22010739863094067,-0.14740052069458362,0.040270602202053904,0.3187486747469813,-0.10037709526297713,-0.1870575964957685,-0.14667413237273666,0.08811783279699666,0.49486948908979267,-0.046015031551625354
373,Ciliated,VUHD66,Control,60,Ciliated,-0.02978924914722709,-0.049865146835904574,0.05723302566346655,0.10696356024181417,0.053912264060638135,0.02703235842225523,0.42853677793109307,0.029243894381789967,-0.07680191102366872,-0.1807282924175452,0.13595176397021247,-0.03514154636927045,0.04921404932368712,-0.18735180704681037,-0.22891477632961618,-0.07503843667101809,0.33753146253788113,-0.1602769487813654,-0.43483484144631973,0.2919997429312863,0.47471161050736616,0.04069012412822473,-0.06815070010993594
374,Ciliated,VUHD66,Control,60,Ciliated,-0.028481808329475264,-0.10016158825536604,-0.09267339119049231,0.11701775588729403,0.2774108068201593,0.006953455361767574,0.6547000471838579,-0.003942143243381335,0.06192081714083216,-0.1970931014944953,-0.18529000542803342,0.380125620978118,-0.16696523190182536,0.20161240030078417,0.09125999296511994,0.14190547617957766,0.16821240885754243,-0.22019581780298753,-0.2578483409814814,-0.10898116377440581,0.614236661312474,0.2506246141374592,0.10386254484238858
375,Ciliated,VUHD66,Control,59,Ciliated,-0.004963275712774464,-0.10374300224526094,-0.379491514848333,-0.015204264981068059,-0.06225293898141448,0.04347589545603115,0.6379461024167007,-0.049421822062617866,0.09789799961943356,-0.3415048739619746,-0.25942056384252066,0.40352895333519667,0.10812147122383503,-0.11618042075878146,-0.3356743447314012,0.11319591029566595,0.3183546038518931,-0.28297574560943306,-0.44282749442446506,-0.1308646949306106,0.2947943096194964,-0.0041398449254469,-0.2507768350033163
376,Ciliated,VUHD66,Control,59,Ciliated,0.010527050617777648,0.14388225863674697,-0.4470332926612798,0.4408159317194049,0.05164821941163432,-0.022147411785131365,-0.05509775474669209,0.11117744861924095,-0.00715858485220275,-0.08336780240202572,0.005364458971337997,-0.07086722654351783,0.3980215013073113,0.7609284434357213,0.07004701787036664,-0.18200881852724587,0.3759366940688594,-0.14450238660829942,-0.42532602558394816,-0.023819820958153482,0.575821446305738,-0.1962972677907753,0.004659450792555622
377,Ciliated,VUHD66,Control,59,Ciliated,-0.10461728262138065,-0.2450723132212591,0.04620138575394793,0.49368439876782627,-0.5109647934229811,-0.00027528220110825674,0.4072085222277677,0.0762205621613608,0.004087881870668593,0.13913951548288062,0.1877969503622115,-0.42094275956980653,0.18096532859107145,-0.08877855521160549,0.07748105913741356,0.10440581037816307,0.2989673688630657,-0.2094067096988663,-0.29042085709574006,-0.18760800306566952,0.4207359087571488,0.33526213407656646,-0.037349403334632054
378,Ciliated,VUHD66,Control,59,Ciliated,-0.06684257390288774,-0.23774440610842282,0.051977829228993716,0.3652825869489251,0.2729559403446851,0.01484730425389702,0.1955749787293078,-0.0424127256777474,-0.25234036070605464,0.09006299570112797,0.0351898484748466,0.22739052098753357,0.21666409970004902,-0.19834653787550474,-0.19047203785499506,-0.00936066389671699,-0.18752063551666132,-0.3816289741692233,-0.2406465466358072,0.04796907229412757,-0.12429593164061455,0.20466190966369965,-0.033427734763021376
379,Ciliated,VUHD66,Control,59,Ciliated,-0.10660191491903709,0.08079874538242234,-0.07134897947937438,0.391135616826011,-0.03258119288848288,0.003090530194169764,0.10776601274228702,0.05585202347799633,0.1809642035277551,-0.23552555539406705,0.15999587195352707,0.42878048004654745,-0.20180740736000768,0.3885702799795004,-0.04836336635954848,0.08859871854798904,0.6637885819409428,-0.34498323968472155,-0.06934165294957376,-0.21818478494260474,0.5178507402248045,-0.026748932876733564,-0.17868670294737501
380,Ciliated,VUHD66,Control,59,Ciliated,-0.023564568899388058,0.06951243416714929,0.1423861347706062,0.09725619647809208,0.09960532758302067,0.007341739658419766,0.02899951060452306,-0.027939467410927756,0.19023500864756737,0.1958685558614749,-0.033311023286649935,0.26848565785361916,0.12643271100429623,0.17788683641422678,0.1188190849760717,0.10925575866249493,0.28646480171378347,-0.27157681959969815,-0.017863959767562533,-0.06430557642059258,-0.1581230964156638,-0.07425072958017208,-0.078952645702972
381,Ciliated,VUHD66,Control,59,Ciliated,-0.05723764858522282,-0.09139496736612458,-0.9896312328659967,-0.07344318125162631,0.0027896158654899684,0.00729636170342026,0.10732597876511586,0.0780448238510992,-0.38193346884750085,0.1337065338181067,0.16248914394441852,0.0020123206313949057,-0.05065060143964282,0.18009195591941565,-0.016446903698790802,0.26180474354856853,-0.37395162096381906,-0.12117819934692901,-0.20379971364657024,0.05459745940987936,-0.06844953411206935,0.037269437670375716,0.07218635786264631
382,Ciliated,VUHD66,Control,59,Ciliated,-0.023300283627253893,-0.26393782126206605,-0.3591734357374379,0.3380394816588328,-0.05044873021766766,-0.008241512047065466,0.006979630205386725,-0.09386598782377062,-0.04566662156396739,-0.30627186907171927,-0.035089843071972285,-0.063136533417664,0.02898404659350145,0.25709398340185874,-0.01737014943035018,0.08216922444572328,0.22021080275374372,-0.49029202574230185,0.014332190648548595,0.038122980490533316,-0.7126644374351431,0.2744469742597581,-0.12377309318070169
479,Ciliated,VUHD67,Control,69,Ciliated,-0.016324197696057065,0.0370138685750572,0.18126957169956853,-0.32561157111637856,-0.005161930897232076,-0.014194952182786262,0.17681247596733143,0.08226549689503654,-0.03275159789375567,-0.5771993265248858,0.24126798746894962,-0.06142221407430074,0.3508411932403862,-0.09614076794526644,0.22995312060061224,0.2663385414902948,0.1155439191264107,0.17165939538519023,0.4828079517234898,0.14382394571619214,0.08622770850739825,0.09201047424515672,0.22673790592871654
480,Ciliated,VUHD67,Control,69,Ciliated,0.057131120192863795,0.13881460490119552,0.14716209145118325,0.043066960236976565,0.05308123117166548,-0.014420129334244875,-0.12403193387771656,0.013071838904595321,0.1549254176642228,0.49592245095521237,-0.21966661956101002,-0.36446980715689187,0.36181686328457385,-0.10962218296833934,-0.034307528888665124,0.09186753412437526,-0.12833083984075236,0.1026412693365122,0.44991989113669867,-0.18742255245306574,-0.2884620053163748,0.03552215442479852,0.06778090869318387
481,Ciliated,VUHD67,Control,68,Ciliated,0.02637842303967692,0.25563163067905664,-0.09494937267550788,0.05723277736841318,-0.14708270647328317,-0.004609905847546593,-0.055074300601300884,0.012446767835046252,0.45797292469759465,0.1481693158870609,-0.14950969224091262,-0.1308984527109714,0.36372817768735843,0.11788410011229347,0.1143938487904292,0.2467790666852054,-0.45519104111165126,0.0722021319421604,0.49850298298182444,0.11861483679838722,0.024900710581010583,0.35205235082881053,0.1049849401076143
592,Ciliated,VUHD70,Control,59,Ciliated,0.05433663371333987,0.06656080215527356,-0.2162039947087789,0.17235329199605154,0.04340283162043075,-0.006462855888750804,-0.345177217675511,-0.010872857403435618,-0.05566602486417416,0.537916000187089,-0.13821093586488717,-0.35796220412099267,-0.21206321794689778,-0.05553088760285354,0.46878753014383717,-0.15461568686078045,-0.26485852358962125,0.3940395787625909,0.4310149059129787,-0.028223307865610104,0.05522094256073741,0.14345219384840474,-0.08954786634568856
593,Ciliated,VUHD70,Control,59,Ciliated,0.052459397622470726,-0.058206283878776216,-0.11054983873164347,-0.16457988408670288,-0.1778661312151526,-0.03600887396459157,-0.5544758037408289,0.01588644373617657,-0.545045981503364,-0.09888285990220086,0.006436376344893961,-0.5666332716225181,-0.3787083527426814,-0.13943599482177899,0.25914345244232045,-0.253751917168339,-0.39606262474988074,0.10559599768368247,0.41641905764754705,0.01794387241171453,-1.5908388565181242,0.03215168138387649,-0.024562723396826643
594,Ciliated,VUHD70,Control,59,Ciliated,0.07718609647451663,0.023240627198964622,-0.28308511652322,-0.5961332217012466,-0.0560576316946581,-0.0327606714832037,-0.5815967757740119,-0.0017996385662959608,0.2556986504777009,0.03568826039621046,-0.13249426225411667,-0.15814802279291187,-0.24178006483487496,-0.12532883353421254,0.257989545153714,-0.3922794786663642,-0.1274990094688318,0.22894958538806762,0.517139895450857,0.07208597705611865,-0.6252022543658761,0.003575193300450784,-0.18188401215540975
595,Ciliated,VUHD70,Control,59,Ciliated,0.09724813642177191,0.013832046239360329,-0.4886094596549027,0.17567760167835292,0.11674743571895263,-0.03836910226672054,-0.48805157612303085,0.0020868649911812073,-0.021365997729635267,-0.09548389296024112,0.0812790354848368,0.07657801411537515,-0.17991532836404317,0.1251974076507835,0.2586517149959607,-0.1548317439908475,0.21955857921337996,0.39796486821249544,0.24428331122578156,0.10250279481160456,0.01696258195381346,0.25399474181675424,-0.11355729451898068
596,Ciliated,VUHD70,Control,58,Ciliated,-0.03479245831951496,0.06621581373388351,0.2380576371585728,-0.03903267116079931,-0.05582672757753381,-0.06454587705588843,-0.6302365769687032,-0.012135335501343082,-0.6797775359402932,0.3833356521516062,-0.017864673055162168,0.5941410740202249,-0.19174700429682512,0.05251095721199044,0.17298947874030274,-0.2946976802663897,-0.1216730224852518,0.023491037350470704,0.5222927534065005,-0.1695543815489382,-1.447096205977464,-0.3670977955643408,-0.01803528983063813
647,Ciliated,VUILD53,IPF,63,Ciliated,-0.464835452977984,-0.22193030783929876,-0.08054123726778185,0.2533243371373336,-0.21039028554248285,-0.010566851584445818,-1.2835786688196325,-0.058672011066200576,-0.5367936132162507,-0.04680100427079266,0.170737664321543,0.6397119704393635,-0.29073528036246554,0.3262971678990745,-0.7728470336693708,0.5898780087620987,0.9950074590195542,-0.007544185001357263,-0.3917081823750231,-0.1184223106995272,0.17908524477921456,0.12178293081359776,-0.6087478688358179
648,Ciliated,VUILD53,IPF,63,Ciliated,-0.3880673071126408,-0.5942527921226434,0.7585711833875509,0.5365843402815234,0.006598801582031041,-0.0017225251747191809,-0.8726979783701145,-0.01757158230652214,-0.3228020447934217,-0.030204207699791458,0.5611138314759148,0.8268359184428887,-0.3948859680059963,0.14612321175440235,-0.8879302737396778,0.001964063792585683,0.5548064001252215,-0.2565674384865407,-0.45137522017081744,0.07701354978794199,0.033011236594908726,0.018536178872041877,-0.6256433879210197
649,Ciliated,VUILD53,IPF,63,Ciliated,-0.39311536205441183,-0.29083648458217887,0.47363060821822534,0.3071165892639024,0.07268942818310874,-0.015165002644482155,-0.7350755954953562,0.04991901723266254,0.05573862479808888,-0.42339864588854087,0.38887265572331103,0.29665889500717,-0.1312527945260629,0.49266650104323134,-0.7652204621846912,0.09825562464160817,0.8792518786229641,-0.12024191833864271,-0.3328971026305335,-0.18667004436986412,0.07153129970971091,0.06404514893687865,-0.7792921077865901
650,Ciliated,VUILD53,IPF,63,Ciliated,-0.42150283694896723,-0.5411783630692439,0.550466209967958,0.6824228158467135,-0.21391468932860114,-0.02644899714899506,-0.9884990590944804,0.03837298055049764,-0.524997793075856,-0.5508915381394416,0.028686479779990646,0.7043515429965572,-0.25956085162839004,-0.06919352224050608,-1.3396673817722153,-0.03424275503811633,0.8095184032514986,-0.12731112342444523,-0.5647516424676886,0.018339096975429257,0.5461003218736078,-0.16108598058060003,-0.6214279809339037
790,Ciliated,VUILD59,IPF,61,Ciliated,-0.06991845863027864,-0.04305459527471891,0.46058335418350616,0.4414319509781254,0.250964298807013,-0.0013325502947166088,0.23225242385934838,-0.017463496254580785,0.27333783896095093,0.5324203343477839,0.05987698834552546,0.034642668400037366,-0.18256869842547763,-0.2277193462596581,-0.23915969345631616,-0.031224431671013502,0.06843655420747233,-0.1343581714453566,-0.20238612522036867,0.04621110250480943,0.5464397269451954,0.23407650737266592,-0.19318568169317316
791,Ciliated,VUILD59,IPF,61,Ciliated,-0.1141547473854927,-0.09333854838716518,0.16572123018131613,0.4553000214374909,0.20427173270552215,-0.019103655403417505,0.704994142311211,-0.009967320308830983,0.08926598873055487,0.8767096598751029,0.21151550412794468,0.056033678985173765,-0.15901042403259474,-0.1372883256025804,-0.26586398173278747,0.5133685747994957,-0.3862680807623873,0.04502690036850471,-0.1644758618875768,-0.004135536919051329,0.7071923749038665,-0.010138560974988692,-0.09657429882117222
792,Ciliated,VUILD59,IPF,61,Ciliated,-0.18797834644474742,-0.13264289461680975,-0.23115132801176638,0.8369645561087162,0.4681984177525143,-0.007162485725534652,0.23321140845317476,-0.08181546517387689,0.2586811046338734,0.417156169584783,0.018695368355121863,-0.05120403631141647,0.08467429746159061,-0.2200893699796821,-0.3425528637534313,0.2925883396198586,0.1684178577803096,-0.05195350957575279,-0.4245881888547781,0.20061399760534257,0.4192405571510373,-0.25625091140213446,-0.2617469788166584
793,Ciliated,VUILD59,IPF,61,Ciliated,-0.020719435974874276,0.04084257197435916,0.37465523111534466,0.7708308466655235,0.028655461754006642,0.01934778342332517,-0.2973864454776852,-0.08113541136031896,0.7308920398318751,0.10159675059094561,0.2934955007779842,-0.23065111001233912,0.12499602210045391,0.4896243250531561,-0.19487303223660415,0.2724797484937776,-0.1145329942525701,0.3430786964177556,-0.08849953328143298,-0.054421908610223446,0.714388639550828,0.09857958327520575,-0.009449885474695864
794,Ciliated,VUILD59,IPF,61,Ciliated,-0.1664978167659936,-0.06780534235959684,0.2308638185160301,0.448406755908256,-0.16381773106217026,-0.027849129129827628,-0.32417690267800736,0.03636754936231357,0.3107249765132772,0.14574981799512257,0.38726967977087406,0.16721074838805972,0.24233592634781406,-0.12730943504594294,-0.2543773174703164,0.3350959470804215,-0.5545497244257085,-0.27175033579745794,0.047386041632133016,-0.08705066780214951,0.9237395974780933,0.245625933044223,-0.07911334629453154
795,Ciliated,VUILD59,IPF,61,Ciliated,-0.12126054172142915,-0.24753174469822067,-0.2728257211842251,0.8187970622780065,-0.01657713968771006,0.02694482789656373,0.16698146821007157,-0.00847679282366669,0.1586020734221303,-0.2675799069673199,0.22421629867571552,0.2974811762292476,0.16118074689268858,-0.7852528615616247,-0.777455132674187,0.35085727878897055,0.3391887595209589,-0.012168979114063377,-0.20218311284210894,-0.04429720692557985,0.3561142045866631,-0.2018780291459265,-0.07767087443021706
796,Ciliated,VUILD59,IPF,61,Ciliated,-0.09487435817140306,-0.06318024915589329,0.248070172878138,0.43604665200114,-0.1260540920614775,-0.0007209974190675299,-0.12396909185610187,-0.040577421501708615,0.514759176578157,-0.5557423795298319,0.1220419625187255,0.3798573855856326,0.0795072502900313,-0.5164322699883456,-0.3466748326529905,0.07136876713441048,0.3698263505176354,0.11725391042707684,-0.3986240020556471,0.01345807049677952,0.4709367307244269,0.27955291807200305,-0.056172845863806754
797,Ciliated,VUILD59,IPF,61,Ciliated,-0.036706009336834336,0.004281067760987958,0.40080292257673444,0.6168722676182621,0.08303304790292845,0.0009076247485203413,-0.5108006811700038,-0.046272304905119056,0.5017678518897214,-0.021748980808849218,0.28602565951380204,0.02445452720383147,-0.08460979908409424,0.29215576505267216,0.22020837987990977,0.10653078903779939,0.32382195755819204,0.23786382336545686,-0.282036639316896,0.08317665580608093,0.8026546723954393,-0.46913140473964077,-0.16482606914101522
798,Ciliated,VUILD59,IPF,61,Ciliated,-0.09200778115077611,-0.13430314573202612,0.009456622151095207,0.6051369384361772,-0.1477419469608862,0.0021201370928861643,0.013205884712038131,-0.022993800637959718,0.35861551765246497,-0.22255685001201048,0.3233484180586783,-0.19968263399938033,-0.4289592747399807,-0.38147345724213616,-0.46367731599402573,0.031950976558079255,-2.07913779646348,0.006236255950139331,-0.3534981488581582,-0.11553461277620904,0.5573247220751428,0.06831109794834951,-0.05309255590288478
799,Ciliated,VUILD59,IPF,60,Ciliated,-0.18009433015521314,-0.3594165698744043,0.7289388591193094,0.39966946681314564,0.10995162740295567,0.025200183905556117,-0.5765844872208568,0.015599574457798318,0.4708606640813226,0.6443362008640612,0.07432832369224102,-0.16128782584545492,0.04047906222254663,-0.6348595972821043,-0.4086151378538865,0.27681835454476283,-0.2582058679136847,-0.009893638541802034,-0.2924144399284752,-0.11584628469290253,0.7869380455929379,0.35801901955115134,-0.14299732910753452
800,Ciliated,VUILD59,IPF,60,Ciliated,-0.17149571457673063,-0.22643880155177545,0.5429392861796943,0.31421666426654243,0.536166834123162,-0.029899346366202284,0.4783718005105311,0.09884133457911914,0.19905781888655838,1.6879107013706731,0.25968170329336016,0.4337123087994777,0.32134485336501967,0.2545212251533214,-0.2677395083718283,0.23277903995411506,-0.45652306582051994,0.08006915253881576,-0.1990654264504928,0.018178417046924727,0.8272587549550567,-0.1931741149936267,-0.19996597742400088
801,Ciliated,VUILD59,IPF,60,Ciliated,-0.07848446234598261,-0.20073561452201316,0.21870025455850087,0.6006501928975004,0.011782252110716531,0.004166818576661828,-0.5109323576129808,0.06647463319841501,0.8389776669658463,-0.05335273565897956,0.25213759129269225,-0.012940998459471512,0.019139328402021243,-0.3999445905040549,-0.5428441662070849,0.10483004991497316,0.5424231019074918,-0.2415454519730078,-0.01783759203448622,0.0013973472299361129,0.08939109807221977,0.2580174763374259,-0.16956392977405643
802,Ciliated,VUILD59,IPF,60,Ciliated,-0.05776757384449507,-0.054733751129086634,-0.1101140850439114,0.8545167367035164,0.15092240752766667,0.024292878650651883,-0.013432643270761678,0.06077798376265652,0.3769753819584853,0.09791856078182568,0.3263140279918121,0.21689378854201716,0.2040647517027987,-1.0056417695768605,-0.5886826833471966,0.09095466591509807,0.36644091690017405,0.14717122074574981,-0.16445708022015557,-0.29640801082735585,0.3677741725097915,0.19434141048221396,-0.1080376928136968
803,Ciliated,VUILD59,IPF,60,Ciliated,-0.197888744883481,-0.10985495156905796,0.38443673433087006,0.36433292918834986,0.10931393651642173,-0.010639586059902692,0.38755676986239973,0.13121502996550088,0.36994461796745076,0.2565798171957696,0.396536189875302,0.05204469265618737,0.13266775151802265,-0.3564081836569957,-0.3183319296695794,0.08997688564499379,0.6344343717789542,0.4844200250929342,-0.37798763142107344,-0.32720116049066433,-0.03235989289896084,0.09685171004753076,-0.13979191624384263
804,Ciliated,VUILD59,IPF,60,Ciliated,-0.02468182973753457,-0.09370942413610053,0.5498866290433952,0.5414515775933749,0.08536493466032968,-0.028990050444434957,-0.68256470758869,-0.024388447881773457,0.6277997514902268,0.009251486968943276,0.31090387780752665,0.0318378948475828,0.22652069283203285,0.11623340154116846,-0.14821167161026585,0.3188262317908526,-0.5030159862868322,-0.18526184290871536,0.0018147288941684804,-0.1359497641728789,1.3064524622517402,0.14003817543708288,-0.17873280950296547
805,Ciliated,VUILD59,IPF,60,Ciliated,-0.04621296257286168,-0.35607733058515173,-0.08385460145578152,0.16448225967095895,-0.21247036227004035,-0.013440504588586547,0.1421347940706277,0.08587781127338043,0.3902449148020664,-0.263319279004381,0.46608108423275313,0.08491595709601153,0.13382153531844068,0.012610674552774766,-0.396748494748816,0.13786217883622484,-0.2696248175359006,-0.09175608956638381,-0.238800670589285,-0.0235030129189314,0.6135206492701043,0.11788619119740276,-0.12745034227083488
806,Ciliated,VUILD59,IPF,60,Ciliated,-0.10833868868513667,-0.19752857067674115,0.34587758723942724,0.5681293116645695,-0.13234457916160444,-0.012061791594267138,-0.14416900600884572,0.05866105496759393,0.6989613648973804,0.13081048038840706,0.23152257221165412,0.14235658835164966,-0.04892975447561431,-0.4323069749113109,-0.16822774971994467,0.23918954664480363,0.6973617378254313,-0.034843763680101045,-0.28663888244223545,-0.5906051571358509,0.3679512019463176,0.22847037725471867,0.0561426485848097
807,Ciliated,VUILD59,IPF,60,Ciliated,-0.2048250127175694,-0.21731347958685904,-0.17796216339598672,0.21397688584443045,-0.15454600074287003,-0.01892292429570949,0.07254703144446305,0.01828747435426393,0.8815066966403687,-0.04129691247677486,0.3281009497160611,-0.10251145974971919,0.1559830249174669,0.12048809124866192,-0.46239568884503496,0.29485055563870893,0.2016253641316181,0.14360146362722687,0.047943388501841155,0.00045445030159892586,0.28342965344326804,0.3402518356273691,-0.0831466530333255
808,Ciliated,VUILD59,IPF,60,Ciliated,-0.0546080582130879,-0.07448939972181083,0.5564649952710391,0.21036523938561338,0.060713215957111,-0.006089670616232336,-0.3466822656970324,0.11372467846250828,0.5322303392674527,0.4465176315348978,0.30343445458973456,-0.09863647675991061,-0.11246407969054956,0.4812131586205878,-0.26028582594722655,0.39110153937622094,-0.2561009180733017,0.3797627040096848,-0.18549816711550995,0.08719307390745983,0.39850771375251454,0.08922930148766706,-0.2943468785404164
809,Ciliated,VUILD59,IPF,60,Ciliated,-0.17872423128435735,-0.3275940348701363,-0.10294557703891889,0.2210190869449349,-0.04285095703569904,-0.0065694069027556895,-0.039123487585151516,0.020526319000597808,0.6052021467424518,-0.06346323554073248,0.24383824103069,-0.23801267987999697,-0.05059305629055345,-0.7393042642213556,-0.4444328355293162,0.3183522518870361,0.043200692271044415,-0.0083455667171292,-0.17538104515064273,0.1974962563069934,0.21702002917966043,-0.10307639324764732,0.1195983519939168
810,Ciliated,VUILD59,IPF,60,Ciliated,-0.021253320506336167,-0.13426112232537138,0.5264040091766716,0.32775994156314947,0.2737054561018179,-0.025188325479229653,-0.27309360322818454,0.12355432842891603,0.5589673069087142,-0.058622537440366815,0.5202429138405477,-0.15378050479853583,-0.14693024374181674,-0.26363421345403637,-0.21071416525083822,-0.01300172461870808,-0.28051534877547285,-0.0007261640807230537,-0.38775925688814145,0.04601309396498824,0.5208545756527423,0.03084627704553926,-0.04868144002119253
845,Ciliated,VUILD60,IPF,61,Ciliated,-0.2626180013797561,-0.11701609774244544,0.04752795995722537,0.6219186377437461,0.08176875540430005,-0.029488777528178467,-0.20329073314834514,-0.0002477928689447852,0.0786741221016944,-0.2723308070787246,0.19133076181592548,-0.2988890140599059,0.03571146173192508,0.31714516974577056,-0.13652677314587666,0.26499777886071796,-0.12728667358734394,-0.11677564286125551,0.16869380656642838,-0.15049702954521407,0.16550108495573376,-0.17442344835733975,-0.004132802282199782
846,Ciliated,VUILD60,IPF,61,Ciliated,-0.21033677970544454,0.28051539577102075,-0.9930691833672213,0.49910504523085447,0.35152139217203093,-0.02068173849754745,-0.22268500957923051,-0.00376110588515835,0.12353059266167994,0.4213388733511671,-0.20670142023445554,-0.1618123547768199,0.24201654999366867,0.4505823694628307,0.034036496819368586,0.5039335861643901,-0.14776599492614745,0.32917467328010047,0.2687305793074717,0.039292141130297685,-0.21134667705456692,-0.06272875031987736,-0.05693563552376872
847,Ciliated,VUILD60,IPF,61,Ciliated,-0.12850796210016965,0.07312245654878387,-0.5135973344462594,0.2128196778147561,-0.07721345785207509,-0.015395477400361342,-0.3563126878793386,0.09733249784573444,-0.00995033257907233,-0.15187623188802793,-0.08067210106877028,-0.5530964271544677,0.14917054937636964,0.6917757635506564,0.15555856892945405,0.45818390545273857,-0.0036837618362310105,-0.1987992795480459,0.0012888150842997916,-0.0862658706857905,0.7790752664399987,0.07120875966025081,-0.01698564880794936
848,Ciliated,VUILD60,IPF,61,Ciliated,-0.2951076310749436,0.0063813912808074365,-1.037230268808169,0.047725466674867406,0.14528600702954075,-0.011476615889098181,-0.5706152327301736,0.1141397442430952,-0.16014909705935826,0.1378694166990578,-0.0971315448477019,0.2217673069792667,0.23075360600905717,0.620899791341152,-0.20718758421002512,0.19326129891601224,-0.058038812859315156,0.25809430466073235,0.33374866911470336,-0.08550442858258947,-0.23713871637196995,0.057420146942650484,-0.12120673035067422
849,Ciliated,VUILD60,IPF,61,Ciliated,-0.18483139933150056,0.0215870402938722,0.1487592393339405,0.3560927024734427,0.06038546780814384,-0.01358202219898481,0.234764287070776,-0.060609147777243376,0.10889884916639862,0.13394196665302618,-0.15313532604460037,-0.13951525811353832,-0.07362866942071361,0.1715537822856336,-0.06163653959808439,0.11477673516944958,-0.2992630732845798,-0.11780117520165734,0.19554905366360584,0.07270807385771963,-0.7381333420119282,-0.05326793719548897,-0.04170377762051801
850,Ciliated,VUILD60,IPF,61,Ciliated,-0.23303057830734245,0.07405123508686533,0.3535744608476566,0.39034209311331614,0.03698928812340241,-0.010372744666993394,-0.2402307397851445,0.01276319520483465,0.2851605586245524,-0.11574491719449914,-0.19261614691619972,-0.5763380850826126,0.23503928883172542,0.280280532033377,-0.00645261403427257,0.25542422115793,0.19156716298424328,-0.08716412374270309,0.14361960671728233,0.21903874489166225,-0.2844454663566467,-0.31692644032851247,-0.053137119332773125
851,Ciliated,VUILD60,IPF,61,Ciliated,-0.2974655913935052,-0.12760035110606785,0.5426102880251599,0.36515035687185626,-0.25715662634646164,-0.03343295545928571,-0.14124760439392492,0.012647013278038143,0.16393215110756368,0.02604832867810438,-0.17379074184780194,-0.18818602338386742,0.04917956281048679,0.15477050390374605,-0.07256986634766152,0.6071286127721752,-0.27794327762786075,-0.14216586028952793,0.1954583073777802,0.0998047879721051,0.6119667357512125,-0.11333666612619579,-0.03285890671171206
852,Ciliated,VUILD60,IPF,61,Ciliated,-0.31301564464438275,0.07560980046557923,0.49435037081341426,0.10101973611526029,0.04699145518279453,-0.020316203943654763,-0.482299512187335,-0.019547577087466773,0.009688658399102655,0.059208686595525375,-0.25976404668031616,-0.058729069169358716,0.3975206635847794,0.18674422178800001,-0.12654283168088618,0.014863857955564472,0.6567060582540954,0.03514409230610353,0.25678771528958855,0.039475654972762814,-0.13121956855317785,0.2016902316400237,0.02231703632698846
853,Ciliated,VUILD60,IPF,61,Ciliated,-0.16751965641764704,0.2442537100159732,-1.1270641388858391,0.3840047362015511,-0.05206500154907507,-0.014648204479799615,-0.05729785215752075,0.010208353646200728,-0.003273314876193952,-0.5661229646388054,-0.30538932430944643,-0.2664667623781245,0.16216745324820978,0.5574131120662704,-0.0013737853575064452,0.5050951542426857,-0.3024131997774793,-0.16567059755796093,0.21445756311774558,-0.05279464259993167,-0.4265796588144855,-0.12070309436940894,-0.03662744347294262
854,Ciliated,VUILD60,IPF,61,Ciliated,-0.2216775494122058,0.0681558172930787,-0.6167288237141637,0.53031629730927,0.20021031517918647,-0.026601553319887585,-0.3582447688690585,-0.004398321003094868,0.34953622941983004,-0.272549899238146,-0.21275565762304524,0.044633767730090854,0.2962411753104347,0.31166850968650844,0.009431264261840367,0.4272546123264687,0.02766394180656694,-0.28943990736444325,0.2840133029156657,0.281769071412447,-0.18350366035654028,0.07451285646019751,0.14690239556598908
855,Ciliated,VUILD60,IPF,60,Ciliated,-0.13430888243456968,-0.24461902913731326,0.2721253883221094,0.2872945698953991,0.0023434833047711306,-0.027410420442258304,-0.025729300264725884,-0.06401124891671295,-0.05635594927791107,-0.807505517835919,-0.022248054247436738,-0.00201735979778079,0.1500682589291627,-0.06887594427294677,0.1621925855371105,0.22136449003498784,0.23789530804904888,-0.1783604192206983,0.25110909000333587,0.19054307401964177,0.4572545467190752,0.009201775756980762,-0.07492180765487008
856,Ciliated,VUILD60,IPF,60,Ciliated,-0.2561357635961678,0.08114983960799278,-0.5216806357520524,0.030110481026364353,-0.10139973759623204,-0.03963338187289253,-0.11874063059742952,-0.006523229887639816,0.2510692520258476,-0.09554716738715982,-0.35651475895272405,0.07990575222008359,0.1025425352563078,0.3805718013553442,-0.07216176939957065,0.46624726718091414,0.3173513169503883,-0.0872871462879805,0.3088538753365719,0.04434659077959958,0.3273226894545357,0.05686170805275539,-0.0695452833867563
857,Ciliated,VUILD60,IPF,60,Ciliated,-0.19893354415782535,0.05313680146235477,-0.9718832769736324,-0.09830382254198068,0.1759906485982041,-0.03109364746249374,-0.13337129192865138,-0.04949283073608721,0.3054521075425783,0.12870604376748104,-0.10362364397535964,-0.1264819864380297,0.11187351499920076,0.509526708565871,-0.16874549987869675,0.6633966953142211,-0.18852219825007901,-0.07476470372840506,0.014528691105633033,0.21609592199526387,-0.4512385952451076,0.302812762791573,-0.03734783458497036
858,Ciliated,VUILD60,IPF,60,Ciliated,-0.25046744645205554,0.013158787322326901,0.13165633011422964,0.0995105147179045,0.17039232973174365,-0.030096863640984843,-0.2686332396591967,0.01293712766723485,0.4087105810269832,-0.21583632111021311,-0.3000115732630122,-0.2769333194493239,0.19116974702202244,0.29815762183051653,-0.1474181152758382,0.12892524140598974,0.09859070956278682,0.18522179473136857,0.3244942360553033,0.22010106423046136,-0.07254041880990635,0.034160817195470726,0.032323721848391204
859,Ciliated,VUILD60,IPF,60,Ciliated,-0.3114738720737123,0.10182735507457273,-0.038287932755686135,0.466817431731872,0.3496551654843433,-0.016697670211628202,-0.06145708127361577,-0.042614571762871416,-0.1679526798749836,-0.002045147478456381,-0.4191100744597923,-0.23809410095563144,0.22618555859442274,0.32029876175374244,0.036760353369511306,0.39845607747551204,0.24528960614949225,-0.13085629709747015,0.19943945019614764,0.08101935898001916,-0.1129369228449373,-0.026518064002472197,-0.1741531504800159
860,Ciliated,VUILD60,IPF,60,Ciliated,-0.09842966339033184,-0.14246595921059024,-0.7207017829349895,0.022785403644203946,0.05679995412362113,-0.018001148135201563,-0.4371928869136693,0.061250198334440696,0.14167224877052279,-0.017539526374258475,0.02652329461940014,0.12265796781533898,-0.1314920136989897,0.7846872931177272,-0.1280924810157016,0.1955374722603075,0.04278174808013896,-0.04207851896675077,0.16173233885305827,-0.12226237072560489,-0.025604818599862734,-0.05915349861299251,-0.19897190176550014
861,Ciliated,VUILD60,IPF,60,Ciliated,-0.17429111935806837,-0.021217864731762043,0.0989663007539443,0.27007012186596785,0.043366071775536065,-0.014295386613165657,-0.14507555111396434,-0.013117982966738006,0.10112670744716569,0.030257723086633576,-0.24576959542189689,-0.40913981415513895,0.24446487678766177,0.21895650045006793,-0.002000674825652641,0.3593144166825506,-0.3248700880981237,0.0232511952281757,0.13569921240589305,-0.03921044882412835,-0.09080056235559399,-0.027056771979797056,0.10045990519058043
862,Ciliated,VUILD60,IPF,60,Ciliated,-0.08493630079819668,0.08279256172055431,0.08434505541733726,0.28226886963465686,0.15971288779398377,-0.011927485047340522,-0.2817087927933542,-0.015504631184586424,0.4152054471035989,0.4400688589206689,-0.16448457215621,-0.31709341771483407,0.2196968408444497,0.20028593188893717,-0.008312635407403209,0.27666335471789977,-0.3869799570558328,-0.08850680170761842,0.3104966411354617,0.0790458915274739,-0.021371796172333993,-0.17440905727335912,-0.027050350125839603
863,Ciliated,VUILD60,IPF,60,Ciliated,-0.3191959848885382,-0.15781277385781908,-0.4801480499777762,0.32802739961598926,0.4262128304376129,-0.01219527060332997,0.2349468675170979,0.06860731324649713,0.1136112953422866,0.07172282207658913,-0.052416948480778575,0.14385498396507893,0.07641287304762459,0.1051437608368977,-0.050137713845982756,0.2180677580242289,-0.32848484611207635,-0.1373518208066981,0.3687225217819007,-0.0095356975474837,0.5539615892724797,-0.12133722239797495,0.036352418157408715
864,Ciliated,VUILD60,IPF,60,Ciliated,-0.12643026559407997,0.004603841479233579,-0.048825560120833444,0.21140928337345186,0.027198813589590566,-0.015229117657634364,-0.4519092765857917,-0.007880019264208234,0.2047164106221286,0.1035191923041074,-0.20494577527388977,0.2603922422263306,0.034914917262524624,0.3319924554569225,0.011846783831286185,0.5858785732287436,0.3542735797888897,0.006810535012979815,0.3144873799391415,0.06932398076077002,-0.32734915173224977,0.009473378245741276,0.07346473873498187
865,Ciliated,VUILD60,IPF,60,Ciliated,-0.1739736053710033,0.2241684420756089,-0.9325758308504799,0.17186871939466217,-0.12496360099666089,-0.023758772939382975,-0.3726269369104921,0.06644950385191334,-0.15149640988575436,-0.05325301922287167,-0.14703028057403641,-0.1898100349855722,-0.024244871644305024,0.576153812019162,0.23814044713747437,0.41602826033776713,0.1930132848486864,-0.023126836684214315,0.20837121521356652,-0.08963029635910971,-0.09712775829496244,0.02861080471042463,0.1532623090892816
866,Ciliated,VUILD60,IPF,60,Ciliated,-0.10750789765739868,-0.11029542571767748,-0.636478431794273,0.2208615695963325,-0.030557576425944387,-0.02098901606800736,-0.5433225109187289,-0.05474169472742166,0.3807852292896826,0.36899085477200855,-0.14466325790480652,-0.022448529864329395,0.17929272807458418,0.06380095706261518,-0.12974564675329642,0.24482421459139694,0.027282400500828374,-0.20164131578405964,0.1834381208134642,-0.026962720374566096,-0.4298694667812342,0.09339804267548314,0.14539010728028479
867,Ciliated,VUILD60,IPF,60,Ciliated,-0.11554462397181062,-0.0005588420563325805,-0.3661254154050272,0.22338375557638,0.08307516212088276,-0.015539611221515967,-0.022471231473732076,-0.006964729488568945,0.08437661050924987,-0.24969205909196052,-0.10277794272967576,-0.21103939320352752,0.010320208682093563,0.6999857592139879,-0.05994542255794688,0.5141392122707553,-0.08294287748435038,-0.12069493066246732,0.1936297587662388,0.0022464992022602657,0.03624638563388037,-0.2499076550062782,-0.011397466464135643
868,Ciliated,VUILD60,IPF,60,Ciliated,-0.19025743285446747,0.06411165457087485,-0.9370143048211917,-0.09743274643815285,0.05243025409660781,-0.033996582395132494,-0.276711421140074,-0.08024573248943187,0.25703903353918245,0.2106284391032969,-0.02215977166767338,-1.177586772633865,0.03608739249201897,0.4137908788280739,-0.048241400496840836,0.3649476152969674,0.1489795581823084,-0.045360361745342664,0.2536645255463603,-0.08715574034512494,-0.1328628830740168,-0.021306941428648373,-0.001053319639454306
869,Ciliated,VUILD60,IPF,60,Ciliated,-0.07247071644953013,0.07443867286338797,-0.5258673353897788,0.20924273985198158,0.12642687781645923,-0.003865732674526773,-0.15666237364502208,-0.055313992123044976,0.2382553781125722,0.17733489295551222,-0.3709108494332493,0.02919909590196826,0.39069894197072297,-0.08829077950439716,-0.0668443007528739,0.286239112612389,-0.15107818656963992,0.09316092464818296,0.07820012029244734,-0.14851454873689132,-0.18230120231302285,-0.09291870920873596,0.09409962551257162
870,Ciliated,VUILD60,IPF,60,Ciliated,-0.21298070237810318,-0.025569482109986538,-0.023994670991045686,0.028909669439274966,0.4770224894361195,-0.034523963771224055,-0.6153519770089093,-0.010950261664114072,0.03895626646133328,-0.5880243697940469,-0.32456819906649415,-0.24031019619282848,0.058874472565336046,0.2558649552910139,-0.09205476158491788,0.5099660795119497,0.3709360695200824,-0.15610254611439855,0.24976701010367064,0.17980769963691337,0.445379254281465,0.010644075366599497,-0.07311175854615595
871,Ciliated,VUILD60,IPF,60,Ciliated,-0.34926416709041924,0.06318541914522184,-0.3814835224328207,0.36794793323055924,0.1069601792190886,-0.015230202938504248,-0.3924157585033739,0.0007887577158877217,-0.08059910836139368,0.04612270958309025,-0.09887718290731705,0.09316356794989254,0.2190571600238222,0.08311556544668075,-0.01622652277331781,0.36501204120920777,-0.6121854322193926,0.010092325296118906,0.17232568806462112,-0.19890240070791118,0.09458705352676967,-0.05038117920067957,0.04887557901245051
872,Ciliated,VUILD60,IPF,60,Ciliated,-0.14475798837111464,-0.0966956357097476,-1.073813465791671,0.22678620254736007,-0.23804076018805442,-0.025366487363871537,-0.43503910758606373,0.0025660668113883112,0.1644549065287979,0.27248081126101265,-0.1704338889355256,-0.0827855946741209,0.4219844840998008,0.2873399403299629,-0.18504986794115727,0.23781200265804697,0.11187496086161904,0.06639397169513887,0.23572581121500047,-0.07445436337471081,-0.054508771802198194,-0.17664083869120747,0.10014197475265367
873,Ciliated,VUILD60,IPF,60,Ciliated,-0.263226137922006,0.07623245719451056,-0.8318327909342133,0.09250559197613031,-0.09722117327014174,-0.025807956212230886,0.10367192709120847,-0.0495986629559748,0.34130518433910595,-0.12951623714940136,-0.1583293942164933,0.05530061683390898,0.06434057009030464,0.42839932692252486,-0.0067522903019978445,0.4577121918809197,-0.23942102686829944,0.1907802842009734,0.2656401393902948,0.18966573174373477,0.4128791661495654,-0.009873124730224302,-0.08440439425458844
874,Ciliated,VUILD60,IPF,60,Ciliated,-0.11898399655641573,0.14784920569691154,-0.059893824010253754,0.20209348154553852,0.0640125352944276,-0.02106807143888668,-0.11415521614184759,-0.009053712373584776,0.18268385580381763,-0.20145243194428095,0.025827008816256162,-0.1372115905729274,0.4703654546371093,0.2515570475960423,-0.013099881360193579,0.12461275052040488,0.23819102288777302,-0.05338241549705644,0.05310672521313429,0.02486948229070006,0.07572732492008206,-0.04919486510189424,-0.16711024977022537
875,Ciliated,VUILD60,IPF,60,Ciliated,-0.18804331160211138,-0.10393632675613193,-0.8175305255262015,0.12840436384855713,-0.16594616217215485,-0.01979602804113557,-0.4915630346597475,-0.06906901255888029,-0.12852927008166581,0.494653544659869,0.07767145655380274,0.12547702772560684,0.23446771483417977,0.1896227422245151,0.1100429497216648,0.3957604250308875,0.11730007986276907,-0.2687150188747483,0.10511175521859763,0.21593182042693376,-0.31429225853359793,-0.11084372719426046,0.11349023220946396
876,Ciliated,VUILD60,IPF,60,Ciliated,-0.1331828003213311,0.0929318817003119,-0.11852303997488205,0.4474110525404482,0.24168233045206816,-0.033583203391042336,-0.3405383914843027,0.015862676696876597,0.2241384500446162,-0.45024063099025546,-0.3316560640416863,-0.6371633358849259,0.015059422117524607,0.685970899332195,0.11583509284674265,0.3325517677588976,0.2945946159682127,-0.1142463865409297,0.07433152657252923,-0.1642768687211338,0.08558490663591402,-0.15663127171253535,0.043227432670532
877,Ciliated,VUILD60,IPF,60,Ciliated,-0.19191830294723422,0.052509120429353684,0.08105044768426717,-0.05814469849749379,0.4046756794935455,-0.03179767720817923,0.21822541553616776,-0.04590304585785147,0.30896655149332536,-0.22965264520406878,-0.23664391758213202,-0.391382570124646,0.11008617979743457,0.23559573238243367,0.05140044861641284,0.3362641730002821,0.34871634177475874,-0.11228542913945548,0.3046852246890195,0.22860187511006666,0.282927630867343,-0.05572428555063128,0.13370274970501225
878,Ciliated,VUILD60,IPF,60,Ciliated,-0.17908831261386385,0.251043585121407,-0.9210843217066315,0.3879548129411891,0.11873933168920991,-0.018869195808347745,-0.2136535814717538,0.009994808870230604,0.17333020859219317,0.8762718280742451,-0.08203433637946464,-0.25307840802497655,0.12143752392466661,0.511846091086199,-0.088430446093584,0.31657805427445707,0.3334505823591497,-0.02559282522452078,0.19002454954869336,0.20699000228498773,-0.2861355638296935,-0.06309462644546049,0.012292373634932737
879,Ciliated,VUILD60,IPF,60,Ciliated,-0.18624568819938944,-0.13371012336205815,-0.6150092556430583,0.21352508646061724,0.0898907604751671,-0.035275538477978485,-0.6727967276726018,0.0071960557559933875,-0.29215027265770915,-0.10172106629488731,-0.3049400738340805,-0.015488833523739313,-0.10966835684217988,0.2755550194279211,-0.050967642541147024,0.16533471777511155,-0.23047104333813642,-0.19160064280874575,0.004491480532323792,-0.05788247373763897,-0.04066345177143194,-0.2432998558397544,0.1807018777511916
880,Ciliated,VUILD60,IPF,60,Ciliated,-0.2704096931937247,-0.1733249386810458,-0.04044244559378788,0.3555594922042633,0.13764278267748595,-0.005362783834420197,-0.30305623795717745,0.03159717702351168,0.4715382707119027,-0.12973179230343698,-0.43668487991456656,-0.22896707662077673,0.05544032583399689,0.2042782266145585,-0.061817153891511406,0.3796155177289828,-0.2228385369069839,0.12307083557352853,0.27817400898869454,-0.06654259794898926,0.1636590931694648,-0.02450041047824799,-0.13084316333617413
881,Ciliated,VUILD60,IPF,60,Ciliated,-0.22055095754935583,-0.08629473521959112,-0.15285781077466457,0.2200254253123233,-0.04118486623059549,-0.004492020464417781,0.20318480482245155,-0.017253375180848653,-0.09730964050237349,0.09360522368793774,-0.22176472388709495,-0.28046995310140943,-0.06520673391544698,0.21987515455671813,0.23045203302557352,0.5580193732415758,0.15495827713726454,-0.20205079896073505,0.42845203093277834,0.3739103732921428,0.27944663602036557,-0.02480297965665628,0.05357841889920098
882,Ciliated,VUILD60,IPF,60,Ciliated,-0.1460634724706188,0.027833850164997564,-0.5191363495463853,0.03998215516568822,0.2855621577848911,-0.005618784089029351,-0.40179801126549836,0.0026460954687412136,0.015556184284223172,0.12216984914037504,0.1462253770231573,-0.13529232904043753,0.2230718980843135,0.36758286733887713,-0.04306001965124591,0.7466079571761899,-0.5742926874601737,-0.17036933106673385,0.23681145275326862,-0.04285712201147272,0.24464241331511097,0.1792492571030118,0.08271958825564997
883,Ciliated,VUILD60,IPF,60,Ciliated,-0.15748903172879303,0.0021028218122290734,-0.23860718088059787,0.2630225331377554,-0.06130216998934646,0.037201142056798746,-0.03535798136071768,-0.06241951520890338,0.3274562205023734,-0.16858237221333797,-0.24043901528813189,-0.2748789775042609,0.26759726969648884,0.3241542031454273,-0.08916027252757451,0.5035597142945802,0.2994735863811423,-0.04114263280450814,0.10505348639463254,0.07460560518682618,0.2253963154605733,-0.2908531834169498,-0.011591986867650544
884,Ciliated,VUILD60,IPF,60,Ciliated,-0.1630845955672574,0.05574766078640068,0.28550865639256556,0.2957535267880472,0.08854269125250616,-0.027308254722826837,-0.28931201677912105,-0.06862690540719607,0.19185083444075107,-0.012739725318435771,-0.06919438137634487,-0.5922712753486047,0.17624948601881663,1.0953490078359358,-0.07583951364742261,0.23258936371041827,0.08002806051360668,-0.0034828017522265256,0.1550090606129071,0.01958110845378914,-0.35488378193044384,0.009462776319272528,0.13756803859797584
885,Ciliated,VUILD60,IPF,60,Ciliated,-0.10200108933430295,-0.06644268993538006,-0.6729533518938747,0.40462919246234924,-0.059475346599347334,-0.012545227948620716,-0.06309055307483306,0.046122968720300236,0.1332732162779911,0.665744447239832,-0.31744009083537855,-0.044688561387277045,-0.011322911162936222,0.21184646170512964,0.07043035524108374,0.311150543312885,0.18600978066419094,0.023997597033153885,0.3169126026531034,-0.1813279242021995,0.018189894482675783,-0.06682881170474503,0.050907711515804484
886,Ciliated,VUILD60,IPF,60,Ciliated,-0.1821058480353035,0.013031684352211683,-0.42597875506204635,0.25405614777352714,0.016290513114812055,-0.02365759518646742,-0.03350555360581916,0.04682122428273199,0.20941715744621955,-0.04181629704236308,-0.03205199789905416,-0.881300895714603,0.09897643793261893,0.4367520533320636,-0.03332380584443137,0.3019405049055735,-0.23022954740653465,0.0560119427774695,0.3526710014696163,0.08843327646192212,-0.6655962782269642,-0.05887662334998016,-0.012851702327220039
887,Ciliated,VUILD60,IPF,60,Ciliated,-0.1804498891176419,-0.029136949310145682,-0.8216399733069877,0.19375085983899548,0.20907664324501052,-0.021238131856368195,-0.10253943836424602,0.007443016600511826,0.4774821135097235,-0.015903686190505934,-0.12506285779784507,-0.337114975838594,0.18877759250816847,0.7202345084003199,0.0035027840471856947,0.269547022496849,-0.04008532547017227,0.024686952991930047,0.18263811003451436,0.27480443952869466,0.24981881819836962,0.011898047463004064,-0.07211480264712757
888,Ciliated,VUILD60,IPF,60,Ciliated,-0.19981349283237015,0.0024259289254040337,-0.19409428879793042,0.12234761840831501,-0.038890132495164306,-0.01392556616494377,-0.1612683238160326,-0.05218647184622895,0.6351620995199647,0.2659843273094429,-0.0648353927310377,-0.22355767702441776,-0.007910181600713172,0.6247752152161995,0.11502715911702727,0.4283652363477793,0.2608978676437655,-0.23633785077528732,0.29253126320138606,0.17632899757842163,0.574462785363378,0.033031620084771424,0.033813601255981804
889,Ciliated,VUILD60,IPF,60,Ciliated,-0.2759446722704854,0.11706239876454515,-0.094926718750098,0.34297481805950614,0.23276129428713307,-0.03542684232150344,-0.02744727645544957,0.01100737956212914,0.35535577264077883,-0.20413597546605763,-0.004002334805666762,-0.17004486622280218,0.1416708588303452,0.010492448178150864,0.20242187060063657,0.586621995827721,0.5112619051906047,-0.0036668688424490257,0.0640465283297554,0.0036769951006940258,-0.14403572787814958,-0.02243937226326799,0.18409841139844504
890,Ciliated,VUILD60,IPF,60,Ciliated,-0.1892166314295042,-0.06238711266922014,-1.183197366559185,0.33745820301190627,0.1887369924298037,-0.016650819935919495,-0.3720347551117669,-0.012054003629278196,0.04125379590551717,0.0717418920191214,-0.2294477162058514,-0.2178178594132297,0.03291169998934285,0.17097912130863954,0.126051095226086,0.4816752721285134,-0.1582309053622717,-0.2086009357742762,0.12802775362985683,0.07857279375999755,-0.19462292209653073,-0.043399235069625716,-0.013065658677335954
891,Ciliated,VUILD60,IPF,60,Ciliated,-0.2814985945989386,0.05010027800513827,-0.6086347386508947,0.5492846072059854,0.05969355078191278,-0.012650710052968864,-0.21231862320643782,-0.020302003323733386,0.16274374653043042,0.27754806250485475,-0.2812119809561455,0.505998431310152,-0.01091237073530325,0.43016605711655936,-0.2273658611222451,0.20246855055732402,0.07077341697106931,-0.15555872442096333,0.025043829851977686,-0.05972990263122679,0.15216209094764702,0.03496141178680823,0.08185106712139614
892,Ciliated,VUILD60,IPF,60,Ciliated,-0.17623452519439367,-0.062453417549197095,-0.3332357566234673,0.18218884887134854,-0.20946517311783366,-0.011098936155930796,-0.46103385104642547,0.0348288441300055,0.45999893018989296,0.01204163673567362,0.03763932194606745,-0.23529355624083195,-0.06308179942417838,-0.060427795116471415,-0.12036319874223685,0.6589714109940967,0.0836832449939846,-0.07403858982071465,0.043903256237044996,-0.05232705189690619,-0.28943689682586254,0.10559608167139795,0.03823733791743632
893,Ciliated,VUILD60,IPF,60,Ciliated,-0.12563879988793203,-0.09578926178843769,-0.08217027331689847,0.3513234264094317,-0.11265950874537324,-0.020514146747357867,-0.21389267973176357,-0.08459512336564265,-0.0483888453225965,0.1779654450330121,-0.3171232471553192,0.2187990132408293,0.17525670667049606,0.3498061131032038,-0.16763014048911212,0.1865441776735781,-0.07656752821337603,0.03810676034364685,0.23109387776607285,0.19553752967764784,-0.3175812079938377,0.022702107609205036,-0.09930702702800108
894,Ciliated,VUILD60,IPF,60,Ciliated,-0.15063689681224093,-0.07928290007207142,-0.1490075009270936,0.4025532556264816,0.045607966951619616,-0.007090662788866001,0.2741225433161486,0.04678782455786826,0.18410863846248954,-0.14138349991633234,-0.17860544989154872,-0.4221000824401714,0.18070997563693172,0.6700671829349676,0.015073813365675828,0.2678053915502502,-0.39011530901940145,-0.16913594311467056,0.08007663146176296,-0.09551495640698758,-0.2127336714112312,0.02529095232003106,0.05884811559816378
895,Ciliated,VUILD60,IPF,60,Ciliated,-0.2193376050761579,0.09291520677069182,-0.6182725630982235,-0.024963375409676077,0.10419034038203129,-0.02253328365430565,0.17634924269641988,-0.031967820880252906,0.02759912743926462,0.19001292843619552,0.1339159987564468,-0.16055980360809247,0.19725384516942202,0.5092010918445644,0.12116259384807311,0.5598290520215936,0.14714049743296975,0.09965003033719172,0.15230393442827395,-0.172987575184484,0.04213861475798904,-0.03808365378739086,-0.013508892618772764
896,Ciliated,VUILD60,IPF,60,Ciliated,-0.15643188603331654,-0.11659432053988969,-0.7138334166843304,0.04035085730326048,0.2234927935588522,-0.005787863285404461,-0.07469837449291651,-0.109192629325533,0.5182938026943891,-0.1840835982286181,-0.09227932612064026,-0.4919051588980383,0.27610047226229867,0.8425313609289163,-0.27729613293379773,0.24845024560699583,-0.40745939480165977,0.05925253591178162,0.1380869759448798,0.02628726224465603,-0.25551508345037577,0.033291048148162285,0.07455180274851968
897,Ciliated,VUILD60,IPF,60,Ciliated,-0.25001329484305923,0.17079016207554834,0.2707346706929162,0.39306405087117774,0.09029718199468656,-0.025469353527218092,-0.14611055391512254,0.08555856055222924,0.1691541260505811,0.19772708787248947,-0.3333942178626362,-0.1860722920518059,0.09483582045841649,0.46759781362511044,-0.04288763344497762,0.41868925245672983,0.11456867669788637,-0.08720952634579944,0.050553358718800054,-0.13338854197928332,-0.34113800464016075,-0.06764902618170827,0.0739844838970026
898,Ciliated,VUILD60,IPF,60,Ciliated,-0.042286449944633056,-0.11958929187070272,-0.04478546244072075,0.06993150135788698,-0.11649802481126756,-0.0008775853909265274,-0.016243067050415082,-0.009746723828182022,0.13423794968209923,0.13527871207314038,-0.2580093019806418,-0.12334412550955033,0.13796814521490852,0.581119444671204,-0.03702635037730988,0.23190489953339133,-0.004538086790702016,-0.15881826728105636,0.05978201896602198,0.13496865297540692,-0.30522959602069044,0.12902057207496087,0.002325661702178514
899,Ciliated,VUILD60,IPF,60,Ciliated,-0.2210096693625253,0.16259212243239174,-0.825083585708608,0.24464678540642168,0.09020981737146684,-0.018778587150778438,-0.14728455636462942,0.05040105949835239,0.1894859315519784,-0.05538298655658942,-0.01673861441859224,-0.4712404157388878,0.15919662496558168,0.1906247597780479,0.20799521018643705,0.4470412511580436,0.037954297048198984,-0.11657737139067317,0.2626973468610411,0.057944278722123675,0.486711750495564,-0.08130276813301582,0.030541668993730585
900,Ciliated,VUILD60,IPF,60,Ciliated,-0.21385116001181984,0.17068969318845104,-0.9811810142844607,0.2989807143347443,-0.003911751861851852,-0.021428552199467803,-0.49124282426086996,-0.09312964386271635,-0.1246743116668068,-0.23996983117110912,-0.13547610179612554,-0.10915763559696948,0.07621722855900911,0.5937138160736427,0.032986105806684096,0.278482374424151,0.016811257426732625,0.06077237980880937,0.03653118719292733,0.08750465600439528,0.15190812872006557,0.005014634873930176,-0.03526161451357882
901,Ciliated,VUILD60,IPF,60,Ciliated,-0.1653216110722623,0.018951239498860073,-0.5708718621037862,0.24037829120038642,-0.10784510209927382,-0.0009340693451508359,-0.05863720020222555,-0.01311787131263017,0.0745261189546735,-0.6602096586837873,-0.19317740188555652,-0.4457495501287185,0.1368772001143701,0.5006853061718566,-0.14134883392823552,0.3162753506985859,-0.6872663280070038,-0.056177613164715645,0.1960359377277916,0.01872235758375229,0.7246015437868866,-0.1216626180505851,0.0673597434535148
902,Ciliated,VUILD60,IPF,60,Ciliated,-0.2613603076577889,-0.05735225804697293,-0.4376058709435445,0.14494732461354465,-0.09417771221095995,-0.025239446197562895,-0.019282787990139584,-0.04033087621867732,-0.15535673294068703,8.079023146351141e-05,-0.3761740915066875,0.18019907295444706,0.319164034049762,0.19354006088399708,0.01723990380936187,0.3342912530329086,-0.10333369533668368,-0.05201128854214762,0.037310391098404394,0.06259619582514817,-0.16847722353376895,-0.24773858967686638,0.07095525511857775
903,Ciliated,VUILD60,IPF,60,Ciliated,-0.23228417945263657,-0.13384755101345097,-0.11608561626159504,0.1689344435298366,-0.13011474234260298,-0.03849420456726291,0.2876484474909665,-0.011408104211397903,0.7803113696056029,0.14525095046124906,-0.5240215056750125,-0.5478407268446027,0.39965999009807374,0.47926686665496154,-0.030433432618100324,0.22572612477083157,0.5471969831539206,0.01787384594082009,0.10140470111576069,-0.18527851561387276,0.4619383618362304,-0.06818106805011301,0.0017393726438072405
904,Ciliated,VUILD60,IPF,60,Ciliated,-0.14722823900973223,-0.06841267173608427,-0.41571781936822993,0.37757724683311983,0.10172799649678696,-0.026675803931240867,-0.292304613897857,-0.06338204086000869,-0.08387721727510018,0.4974711538964971,-0.37007920856294163,-0.317798218705167,0.20306186559769174,0.7875227803917457,-0.06502570078749294,0.012134589921581625,-0.033959594227666375,0.07449942296493785,0.33693233669283196,-0.1608702224093391,0.5447205400202456,-0.009003853640686591,0.0144870983040058
905,Ciliated,VUILD60,IPF,60,Ciliated,-0.1703246351097658,-0.011188026615591689,-0.7873679057682509,0.09022634673927232,0.15758339454825673,-0.003981736645663408,-0.1826676613361169,-0.06910049076096844,0.1875787016684843,-0.025190577841056536,-0.24437933319058391,0.013561893999027012,0.2952939337725876,0.15119418633022377,0.27732544602711356,0.2706277190378163,-0.09424612188196291,-0.1611833429615332,0.3158637289151199,0.013235837740255538,-0.20935024278180378,0.029874108841784156,-0.06317056113627177
906,Ciliated,VUILD60,IPF,60,Ciliated,-0.33097190345182814,0.08829290314759837,-0.7603319797332165,0.6462630991635542,0.22302064911230718,-0.023592772611363343,-0.5301010137925694,-0.04612676786198568,-0.1739218524619787,0.6319390883205801,0.19515687236869764,0.2962240987532643,0.12437385003973819,0.42930027305374063,-0.12737088802990607,0.47573362533899904,0.10268092918546996,-0.15548790837141374,0.12758954426887864,0.09811917426180526,-0.16185075056819848,0.06841902937163176,0.03527408345864384
907,Ciliated,VUILD60,IPF,60,Ciliated,-0.1405096738006273,0.028057532408188222,-0.37410377513150006,0.052749006668826995,0.05172126215477503,-0.010206160965037899,-0.45422928342706687,0.0030221409150758913,0.10970119880696096,0.4647897459776362,-0.030135251922157904,0.2795360513537713,-0.07483071876470362,0.5648494183772141,0.10952071954171944,0.35128298388794027,-0.32207367789018543,0.03331962958422391,0.27158725893682895,0.07255940488404908,0.39615893423395065,0.045451528432080585,-0.042336484735940184
908,Ciliated,VUILD60,IPF,60,Ciliated,-0.2887619195489081,-0.14992994588574096,-0.42435253899150305,-0.14101871796505466,0.10345537931501705,-0.021383599327662647,-0.5186468138304402,0.04048459938458468,-0.24083338353490688,0.22925648191981077,-0.3980251230990031,0.20349059077061002,0.36524056255465726,0.4136063647080623,-0.008256235587509283,0.16100634493984034,-0.45963114249635406,-0.19366102874377908,0.2440437503917985,-0.1337071866995949,0.2932866277769756,-0.009878991011571045,0.005771553524689607
909,Ciliated,VUILD60,IPF,60,Ciliated,-0.12276538874495536,0.10784421286397285,0.31131070097035163,0.10607845412164026,-0.15204642558418194,-0.028239315553972348,-0.09456241732787331,-0.0022443603239278498,0.1239184338572724,-0.4515140763992933,-0.20158219531044272,-0.6193274248580879,0.38811234770199754,0.4696158762417921,0.07218533921644868,0.4915456887602384,0.18978495102800988,0.03769202331208729,0.3751512999066834,0.017824018046779473,0.07784241526025179,0.29114157917697103,0.15817535574914574
910,Ciliated,VUILD60,IPF,60,Ciliated,-0.25428797152537785,0.11056512174003734,-0.08389064254335465,0.30512388000822005,0.35717750356712863,-0.024094348679067006,-0.17558852980390682,-0.018191358619917566,0.2699486414536825,-0.03201412295203519,-0.04602691326363688,-0.1357799697575811,0.0995661127479302,0.4193262177152407,-0.06381397425347773,0.25724781404355795,-0.23699863306535368,0.07439629825562474,0.2960541316336823,0.1379298666455231,-0.2541516068192692,0.08828267305744703,0.07697454708677196
911,Ciliated,VUILD60,IPF,60,Ciliated,-0.13247261917789796,-0.11442487692669834,0.3487006709623073,0.5906027959580487,0.023772422995168713,-0.03481986823684129,-0.3261237446364145,-0.08768897500681286,-0.1328572940703767,-0.2836763819815221,-0.07227754745965856,-0.39405944194131914,0.15305438954916986,0.3960424402411501,0.0077375333874542904,0.35453574565439944,0.23508471385589017,-0.15173828210393234,0.22005141368022169,-0.03374453465801658,-0.09368801902463418,0.3070071203320059,-0.016157711680524017
912,Ciliated,VUILD60,IPF,60,Ciliated,-0.05019023838006391,0.012140116100735883,0.00787713860077769,0.4942263389291484,0.06729185695124762,-0.005032169384541723,-0.31645873609483566,0.04503023406374896,0.11262423864380282,0.07032320334272679,-0.24351613108759454,0.18194304953871934,0.055814394068400906,0.31908273365671364,0.04220388096485715,0.38256652190162,-0.17556943976580247,0.18334867036393748,0.1104714306579205,-0.16565148160924617,-0.2974509542581429,-0.22671478426241967,-0.05524910075504405
913,Ciliated,VUILD60,IPF,60,Ciliated,-0.1572296776523715,-0.020517680414965205,-0.7369508916068499,0.4556374541650822,0.24168341079926867,-0.01449375727482941,-0.8824362418893624,-0.003713237887228207,0.19320741179719503,0.7357286746521011,-0.19968773118444788,-0.5416456373237868,0.012527016460816432,0.29655094064329496,-0.057020048424315906,0.5333901457547777,0.18653604609217098,-0.17408169588536299,0.28265964339806615,0.05296446719391867,0.04634781558735778,-0.1833545888963886,0.035309008674514884
914,Ciliated,VUILD60,IPF,60,Ciliated,-0.14570319697230813,-0.03984065733729715,0.010517286949692992,0.5347331631712137,0.3778925351995968,-0.022594088938829634,-0.45775799672935213,-0.00026531568819932166,0.05624101980546561,0.006462981933768029,-0.2209649146342245,-0.3362692558280605,0.07914789791914512,-0.047679456680251274,0.25201083318236134,0.17075874246973166,0.07457032910700637,0.04646532952632183,0.013278082867174211,0.03872642476475497,0.16820786093462692,0.1052383954718646,0.04851888458970951
972,Ciliated,VUILD61,IPF,61,Ciliated,-0.2946403656852147,-0.28201718586748775,-0.4652038909395666,-0.030125889122543836,0.2626648572629597,-0.0202744914734326,-0.27826293079764913,0.0028005108207404053,0.34232194015039563,-0.30978140272701365,-0.270735895634119,0.031913885416561656,0.37513976475412003,0.836737749334784,0.26757557955997935,0.5448669528094364,0.813978150836803,0.32254726576526493,0.4526203045494383,0.12384536574944233,0.4141703546005792,-0.08972168539140306,0.2062009220504862
973,Ciliated,VUILD61,IPF,61,Ciliated,-0.2092787458864338,-0.20686451993702817,0.3262707764312959,-0.18163796558694464,0.6167489194094805,-0.017996546581878155,0.03130891876676519,0.005822993750298754,0.19562501194347365,0.11955704489039007,-0.05215974254618115,0.29221996671081146,0.047944210542672804,0.4689198775739369,0.31381582163725524,0.31612159249798966,0.9759230061052377,0.35863650587171236,0.4306732899391666,0.07896984089194226,0.9667252050751789,0.19052042462386967,0.3414621956529522
974,Ciliated,VUILD61,IPF,61,Ciliated,-0.233463871783334,-0.20779016404478032,0.09641423134204151,0.12212448292933095,0.05935834126296573,-0.033333988271100845,-0.6784620191479456,-0.018106841134580262,0.19798300721301726,0.2634746791636232,-0.27632806469321164,-0.1973475029684061,0.19217962188415905,0.366365918473617,0.09808028257935071,0.3574028480294211,0.8719115372481236,0.4243425995235599,0.2312872920693878,0.13884175374033927,0.5742178273395702,0.25747641950902855,0.1583388570150542
975,Ciliated,VUILD61,IPF,61,Ciliated,0.010505186249160685,-0.26511279314651087,-0.03128221500233922,0.12344223002909158,0.11608475975109775,-0.032590740832809835,-0.3698688364139734,0.0556065784923564,-0.002217644549866506,-0.11707571084635451,-0.16029411170174607,-0.32353257482608333,0.05259449717920394,0.24177162078783612,0.3130482809203115,0.4117598504894858,0.7431425922990014,0.30307200716273575,0.18988326083023946,0.11448810064501408,0.6527945186346669,0.14069519582589635,0.1376635199950245
976,Ciliated,VUILD61,IPF,61,Ciliated,-0.19277297180620104,-0.03506035665860118,-0.4514668623619744,-0.05431230651795614,-0.1066029884693717,-0.025716504696511162,0.02333034959122169,0.12336763989069671,0.46172276662674144,0.1129452889092281,-0.3883592180738921,0.18886459691058965,0.43120763631571,0.05772210003325055,0.3748663375174566,0.5451771944587568,0.8659225035677729,0.027038421570926518,0.20362042632670024,0.2827663946506112,0.5925595152300942,0.18834748277748986,0.15873242545943783
977,Ciliated,VUILD61,IPF,61,Ciliated,-0.22913768329056894,-0.4427066355962397,-0.15319946115839955,-0.18091508811117235,0.2597857215807578,-0.01228677552178124,-0.48691918221751423,-0.07203351740096897,0.37868537711520284,-0.21523859234551154,-0.2750205992932631,0.29298453199619745,0.15637346803048918,0.44883892919645657,0.3958467706098467,0.2713634028127988,0.9000807918776078,0.1888097575351031,0.25733412570709924,0.10818606472744428,1.054360573691341,0.19805466964042281,0.14259648698944505
978,Ciliated,VUILD61,IPF,61,Ciliated,-0.17603819221197706,-0.13923315658651686,0.3413149708641573,-0.03752724056317089,-0.07849750367013919,-0.02486066642531558,-0.12917444636173525,0.023036283247694724,0.19045379930570394,0.1473082825783684,-0.22969249177139114,0.05284300522085926,0.21819450706168847,-0.47727232049155466,0.12278684994710563,0.28376718032259035,0.22355150375077204,0.05648656928067826,0.21719153273628886,0.06646465767086567,0.5582714250099975,0.06509925180249755,0.16942144557445998
979,Ciliated,VUILD61,IPF,61,Ciliated,-0.1519280477007634,-0.28979851482030405,0.04967490020135422,0.1961228258267676,0.05684343101180098,-0.028347709771341073,0.07755341259002468,0.04974909082947205,0.18522154385331968,0.19546134210710764,-0.5422731564506872,-0.3059147099096349,-0.027127203069423327,0.09375395780359233,0.26715004001140136,0.7245012818891365,0.42842009806056275,0.1449446808676928,0.0614938555598179,0.02483854957559308,0.5257014591078738,0.27811411441666134,0.0874474945623539
980,Ciliated,VUILD61,IPF,61,Ciliated,-0.12856007096583433,-0.050662236694501525,-0.016490013953078062,0.1086677330723724,0.3595971504971608,-0.02992150707916807,-0.7279155885122836,-0.050105742526588844,0.3233781609588044,-0.09448172061446582,-0.029237080499279543,-0.17231091597872833,0.3520914302521518,0.10355459553751338,0.09637483204890056,0.34725914107190753,0.12788122115655232,0.0963545343177601,0.25681842714162967,-0.3842324570323835,0.856350693065181,0.06462967724297863,0.07689033765625718
981,Ciliated,VUILD61,IPF,61,Ciliated,-0.14970354158089103,-0.21250508993501918,0.051385318986655576,-0.11343127104794722,-0.06855487423259396,-0.02965635947743081,-0.8982614079770906,-0.03825421657209475,0.27239121078893797,0.2013285145002312,-0.2708366849126209,-0.27562227816968454,-0.1136668986797291,0.6302369818813711,0.2807060861556373,0.7151332904126578,0.9007995605683953,0.3039534547961743,0.33360514486505205,0.2294140014907117,0.8909110286377038,-0.07069046419939364,0.015644638827649368
982,Ciliated,VUILD61,IPF,61,Ciliated,-0.2218727923734883,-0.2944241373072693,0.09212782788622399,0.11669766908220387,0.19483019319236414,-0.015044147322491382,-0.5610405474874427,-0.07241124871766258,-0.11873630801423264,0.05668196819190742,-0.37758738078300047,-0.06748403909785679,0.19577293995926204,0.42354950387543155,0.09066998073844987,0.2180545049537432,0.8578698425173127,0.14707420632648505,0.17728695121350993,0.14576493361597637,0.6735119395764189,0.06287188601637972,0.16590436489008145
983,Ciliated,VUILD61,IPF,61,Ciliated,-0.140825032035476,-0.2200866449181765,0.48504676659733736,-0.022728151444376666,0.26854872184652456,-0.03271736448274081,-0.007102780223763671,0.00379868162668205,0.2601657091818785,-0.012620174371180778,-0.3399203343374821,0.35982313878367694,0.2340021724794784,0.538396252499268,0.16364680108890967,0.25103914838476793,1.2779571137099657,0.37842937570977436,0.30142070024053963,0.13238201686219428,0.856320234928485,0.24948876034313214,0.026707040877821824
984,Ciliated,VUILD61,IPF,61,Ciliated,-0.15745617382754384,-0.10238278810362558,-0.060572251437322144,0.5630820647509421,0.30248384325412336,-0.030212582331507937,0.03199176827044307,0.09792542352302291,0.15179627662372355,-0.4258482742336577,-0.26896340523152745,0.20678890565199246,0.2272387996156503,0.32349083935082307,0.1176864346526354,0.11408332741464214,0.8954045350987683,0.16750877016883478,0.12856786431180933,0.2502822153362012,0.6987142448101411,0.04599062658949753,0.2227518249497307
985,Ciliated,VUILD61,IPF,61,Ciliated,-0.19690636546697862,-0.2317562023082166,0.7425876569494161,0.008756807184573147,-0.062216082988846164,-0.028208362371704612,0.3717590622469298,0.007720484017092369,0.043011091410350616,0.05651448013504312,-0.1833444226533349,0.12711817961751165,0.18157259226601719,0.6102393706239498,0.1941391734718427,0.49602737465405283,0.7701651922987962,0.12816732149418616,0.4159785742745138,-0.07021262000021261,1.0105270647515427,0.07138272139598482,0.09372623118735864
986,Ciliated,VUILD61,IPF,61,Ciliated,-0.18194582895800365,-0.15666281336273832,-0.14280585579199412,0.07087630697064883,-0.029392320156987894,-0.015288998588199779,-0.46513143219759534,-0.004453332707262184,0.38529134655134795,-0.30296803226540164,-0.11745498570025853,0.18256860384178553,-0.012943160297746541,0.46656323423487506,0.2080000467867455,0.2620133390060865,0.12024106319948644,0.21279571757258509,0.31214088123760725,-0.014590713269519742,0.6509956318202703,-0.1010844864452805,0.029382244389270284
987,Ciliated,VUILD61,IPF,61,Ciliated,-0.19118344573122859,-0.16245747068029195,-0.10546131711046428,-0.027536543750004947,-0.13662793651717173,-0.0025943211318718183,-0.17492279084753143,-0.07671680887797822,0.19554940141908378,0.19157249453584319,-0.40715424793923294,-0.06955871547833457,-0.09373532752193273,0.4327339446609452,0.2195457423560133,0.4766913819765094,0.42937606199246514,0.42559351607760837,0.2997247954728676,-0.008261614480926369,0.7200218514759293,0.11813196035693183,0.11815883682641298
988,Ciliated,VUILD61,IPF,61,Ciliated,-0.20894183993989604,-0.20124963949648128,0.1947403256261831,0.24930592152666084,-0.19278444986776483,-0.023648417390645535,0.14780123594992686,-0.004683665298509075,0.18749229320771185,0.022484221399753347,-0.3513874225451237,-0.019413346342462955,0.3250170117065358,0.48974148567916065,0.3466405988892122,0.3153819731471406,1.3184242329707687,0.05889697558214854,0.40512490328297623,0.03071807640772644,0.28216673547864063,0.30876865435774004,-0.024535403373959305
989,Ciliated,VUILD61,IPF,61,Ciliated,-0.1922341331610256,-0.3526047188907887,0.30900403173425267,0.17006880412032355,-0.021541428020460864,-0.016511237881370905,-0.2625451404740946,-0.02280401488523966,-0.04875083046228421,-0.07439624660975531,-0.4232837889801357,-0.033687026312294976,0.16334536260199603,0.5624449473015007,0.10499791628830893,0.32922920009168,0.5571277007247512,0.12820255798016442,0.06237440277302228,0.16158543940560452,0.7289683693654302,0.20757914396897437,0.1209374474572576
990,Ciliated,VUILD61,IPF,61,Ciliated,-0.1920194016184267,-0.14525576297252493,0.40585699030794437,-0.029795280573332663,0.04119350245445338,-0.034648624295235866,-0.4841825430921934,0.0061157978368499705,-0.1243248556790668,-0.4917424382379293,-0.3784933501763501,-0.0178436044484616,0.1323931018798737,-0.26067530204171946,0.08510110992993422,0.419721425322879,0.6768264625257986,0.3047312341807533,0.19398027871455273,0.12002503680447255,0.36654215499360737,0.04936630854061605,0.24938653647749734
991,Ciliated,VUILD61,IPF,61,Ciliated,-0.22171580143720643,-0.37121995243059164,-0.18138361780715442,-0.43187279831654984,0.35099854688750753,-0.019638447735812962,-0.4428143307712718,0.11688679508369834,0.47792394652065057,0.7737857121421757,-0.3810895335754814,0.04597296406078479,0.21187440879447003,0.5131357301657403,0.16780815234598637,0.7145040184693854,0.04021296103048529,0.28539287797352414,0.3120014337227833,0.28904952497651665,0.8426122106224561,-0.0694437959959105,0.20038132122301774
992,Ciliated,VUILD61,IPF,61,Ciliated,-0.07321928254088945,-0.0919834268260894,0.18914474373910517,0.12574768892509655,0.0343219919520337,0.0022512767102442514,-0.6570360545361876,0.01900103929196468,-0.12794723717523987,0.14829554673682216,-0.3769368665409514,0.39907800013174277,0.122451227345236,0.19631538807551074,0.33394883474700116,0.44282122804964547,0.43044792899911133,-0.15529545007159448,0.3086419555025687,0.21000058732264004,0.5156791147511207,0.031567392151101846,-0.02521057009824324
993,Ciliated,VUILD61,IPF,61,Ciliated,-0.227575411886095,-0.2025741845136349,-0.17999033363059444,-0.9388310236515972,0.4120212782605455,-0.02105446982602924,-0.508662220670894,0.018011279955946972,0.1366393830090986,-0.08329196577991439,-0.35554475346718506,0.12762235108280076,0.13918508013813424,0.25332575061069756,0.3505190593265209,0.35825276034546744,0.5673904012589686,0.19035995366199926,0.17104283138662132,0.06659134246335725,0.5157902408605602,-0.09502449896679947,0.13658369876922974
994,Ciliated,VUILD61,IPF,61,Ciliated,-0.21375591339379127,-0.17008589305142197,-0.21011346398174016,-0.16344948564143955,-0.024159052495992102,-0.01988783363995403,-0.24912887797827613,0.055775376980927376,0.3295239611520654,0.1765532481143084,-0.6771259393907768,0.4293901781005762,0.13475836714484418,0.2221340911794183,0.32564686744411564,0.5141401479111316,0.8077974136156136,0.3501547419999498,0.45346868785973504,0.040645071466847336,0.3724331050263981,0.30775683704344786,0.2281055787714099
995,Ciliated,VUILD61,IPF,61,Ciliated,-0.13164902761199793,-0.10969453948343855,-0.3120446854133909,-0.07673110644504988,-0.007584118003430021,-0.030497010946173728,-0.3076544123542785,-0.02406631519022048,0.1654128182844581,0.12200900685443178,-0.43775389168950934,0.06645625574106954,0.1700678470461319,0.5101569996878182,0.32056859455660663,0.7521776345312762,0.561552951350102,0.10830029284037883,0.10114109772392399,0.1822614835093718,0.5627567337027017,0.0939180925323992,0.13589567672736177
996,Ciliated,VUILD61,IPF,61,Ciliated,-0.10387563863469677,-0.31215682794332755,-0.2687026154555689,-0.18497473496869601,0.1689063317010382,-0.03430354998136817,0.22145867697323865,0.05178786286040939,-0.027524364496823606,-0.00901929218411552,-0.23884479643021006,0.011896977349965213,-0.01648546019345026,0.2731809418497511,0.20175885293072782,0.5499230506163477,0.8009863216231005,0.19264813474035852,0.315803922007694,0.16317548147437042,0.3054628712698186,-0.10048322976398194,0.16298290881653213
997,Ciliated,VUILD61,IPF,61,Ciliated,-0.22056023440464861,-0.37577653896172375,0.05947430824124965,-0.0816559088243044,-0.04334669050432538,-0.030003445929774337,-0.653503552830983,0.0192756295646914,0.4593537038158099,0.3137769011748287,-0.233753846783658,0.18128990872535367,-0.008107043549902226,0.4157517103140896,0.2474557483447472,0.8552429899426842,0.7208579477123342,0.14257546699712179,0.27986268946222603,0.06930655551836096,0.5218141272397963,0.26228749357958253,-0.013813935468509966
998,Ciliated,VUILD61,IPF,61,Ciliated,-0.19236600054461714,-0.19711414800702937,-0.23999835658230995,0.1854221499153291,-0.16827282243325642,-0.01662253956007806,-0.5850642599908888,-0.04513171340051272,0.19871233114469272,0.006818639808456051,-0.5434118595636591,0.20835735505241096,0.1974825145382137,0.24239497505933938,0.10001007840100776,0.3018357234095132,0.5075094897692057,-0.1106275783535978,0.11280267073238064,0.19272507111310727,0.7457479310316328,-0.04890759975742061,0.08832444685532863
999,Ciliated,VUILD61,IPF,61,Ciliated,-0.09537775020739529,-0.11350069511246462,0.16034432464392692,0.2085968493345961,-0.22915969640720235,-0.028670270583642674,-0.19130302380192818,-0.03709466531292621,0.08468304114237081,-0.4414869003070738,-0.20190809492704878,-0.22483788757709774,0.14630130606562997,0.05845946600353678,0.23458179912739352,0.47182391078854813,0.2524248492116231,0.03290857249062992,0.2864949159482956,0.13456021052633163,0.7348480363222952,0.3210311870531107,0.08205655978029967
1000,Ciliated,VUILD61,IPF,61,Ciliated,-0.28264497715676373,-0.28887417665826065,0.05036827584726071,-0.5179676000951724,0.21382477594284202,-0.0013361814291836544,0.13055195792356142,0.14324670958326446,0.0004818060523119321,-0.2647727972486314,-0.3010617312531268,0.1729553882848472,0.2106736550756534,0.02046171102094477,0.18338915678012904,0.647824129176297,0.356817971514845,-0.15177890450617262,0.22319238718724593,0.2533793755517432,0.7359053707621888,-0.0464617685342234,0.1565798296322503
1001,Ciliated,VUILD61,IPF,60,Ciliated,-0.077871709389299,-0.11612427039079075,0.01487625182583472,-0.6418496331225098,0.06826231636901432,-0.04294515257421173,-0.6843206403190173,0.08471577913167247,0.24294726357311514,0.18879092949724374,-0.24089877318936262,-0.03188769251590946,0.05320331505361096,0.3608487983267614,0.2659472999106399,0.3770733787656724,0.5868300063455022,0.06964254349987087,0.1686453254352819,0.08721509428225313,0.6306960366745533,-0.007366652641484526,0.07746794965829937
1002,Ciliated,VUILD61,IPF,60,Ciliated,-0.12670941493053756,-0.07169658856865395,-0.12738126284261564,0.09086908012965365,0.01650753434129365,-0.018814322571787657,-0.30784640612267355,-0.050667894426912594,0.14141818274751422,0.24149908871620532,-0.04770270837872943,0.24446227592496197,0.2585606449835794,0.3967900233931996,0.26164120047174183,0.39061045909080266,0.547690665151472,-0.12482405441959359,0.01863260353660939,0.01615644963291943,0.5551223168566193,-0.04996991691688054,0.112351841901904
1003,Ciliated,VUILD61,IPF,60,Ciliated,-0.19331373219150388,-0.0815610058604868,0.04505337030965126,-0.8255980168600734,0.05245855544435011,-0.02270680010540523,-0.3083868977817322,-0.052430696782202045,0.1975077496833925,-0.123718720453315,-0.4509428764663405,0.1459976741442716,0.36726828169220377,0.4510180799303631,-0.10318094961152426,0.4241091136188836,1.1487716631531526,0.14877076213626134,0.31562670904546325,0.177585245181826,0.36055643262022374,-0.276502179698304,0.009089428331620332
1004,Ciliated,VUILD61,IPF,60,Ciliated,-0.21748253822814392,-0.22749479421395705,0.14408562985681272,0.31653088210151853,0.4613515299414394,-0.023174918774821956,-0.2597643938526881,0.009134697335037571,0.5059235543097862,0.37850021612567974,-0.2138342770107831,-0.3570499171712139,0.39803609054911615,0.1821356226632815,0.1325248608076532,0.16096495295141675,0.9881443822753279,0.2765303888696026,0.23702871853600005,0.1832911112455143,0.6258045528159699,-0.039551651447497456,0.0367742459991611
1005,Ciliated,VUILD61,IPF,60,Ciliated,-0.2562549552667999,-0.3325762401175675,-0.059026522250112165,-0.7849253943554304,-0.06385723576403789,-0.014742577294324538,-0.4755477498281203,0.03138179002170948,0.1152021363965421,-0.32850249619317684,-0.2892088139027095,0.5003633762243255,0.06019592996502047,0.4618859464059551,0.3975303788467545,0.16484541743614134,0.5874702663489458,0.05773669580891923,0.3981980142788134,0.17051894800660997,0.6158057111244257,0.028832178130304146,0.1237754844259431
1006,Ciliated,VUILD61,IPF,60,Ciliated,-0.2554297027702499,-0.16754373639435288,0.2585553484727041,-0.2703842019770952,-0.08697801417127844,-0.0019907424265589585,-0.40377034431931763,-0.02905390779831335,0.21784636277911695,-0.08228765370941928,-0.20834566268224994,0.08624413831767308,-0.05778167683753508,0.5974334207877687,0.13547613402478068,0.5356463763602656,0.5942897373380637,0.18135461728572483,0.27901795667264895,0.2468208186750747,1.079597414946651,-0.1194820771765192,0.15493831427134908
1007,Ciliated,VUILD61,IPF,60,Ciliated,-0.17526210443110427,-0.20721072206509064,-0.11799393439073944,0.06618047355295774,0.1804443077084829,-0.0058180552199200725,-0.38288028122166073,0.03319925913240987,-0.07286087780399077,-0.06545382893351956,-0.5346697432853854,0.055267723924419095,-0.1427254358945511,0.7741821837817019,0.43090016881618315,0.3222780107997344,1.1960038082318982,0.20814947265878386,0.2518953804642659,0.05362248560093844,0.2137202189573365,-0.02413918225332409,0.06165819738950044
1008,Ciliated,VUILD61,IPF,60,Ciliated,-0.1474912160814527,-0.26914195465595875,-0.041663841256285944,0.20216776775574788,-0.14497310001592909,-0.0194979308217684,-0.4473977209360178,0.022415449593632265,0.1877399587520504,-0.21544834747071598,-0.1409556417492743,0.019589744425466335,0.12166275163408458,0.791103451842992,0.23263663198685028,0.4075463980851663,0.590706210908083,0.05421940336565123,0.3641623075927685,0.10957760818100326,0.6222691221954219,-0.019372994967362965,0.1174645956679117
1009,Ciliated,VUILD61,IPF,60,Ciliated,-0.3164976087092437,-0.31031115662109504,-0.14630345377891135,0.10891372954289709,0.2114616679900656,-0.032693028677188846,-0.15474300969589674,0.030417854530135534,0.05955045311771475,-0.0716681450299018,-0.44946882806636607,-0.019578784574236438,0.3654332956574128,0.5232163491171464,0.38482318790455067,0.21818742880078373,0.5184554838433877,0.025907236418385878,0.34512210341886274,0.057683255954818706,0.503791071783564,0.20388900817305056,0.1464257337671058
1010,Ciliated,VUILD61,IPF,60,Ciliated,-0.15997628182408083,-0.08497701790891887,-0.45153058000553825,0.16493713311288255,0.05758473627662726,-0.04373055945996795,-0.3190526924509348,0.05755330372555644,-0.12861596488712237,0.12534982117943516,-0.1447864479790373,0.1394485469597364,0.1288329464247077,0.7630134612517885,0.1528619244665365,0.5029339244295419,0.7341037868435158,0.3011402911684149,0.22135145794027772,0.18412591035648274,0.3660365227720777,0.09108095399472323,0.13603510595382018
1011,Ciliated,VUILD61,IPF,60,Ciliated,-0.09785031563990951,-0.10980387340503883,-0.22749970758754146,0.5249332348041558,0.1587075647931697,-0.024202119958424494,-0.3187632984697163,0.03758370619052446,0.0020882838776753714,0.17661297050896424,-0.22351996174148883,0.21883607275140288,-0.006343049854764315,0.7680548076625686,0.3037860174144826,0.35915312086707685,0.154939786061087,0.2291057964440909,0.40166572073594575,0.17964008702390807,0.07053645247914882,-0.25445712493736,0.04767903922430392
1012,Ciliated,VUILD61,IPF,60,Ciliated,-0.25883182048512415,-0.1150932452777616,-0.4655442121760501,-0.27515591668546835,-0.1077023225545115,-0.036534434613654056,-0.467546392259933,0.0360158171120678,-0.055714154887686496,-0.14511973777903184,-0.44934626152308105,-0.26271296745599226,0.1861852073338991,-0.0745550869442777,0.2657666980523107,0.14349579770011522,0.5771219665387339,0.11511638145251517,0.29081002238120074,0.10768089468692293,0.22179378820646656,0.1911569332577869,0.11742634249337122
1013,Ciliated,VUILD61,IPF,60,Ciliated,-0.18791506272996086,-0.25825203296174304,0.2214402122929618,-0.19050723771436692,0.3657772631135161,-0.030962088716924845,-0.0677397083491487,-0.0028373589873265407,0.27553832150848995,-0.37717277287502043,-0.1470269722473081,0.5066262650658909,0.1870780838732462,-0.02891968862822638,0.12163117277139272,0.49687755611359535,0.5325808874452397,0.18569757844240667,0.15959280530244538,0.07259890386180548,0.5423554017469981,0.14296253147996577,0.23325969099893445
1014,Ciliated,VUILD61,IPF,60,Ciliated,-0.19203289426781198,-0.2452757695248345,0.1794352791486062,-0.08377796065168755,0.22308654717854587,-0.019050138158350587,-0.5964262352978773,0.05101287764765721,0.3864752441518212,-0.15990549447200184,-0.34890341971278144,-0.3344064382075126,0.2238751086867285,-0.04315805456854434,0.08243504127090931,0.40351984194367285,0.38784409883195886,0.00018912416711535946,0.023515541178900177,-0.027949284338630302,0.7649471336438213,0.18163971386849942,0.04088059315792424
1015,Ciliated,VUILD61,IPF,60,Ciliated,-0.16314912579391744,-0.4664983047333814,0.18262190243111426,0.14475524253438246,0.0768711908020758,0.007840703875345845,-0.12962156881111306,0.07123942366047104,0.35606987198493606,0.2669680174218447,-0.1131019742391733,-0.11685916435594979,0.2762407567098082,0.03964384524268603,0.16968220880546706,0.574578179983386,0.1754541803800444,-0.11478995612478253,0.3120183711150411,0.12024792327526404,0.5834880207477714,-0.03802718207759435,0.17780516498240545
1016,Ciliated,VUILD61,IPF,60,Ciliated,-0.10894113165737387,-0.337618044514116,0.12032856900121777,-0.2913974803147886,0.1149919649482603,-0.030052889244530277,-0.04436551950105146,-0.05958930233597681,0.2153196374074622,0.24400405202977896,-0.6003165946671211,0.3186265989814765,-0.13512952155265984,0.46582612172395166,0.16844091490877883,0.3036911874433763,0.8463763155312982,0.08982322631701647,0.3009405643586231,0.15609648877335322,0.38275026302193876,0.06434135339965287,0.13626108285898647
1017,Ciliated,VUILD61,IPF,60,Ciliated,-0.30636185215014117,-0.3543087313454451,-0.0888005777197423,-0.07176050079125659,0.00827892107856105,-0.01834329046129816,-0.522576407701017,-0.048182825906226814,-0.20603805994124091,0.2779284941499818,0.07708848037282189,-0.0672400978456317,-0.41148368493328846,0.05420873988902548,0.0636479761266121,0.48253756680549376,0.8854117650200518,0.08235899603833806,0.2527696506005863,0.10305165184399216,0.5593262366196271,0.2723874761137892,0.15958219108204016
1018,Ciliated,VUILD61,IPF,60,Ciliated,-0.2074999811426336,-0.041420327097725376,-0.08602378423544198,0.07282840376415049,0.0709033197652238,-0.01083550584595204,-0.8948272992481561,-0.01147125035205375,0.23197041530578977,0.3764488051736879,-0.22483667962774304,-0.32635021589260016,0.20058206675498516,0.40006455382166595,0.2452527763529262,0.5852887366527735,0.7892501016255862,0.2686666947498426,0.22154929485321295,0.015480955034660848,0.8665325765889785,-0.04400141520389805,0.01928298938567328
1019,Ciliated,VUILD61,IPF,60,Ciliated,-0.2641025616849951,-0.3224149119868797,0.02432430788067038,0.3266400907083902,0.18057869497521084,-0.007526318840926641,-0.4521964881537687,0.09327273498094371,0.020209180747418176,-0.050397394536568836,-0.28432298512169857,0.5103968898171021,0.30142235557702,0.6649318851079955,0.576231420964203,0.31650816988475344,0.38192192143585774,0.1916818058092472,0.3222673230138968,0.026735312956413647,0.1612597237598058,0.11718005191280001,0.23409117418607378
1020,Ciliated,VUILD61,IPF,60,Ciliated,-0.16374543424598195,-0.41371473717311025,0.1434255435772823,-0.16515612896310267,0.03597428820262229,-0.026103438332068067,-0.23246853330980807,0.03366100668535948,0.1921737790993531,-0.3684244079826368,0.07973593018157238,0.07578856493499843,0.2361467959484963,0.6777704383894534,-2.644165659606776e-05,0.36744505350837253,0.7171433921104617,0.06662744091515467,0.19678162886104,0.11511017690214675,0.8025589499693329,0.16123471372554019,0.025169403535456575
1021,Ciliated,VUILD61,IPF,60,Ciliated,-0.12741343160660193,-0.11452738997621471,-0.17110945422635074,-0.8691982727463593,0.2735741518916722,-0.023838306449031003,-0.28409898026274627,0.04438811523759934,0.4912971208028339,-0.04763161851713528,0.07722974076594875,0.07710386162849428,-0.03136449208042595,-0.002028837884584858,0.2960678920958488,0.5098216636656142,0.5061239786224645,0.23019021126687678,0.3596212218534329,0.13543673763504652,0.758540908022926,-0.1946354653942461,0.07958222004273338
1022,Ciliated,VUILD61,IPF,60,Ciliated,-0.17595069857428525,-0.09368106876961027,-0.14336454108322944,-0.18590389676469926,0.0840922480601443,-0.017156963613816675,-0.68725808872892,0.04400480588629984,0.02093631090716641,0.11043533844442968,-0.455979614123296,0.41340698800562803,0.21793778514805168,0.5843126683502216,0.09699506223966738,0.13378724262109937,-0.1996831197886397,0.2637754033417052,0.29614417562258305,0.14916520501060612,0.7491859402884548,0.10031120562832145,0.07535813130570337
1023,Ciliated,VUILD61,IPF,60,Ciliated,-0.3628029827673245,-0.1996591225805111,0.1052439910621063,0.06430788828550064,0.10370416890336376,-0.03123836926869205,-0.6115003527870831,0.08432765105189147,-0.22054169992212933,-0.010220412853938134,-0.2589108868241719,0.08507688872227527,0.18124803031366732,0.5447000141090099,0.29239815180232576,0.44257814225756564,0.7994262360991106,0.06354929019229569,0.2060172386979659,0.3162505552546376,0.4500017030094289,0.16378343406780502,0.049959095439311055
1024,Ciliated,VUILD61,IPF,60,Ciliated,-0.09825256217215433,-0.11174324756449722,-0.24749810381694196,0.1471873705943612,-0.13560302343809535,-0.019387231804528837,-0.6059475087643623,0.12144415128605457,0.01574636505358193,0.5021546219583473,-0.42090367091338754,0.10645120528253622,0.5078909885973157,0.16422570942103573,0.43326223593147334,0.2910149596822584,0.15003990778871626,-0.06602930506697914,0.34224489519562507,0.20803714114596764,0.7412004198646738,-0.01668093045640008,0.10475015091241502
1025,Ciliated,VUILD61,IPF,60,Ciliated,-0.06132439860676978,-0.24650474125388086,0.3548406534409746,0.23084467519822988,0.05517618407806451,-0.008630096696168616,0.19575572841055333,0.04501727027783927,0.248059781799724,0.5014921724378038,-0.25541979884111193,-0.027227513808688333,0.17193524043698555,0.4833805560589115,-0.02636125978354147,0.2990531464796535,0.15367864467624076,0.10570852438150101,0.17551956706484245,0.28157111943699703,1.1215564904585145,-0.5474619024841573,0.22149556484092242
1026,Ciliated,VUILD61,IPF,60,Ciliated,-0.13223305141241357,-0.235081497285015,0.27751729459294866,-0.08747164266406905,0.3734240221944042,-0.019433922860110336,-0.06248107476411872,0.021854930169615795,0.40255413861441697,-0.13087728242600977,-0.042610432650859134,0.21193584765326526,-0.05946720675390415,0.5662804364632628,0.1694178792193912,0.4469386031101729,0.622614819385633,0.13338350735017607,0.38720728737805615,0.3111817984370773,0.4727913543782637,0.22696519452255887,0.09026421569617213
1027,Ciliated,VUILD61,IPF,60,Ciliated,-0.27578231993467894,-0.20107593864997259,-0.4078785756446344,-0.17521975037049628,0.19878973177442125,-0.01874716804011593,-0.6833230230607601,-0.004859905878256908,0.04835025485170473,-0.15465315471302404,-0.21222217291516193,0.07017457440738707,0.07315207143466723,0.07923538815564979,0.339167016480303,0.34784693302619535,0.6979904575551612,0.2967989679273261,0.25955301700706623,0.11863855722880665,0.903301940389025,0.06933378812165238,-0.1513607127577171
1028,Ciliated,VUILD61,IPF,60,Ciliated,-0.040743095040806,-0.07572029710843022,0.4784567201485729,0.23645189498733707,0.17515188319638011,-0.005217590364780106,-0.2716085133022274,0.045742167380160834,-0.039834692191785454,0.627192007247328,-0.20822991777748745,0.43294058071654656,0.23185549178722736,0.202887011926957,0.15443574994442905,0.38014866058333663,0.6916589359514355,0.1902459858585649,0.24972550125107734,0.169995204241991,0.8667930808541441,0.10461920890141521,0.15831446044875996
1029,Ciliated,VUILD61,IPF,60,Ciliated,-0.19529911793135352,-0.2671894583185397,0.31462744568323736,-0.10382496422483845,-0.07734852402336609,0.004446961741999134,-0.7342345635794594,-0.01833971629643781,0.05344770870384161,0.2340171440476732,-0.195490534193058,0.1246744008964616,0.1522705051738115,0.3014837905565921,0.26021019943734636,0.20615100667639216,0.8275473612006585,0.09488113725425772,0.31546095670464575,0.030976642901839664,0.28056899465575513,-0.204077791398448,0.02850656749154526
1030,Ciliated,VUILD61,IPF,60,Ciliated,-0.17795497018318868,-0.09425333475252777,0.11073586787701227,0.13379524195907455,0.3044241086960615,-0.04346696190189094,-0.38582456298447454,-0.0017312246753224333,0.11666827706167752,0.19666561011519776,-0.3890710007328606,-0.25472592951570794,0.3423723762737335,0.4960427311047331,0.1656541479440447,0.44162943538262717,0.09534163281462786,-0.005541851414065901,0.3390136815195092,0.3329556435942298,0.626037372772871,0.028477034629158442,0.07210538449601726
1031,Ciliated,VUILD61,IPF,60,Ciliated,-0.18592208521252473,-0.18960061406990028,-0.18449963176318124,0.4175352725959457,0.052806202400224274,0.01218587671436996,-0.46925395594887875,-0.0017917365110532157,0.24117151649811047,0.37398061973970553,-0.30410933254448197,-0.34357497864740094,-0.04192036960768892,0.2704009827087978,0.12504847539153074,0.3783277501621453,0.49472975419175774,0.1908045815474236,0.43313719656557864,0.1653080769745082,0.821202731633059,-0.02875277471031495,0.0735538175118104
1032,Ciliated,VUILD61,IPF,60,Ciliated,-0.28816309789269506,-0.3880905334913178,0.2349323330974577,-0.18249831206175524,0.2126651535128181,-0.006109457755806938,-0.21053109013754798,0.04135358553935067,0.1121369764645385,-0.3742084368730274,-0.5057324123352565,0.37850218519978795,0.2393864360916094,0.625427231409785,0.15869585549034906,0.48880443033172544,0.7514987914311491,0.04597531797847533,0.29768547500929476,0.14792716479216528,0.7057364275926337,0.11612385476106422,0.013493720524733605
1033,Ciliated,VUILD61,IPF,60,Ciliated,-0.16870226270744162,-0.23609047271843883,-0.14579843109418242,0.1690947530398186,0.007876399072150276,-0.04510259251212403,-0.19820127311917704,-0.016646572672456623,-0.024775396034944164,0.2482704521197399,-0.16004339434369583,0.16295885505814295,0.06084453970060572,0.004066060036577216,0.11501173303815963,0.42067765061635815,0.7805151618474563,0.014618231389185842,0.40859944755098976,0.25492905878804795,0.587536945783162,0.02463253452087869,0.11198627105770903
1034,Ciliated,VUILD61,IPF,60,Ciliated,-0.15339866382010608,-0.20706409102125897,0.11792266926030845,-0.3915389635464308,-0.022597124124999417,-0.006904602119408466,-0.19468762982225202,-0.05242780136264737,0.21578586746607187,0.10515445897849796,-0.6535042256038325,-0.013205908075052772,0.36831488778377935,1.1065995293146524,-0.03433680807225761,0.4136449857405529,0.12362077284806383,0.07383068692256482,0.3342668836594078,0.1591752451434945,0.9376923110787367,0.2625750673254767,-0.0805196566815587
1035,Ciliated,VUILD61,IPF,60,Ciliated,-0.12146357805736642,-0.03925587733024982,0.16334133654209218,-0.07121069337935287,0.19827570239901365,-0.021890841980579362,-0.4337830868165259,0.01322474033401145,0.3643295154609069,0.42059258436487745,-0.1390803512178045,-0.3824947329548717,0.2692168287119767,0.41462620606389716,0.12645452088074594,0.5027142461400169,0.2622822400690088,0.1535515173539479,0.27612078553651914,0.03805762018826917,0.7390394755503475,0.20240794022288017,0.12459308028747651
1036,Ciliated,VUILD61,IPF,60,Ciliated,-0.1435619121900051,-0.18001527226333844,-0.3233825303682429,0.36446269459451586,0.02039342482265808,-0.02893486584043537,-0.13229178086133467,0.05829675859578141,0.2873514484073713,0.12332165167199402,-0.19147093584417976,-0.12171105245945796,0.19148431519872322,0.3956693918954694,-0.04440467459212419,0.4555564503840807,0.9535945123057278,-0.0012111632680119437,0.4379355672368156,0.03637867498837787,0.868238915128361,-0.06356640955946691,0.15396755650086053
1037,Ciliated,VUILD61,IPF,60,Ciliated,-0.164951292278641,-0.26886963585592194,0.03157614380902464,0.2687599599890537,0.14823902292738875,-0.012966391915866595,-0.34452902278582265,-0.028353084213565458,0.045338317167115255,-0.20247294016168169,0.02547773222628569,-0.1699477800575564,0.047696817083223826,0.2831176206253177,0.25893730111485186,0.5342684005128001,0.6308465585680482,0.4477509737807802,0.39457070720007553,0.2661153692788062,0.48471829114630993,-0.05851967617039641,0.19595449733573925
1038,Ciliated,VUILD61,IPF,60,Ciliated,-0.15384610992787473,-0.023134809331580443,0.282820954559589,-0.2548572846675333,-0.04960717793043326,-0.019642083434368487,-0.5631837493469936,0.07514766568800063,0.22375728837264494,-0.20996443581224689,-0.019888572403217876,0.3390707428717867,0.264660173603223,0.28325530353910583,0.3702969619172556,0.24229928082091756,1.0905440900630834,0.2698941641951967,0.40095775810770035,0.16493169891832962,0.7564759414834848,0.1760139071172598,0.10477413394099891
1039,Ciliated,VUILD61,IPF,60,Ciliated,-0.263798282386678,-0.03875990894348038,0.03397941058509478,0.05896355598341504,-0.06381145144391169,-0.036402058718072595,-0.18137197293682097,0.03240327091389366,-0.007277978898114533,0.364542324741157,0.023473152048410852,-0.07957295464136306,-0.03339431663392331,0.6897866159054351,0.17232899531759752,0.5251212709749485,0.7178331111947434,0.21351818551449087,0.1363868441062185,0.07271885930304255,0.8790426625887467,-0.05197951134431592,0.01608779695759515
1040,Ciliated,VUILD61,IPF,60,Ciliated,-0.22287555947340412,-0.21501427855589753,-0.10092584227426818,0.18217141299566558,-0.10599204737776506,-0.029134581739582,-0.6333606246509026,0.04270717299470657,0.3326935485740354,0.09028922660533059,-0.19141854074531567,0.1295708441129458,0.36341765247095525,0.5026498536176407,0.3276139077080297,0.5251062050027906,0.25893545356841446,0.07947570177753295,0.3871762605563351,0.14783250858334102,0.15317331904955356,0.05020932808043725,0.03748267487319898
1041,Ciliated,VUILD61,IPF,60,Ciliated,-0.15364829292402135,-0.138855452565852,0.1156767912810951,0.10249710753619702,0.0058799871523065855,-0.02164386351147417,-0.1777355575736543,-0.018122331954360506,-0.122366264161523,0.05071668116503654,-0.29559732948324263,0.09405492495471027,-0.05173793587169901,0.3984828581578374,0.07708163299302326,0.4007012372789029,0.5481265898971934,0.10370487423893308,0.33510972115315907,-0.01563083655360288,0.6144782196709092,-0.09192073345676273,0.008654649574465975
1042,Ciliated,VUILD61,IPF,60,Ciliated,-0.12757297211355728,-0.3212842333460556,0.25205194127658376,-0.004057672042761525,0.14501477098377874,-0.01788778675807208,-0.14878459087166832,0.04997218887673005,0.058772204135749455,0.07079301364068245,-0.28710617384309545,-0.03853157872777789,0.20115346246391652,0.3050078183064353,0.22649343060266064,0.36379092079696335,0.6444085998367513,0.10155988528716596,0.2090649401605097,0.25964184018916064,0.21730309373212264,-0.0039295138563470704,0.19370349119789057
1065,Ciliated,VUILD63,IPF,62,Ciliated,0.1680373851126794,-0.12860744447706166,-0.3710327599730242,0.3578680553875056,-0.04946273071105664,-0.03249912964581291,-0.5455936448017177,-0.01606750625685102,-0.2238218168316852,0.06445876517204348,-0.27255572307024867,0.4644026176701731,0.20874135689709017,-0.37986957387560066,0.3312098430472333,-0.24672263888379728,0.26943962396647925,-0.00973058697343462,0.33686050142423346,-0.17285710926922696,-0.06330463601376525,-0.04354439616316442,0.2686790390438245
1066,Ciliated,VUILD63,IPF,62,Ciliated,0.055487748942125825,0.02686676215824968,0.5942251918377403,-0.0416462560652647,0.0708044048190154,-0.05841280915733199,-0.3149853597559807,-0.008746938623003221,0.025724166174836888,0.07647502708980132,-0.3626644488004896,0.6428290436449194,0.24621063290449818,0.05230344094026688,0.24446254965368036,0.05897849799672822,0.35934100254583995,-0.03529281377187861,0.33379703161027285,0.0847055676069016,-0.2876920546512834,-0.06043630940644504,0.22505016422820875
1067,Ciliated,VUILD63,IPF,62,Ciliated,0.09062576935141879,0.012501844896523949,0.11470305107216763,0.07459162839980123,0.13595726089253213,-0.025631915639809003,-0.62604782837556,-0.053471098943000867,-0.051673035231972364,0.5072039951646581,-0.0383561553307985,0.6922978240493334,0.2566712834929791,0.5373321643620182,0.12951091550054847,-0.11729901328960243,0.39841256012322546,0.019674354731397847,-0.08338815319369164,-0.25238048253414885,-0.3825179110948184,-0.1521934486123908,0.10498892031924942
1086,Ciliated,VUILD64,IPF,56,Ciliated,-0.42710258467332,-0.812524468751162,-0.1479235893879563,-0.20133925099208091,0.1851346279595136,-0.026108274894783998,-0.24805606581298592,-0.08922169689749918,-1.4205296555991471,0.20370120757684365,0.1695071213024031,0.12205972737802333,-0.020731703780748217,-0.4234824222682109,-0.4342369474698966,-0.5203029227191759,-0.04089283597442338,0.118584330544603,-0.6692150517251951,0.30098797615787193,-0.40162069619036633,0.05026767056035668,-0.6050869555810708
1087,Ciliated,VUILD64,IPF,56,Ciliated,-0.5679253938405325,-0.609268515872698,0.030424869307088015,0.9116722684784361,0.009268521761304617,0.012925621345508242,-0.09486120643795483,-0.12267164161510391,-1.3069698019570017,0.5506282462843397,0.0733928603054145,-0.006727261155883056,0.06923524784570992,-0.6360344948607652,-0.8136885602011723,-0.7992105574282631,-0.5028831178713574,0.26106315900352306,-1.11340066271769,0.20221345139167538,0.35143195612942185,-0.34780142967910066,-1.0860115117921822
1088,Ciliated,VUILD64,IPF,56,Ciliated,-0.44550578752242187,-0.6704533212618968,0.6003699059141385,-2.826887728373159,-0.1645045093502888,-0.01836279990095709,-0.29682537348791654,-0.18377788756010965,-1.007310429558459,-0.5003560571527883,0.13001526734040844,0.04559482357709728,0.0385576484340607,-0.5217190952160603,-0.6378823873757155,-0.6317588598664282,-0.4012998104857547,0.3219250918314201,-0.9817193562843183,0.23341940227158833,0.16412070791245703,0.04229646798123362,-0.6795481301584942
1089,Ciliated,VUILD64,IPF,55,Ciliated,-0.4589388641844574,-0.753689252431804,0.04165827005722706,0.6265997320598234,-0.11108191032012633,-0.022890450601774595,0.7129826264421929,-0.020883803333586325,-1.159655917923708,-0.07141908765507701,0.09010794683980586,0.5946456593782673,-0.18004782578467815,-0.2992612234268517,-0.9482291216639732,-0.8226055270230034,0.492910084834092,0.18146857105858855,-0.9760781986586968,0.21523860033891204,-0.04383848891158561,0.19056487918028808,-0.5162821267839303
1090,Ciliated,VUILD64,IPF,55,Ciliated,-0.42720605436573456,-0.7374011507431454,-0.48646148321861593,0.7851186598765012,0.07419669646606954,-0.017025566149114425,-0.17849014341519462,-0.17153766752847643,-0.8842181044278374,0.09405303486824196,0.126221783987707,0.3802027985814828,0.06501461623044505,-0.2840398087873704,-0.7039030946959477,-0.5536780865004451,-0.2617450494443149,0.3352912293189712,-1.1608182470642794,0.21180615103230943,-0.7830006795110377,-0.4311877834229365,-0.3350414472843223
1091,Ciliated,VUILD65,IPF,63,Ciliated,-0.15234330431596782,0.2175879970828568,0.3384468646868265,0.4167121199078059,0.05606163718525267,-0.035266776032993344,-1.0337061852667202,-0.0694198590990437,-0.5016876820222154,0.4293593462895236,-0.45327777682587816,-0.03209771393048633,0.1985022072973785,-0.23086445443168715,-0.17703509239417303,-0.029102411718204605,-0.7926824648241021,0.4438339114941158,-0.04669810757412243,-0.14404912587549432,0.18390273036797097,0.00042618374208364465,-0.018950797305933978
1092,Ciliated,VUILD65,IPF,63,Ciliated,-0.10378460620520674,-0.15653017005335687,0.09814365769706938,-0.23455337550521987,-0.07210504476088786,-0.017733747323700904,-0.4507722174685688,-0.08363720737817282,-0.7290896334817408,0.10518470649020648,0.08528317115110154,0.4589655093812899,-0.009752846296855414,-0.33344257090343493,-0.3114639040511427,-0.3615425200682604,0.22921760137173475,-0.12931169535325635,-0.07114672398407798,-0.09264366355740956,0.46355236030613994,-0.20851454241249864,-0.013256650971491493
1093,Ciliated,VUILD65,IPF,63,Ciliated,-0.04155374085622514,-0.27257171677830005,0.014126813697194693,0.4316102304972041,0.37865084649345215,-0.02778595403820204,-0.8639410954192005,-0.05386084241641783,-0.3314212919925052,0.5133067923197233,0.09716476918485666,-0.06379671381762128,-0.2592480779197064,-0.47086465726122717,-0.1301222297570026,-0.21783570791658724,0.378605167487895,0.5677542111892725,0.17263188519432007,0.056598008040855345,0.3926178411931227,-0.12683434380009367,0.09343053662596199
1094,Ciliated,VUILD65,IPF,62,Ciliated,-0.1573661562240038,-0.25313922181647813,-0.281823190873289,0.526461580680552,0.3142973419351633,-0.025239915877876412,-0.2857879944619631,0.015221201077435027,-0.4135957475033879,0.2382269235151847,0.12385041466009551,0.44484634214939023,-0.08286243484917202,-0.0011913102107210189,0.012132680200917147,0.17767733167009891,-0.1778232806835266,0.5898368820550061,0.1647037526044295,-0.07132070756072165,0.3744609327185139,-0.09116077532536362,-0.03510941678557033
1095,Ciliated,VUILD65,IPF,62,Ciliated,-0.14915088378615785,-0.4405707510965693,-0.019499698177076048,0.39202030954473255,0.04654952096261818,-0.01812391766851947,-0.20011069492706834,0.1074156981216772,-0.6530188762399903,0.392660042820642,-0.1684157214489256,-0.1368542085096714,0.15421853576958092,-0.677264739039739,-0.0708884165027561,-0.0919462053329522,-0.551280497991338,0.32937346899117315,-0.16656405397384488,0.11707281970777497,0.006761522206488309,0.15037085296422198,-0.14625072292028188
1096,Ciliated,VUILD65,IPF,62,Ciliated,-0.14789000175621522,-0.12242333607639914,0.2825120827333608,-0.08451635999442399,-0.10444303722862333,-0.033546515633872016,-0.4128749136126243,0.0009451187607720513,0.10077226809503355,0.7043275234169539,-0.14169518036873896,-0.10976382084418194,-0.04111715900053072,0.0015389082939416187,0.13940561317081637,-0.3749605568820949,-0.06339838307797303,0.2921543860436946,0.13644898006005826,0.1001824429394097,0.2608688562976847,0.22622375790336594,0.014020828704710879
1097,Ciliated,VUILD65,IPF,62,Ciliated,-0.2744838687812368,-0.3116470754173558,-0.17622088672760494,0.4563599216108674,-0.0851050714975872,-0.024846909700949053,-0.8756699709788396,-0.06219836328878712,-0.7585134386127679,0.031487717422934824,-0.0919158755720001,0.3436242385327345,0.06484071627585317,-0.43818047686579703,-0.076842407832707,-0.1481929328496898,-0.46003206137365166,0.2918636156086696,0.0572402939469297,0.11291422207331817,0.3707895000191681,-0.050689297434288634,-0.09081019959562692
1098,Ciliated,VUILD65,IPF,62,Ciliated,-0.06306838465821897,-0.26148044212946775,0.18736824651122416,0.3848603072647431,0.1985264451471817,-0.03666251272479364,-0.8654581598992329,-0.018947241088844338,-0.7141078259696408,-0.09321908279793743,0.09532746095363949,-0.19723101511251295,-0.08020619317190944,-0.07230477547207015,-0.002899276804983069,-0.18111742090522706,0.5949581512268706,0.3133855967337235,-0.020734083203918525,0.08123097942899253,0.6161351464044938,0.22950688338695255,0.09815553537970158
1099,Ciliated,VUILD65,IPF,62,Ciliated,-0.14821485991691766,-0.36695374455755914,-0.12758006415450532,0.39787165843984174,0.1617654642505064,-0.028958522229396245,-0.44722837303017404,0.018063135123327537,-0.40063877411320353,-0.006988938866796302,0.10167631351360852,0.273478809531325,-0.127236408285303,0.10661867647071635,0.026929842195926364,-0.28566501432666913,-0.34224769286002793,0.09651731392221873,-0.08766742252295513,-0.26847042109131747,0.48222883844948555,-0.1664725909228311,0.037866495362806965
1100,Ciliated,VUILD65,IPF,62,Ciliated,-0.03312145487123419,-0.1681152938691639,0.28854761560651426,0.3557323622199614,0.14767850289949525,0.004432423331143315,-0.413502389626176,-0.011368856245908448,-0.7020118278203836,0.9025307199778339,0.1625664601454536,-0.1967279337599874,0.1950282412334916,-0.3316373595857412,-0.09623222121526452,-0.35081952023001206,-0.45448285373546804,0.15740384579808797,-0.015600894941430903,0.15196472841855618,0.7736607777121148,-0.2502362437996587,-0.13434763361444746
27,Macrophages,THD0001,Control,59,Macrophages,-0.09814213006174173,0.01558040421147963,0.5306638431374889,-0.004185735713438522,-0.24608292910153096,-0.03524043317977476,-0.4010009752066137,0.2643267284450664,-0.011904226147427288,0.788162844727612,0.28317306643320966,-0.13345505025428875,-0.17165880508808123,1.0360544796711486,0.21509815183437506,-0.07859218442951346,0.09460691921306313,0.8074509256892818,0.10055112706800819,0.1461669181734672,-0.21201453796514869,-0.4873489712390421,0.2782344660152083
28,Macrophages,THD0001,Control,59,Macrophages,-0.22001545984334211,-0.2359651612528485,0.8527573629248747,-0.028570612150775773,-0.05782925498242348,-0.01664123085594971,-0.1810721930393061,0.14488638949636662,0.08334942668465062,0.08917445637524557,0.16580883855764728,0.0015479083352639136,-0.4022803644006614,1.0820195548207903,0.0878904920345496,-0.0019333794871613796,0.8490686961309669,0.7320913673786521,-0.16208312215781584,0.14385839590122065,0.07120496278629822,0.03228220047967121,0.20973507187382026
29,Macrophages,THD0001,Control,58,Macrophages,-0.010703756773026214,0.027566822442925874,0.5184244124511929,0.11561462275970072,0.5568156066170017,-0.008445852415779649,-0.1009620075821736,0.2017840393508827,-0.050891864886542834,0.32878203170366593,0.17630403554600005,-0.027651175242654286,-0.15918033878296262,1.2485192143055248,0.18352669858003665,-0.2425467166771299,-0.15152661020369335,0.8417345061062992,-0.11712446143571564,0.022490497092328858,-0.0921836184589211,0.09769416768711045,0.2921334143129062
30,Macrophages,THD0001,Control,58,Macrophages,0.0031434884025056597,-0.008754896170159227,0.1278940835390118,0.11873297907025032,0.03485903666269119,-0.012210700058647205,0.01624370152981169,0.14191936060933358,0.024311116460628578,0.2936124812796582,0.1651304676459647,0.19716175863722388,-0.10350589019364165,1.2916447318449322,-0.002072627900130273,-0.16963492578931125,0.18985326356606677,1.0760614389259964,0.022408188034996508,0.00936094042210319,0.30588322322991046,0.5357110562072493,0.29576274124686897
31,Macrophages,THD0001,Control,58,Macrophages,-0.027710540641717463,0.36865460604055605,0.33898626662846293,0.060004280490695706,0.031152345040531326,-0.036683882699208005,-0.1782845376071159,0.11422660165224102,-0.05635561139629091,0.38402421983899576,0.1267299272617431,0.02190394591332738,-0.2777621710957208,1.3900095533450858,0.4384230048786994,-0.04595468145285116,0.03103069448752765,1.0991911223201607,-0.1542415702230168,0.11741013567104511,-0.2356726594101329,0.05730982033602346,0.17071016042905138
38,Macrophages,THD0002,Control,63,Macrophages,-0.03974237443015345,0.5429430796132902,0.8706056007799483,-0.30954864912400243,0.11125281638421172,-0.03790607676167998,-0.18140257308230157,-0.09402296743516383,-0.26651926974268114,0.6026216754277087,0.14354124115488484,0.3727379476346992,-0.6263872231256574,1.0089863174250797,0.2695565114714334,-0.23984940858262427,-0.29765061708381946,0.7090766206533279,0.14891725313070658,0.012935011174428981,0.8812180815969728,-0.17807802042462176,-0.033739760658691074
39,Macrophages,THD0002,Control,63,Macrophages,-0.07409554777852669,0.35482818598323235,0.8210077552548251,-0.2909495838766419,0.05389805147968574,-0.031874225403910376,0.013757092304704701,1.0870913258971548e-05,-0.28700878492082554,0.04583847376053265,0.21680161892645694,0.035900126176469704,-0.13625602500239745,0.48573009966523417,-0.2752141441795577,-0.1399368879617032,-0.3975417252838163,0.41051171991467533,0.06981976079860991,-0.08999854967281115,0.7695994194998838,-0.04496917270892996,0.14778555079708566
40,Macrophages,THD0002,Control,63,Macrophages,-0.009395574435141158,0.12342450977609674,0.835312907141002,-0.272033614554656,-0.2238615917715935,-0.017772702115319013,-0.05797243229463223,-0.11958173288360477,-0.5810211993631947,0.6184396875716114,0.25902889112509236,-0.026865279313458314,-0.48619617148885685,0.3677556075212418,0.026989347749566576,-0.3915173383782445,-0.4290891279600942,0.5769779378684768,0.1559524179434302,-0.03554040920370115,0.4743032624914801,-0.03425787878915386,0.030765662035583376
41,Macrophages,THD0002,Control,63,Macrophages,0.007342227796852319,0.27021692415281656,0.9266511271033794,-0.17135577648432676,-0.4734728604969922,-0.016210805078206023,-0.11810356388571602,0.02472968506031483,-0.35574487758643175,0.7015594877473708,0.1879023090756456,-0.09653035693165861,-0.3088220225402304,0.9937790829909734,-0.1071955786602865,-0.18618631075752093,-0.5893787102348188,0.6194244313406566,0.23626460927658227,0.0421692961973596,0.6540922446674762,-0.16455063113072232,0.17036959875236654
42,Macrophages,THD0002,Control,62,Macrophages,0.009504284840643782,0.6601012667774321,0.9772837098978199,-0.43144906958715196,-0.2849852146796945,-0.019489859847965172,0.3091645415446927,0.037342821475421534,-0.3361731914368077,0.8085526171659363,0.05184573975616487,0.1035605791711586,-1.1916545892008241,0.6083415053162715,-0.289327911738185,-0.36096618749158216,-0.20476058528476873,0.45725377991052446,0.2500899167804445,0.0050167579297948775,0.8315181298911255,1.1281048336124635,0.1550440709787781
43,Macrophages,THD0002,Control,62,Macrophages,-0.06005781514040593,0.2505883545861468,0.7588434612044602,-0.1546856847964924,0.0799162346729112,0.03041713343081387,0.04536041126549716,0.0782822665079182,-0.27044312417865635,0.4994280805400275,0.06346213931104978,0.2228483396097986,-1.2472688696745777,0.5854796893082139,0.031166429582154567,0.060548208360138384,0.261283733094872,0.6324766502010487,0.10702380780098414,0.009177193606168772,0.7193023787552841,0.07731639315219328,0.24687438709837853
44,Macrophages,THD0002,Control,62,Macrophages,0.0062364243166485875,0.3715285711506088,1.1838089448108122,-0.29458745207579323,-0.11410123945711183,0.0004075943443682395,0.17961099207489034,-0.06890131693887652,-0.24662515483713368,0.6417398948655605,0.2050734425403032,0.16480372485170114,-0.8477825148562245,0.856988112731631,-0.07646383541579072,-0.008677863209923645,-0.07478359704485686,0.3901626172797764,0.24595509535484472,-0.0998251299897475,0.8910319238226908,0.8478860561597823,0.1754679042304849
45,Macrophages,THD0002,Control,62,Macrophages,-0.06869525185611354,0.3992609932101378,0.7437746355242588,-0.19835101626268056,-0.11394385300267706,-0.03257421394488226,-0.4708649006813486,0.07802776254115895,-0.3815451138993553,0.13656094777859226,0.1544559510063531,-0.012948775717179381,-0.9645503665222309,0.5904080690588983,0.09035885275035303,-0.07703431720820061,-0.151100121566647,0.5225147884957712,-0.23752430433911356,-0.05308386824165779,0.6622708331164782,0.04190986226380845,0.030717845389668423
46,Macrophages,THD0002,Control,62,Macrophages,-0.06620218021675219,0.5072974957754883,0.6947339190650497,-0.2746546912452124,0.12244545825516509,0.015622566678592745,0.10582353473794825,0.05836973700933921,-0.26993363196544373,0.9582651291905369,0.1718053034573641,0.18779480039781274,-0.5495245982213809,0.37329602824631053,-0.33084968154675615,-0.14264272589403315,-0.06090499034057318,0.7620363968558981,0.14785557749726413,-0.08733966092354022,1.1717987599424462,0.7697097495656979,-0.008936537749786165
47,Macrophages,THD0002,Control,62,Macrophages,-0.13277016335688202,0.13748832117304402,1.1215487971920286,-0.16634568688303616,-0.5596448224177165,-0.017139513365195078,0.033160508012832386,0.060351074169616596,-0.3755323639514111,0.21859996967769113,0.18018984828037418,0.21123057267903816,-0.5484312022185008,0.28324596365181165,0.1087546748074231,-0.11955030906089134,-0.6122950013761047,0.7476644645706367,-0.20754673129525944,-0.06041858678068413,0.6048410701378213,0.509700240718919,0.21989422974007158
48,Macrophages,THD0002,Control,62,Macrophages,0.040700360194369234,0.4769689877696721,0.5812526318572804,-0.1217657993709941,0.01430200820730969,-0.028340145454604046,-0.3580493559186636,0.1365716252898261,-0.003997984558052623,0.14428691682096714,0.10269278369429109,0.3188298778491077,-0.7203800582318408,1.072656759195272,-0.07778571374249474,0.24430828832432697,0.37456461011749925,0.5915460549345238,-0.06033497903215536,-0.14338303753057705,0.9065245508653214,-0.033821207196533025,0.18780803362387838
49,Macrophages,THD0002,Control,62,Macrophages,-0.16840429191124587,0.6533746677670318,1.0435244117537483,-0.20124784811954496,-0.04996360651800938,0.010898015225393451,0.16352864280446858,0.030562164206029564,-0.3329893760241017,0.2970311852150535,0.0404838600976654,0.39533876569580734,0.11724208242195439,0.3501604586927696,-0.03203487513216854,0.06423351262983085,-0.31299029437452947,0.6599223516010359,0.08805991572071066,-0.27755905383962454,1.012982683736352,0.20500766108435314,0.1937309666720261
67,Macrophages,THD0005,Control,60,Macrophages,-0.10288736810880707,0.5377108660870086,-0.03669840815864528,-0.14613582035458034,0.66177952483768,0.016296339225147085,-0.34860757134093207,0.20148352425019425,0.247918184777963,0.16307446014217708,-0.24471592904663642,-0.01375444140999612,0.5525037904889987,0.8114177727296322,0.017996975821948927,-0.6326631799442834,-0.45562044507921123,1.1545368934221956,-0.5200233651633452,0.20706226967360078,0.19952324691788348,0.6617178725363916,0.19720009353628062
68,Macrophages,THD0005,Control,60,Macrophages,0.012016007239569998,0.7789249430774712,-0.3832415979622588,0.008263318025238612,0.29756767444104737,0.011690780565860731,-0.342260613418837,0.1435048328834198,0.252422386975239,0.07282520922133384,-0.163203698293742,0.27227773889934054,0.7302413044389335,0.8546339084462158,0.119535126660947,-0.4993583025888267,-0.6627108488394435,1.3535529382049134,-0.740220497775226,0.0009270963479719114,0.6782200052879809,0.7920869064933639,-0.08371198452892584
69,Macrophages,THD0005,Control,60,Macrophages,-0.12904289151697879,0.7433543219799911,-0.056175001455444115,-0.08707344696345001,0.4070009746451438,-0.032941407887994094,-0.6047662965720331,0.13920940322877629,0.4053479507002383,0.46115293053660755,-0.09209516410924477,0.22434059337865644,0.7254607824575158,0.7028389163085117,0.19595462538208794,-0.6773473702243441,-0.2687234163316197,1.1713499319227454,-0.8871981700059135,0.2645790170875202,0.5409517784720332,0.5744737464867583,0.14052289084113834
70,Macrophages,THD0005,Control,60,Macrophages,-0.05128130437456948,0.5157893785143997,-0.09126773435347499,-0.02903805351671204,0.1957488156083593,0.03145067378806033,-0.6854055099820275,0.037436778790704,0.2420333810355026,0.33970734247154966,-0.1273923808840604,0.009197411048516194,0.7901539233066412,0.175450854446111,0.15516396742381786,-0.53350694944016,-0.4364091241261575,0.687240055935978,-0.8078726377161032,0.21479885728010273,-0.2746289065881407,0.6767826721315814,0.03835582757435649
71,Macrophages,THD0005,Control,60,Macrophages,-0.04213781846006719,0.5706265208331887,-0.479598948426165,-0.1486290629038919,0.5047418778209596,0.012914779056732287,-0.2812407481760793,0.13891775923038524,0.1124926374032066,0.12212141276265862,-0.14892537869567288,0.03373170258143669,0.5099795597566529,0.5342216795448641,0.037346864361004206,-0.7193737114364201,-0.6634350085820899,1.0128604595368293,-0.9228983380437776,0.04014470023400108,-0.3064477857100339,0.8615945176860426,-0.01100074076796672
72,Macrophages,THD0005,Control,60,Macrophages,-0.2873297287028559,0.7488462149832448,-0.3656133917408843,0.059164814056003635,0.5074981468275943,-0.013519341467977584,-0.27343173359448547,0.12913316681532602,0.31581020688580524,0.034877788036276225,-0.03291980186084731,-0.20851509521057848,0.5655980773277084,0.5976848914411631,0.11924987827067672,-0.6553504633286842,-0.27976907310976223,1.1479671048878288,-0.8957711714682663,0.03499615729323744,0.9117340951941192,0.2342694731530752,0.02466522782184819
73,Macrophages,THD0005,Control,60,Macrophages,-0.11496441754600066,0.7731861206238866,-0.3242353785641173,0.008166483868866235,0.6631702372000596,0.019369199961365713,-0.8589129631813508,-0.06548780708391136,0.17964865588386836,-0.1364635636554367,-0.1676865917961522,0.15404366871186578,0.4442434845094215,1.1885809082748486,0.4513846682868432,-0.3270769422094678,-0.6225701306156597,0.9134229253656672,-0.9112570189587184,0.05979946385627639,0.6029903528649396,0.42148868900105013,-0.24279234704125108
74,Macrophages,THD0005,Control,60,Macrophages,-0.09141070074269868,0.6330979057455712,0.048077221580169444,0.002136337013572941,0.5797437841512484,-0.03312931339755644,-0.514671657224689,0.01028418979272911,0.08920472496686087,0.12158039919534669,0.005427934970389171,0.09407376805052724,0.5871781724591941,0.4018977928871202,0.1670189452085152,-0.7634574591724034,-0.8368225155986219,1.0606360447135832,-0.5487254058312221,0.1653820270949339,0.3558969763094147,0.9756304763135504,0.04972616941072507
75,Macrophages,THD0005,Control,60,Macrophages,-0.1826674969891032,0.4770662636292299,-0.13471733388413656,0.104429847932791,0.020605252760748337,-0.004125322193394437,-0.2660138454771492,0.17775120302820124,0.5372107301503131,0.24405099740850908,0.18642642586054017,-0.10958888091867712,0.8372790889130438,0.9191550107939759,-0.018994585574413754,-0.6443333266418021,-1.1065273957756467,1.1115912590587935,-0.6538755230564925,0.30483927448887177,0.5483496011594298,0.9822522131061433,0.3312944399673614
76,Macrophages,THD0005,Control,60,Macrophages,-0.05595935023938421,0.9079889518424659,-0.4125023165328291,0.04169329610212789,0.600220346932711,-0.003792366254910193,-0.2799479541815532,0.20330836228247362,0.282659577007265,0.3088455984699755,0.13057153979429678,0.14231451452041824,0.9501226716092378,0.7257832033612079,0.4509957810408325,-0.49088996679029384,-1.0804203710046745,1.1583436581953117,-0.7746250270530768,-0.0974624424022297,-0.19846611634257008,0.6480849967268257,0.044441978212607126
77,Macrophages,THD0005,Control,60,Macrophages,-0.020422087822586903,0.7967332961268118,-0.16729060786132605,-0.08395916813171458,0.36008851326124225,-0.0020532762674878354,-0.38506833222876496,0.2425100096089645,0.3758629603699901,0.32839692329989156,0.1072529891898092,0.12851927686074668,0.7488966665939308,0.8520911224906875,0.0940765518461723,-0.6662025821264254,-0.23535656525656815,1.4311948660412372,-0.5673018064822013,0.18767594421134876,0.44431771879156423,0.7734903356033007,0.18083511301613972
78,Macrophages,THD0005,Control,60,Macrophages,-0.1113930590485658,0.8730292569205444,0.14684071611952412,0.04387233876438721,0.9378242567994268,0.0055133942832142025,-0.20456382168314588,0.1556961221931698,0.42618441118303174,0.38301165008715565,0.16611690146589855,0.24338652037884403,0.6462357762268628,0.7158089120517998,0.33785530755236065,-0.5700808766820318,-0.49819961093412385,1.2868857218658971,-1.1214483371541635,0.02167537836896341,0.4968719850804268,1.293100064295706,-0.03923031717591898
79,Macrophages,THD0005,Control,60,Macrophages,-0.060971668310117584,0.6589046073399022,-0.4267869805816911,0.013711067281623666,0.5345058561991402,0.012344863374654208,-0.10240506154444246,0.27231236510376483,0.350139548139888,-0.18287625141698421,0.06338830021402965,0.3192312741270501,0.5291340096591518,0.9924295089749738,-0.04304010985693038,-0.6043929927121904,-1.2269132316218816,1.370094214061135,-1.085615002734091,-0.12693140611584833,-0.5666055243299384,0.35616667362328036,0.00944711810089454
80,Macrophages,THD0005,Control,60,Macrophages,-0.21893175395063724,0.6601425016065315,-0.35126688617493856,0.029793386058774688,0.3152044803362319,0.03658926893335148,0.1842105037552215,0.331649407117584,0.19915889790834243,0.4243299587362711,-0.1035701276318122,0.14601158865067423,0.8947340281617313,0.920350791027702,0.2994322380142061,-0.5077000186955111,0.1185371383504204,0.9977720903781296,-0.5476437803385981,0.18160523087050742,0.1717985258054661,0.5632715315075137,0.09575828825260771
81,Macrophages,THD0005,Control,59,Macrophages,-0.19494249312573222,0.5329038330744685,-0.4358112876709134,-0.06911456680080239,0.7906092836981938,-0.03098738777350698,-0.3913809483875345,0.13754150326780468,0.23328836846572193,0.4786375648094831,0.12271811874027512,0.16127653580878928,0.9634601876642521,0.626420817761213,0.03394799535181291,-0.9833017645181946,-0.4456855042958258,1.0811783177906105,-0.9733024420042444,0.0915192352596912,0.7867531071890247,0.5021947518124057,-0.21616934824512626
82,Macrophages,THD0005,Control,59,Macrophages,-0.11315545345102986,0.8923266103768279,-0.7580360350795339,-0.012425918513959213,0.7106830286903733,-0.014152319926598317,-0.5058446062118593,0.32740757434125073,0.38930923215056046,0.18789586499577834,0.0795235136199711,-0.009988947067588204,0.7768889693211286,0.5714223667640044,0.2977832612425763,-0.8704022932260062,-0.898023006433275,1.4078561247595807,-0.9913544810071611,0.14083447184469614,0.7454776525950286,1.003920429564315,0.23380584764893358
106,Macrophages,TILD001,IPF,62,Macrophages,-0.17233528986089466,-0.5847398557116391,0.24453412419717532,-0.055507354945009434,-0.11642002751367657,-0.030420309322324868,-1.2531424905696413,0.16068582233310952,-0.3418758043528663,0.10761049337513723,0.508750474748858,-0.23250807170134866,-0.9252993239174826,0.5400485938788118,0.5274066421660121,-0.713716489301985,0.18023599619546826,1.7834702012677532,-0.4496388459917526,0.004415220282322254,1.3090706655756446,0.41119565760544247,-0.6613815301944884
107,Macrophages,TILD001,IPF,62,Macrophages,-0.2873147225220956,-0.49972028161116466,-0.010627093054985527,-0.05293083515339022,0.49697564501831004,0.030858977997931927,-0.8104488146398728,0.10802900980353086,-0.2542081137497676,-0.015191300932983133,0.15622494725018746,-0.2932303382529216,-2.8787883602318054,0.03390453251524846,0.43679700987648706,-1.0434877286192064,-0.8926625349853825,1.7857995981847958,-0.6269732818152267,0.017694719949110732,0.8209858889808762,0.25239594695126627,-0.7428989455817347
108,Macrophages,TILD001,IPF,62,Macrophages,-0.3343502333320127,-0.2727408939325476,0.11631025715609217,-0.2648969299193495,0.0390000235456692,0.02088183394937878,-0.9670632037097413,0.10550461458830607,-0.5645872751633911,0.07957706696378146,0.33698340435443636,-0.3343257360071256,-0.7755461113569772,0.11001728097583721,0.26563044370562683,-0.9515052780869597,-0.11702181467789327,1.673746346211736,-0.3091086895012671,0.023477541658641896,0.9004373572302602,0.6590742469685845,-0.8084390291662185
109,Macrophages,TILD001,IPF,62,Macrophages,-0.1941129266780604,-0.6359776029717702,0.19811638946474405,-0.08808873318632274,-0.13374640153128178,0.03162994180590653,-0.4871408738226357,-0.08001178254620878,-0.37670387501445884,-0.05173749691587373,0.1895897517401021,-0.5295351520203154,-1.0115803636815934,0.9768516126345408,0.3037612677604238,-0.9712733376725158,-0.7747477006447908,1.83960942468766,-0.7222213404696827,-0.19496818940877447,1.1918399510127715,0.17755394127086574,-0.5436953362410717
110,Macrophages,TILD001,IPF,61,Macrophages,-0.12812265139273035,-0.5272042361139667,0.5964508644479574,0.03667702732313286,0.2927021648917392,-0.016020679395002922,-1.0731723099929014,0.07431131748192624,-0.19003312198040054,0.1807463191361679,0.22541124413741534,-0.4611081686164248,-1.239257104971083,0.18009661415537961,0.40711162825649677,-1.299138597799382,0.5540047790031231,1.814146493349292,-0.9252540148254882,0.035502300589610444,1.29376123026056,-0.2483553614864344,-0.6603986941939862
111,Macrophages,TILD001,IPF,61,Macrophages,-0.1567902943875856,-0.6263646015752574,0.31170691984313187,0.08782568302977664,0.14269075815896073,0.014164267048336072,-0.6379954863811346,0.20390018485184722,-0.6800671871993152,-0.057827410127554324,0.5191229082513141,-0.2496704497083633,-3.0849299769943035,-0.20401738332101957,0.38643080503024924,-0.9039294997643212,-0.610950739319349,1.744943292292623,-0.5221755016514551,-0.1775407334914967,0.5032616252764974,0.8191137985649356,-0.9073136759244645
112,Macrophages,TILD001,IPF,61,Macrophages,-0.23638653455722394,-0.33842495740811324,0.482337179782139,0.06703845285501783,-0.06712637674802255,0.02704205927487449,-0.8553888910115607,0.17000264246100036,-0.27127306774737436,0.49393955634880304,0.39057802516692275,-0.3154432737665037,-0.7562170319283742,0.7040437430905544,0.48149855418939774,-1.0498498965078302,-0.15042970730425637,1.5091171287658431,-0.7318108868664637,-0.015804545124378,1.3349487560137958,0.2625008186723548,-0.5323370005389053
136,Macrophages,TILD006,IPF,61,Macrophages,-0.3279363618407138,-1.0970055845617257,-0.768967214303595,-0.3330758183369619,0.07405033506729206,0.04350674637880675,0.29582230686969085,0.13433216539971943,-1.7434752099460653,-0.4825390222700768,-0.16132991216780618,-0.796691905767144,-0.6379253613432081,-1.2538942269773046,-1.4604108929879611,-1.4770015075831622,-2.3596271369477284,0.9068803924931496,-1.4950566988313376,-0.3705594816387329,0.5301760324506044,-0.17875260253394332,-0.3644986077595868
137,Macrophages,TILD006,IPF,61,Macrophages,-0.34294977332507953,-0.9261502658866906,-0.805810215357762,-0.06997868164141317,0.08641272845158829,0.032709629923538555,0.20320889772107525,0.31083224474216636,-1.3119314327190637,-0.1508945605044035,0.053319412125839946,-0.711268743409145,-0.5018558308832073,-0.6108573897139177,-1.062065742623961,-1.3689657687260484,-2.343280563237184,0.5895970780233694,-1.0497323350344694,0.014002849832675544,0.6832843152033319,0.08621740760992412,-0.16889883396641325
138,Macrophages,TILD006,IPF,61,Macrophages,-0.37236243651125583,-1.142438894716239,-0.07845799274314627,-0.17277908938561087,-0.3712089816768375,0.03448611145608033,0.2897483900047666,0.12288257940852143,-1.7412840589009493,-0.4163446393170728,0.01509519118733613,-0.5616728288611201,-0.7961623984508138,-1.0269945727256256,-0.9787260720576078,-1.7316146150282135,-2.2254266930697115,0.5984926107161759,-1.3344066587899013,0.035088405546780214,0.17923285913080741,0.9324485334879423,0.10181600589643225
139,Macrophages,TILD006,IPF,61,Macrophages,-0.36860796307315036,-0.8655460145787559,-1.1498953727204253,-0.18758044185726958,-0.08922239278002392,0.0166040043680646,0.10518904880180219,0.2256470988754739,-1.5390096091155645,-0.5487146234996496,0.06083109412002845,-0.6052259376859699,-0.4775376063124005,-1.3290597756668603,-1.2015832504059856,-1.5576840545882937,-2.263976481541481,0.6497509796510184,-0.9847823059834206,-0.033188865289184424,0.3254301136384044,0.12440403542451148,-0.3261931383256846
140,Macrophages,TILD006,IPF,61,Macrophages,-0.354066621915449,-1.297504619898955,-1.001218669132721,-0.10184023624547019,-0.27291471184066474,0.04388904092128745,0.14190537528369873,0.21313316624245326,-1.746996734370361,-0.4588958196542844,-0.1598356212512729,-0.7008397901213076,-0.40833867912781313,0.38443183262125585,-1.1377719279412,-1.5370980674149226,-3.6537268511704677,0.7485911020971726,-1.1245908577533779,-0.16366829329713314,0.4027467888417615,0.3582700671679873,-0.4268318318707841
141,Macrophages,TILD006,IPF,61,Macrophages,-0.261426029427053,-1.0720460722076466,-0.8911534113768801,-0.1805847919631277,-0.21439405191579758,-0.005441102953606957,0.32912400846058315,0.19439795173209368,-1.3443720458299997,-0.017277795298759863,-0.1053609404697286,-0.6347098848235008,-0.14127868106717384,-1.2009709982897145,-1.1503362896695375,-1.3138641550115164,-2.877775120437676,0.7351806917819096,-1.2809843109437558,-0.1783363055845781,0.34533583974875154,0.18622780945020456,-0.2261955606328289
142,Macrophages,TILD006,IPF,61,Macrophages,-0.34426955379862145,-1.1326020294610544,-0.9576296424682983,0.02734232959274591,0.12715202835203526,0.0556998896805612,-0.2742147664350716,0.2765035707560392,-1.3505792316958973,-0.6988866063297462,-0.24304095245345714,-0.8220155779049844,-0.6972719606551487,-0.9757154139362954,-1.7582495280922175,-1.3608737590719004,-2.7030888386863103,1.0353928118402564,-1.1815193074472181,-0.14438443506597484,-0.09554528180207547,0.11359819228138386,-0.21386245188218997
143,Macrophages,TILD006,IPF,61,Macrophages,-0.3491961357443017,-0.7986763520887032,-1.0143830974350398,-0.1399247263775754,-0.28319357337643936,0.028371109610050238,0.7675338922581215,0.4202389677117688,-1.346025229312185,-0.23338179050431096,0.022145906369115374,-0.22983503351842574,-0.18099128758838912,-1.1441198476957506,-1.2370841969973188,-1.1349889407997695,-1.9239528445068388,0.617732154849935,-1.520737762605404,-0.022216701656747738,0.7384873879823928,-0.47115294863566864,-0.1582747348723901
144,Macrophages,TILD006,IPF,61,Macrophages,-0.3903064295005462,-1.0709694915252403,-0.6861305205369562,0.027991111669778055,-0.1223303720312437,0.04670522660054788,0.5732322719708963,0.20437500800811276,-1.490692010955079,-0.5478275436321682,0.05768228422948042,-0.6005402520880974,-0.1808778251109874,-1.1502352977305326,-1.115453622542173,-1.1393393095510498,-2.206429029811289,0.7377469550346137,-1.234761724081875,-0.07480624817783332,0.3030718322207446,-0.06831016808658502,-0.22009349276297888
145,Macrophages,TILD006,IPF,61,Macrophages,-0.39773250295725304,-0.8768366394250278,-0.838245571751137,0.05580694001286999,0.4864675656867561,0.050579051211016274,0.5184657033811831,0.36214358575964084,-1.3119558018255137,-0.5158784704689984,0.12521727300574145,-0.6370968353180253,-0.4316619690076572,-1.6866499688756225,-1.0336987123240289,-1.2456897007299492,-2.3442828222759746,0.7754502992321505,-1.115764103399694,-0.15550461524414597,0.3231770638906405,0.8566940394081654,-0.13337790636715818
146,Macrophages,TILD006,IPF,61,Macrophages,-0.42321136223581446,-0.9867078661802633,-0.8080755262784541,-0.18623569515450458,0.012621797795791785,0.21906303502968777,0.6237699861474454,0.7273994521986666,-1.5285696820020778,0.1194295828433567,-0.016605359514718348,-0.5348648278600725,-0.5514749438707441,-0.992780983791475,-1.0687377100430184,-1.1690002049711188,-2.3113051589967615,0.5329751821908265,-1.2504210855297602,-0.010344701107543021,0.4661774499804116,-0.12000459248377814,-0.03929555999503417
147,Macrophages,TILD006,IPF,61,Macrophages,-0.39332860988807017,-1.1585541512045725,-0.9702278847518497,-0.12889507530214644,-0.34531087886144857,0.04992578499095853,0.3999652588493505,0.09827534000602961,-1.239516694173932,-0.7810642025163175,0.10031254809311614,-0.7845488202409636,-0.0928863294676858,-1.2609672502476872,-1.7394497075290225,-1.4980405949120872,-2.258985796124776,0.5922082597192104,-0.9916775122897277,-0.05809574563408909,0.2866877446237771,0.5449277475182922,-0.4065137669218959
148,Macrophages,TILD006,IPF,61,Macrophages,-0.36504770037620676,-0.9221996044091779,-0.8494607943645869,-0.0233241419812053,-0.7522804532947085,0.01885524606978938,0.06832269109824418,0.34585840393590495,-1.3071485429872243,0.06411374041852308,-0.0821153440456781,-0.7004356711404106,-0.8331023024120768,-0.9752152576727479,-1.1370178930718529,-1.3583155822683755,-2.2107531964368246,0.4991069000801085,-1.1845230126664503,-0.03380807325929972,0.70064756008475,-0.007326878176874711,-0.310482498258012
149,Macrophages,TILD006,IPF,61,Macrophages,-0.3798916180127875,-1.1618230597921297,-0.6618218637690082,-0.32069760466365604,-0.04594598506000572,0.02698806524598872,0.667268167269622,0.2140172371694142,-1.4283726832427912,-0.18321183167128835,0.09463817001376108,-0.6286039937565321,-0.47828244754326055,-0.9667090523008607,-1.031372075944135,-0.9101588171819995,-1.814129434596627,0.9571880562061236,-1.0541092970283235,0.07025134990101564,0.6596793602258824,0.3279539189105284,0.011054489515789433
150,Macrophages,TILD006,IPF,61,Macrophages,-0.349697008136761,-1.292950473253878,-1.4846624759417315,-0.10080445808807206,-0.06565302245340063,0.03785228006264007,-2.0041079190939444,0.3086855394831104,-1.4955620513991115,-0.09006947145197258,0.08619831120731512,-0.8906373149980956,-0.5599012803011684,-1.187323881022247,-1.2085555068661464,-1.4842112683869253,-1.7535529666929297,0.7948460369588543,-1.36502430514599,-0.3306047053125633,-0.018405557047172613,-0.3083010619832942,-0.38405023352717044
151,Macrophages,TILD006,IPF,61,Macrophages,-0.3042770867893419,-1.073222364911541,-1.2396359585487626,-0.3001308435649493,-0.08266563711283301,0.005519825503140961,0.1676633970974416,0.2175430123938117,-1.3999423138118512,-0.35826194379871446,-0.037635949487570555,-0.6551907404919766,-0.5408626391959585,-0.4982083973334442,-1.2549254247366612,-1.2860100973281725,-2.9097852566579547,0.5393159159067378,-1.0653648512096645,-0.18765149254034535,0.10545645388239522,0.0259758409918146,-0.40346371618890126
152,Macrophages,TILD006,IPF,61,Macrophages,-0.47607648023867694,-1.0253188403507532,-1.049403069298467,0.03843739583869408,0.4186803684762227,0.040438579110230695,-0.37930221120226154,0.46263034130808184,-1.4557949834893245,-0.4176007844798738,0.11625776754590184,-0.5223661668426614,-0.3956754840754406,-0.6305279596555935,-1.1830803468618576,-1.2685517043507344,-1.9531373525925961,0.9754021699492129,-1.1669229828823884,-0.14616721857446324,0.08894837806241705,-0.0011510361851986683,-0.21774537045750633
153,Macrophages,TILD006,IPF,61,Macrophages,-0.25275183361361464,-0.999394443353482,-0.830494024496068,-0.15690065861652966,-0.2016459982452572,0.004881276204323828,0.4629275944556002,0.30614430968482803,-1.1556874935005728,-0.3803473617622823,0.12296808984209741,-0.7462913662228771,-0.3219001368838177,-0.6452605893098723,-1.042643393008148,-0.6997273380037071,-2.1836331053745637,0.6303903687776007,-1.2467429259996998,-0.14959517558865112,0.4557994219766383,0.16314340384886516,-0.23200833880538332
154,Macrophages,TILD006,IPF,61,Macrophages,-0.2772635414683927,-1.1735426480363869,-1.0616826671178685,-0.16910535424055048,0.12300104514718477,0.21234873607272645,-0.2810099864152896,0.24992292473594013,-1.5585141322839666,-0.031288146623407044,0.04766766786506202,-0.5995459149282816,-0.38283035881182703,-1.0159722386320273,-1.0574813482598964,-1.3189677800241417,-2.6976242450532775,0.6441157126926051,-1.08344777231139,-0.1697309436823308,0.27942142265382497,-0.3312613677343449,-0.45357879496840764
155,Macrophages,TILD006,IPF,61,Macrophages,-0.28666426745821066,-1.173552020754454,-0.5011702532350925,-0.13175784925303702,-0.3081277807616456,0.2342172978309694,0.17295296922528808,0.19721382080733232,-1.5261705897570959,-0.42081592542261975,0.05701494513431095,-0.37226188058626697,-0.19073229433245759,0.09379979327082469,-1.0071762107778373,-1.3754835437326836,-2.565270354289607,0.9632046572232476,-1.053178902524427,-0.17094640953904897,0.2910393236293935,-0.19917309457887025,-0.1950460303154403
156,Macrophages,TILD006,IPF,61,Macrophages,-0.3646850653945244,-1.039347232635137,-1.263383946191836,-0.1395643287516602,-0.15661818566920765,-0.0033570117916857075,0.5771927068568424,0.20604331026909103,-1.6815902289850249,-0.40738000730570884,-0.03627056893648492,-0.603824498832595,-0.5021013342243292,-0.019718001757793556,-1.0563274928423718,-1.3209043236654419,-2.9532066521914375,0.33653622264086863,-1.156105180256935,0.04879976607381296,0.6508880001378288,-0.0015769983689179184,-0.7395742393882846
157,Macrophages,TILD006,IPF,61,Macrophages,-0.2959201529343094,-0.9301149730524245,-0.9721421264012235,-0.3078104436057118,-0.28140606336939167,0.025542199360714807,0.2318233346244454,0.25027143299273125,-1.1649972288767876,-0.10344327868087133,0.01744619388875843,-0.7397773453606437,-0.4546113542815291,-0.47467200604376,-1.170646414894171,-1.0444745981230914,-2.4022857107975906,0.7134105972160151,-1.1918625027457952,0.006626862846296427,0.695766448385472,0.10637993004867059,0.4481718682564062
158,Macrophages,TILD006,IPF,60,Macrophages,-0.26075575303636406,-1.1065324224166713,-0.8393704811690651,-0.11647049487785643,-0.20633840463700603,0.052459047690051455,0.28110467003532363,0.2588054230385105,-1.6354161780699392,-0.6464735552666625,0.007144062751045777,0.1634684190911407,-0.3957201958535386,-0.9916674232724947,-1.0062069872003507,-1.1706152778399317,-2.077886410534267,1.4806822073152663,-1.5803869341552461,-0.12696536157421592,0.06241895811880126,0.1567008638626838,-0.1188403245704419
159,Macrophages,TILD006,IPF,60,Macrophages,-0.3513066852860087,-1.2114976620201057,-0.6745252308240804,-0.2112653482636462,0.16889113456013108,0.22536151051477846,0.22037934837207335,0.1743053393019349,-1.4431286971144583,-0.296433926913768,0.04752316403344081,-0.7994675253787324,-0.26233263303256305,-1.1391112038381748,-1.2608251321846224,-1.5236913716514187,-2.756030193638202,0.5698035024688796,-1.3425930598464977,-0.010108177661008196,0.3660650279626066,0.07023922774445264,-0.28341228904302423
160,Macrophages,TILD006,IPF,60,Macrophages,-0.2806003881438358,-0.7477933022523086,-0.9450013249214686,-0.06782595200502053,-0.06674433906416675,0.22938121311528845,-0.22822142518556995,0.22274381078906386,-1.517742588588666,-0.6555906355791712,-0.0859650380420932,-0.534928764183029,-0.4439592965399869,-0.19675564706449936,-1.4512862962711415,-1.351543324328253,-2.521904103413016,0.5919726345981082,-1.332939256440778,-0.053439703019077654,0.3225856360082458,0.062710010109162,-0.14678359486202158
161,Macrophages,TILD006,IPF,60,Macrophages,-0.3266564663278772,-1.0854321958940853,-0.8272111899747555,0.07257847663274045,0.19982061087765526,-0.0016161227355662479,0.7265122148387393,0.229892734669499,-1.7974470840412407,-0.5064647977087637,-0.09643832034299031,-0.4474693079146085,-0.48297366262732727,-1.1109547951141383,-0.9601952922698779,-1.528647622023387,-2.665130015185537,0.6900783679321669,-1.2261047133855805,0.11674518668291244,1.2083895878065358,0.13879734031280774,-0.31522924619418946
162,Macrophages,TILD006,IPF,60,Macrophages,-0.2221722611995098,-0.9852161502999112,-0.8602142922451271,-0.04480769605999511,0.23993158326278918,0.05716868146722528,0.5859636968091472,0.2873090203440512,-1.5094448402703573,-0.4808726300181424,0.16385032569379418,-0.6487951193914694,-0.045155552979446116,-1.567328583471591,-0.9592075865150458,-1.324927141121723,-2.318720889799853,0.6090697500171397,-1.421035605302593,-0.0036352398622271,0.19814008825811633,-0.14163280122790547,-0.15962250581830428
163,Macrophages,TILD006,IPF,60,Macrophages,-0.32224085708028866,-1.27358796293218,-0.9688938408789691,-0.2432369633388962,0.19769413137196126,0.041540633339309505,0.8543238579835358,0.30406210691465946,-1.466554864893031,-0.8530788691092319,-0.2775245320298437,-0.6326227788351478,-0.8171893107616042,-1.2256558656953727,-1.110003938325007,-1.5122851727519062,-2.53181494382432,0.7566502056074795,-1.4803562702097894,-0.0553888360496292,0.22219026438839296,0.20796759346241173,-0.48497663346278574
164,Macrophages,TILD006,IPF,60,Macrophages,-0.4263068335813427,-0.9128125655987424,-0.9085120698466189,-0.3392582804097725,-0.12296535861299077,0.23557870839709416,-0.20302062978119018,0.23692648761542637,-1.3007189524871485,0.011883788459339871,-0.046301496678223586,-0.5889576462980219,-0.5234183674620332,-1.2383201473740435,-1.2377806717256237,-1.6363265519052534,-2.3029857703398213,0.21457141347275843,-1.1198719799990042,-0.15322874428250752,0.6702461537547283,-0.2356096721302289,-0.09444877809982972
165,Macrophages,TILD006,IPF,60,Macrophages,-0.33529330542064933,-1.1832109347455506,-0.9686399743317331,-0.20879566060610613,0.022494194054271874,0.04599710141687146,0.3052659108140716,0.3556360451484673,-1.5203406653098412,-0.10793559633159538,-0.026661992505683903,-0.6530609645472792,-0.5588348782628176,-1.0300918094869986,-1.234184253084715,-1.5204417026197874,-1.510495172215072,0.6339089537903647,-1.2832823184234792,-0.09455351136439565,0.5607551530487755,0.03484715095257349,-0.24106759320686236
166,Macrophages,TILD006,IPF,60,Macrophages,-0.40205002323210937,-1.2322450565388012,-1.2039313289797249,-0.29283701424480957,0.037336169497698635,0.2162729488243294,0.519076013771013,0.22264616039994917,-1.6598644580165218,-0.01808794660345275,-0.36528578974774467,-0.404223135178273,-0.9752237707181534,-1.39581826684763,-1.2062655593755407,-1.606789779861376,-3.20113224528301,0.46008707306223884,-1.0770928936712265,-0.08746207027220355,0.2128108611806631,-0.16888558830159817,-0.5831286523743421
167,Macrophages,TILD006,IPF,60,Macrophages,-0.41428238655344046,-1.146565952848163,-1.0271761404910307,0.0644198975540098,0.022170248042019502,0.01522512670673333,1.0586721525270113,0.1686501918197575,-1.373603094602975,-0.05099755800047247,-0.2904391473140207,-0.7487253155478564,-0.4690968177333826,-0.9596433325694257,-1.0872174334971367,-1.4083375976202774,-2.0368589776260233,0.6337565369018843,-1.0014772024629268,-0.1310079549578167,0.08899109878146044,-0.08809115867560689,-0.5180768697753994
168,Macrophages,TILD006,IPF,60,Macrophages,-0.35367636839520517,-0.6558456788675486,-0.8000777130691793,-0.06206885697091038,0.3103179168477427,0.004807582167091216,0.1368092194307593,0.20142022298382506,-0.9456091240602342,-0.012600320594872039,0.1989787837922322,-0.43326688086442544,-0.9091313013429364,-1.3533183071818915,-0.9168802134556341,-1.3256998361690115,-2.9150891001695927,0.6274021198726292,-1.1157335663929024,0.011735204164346529,0.562822737372114,0.32558687541070924,-0.307593682763982
169,Macrophages,TILD006,IPF,60,Macrophages,-0.3165851075812147,-1.1419592725765593,-1.1223001274315294,-0.2863999987796634,0.09067224588538683,0.0003387086233136733,0.6500557364158674,0.33709695230350206,-1.645853031863815,-0.04713485522674749,-0.0006280201381483989,-0.77338666837416,-0.9063213213230187,-1.3862839445986652,-0.9982872460980349,-1.4579746368084272,-2.166843646259698,0.6849332020146113,-0.8202507033560877,-0.11985707882878494,0.5606821080621186,-0.39955811763005467,-0.33302124413607875
170,Macrophages,TILD006,IPF,60,Macrophages,-0.38187133992425715,-1.078085291034916,-0.9004702640833473,-0.2798269808506521,-0.25364638335335954,-0.0024623091828193467,-0.13841115351350014,0.1468309540718497,-1.4628876100858763,0.3845731511216766,-0.1549400822780235,-0.7238584172770192,-0.6437650573052415,-1.845938116238312,-1.2212040901541763,-1.6380552070888759,-1.9629176519826388,0.5955690640092804,-1.1831216792775296,-0.14110390346085902,0.2418087470502372,0.00841304167232819,-0.4575016225653842
180,Macrophages,TILD010,IPF,62,Macrophages,-0.11860545180920894,-0.5266013672560862,-0.2209172151827889,0.08809638640253109,0.03394402170171937,0.013679025001725513,-0.2633554249902505,0.3550395666244834,-0.35288373721246197,0.2267726575516768,0.7754441290705353,-0.5505697777256209,-0.43645601754035906,-0.5115511868151432,-0.07868975600692131,-1.069886802720989,-1.3496860567823221,1.0446810313773536,-1.0485042188415459,-0.010526074614553939,0.9851097669220049,-0.3048299836654469,-0.1317020922906827
181,Macrophages,TILD010,IPF,62,Macrophages,-0.2669622479639236,-0.3211797654741593,-0.10093509005002084,0.20207275216158857,0.27304816104299656,-0.02952552593925721,0.1504795565290004,0.2869725971426599,-0.23540768953037863,-0.016710077148243564,0.5662908018900048,-0.21272514402646922,-0.49876054712266715,-0.2512497518129553,-0.7001908414432907,-0.544788600595738,-0.6101212575855813,1.2474513064679107,-0.4352051334526455,0.032327716097965066,1.104014023404354,0.5499008450489397,-0.32714891002298296
182,Macrophages,TILD010,IPF,62,Macrophages,-0.11739514076026682,-0.6732985952130152,0.05293847413536012,0.2657611687132652,-0.30393277415060627,-0.025117720344659488,0.3426822641559208,0.4270997995764533,-0.351563725593567,0.24747120356558241,0.5340990662943214,-0.6557737575853781,-0.4547205064082348,-0.5024014600753662,-0.434714941548678,-0.46757724408545653,-0.2918706536452197,1.3258447513289175,-0.5615199942698579,-0.20433770136213925,0.8971508749637669,0.11495773348822172,-0.20399446669945873
183,Macrophages,TILD010,IPF,62,Macrophages,-0.10264290098533325,-0.6565665687358556,-0.12137777445536219,0.15658605827648966,-0.35781673962957145,-0.010978878842978103,-1.0139073158971978,0.31904343423102466,-0.5168784396266358,0.13782425145165003,0.574925837639839,-0.4286832388247145,-0.4840169161941676,-0.34140338765308176,-0.7422989917688811,-0.8951799710652859,-0.5917534866872352,1.429956770444247,-0.6230748750974235,-0.06660323815244769,1.6333241171129353,0.1623091638148097,-0.02914176284556704
184,Macrophages,TILD010,IPF,62,Macrophages,-0.08463663512048876,-0.6157920144113413,0.2369792391752276,0.09571842723582388,0.17612212659635856,0.00033450851579274084,-0.36959353336727985,0.4312193582045012,-0.14631502147083636,-0.1486281608128652,0.6875048357318977,-0.5698118654026458,-0.5597498860141517,1.5227426741954484,-0.40655936629377354,-0.27369808085930136,-1.6185004443668518,1.5098120447874608,-0.4747701665354174,-0.12619766442520144,1.0561170717599844,0.15942028758257334,-0.04509619670183263
185,Macrophages,TILD010,IPF,62,Macrophages,-0.12596427980671226,-1.0867988385487648,0.17958788228530523,-0.1361798904872242,-0.11093874839608293,0.0056974349674893355,0.08364829460132578,0.14186578106295578,-0.4843247700282411,-0.07949287926323559,0.4599601220721458,-0.8215516862750178,-0.5763585772859249,-0.7977950018117155,-0.805971729674852,-0.6257705652413502,-0.7939294123900719,1.6571738568450174,-0.6323500378100444,0.04414171514487457,1.1898498540505449,0.26468956778421454,-0.1522815910877427
186,Macrophages,TILD010,IPF,62,Macrophages,-0.15163660762042538,-0.8131290705022612,-0.06429501400910316,-0.059994393213679685,0.41276177826479965,-0.02934267725269597,0.4287141051821028,0.38140515858097673,-0.5047133024966552,-0.04790343503622226,0.7622977935661138,-0.14415519090674836,-0.8957937371694417,-0.6672418800125328,-0.7016973398502336,-0.740146057456929,-0.8025809891013455,1.5343425822633818,-0.6067916377335705,-0.10322958443600301,0.9359091168518234,0.2720630359515551,-0.008135958795088279
187,Macrophages,TILD010,IPF,62,Macrophages,-0.2775128303508372,-0.7594522177736233,0.01303553987720639,0.14808446032707062,0.2291411140627112,0.006265474527271791,-0.5929952226206111,0.31176459247015925,-0.750062095602068,0.054549261111408454,0.7084010167543064,-0.1691697547541421,-0.3918304966477204,-0.3665607532186886,-0.11365212689844449,-0.3178383456774756,-1.2458850790525358,1.2617452125095203,-0.5109233858557964,-0.022344092988457298,0.9945763139901656,0.32505245220261136,-0.2336979172770833
188,Macrophages,TILD010,IPF,62,Macrophages,-0.11753357207988697,-0.8772233793766896,0.18396407799459188,-0.04163503683354112,0.37032187787880333,-0.016148436358654844,0.1512006941501926,0.32267903415582755,-0.6178078052425798,0.12230251059086922,0.6396640173708954,-0.5066726794667116,-0.5921805855063259,0.21982122563830855,-0.5124354905971595,-0.8055515741699274,-1.7426424079926757,1.257129464332704,-0.6642858749955289,-0.268736085370572,1.163830089781088,-0.009339679099011029,-0.48447378841628685
189,Macrophages,TILD010,IPF,61,Macrophages,0.005771637163639476,-0.8919946215698481,-0.46509177121357187,-0.10000670107846216,-0.059271676740528995,-0.01618987573128564,-0.22316809381901687,0.4615206951892819,-0.5168895034534214,1.0416153107436614,0.6982463793926222,-0.41441679421975586,-0.34819752023955447,-0.9496991709021483,-0.4274273452354814,-0.7268079272441432,-1.4954704438172135,1.2675876978684169,-0.8909841510151262,-0.04381947717136228,0.5540063422260089,0.6066631446648185,0.1277964206478299
190,Macrophages,TILD010,IPF,61,Macrophages,0.01905360873696218,-0.29351090522218104,0.16265457279943055,-0.027323924838448612,0.0742552112202487,-0.023428798678268126,-0.09026623726514071,0.31726435496166916,-0.5651724199847593,-0.5250438917035721,0.8086972213604139,-0.31270791084868815,-0.8311525133401051,-0.08285967737491945,-0.1446696685893567,-0.6095881311555029,-0.703312709231214,1.4985134311800625,-0.5846946867628207,-0.15786067962567576,1.3831861662599174,1.1069543729324802,-0.3578575356823669
191,Macrophages,TILD010,IPF,61,Macrophages,-0.06684527581888736,-0.17877336671491909,-0.029577443449684146,-0.061650680333293344,0.09957204257315407,0.020365607607929163,-0.12692388515117625,0.4878268923781086,-0.2593233409672523,-0.42082141461160494,0.7864134803465723,-0.21208468703578232,-0.2562479714385744,0.12666374698961083,-0.8967680304245002,-0.6181748568626607,-0.6825909329727134,1.2845681739328736,-0.744873382373594,-0.037537340749142854,1.2669177739311699,0.30025546177182827,-0.22700613303237818
214,Macrophages,TILD015,IPF,61,Macrophages,-0.05006843659674101,0.62669131444952,0.2397844270084144,0.03921006892643134,-0.005179585328060272,-0.006291955974700669,0.06381945996965789,0.6039090351375815,-0.12978027494822747,0.06273972334037586,0.3478038870738355,0.057308307827494395,-0.33084804093400044,0.8052389736386285,0.14051861096551774,-0.5634546046531823,-0.4942158971196035,1.665502159845015,-0.13910116054620733,0.20583417835190818,0.44317637745110106,0.4666187704245797,-0.11690409940617652
215,Macrophages,TILD015,IPF,61,Macrophages,0.06776839617317755,0.2881574334976886,0.2807444882513284,0.24674089587377165,0.3022784256716138,-0.009511633059211473,-0.014915561212330387,0.6977119374156594,0.117948636819235,0.22659156426631907,0.13562974891350327,-0.28271899937670153,-0.14768719276980996,1.0867379741599676,0.3898286216360618,-0.44137973039594586,-0.0021575099331546015,1.6938000600991407,-0.22425056656473952,0.240097922397796,0.679731499255472,0.8487651564862123,-0.13991555491346544
216,Macrophages,TILD015,IPF,61,Macrophages,-0.09091903471938553,0.3343649736126977,-0.09001315671687296,0.07570128763712833,0.18744047359841765,0.009287003261538106,-0.7269760260030174,0.7679659864299978,0.08859516556274362,0.04112532998329359,0.47470920157967217,-0.172803657296823,-0.5191113266246591,1.097177873078232,0.14457862467769703,-0.8868166844085267,-0.07682888013349143,1.5792420321424319,-0.5993757502293537,0.014691408431526411,0.7941357476386384,0.3946889456410713,-0.23091696724662394
217,Macrophages,TILD015,IPF,61,Macrophages,0.0588046481459135,0.09083649102333721,0.32779684344460264,-0.06167623826678772,0.18586945093402477,0.020974306961851152,-0.138572017984148,0.6657312950707726,-0.20071214782792496,0.33441965840157106,0.25330373765316655,-0.2131201405957944,-0.09763472989497046,0.7521501510524731,0.1049781254108192,-0.5893724867720695,-0.18981353378312465,1.8622912144654495,-0.18325316870382635,0.20993325409093375,0.6782117712806016,0.643171116623681,-0.2181764409196103
218,Macrophages,TILD015,IPF,61,Macrophages,-0.05471521792383581,0.28349366451643876,-0.0745153452684664,0.11032423199255018,-0.29642689571424863,0.018926187229168834,-0.4474880318484023,0.564917037626621,-0.0149754675857599,0.0021997869315950177,0.37756775386068775,-0.20066924327164526,-0.17648768772493986,0.5971115068766211,0.08255454686120751,-0.6481116018721248,0.2105605449272003,1.9168817932989042,-0.21780944465620805,0.07097215555075859,0.8773149295169178,0.6285617497575223,-0.13828983445325654
219,Macrophages,TILD015,IPF,61,Macrophages,0.06408967735286357,0.36168910723192205,-0.16898642006343575,0.057091788858346405,0.32963954081908614,0.006632478483275298,0.02766185809404968,0.5834656577531941,-0.0035277156476500836,0.33677580562553605,0.12911021467259368,-0.2500460582693995,-0.6174888784326771,0.3617002841645417,0.15194769086409518,-0.554626198372313,-0.5292615353215159,1.5647252509940939,-0.022107873520355717,-0.1514312955570239,0.7092904672255006,0.7916932903026832,-0.03550092491328393
220,Macrophages,TILD015,IPF,61,Macrophages,-0.012216152717171335,0.4175406987125021,0.0935214263032323,-0.04904830605691304,0.13680959411263188,-0.018102795641958283,-0.3054959022486974,0.6190015421136469,0.0420051092946768,-0.22358616202916667,0.38223729896103725,-0.41084062536993815,-0.5228610552514729,1.3465875864347994,0.33012672696263473,-0.7316370150332343,0.06412450497723536,1.7233131361990892,-0.15612944579535235,-0.1071891157881134,0.7191266928446889,0.9336538151299996,-0.38949686211067475
221,Macrophages,TILD015,IPF,61,Macrophages,-0.014731724227910924,0.2600733780809819,-0.1890724915922662,0.20207100872855485,0.10947040630708083,0.01326822793880271,-0.6109648938028396,0.5938014348040914,0.1697089102492581,0.09333903754740552,0.2640302540161898,-0.260976083782431,-0.30739808649299605,1.0744576641857186,0.10779507059490229,-0.6742919743455991,-0.22325459672242956,2.0778723592922725,-0.37918341851903203,0.015321306090515706,-0.04725987432472558,0.7675246957036579,-0.1420606583028439
222,Macrophages,TILD015,IPF,61,Macrophages,0.038894133352004756,0.2904566182071826,-0.17867456859178515,0.010168265318232925,0.014626096017390138,0.013890367404475908,0.3408576922083224,0.5627878448717369,0.08628612574440614,-0.14016129606596323,0.3546395186412981,-0.32068068529502075,-0.09423224365208285,1.2652719409564954,0.040156968425043724,-0.7543734765675821,-0.3573707253835736,1.9488330368110334,-0.17318259403238206,0.07128579802394212,0.7327257091979839,0.7208604964604945,-0.09987657652795902
223,Macrophages,TILD015,IPF,61,Macrophages,0.08226974189648448,0.1489609843337661,-0.255287001585537,0.024261715781841973,0.12069681868228785,-0.0014234770707809274,0.2359598756205567,0.7003809206269186,0.2866334980727975,0.24215611667913,0.3595975398524229,-0.037827029629972156,-0.6286865780672939,0.6699198945546,0.22682935079287966,-0.7963955583269495,-0.1595808611942794,1.680678413939378,-0.5066518839095143,0.2124999608678952,0.676849807276974,0.4683037306792713,-0.18104823330257497
224,Macrophages,TILD015,IPF,61,Macrophages,-0.0776316419936192,0.22006201660141084,0.1730972852164003,0.01675356467446407,-0.24685189355018322,0.024457588816517134,0.37129287832489255,0.6650912159633651,0.3262500784654578,-0.03953888768050942,0.29743774028335856,-0.356633333684089,-0.5792846931874557,0.48957022752614515,0.15993575896296544,-0.6459269647416112,-0.20414146214777767,1.9372420065195042,-0.16386458849136779,0.15061149661905332,0.9264619182364532,0.6515288015561321,-0.13686691658981998
225,Macrophages,TILD015,IPF,61,Macrophages,-0.15905572655626796,0.34950977173119113,-0.11860026078727495,-0.0674848695320833,0.30275536686577437,0.027098924061948144,-0.1048580038572233,0.5144140220110971,0.06845854149587759,0.18088308560135483,0.18089149079409175,-0.2734436213036118,-0.3730058645276076,0.8046312796854236,0.26206344925149166,-0.668193648278732,-0.08743255541570326,1.8539429328685275,-0.35861801089138023,0.08107016029981771,-0.04162931879542599,0.5342938223243349,-0.10610225557220308
226,Macrophages,TILD015,IPF,61,Macrophages,0.052746483712509507,0.25421392574766294,-0.3153107992066352,0.08695984198204684,0.10107567470491786,0.005945258682051559,-0.40117042185945,0.6256892326569754,-0.009040441386670506,0.269812217526304,0.26295486042280797,-0.12334384361508739,-0.8096501607376914,0.46662039654781295,0.3389037485720333,-0.5043198352496372,-0.5489190490420185,1.8628820501670071,-0.4587240623648389,0.019710938068788646,0.24697195492394827,0.7629701356330532,-0.09212579029648835
227,Macrophages,TILD015,IPF,61,Macrophages,-0.1429095958684491,0.5420811670334781,0.29238200247869217,0.009581600830090273,0.3219265686006226,-0.0050312372710114425,-0.02061707581048775,0.5092653311533657,-0.020967633089664213,-0.47054013680426815,0.170547458558948,-0.2772318114650998,-0.38279965396110693,1.136069946040476,0.2418686215591484,-0.8833483976202506,-0.6026411964855899,1.9633059442782326,-0.594318312466523,0.12187219894247095,0.7595568019171173,0.7820010387397467,-0.3177263065566595
228,Macrophages,TILD015,IPF,61,Macrophages,-0.1096142021698657,0.5965738524551696,0.14374455434761318,-0.0527669066893194,0.6848408718169142,0.045440773409931606,-0.08505767122299607,0.6811865903158727,0.29817336346021395,0.5603006400903653,0.4662856564604626,0.047038443971735774,-0.007055435010918799,0.889950937582177,0.10903294829335809,-0.6417760819406829,0.3136053098834796,1.8214987371829112,-0.5458329039386569,-0.05489197927603999,1.383918017416502,0.5014756761654651,-0.1369474661042023
229,Macrophages,TILD015,IPF,61,Macrophages,0.010372934854851787,0.34440860903263343,0.23273470734986176,0.08344012008413529,0.1412326114845841,0.017850273584404226,-0.05404733441444557,0.48509910958267993,0.03894926892773125,0.13390507486422729,0.335113624436517,-0.24870677515719058,-0.43103891437574166,1.1402352052831197,0.1149758494256777,-0.9983364782704716,-0.4796034548720347,1.646987867218832,-0.15443365086108407,0.05874397045324712,0.927468004554123,0.6815967987040177,-0.14250206807150909
230,Macrophages,TILD015,IPF,61,Macrophages,-0.006817036760129978,0.3212764801560598,0.23860500330970993,0.0939453117049314,0.0838897088439553,-0.014463321278221914,0.1408805322293841,0.5232914289152151,-0.2694764061339299,0.023056506810571198,0.17585875178081586,-0.4682586847107025,-0.3459210199298005,1.0631238113380757,0.5785074819927044,-0.26552400671298293,-0.6183505302994355,1.7698783556403164,-0.057569662415814855,0.06586327656246244,0.5962354654643681,0.8161643017582515,-0.32509118467570686
231,Macrophages,TILD015,IPF,61,Macrophages,0.013810670574890514,0.03238203602504731,0.018265468396095004,0.15352831585186458,0.38698759645582825,0.013709986124636704,-0.27976385350949806,0.6253894110162196,-0.06263430475173166,0.08844551732997916,0.3821218887637657,-0.2159763134044302,-0.37606889385606124,0.40444068478467426,0.09487668225999306,-0.8085612756613555,-0.7474875872961618,2.1249022705243568,-0.40264780065777117,0.036089522843747376,0.6899160225328876,0.5511057990671501,-0.1312419690890867
232,Macrophages,TILD015,IPF,61,Macrophages,0.05212794076627258,0.48384097579853846,0.48381814634016307,0.04479559504277739,0.11370101686106218,0.01482903145570414,0.35323458769344324,0.6921235441133388,0.14589275778682229,0.3327519416158144,0.3781312771407769,-0.326506504356041,-0.30989436926556246,1.0910273511868465,0.3740612741287971,-0.6264881236524251,-0.33028861208071564,1.9853783748716822,-0.17031089935829075,0.1860318342606583,1.0381826707618134,0.5308898251462724,-0.12792625705876798
233,Macrophages,TILD015,IPF,61,Macrophages,-0.06914403831791419,0.016832742959110865,-0.0902892832516335,0.1875822400917234,0.45412359082986964,-0.0058684125751607575,-0.4945641167168481,0.571698395469319,-0.11902224653993829,-0.0561994024784778,0.053835521864068855,-0.2631610624417272,-0.3684173278993903,1.2043199275941574,0.2302736225759558,-0.5853772575926004,-0.4115788074110483,1.8095836960931926,-0.21636913846566458,0.040801180797716545,0.3104701351488012,0.9156359884920736,-0.2886229175597023
234,Macrophages,TILD015,IPF,61,Macrophages,0.02959032005930215,0.39628633344013653,-0.05923733116526871,0.08041510034732915,0.03675262462903443,0.02172739290650938,0.12543802767715,0.7227376758484102,0.13692577545017987,-0.10589716637407148,0.21776011216680238,-0.2685225865323531,-0.8456658364174039,0.8486178504586255,0.3051145983979348,-0.6121201420055347,-0.49147628068675736,1.7610883022593116,-0.3775855402469225,0.1009403019371553,0.11509677392156352,0.535331044289676,-0.0867165144323179
235,Macrophages,TILD015,IPF,61,Macrophages,0.03955672684322762,-0.2228248617884105,-0.07504997810011466,0.06758784561814066,0.48013423272336736,-0.0029395944251333636,-0.46286857306581486,0.7809895014910879,0.11501737493035497,0.04661569061912312,0.3897616924514565,-0.49690945926641505,0.040102394440268446,1.1008618837732986,0.3481479849634931,-1.0083458406182824,-0.20564617975296254,1.8962863553012186,-0.6331672586235215,-0.04257338911969821,1.2032700402253909,0.9496813432669876,-0.160535400302088
236,Macrophages,TILD015,IPF,60,Macrophages,-0.010688389505043045,0.055439611197393594,0.04065990488644129,-0.09712838587222863,0.3602395568534456,0.0075189644321716756,-0.2885810324635904,0.6835399511098523,-0.14271608608686276,-0.28913178807096845,0.2470521780866248,-0.11701269412282451,-0.6371403965466215,0.7278881507854309,0.36059559607310454,-0.8756909317025112,-0.4633908061994902,1.920170682686268,-0.29720156181316654,0.09616878376991247,0.8344513466137783,0.8667417683851492,-0.29149580188163565
237,Macrophages,TILD015,IPF,60,Macrophages,-0.1781574308798433,0.0032628760107536996,0.00941896949313361,0.09520809335636352,0.7390130582426471,0.0020021658996441883,0.22263434566712575,0.5891694866126969,0.12413084284529603,-0.17288638576768672,0.10469414030673133,-0.2870814877186722,-0.6531901269016137,0.6916423302905073,0.17335356096657437,-1.001194782736086,-0.5772002930040159,1.6439787900685707,-0.49247384522003845,0.02491971073177058,0.5264694018264318,0.5680286869714541,-0.38343234364978873
238,Macrophages,TILD015,IPF,60,Macrophages,-0.13272994007812397,0.2284942860334376,0.22735520520416821,-0.10184204802727956,0.4303865805009291,0.005773839071406032,-0.03448566764703485,0.6108597468845444,-0.04209340384429713,0.20454994410657815,0.17048351137329706,-0.13442993109647458,-0.16301995035032257,1.0635235174075832,0.19345118079574106,-0.8944743596303817,-0.38617551779005904,2.056811529103904,-0.0738829241226719,0.1264965946374925,0.9238283808950052,0.6969305687476091,-0.22646011694574705
239,Macrophages,TILD015,IPF,60,Macrophages,-0.07603569734805565,0.14172439544245274,-0.11186606000284532,-0.053790871961947005,0.4524306157935866,-0.019869141382230875,-0.6702279017043756,0.500816490321389,0.06130964876302843,-0.4042435404321278,0.3623415827640916,-0.21148648664999048,-0.11061014243626663,0.38757901104433595,0.21680577721600686,-0.4092520619871132,-0.31886492165054997,1.9759135515104358,-0.3642954467384961,0.12182742332157323,0.6912166539930561,0.6582161263252762,-0.07258211062241136
240,Macrophages,TILD015,IPF,60,Macrophages,-0.021806278794116618,0.29946400748149427,0.5240026499737512,0.09487108824837145,0.1654350096813637,0.0311111701474008,-0.9679864001773268,0.5603577796460731,0.10070025482473939,0.396498048957682,0.19530227596143723,-0.1761880464848865,-0.13253163179290137,0.8617882740442122,0.4152182257570977,-0.5362414544354542,0.2373126736130674,1.99292292171629,-0.539351656553998,0.18344120542140302,1.194022099411292,1.004631414166202,-0.34116259045892583
241,Macrophages,TILD015,IPF,60,Macrophages,-0.08046995713671873,0.3765139088740581,0.04501960074794656,0.028407822465922803,0.13384297902248027,-0.003884716684041575,0.3638023802884644,0.5969799283007345,-0.062122830430690404,0.1902810134617057,0.37741627094401525,0.12189976612579088,-0.5863048372069337,0.8397953681417116,0.5352440699215641,-0.6921380786943379,0.3520970147565892,1.5111390839179717,-0.5003355409736947,-0.03355490119145788,0.8488985709448155,1.0611386322243284,-0.28164072705692106
242,Macrophages,TILD015,IPF,60,Macrophages,-0.07496010809507433,0.05540763165101704,0.04507196000833051,-0.03659635727570367,0.3097442367730421,-0.009701266200247137,-0.5853438635149103,0.6594134337096681,-0.1228995460594125,0.0550890769512789,0.10682229226815933,-0.32995059485138156,-0.16313662957493752,0.5649985535841365,0.26797264942123744,-0.5235992043727223,-0.5345989747758408,1.6920908752574555,-0.3700903528211589,0.06767349648324834,0.6617114097687162,0.6429963607314682,-0.3217215093042969
243,Macrophages,TILD015,IPF,60,Macrophages,-0.042868946061281984,0.2817416064362982,0.01663540337663917,0.006519764822477935,0.18611162351328542,0.020111575159205572,0.2174372503757425,0.6063160059320255,0.10815912532748273,0.1246577749968936,0.369743102820339,-0.3670070119804123,-0.027036532402097406,0.5705468460561339,0.3172697258644918,-0.4678735302932011,-0.47074888605511656,1.799745316483447,-0.04817893407112929,0.18983438696820698,0.9158496811967244,0.7486648183698882,-0.31492934367935166
244,Macrophages,TILD015,IPF,60,Macrophages,-0.024577326613467988,0.2712890518976226,0.3384643044879946,0.24375413815722521,0.20851187725275516,-0.032016154855457606,-0.038324786716033905,0.43455529842759183,0.015898351966924372,0.4975208715246153,0.20158961163907205,-0.10899276152229374,-1.3888983214944333,0.6086489127391297,0.05496030342026799,-0.6460275095488089,0.16415265588453207,1.623753548794059,-0.13606551186226418,-0.006071410899052084,0.8590522942011314,0.8053783297821652,-0.2811495607532355
245,Macrophages,TILD015,IPF,60,Macrophages,0.002536078115250866,0.5128391592314107,0.17417210125699295,0.014037190564421684,0.24395103005471364,-0.013683609773719439,-0.3251342042497438,0.5668160262426183,-0.05961989874670064,0.09990833743767111,0.14303644163336776,-0.6156313028546793,-0.3888778695758659,0.7768514476533986,0.21877152170482578,-0.4538687682785011,-0.7403295752739273,1.7368957365271063,-0.4357654066609775,0.029132853477274345,0.5277176420911336,0.7487407681853919,-0.1281262615811909
246,Macrophages,TILD015,IPF,60,Macrophages,0.08754553126300707,0.5593032274771484,0.04911150617255248,0.22649357099171744,0.41803012636428966,-0.012937884650619007,-0.865143267639268,0.6009107917618385,0.450919926000062,0.11811744269341101,0.3563154441950053,-0.1032241606740906,-0.3371104147486942,0.6922492250366649,0.4900663910648416,-0.23076168952758466,-0.29938823468288217,1.570322535085792,-0.1451597121556948,-0.07552019970764379,-0.02575843311278217,0.517655991644184,0.03432319715289505
247,Macrophages,TILD015,IPF,60,Macrophages,-0.007412200362245195,0.234260373418476,0.2256297548618861,0.14787883879436145,0.7768689116555934,0.027465496822829276,-0.24896807138885713,0.5674965949974339,0.16379053467038734,-0.28136681484174364,0.2188613284724308,0.09600562894520633,-0.4319633388757765,0.9152147695163455,-0.06121524928116129,-0.7435023578994496,-0.043944416820095124,1.8436806866635516,-0.41946847102652685,0.07506301289820409,0.6676559755113597,0.8556776371527338,0.08456010151010034
248,Macrophages,TILD015,IPF,60,Macrophages,-0.004811838473924523,0.7413171117894961,0.15326190441116386,0.0808969115700677,0.09963652819724791,0.024975180558185248,0.18834440494073781,0.518315149601807,-0.03253174992336889,-0.11332568241695497,0.016349406633802094,-0.5507957362274014,-0.12779032162464976,0.6038496758833575,0.21155968505761366,-0.5827756757834649,-0.11618754851206903,2.0395612582858056,0.08328530487934532,-0.09973835136685745,0.9467180804533941,0.36932913131194806,-0.22280459548912757
249,Macrophages,TILD015,IPF,60,Macrophages,-0.07761883928445569,0.3914964483121522,0.0473273286845648,-0.01596179754701074,0.11302718472711738,-0.021741573545300912,0.07493262752453758,0.7121536747488234,-0.000980455831197902,0.5738319027613118,0.4178941340911116,-0.38569703397874733,-0.5439597766416165,0.7777263176531308,0.3467844688643955,-0.5145744254344072,-0.26547678794156643,1.8373347674852463,0.0020811998123092465,0.08982004051326228,0.5867570464360573,0.9360670417669744,-0.15276825112693906
250,Macrophages,TILD015,IPF,60,Macrophages,-0.055874372901697715,0.3702190431676953,0.044022080471365944,-0.005054764297233251,0.3645726264353464,-0.00123127128420367,-0.8693989700145176,0.6032220918005486,-0.2246005738969527,-0.1578297084388901,0.39730465626956424,-0.5380952215605525,-0.24772463241085926,1.071444442959981,0.1556576309473903,-0.6363091849463774,-0.24748750786293666,1.6870527079517474,-0.04787403355678906,-0.047269049723445165,0.36216725369884833,0.5553024820084402,-0.08933465601457365
251,Macrophages,TILD015,IPF,60,Macrophages,-0.08317423795390957,0.02081665131535941,0.7047995344709154,0.07203319591945304,0.006916816395058508,-0.021154817024270047,-0.22232165661284306,0.7260309058169162,0.06430072617805986,0.10865024401510195,0.20796271816518272,-0.555719873143197,-0.20340370846219025,1.2580606090926696,0.7069514898498042,-0.4363726397269253,-0.22382321364982094,1.9798344362071174,-0.15789207889203302,0.13991838886664176,0.9875248380611173,0.8569471733994773,-0.18738970589059636
252,Macrophages,TILD015,IPF,60,Macrophages,0.016066263236250614,0.2945837024813047,0.25522662356056325,0.1019500216847504,0.4549934148080176,0.05015227425930725,0.08109686518383166,0.566811438333414,0.020350960189390983,-0.1457706941795702,0.032115487578040725,-0.21029900042019706,0.05691760094883786,0.8186289963189564,0.35425138270535433,-0.5248164799203558,-0.38324413824040365,1.8385237681452054,-0.09531723622937191,0.09710891348506343,0.8965272910695309,0.5656634777782268,-0.1850188652654693
253,Macrophages,TILD015,IPF,60,Macrophages,-0.05112376039641471,0.489215991525008,-0.04520591535523237,0.09395875871226114,0.22620583552831036,-0.005854254698279303,0.42982637280770114,0.5090135300652133,-0.007229768878466875,0.1829562366797539,0.22635827009153645,-0.14451969127431383,-0.18045362642380078,1.217444225970201,0.14907627096391102,-0.41123886888730093,-0.5074972949682098,1.6193255468509253,-0.041512784730703,0.29151045597855413,0.9363096098089927,0.9845628889255894,-0.22207827645088
284,Macrophages,TILD028,IPF,60,Macrophages,0.07023469607998378,-0.18133724001954232,0.886804678078575,0.15820337513447372,-0.12024484667706634,0.002850635291383341,-0.8644467239425639,0.2039163594950783,0.11166398824284254,0.07523837521890091,0.3212791718759171,-0.06329256398936896,-0.44134606054787656,0.6297269958033053,-0.22291093155954406,-0.5155600354663235,0.06512047801682473,1.4497432548957556,-0.07037750213296969,0.13234616750272984,2.4003636514755766,0.6404420172400473,0.26459257387030094
285,Macrophages,TILD028,IPF,60,Macrophages,0.07495791365184042,-0.09793957825303148,1.3863282675296407,0.18543406297168002,-0.19958015781067,0.018423121285337126,-0.6506343908923556,-0.0010240993210248878,-0.2028542439084224,0.413282023088202,0.46547454921640763,-0.10127920267585068,-0.05545345210783247,0.6221311079865157,-0.40495253882574966,-0.13412561722191352,0.38980212620674687,1.3180845220318513,-0.006135583739424896,0.023488464632922323,2.2777156792518176,0.5209218102828844,0.24543687537616896
286,Macrophages,TILD028,IPF,60,Macrophages,-0.00992089769971077,-0.3197699004832135,0.9980977406643475,-0.062218368889662805,-0.6897404162180356,-0.016369181853716875,0.48014088144418204,0.06424729758846534,0.26801409926032016,0.1395748670695558,0.10197815249526888,-0.17559060465591908,-0.590598021200165,0.6705604162985592,-0.21366565550086755,-0.3165481140976953,0.8900915485380266,1.4286823609034598,0.09855248318672206,0.01849899420202467,1.8072769136005753,0.9682396914599741,0.16641243748844162
287,Macrophages,TILD028,IPF,60,Macrophages,0.04749262814016274,-0.12772703973438113,1.1479729766778228,0.15651432064136112,-0.7007488359129967,0.023771748111848984,-0.2637333545838333,0.1519221003230406,0.13673761489383424,0.2703117326914189,0.3056511090409059,-0.27505209770176575,-0.004393915935702923,0.8338365654264419,-0.4319608331324889,-0.5117878100858129,0.6320827850785904,1.516804912193907,-0.2347036223412577,0.07435738397630864,2.1622839817151656,0.37348938033574686,0.05427531687417252
288,Macrophages,TILD028,IPF,60,Macrophages,0.04807322792616559,-0.3042635616497681,1.0755205089017417,0.17909032515352521,-0.19726874391393073,-0.012712368673799821,-0.5897986861527283,-0.011310512318977277,0.1671850513245576,0.5201364814349123,0.5128360266299419,-0.0792203513576993,-0.46571175730764564,0.8038157943392298,-0.12872900826583944,-0.5671877976076876,0.29983867713944057,1.4562767558438021,0.1391688828409096,-0.019100782514628045,1.637611254567146,0.5563518079200234,0.35189879025425863
289,Macrophages,TILD028,IPF,60,Macrophages,0.02975970214398739,-0.19907956588641457,1.0846226071785123,0.26778349450768574,-0.9308831064333933,0.0055322649292077015,-0.46677860384357933,0.14224659551554775,-0.09952892971756011,0.32875919021130073,0.7176632070302975,-0.37870940098816097,-0.6398446237826151,0.7173870616583696,-0.16841883654819742,-0.4268726408511621,0.029258045711998273,1.4787853449675519,-0.14851828577747395,-0.05671719604151151,1.7593814118844653,0.17494863221456244,0.42825390297146476
290,Macrophages,TILD028,IPF,60,Macrophages,0.04709876875775464,-0.026789683133017862,0.9129526935348137,0.08404399279781777,-0.11232060339708791,-0.00037180932124335556,-0.7101117099086978,-0.04591720720762079,-0.006040561644143397,-0.02741946677750917,0.5816650530878136,-0.12160838768165906,-1.4895264732131428,0.43053573291500213,-0.14305160209400247,-0.5556895498259277,-0.1191370961645113,1.7059959523180093,-0.13842058494721815,0.1762922927012287,1.7933690220669811,0.29537094701523564,0.3482301412249284
291,Macrophages,TILD028,IPF,60,Macrophages,0.00284866978324676,-0.37080694683375187,0.8149662982295548,0.15953699667709006,0.0938456254435772,-0.02843551603798109,-0.9653393132753368,0.08813072577948905,0.060011706265368024,0.18230958332263303,0.6751709263533101,-0.015841642618709947,-0.26139272770461236,0.23599753845184282,-0.31810273346065737,-0.38394962190547804,-0.04496562834833364,1.2418583075508494,0.030435440830705936,0.14370211750814715,2.149757659629235,0.6774618257176435,0.16888957206264135
292,Macrophages,TILD028,IPF,60,Macrophages,0.016095975258385443,-0.4983379731860938,1.0531355651841725,0.15703989618706077,-0.09215487726179915,-0.0122313987766433,-0.5093345862045915,0.08597841141795759,-0.05841172514159328,0.3756171170829916,0.6437909697094792,-0.13074520307917684,-0.35299164525042853,0.4560945970982651,-0.5086401872897991,-0.6778449561894481,-0.21345508679901876,1.595963268137663,-0.022028609109409236,0.2865373681494643,1.97987723543744,0.7029678073344215,0.19351262534517644
293,Macrophages,TILD028,IPF,60,Macrophages,0.01790270911686196,-0.40223253486453886,0.9382603560184959,0.14454170598036734,-0.27482487256012456,0.034696305752451743,-3.251804335541124,0.07864177524166224,-0.05906844336495197,0.2941749887825203,0.25309107498547573,-0.21229487086556534,-0.4841655668850004,0.3843354823519283,-0.7304748414635552,-0.5694588984019855,-0.30996243464240447,1.0808555784397238,-0.12599927072145856,0.13476452161907376,1.6227624377596939,0.3975780295799437,0.17845170390896573
294,Macrophages,TILD028,IPF,60,Macrophages,0.02512139941831621,-0.14641143697880288,1.01989153191104,0.268164712456938,-0.1993219166173023,0.004549269582951455,-0.9571196137142478,0.16951012439483987,0.21190442211430116,0.12833196335719013,0.3701554809200782,-0.2793678937383226,-0.49306145238497684,0.46624411491341405,-0.5124431561541575,-0.30328782193964743,0.7012678857884332,1.472759367815454,0.07999932825135792,0.0625857715216827,1.9102470605465818,1.0115134101957832,0.20872534814251945
295,Macrophages,TILD028,IPF,60,Macrophages,0.08613516185230768,-0.2076069842473071,0.7877500261999276,0.07243809627153822,0.03439109242697841,0.07101279934942907,-0.13126337985292097,0.08998731865749177,0.05201545899950399,0.34941200275606205,0.3285465165113925,-0.2149902901195542,-0.3066989696241974,1.2589178929656686,0.170804916063384,-0.5543223103266319,0.4017855639558865,1.2107266474073621,-0.19911649940695653,-0.1391456097668585,1.5048073512382913,-0.0675764192076703,0.1882837326906616
296,Macrophages,TILD028,IPF,60,Macrophages,-0.015287267348880019,-0.451690034824701,1.2087282378097748,0.18554366035646272,-0.171168304053221,0.03951667512574189,-0.9767371428329464,0.08589245692061451,0.08264051528999018,0.4452294494921724,0.33304696406149864,-0.09975277393874772,-0.1615604528380519,0.83372989636795,-0.34465195684691396,-0.5492932926243098,-0.5008052736730068,1.4416081841197654,-0.07762763545051475,0.1554005607377865,1.6310300719344146,0.7986517483323579,0.14257281698887944
297,Macrophages,TILD028,IPF,60,Macrophages,-0.1052796722425238,-0.33699999649549234,1.1321891338988401,0.09117607818808919,-0.6646816356486344,-0.019177281494679895,-0.08223028311970466,-0.051912039570237906,-0.268428487902628,0.500672018771582,0.3004940407222895,-0.2869946072605818,-0.4241921115185523,0.007487163993617408,-0.24701547997953738,-0.344972011659514,-0.05144108672375116,1.418457046957664,-0.07303757349444676,0.006617223213539449,1.5705701886582368,0.5727806341500077,0.205306412907137
298,Macrophages,TILD028,IPF,60,Macrophages,0.026664999624776788,-0.37731808232786657,0.6634343173966019,0.24155800027823313,-0.2902735626796234,0.004255693151170778,-1.0969678147151487,0.10431871333420767,-0.017839375759645934,0.3139194286564793,0.5093901288247948,-0.27336371823016825,-0.7501918160342652,0.7011471540803113,-0.16583350665793306,-0.6908545796874548,0.33655901742040417,1.2416775889796392,-0.35204079017019274,-0.06358977453754133,1.8717879512524571,0.2655405986926237,0.3381699746318421
299,Macrophages,TILD028,IPF,60,Macrophages,-0.045017231362566995,-0.3833100683675366,0.7572482831118247,0.07915321388104363,-0.6423426085924867,-0.0071686656018166775,-0.28296649872992014,0.17974445904537478,-0.2644324079958864,0.4139701395993547,0.2328020023012932,-0.21736851532718207,-0.6356345689776027,0.20189102797746264,-0.4264368887248745,-0.4582530610210275,0.10275832975619598,1.270845694895757,0.24187662768698065,-0.041263120030206143,1.6920143967123473,0.945982487786956,0.07070528742728814
300,Macrophages,TILD028,IPF,60,Macrophages,0.014200455252232222,-0.0983074359288078,1.5252520682780795,0.04698759804044526,-0.2361348062252746,0.031994305770247304,-0.8268106652137771,0.10412269293262502,0.18371968948028508,0.7430004406152904,0.3655941946702964,-0.057139019813169635,-0.5401726629150171,0.38088610940525885,-0.22383350903822619,-0.4483673933958082,0.6717956900811036,1.5108623578470204,-0.0303225371822009,-0.011756945063735667,1.7693199009525955,0.9330147327879722,0.2702531629816698
301,Macrophages,TILD028,IPF,60,Macrophages,0.10418514065908326,-0.3690822951801986,0.7427543245083557,0.11683709321757602,-0.6311884154190681,0.001653695485780436,-0.43874682270092386,0.15907044008686866,-0.1250631652826484,0.24356851694723272,0.32188444645006437,-0.04285558805206871,-0.5716955309178605,0.6390842326964121,-0.26267456755968305,-0.5141661566302037,-0.569875598791865,1.2818183006975064,0.06442883442357313,0.09009807445719219,1.8936279218992853,0.44634122497848194,0.14009297737300958
302,Macrophages,TILD028,IPF,60,Macrophages,-0.07728059599020509,-0.34541785595053387,0.7309941726475137,0.12294376845459809,-0.45755790698146076,0.003312608490100298,-0.14742140868559417,0.15692798803034694,-0.15371510063237373,0.04305503763871249,0.31449473888491136,-0.2798437906800051,-0.7911998727587587,0.6593219872580665,-0.15843193378426326,-0.48946938706426135,-0.256279306913494,1.626076993301505,-0.5150889063639983,0.04084191209435085,1.8165994105847985,0.1427610685713683,0.08268345675408986
303,Macrophages,TILD028,IPF,60,Macrophages,-0.01255493446294791,-0.364845108060616,0.9237109018396032,0.26556204127082844,-0.33609318268599997,-0.041823509007820156,-0.2121689227613793,0.038420745013883935,0.07449986045110789,0.15852714370195845,0.6436206561603222,-0.39672147429518567,-0.47519284595174094,0.23231568312385747,-0.5100998672188596,-0.8364638319691923,-0.39962536626076595,1.4066541930348615,-0.43615700343494895,0.009611007694115714,2.00397658623695,0.5508104234794697,0.3195600941226784
304,Macrophages,TILD028,IPF,60,Macrophages,0.0004372461374030391,-0.5404021062050024,0.9776295946124441,0.02620350547171466,-0.24799062682059225,-0.012988110363178346,-0.8491405722723339,-0.033931577787109216,-0.0021230437913145276,0.1090083134797519,0.27141377020012253,-0.5242034969509699,-0.2807423940417535,0.3695680724525892,-0.353757892037789,-0.5691021461635025,-0.11935260739387728,1.3411360319431418,0.03319057492726713,-0.15860580319078485,1.5769248083818435,0.16973886032132038,0.015014716782770117
305,Macrophages,TILD028,IPF,60,Macrophages,-0.01795477439829232,-0.5608885689132808,0.7098283130055951,0.049468786600653215,-0.23696405829757036,-0.017789937600571876,-0.18871505492945462,-0.022886405584610976,-0.03744185008953487,0.06370718305113844,0.4307599534326055,-0.5020363528447249,-0.13018015474227276,0.09830307140366853,-0.17803321030918043,-0.633671860249222,0.133190511750088,1.187003487741224,-0.017418385013942904,-0.06059156830251973,1.6765505643543612,0.36847327014551484,-0.0683277838089512
306,Macrophages,TILD028,IPF,60,Macrophages,-0.09623544428312422,-0.2833878537579668,0.7416201732256338,0.27496599392146576,0.17795091833667287,0.049315259790070815,-0.4412585237921638,-0.03883442220652669,-0.33376538425573565,0.3317985619117836,0.5185283564086122,-0.5620299684692766,-0.443254943040568,0.8771998313468832,-0.49720819291653007,-0.9490362681756248,0.05052673020241615,1.4365290729661,-0.3400979524578554,-0.19809915120634006,1.8241613382766573,0.8831882079057183,0.24793967713403872
307,Macrophages,TILD028,IPF,60,Macrophages,0.07127562821613105,-0.01901925343624567,1.0349737856630175,0.21179728895234531,-0.60591715116457,-0.014348028118750918,-1.160949347048163,0.2624312213656126,-0.005017875053251431,0.11573895035575354,0.4545486294765218,-0.3506841152438337,-0.1936107779724836,-0.07694169364691703,-0.08647231214931994,-0.35523669901219235,0.27500791026,1.512069738707653,0.10963457744589446,-0.1847743950574341,1.6636415958000406,0.6940812409736856,0.01976653063676873
308,Macrophages,TILD028,IPF,60,Macrophages,0.0027754409569538336,-0.19255960507102113,1.3023549866881556,0.32873082216014854,-0.2562749125239717,0.0014131832995847088,-0.44011323576365646,0.1624608370066186,-0.004445216907690369,0.17041686163415748,0.387756062299971,-0.12435988384737957,-0.36995995818390354,0.6174352819230806,-0.15013061509116643,-0.6135748702028379,0.302919406877123,1.507940419194778,-0.07665539792095634,-0.13110362519658503,1.8935930968061765,0.6023326068647824,0.0677742919843158
309,Macrophages,TILD028,IPF,60,Macrophages,0.1292731022594267,-0.3680993787735229,1.0403087211459745,0.24929763475419872,0.12793492901158426,-0.02349109716781578,-0.33018408727657905,-0.08095150784026059,0.09320193683689437,0.37039768601985185,0.4111357653012429,-0.18691939542421365,-0.5265487374773329,0.41641438407382375,-0.41973250697759945,-0.6337206588139516,0.4093110116338102,1.2858796063466804,-0.1943499057453893,-0.053289545797579274,1.603615274212892,0.6020104594740427,-0.0694758559239192
310,Macrophages,TILD028,IPF,60,Macrophages,-0.008010761336395743,-0.2099534619630181,1.4990115495686593,0.12465920878056702,-0.2806998919575593,-0.007001082792074534,-0.5522152564193631,-0.014094671420936337,0.10348451935672444,0.6137021572186062,0.5022710641137736,-0.45548483847187116,-0.74870404171106,0.8666337298735614,-0.4678781098524783,-0.42532859120079347,0.7976140444603353,1.1383197200664026,-0.18058962584874877,0.031042295163114283,1.6993942197756366,0.5490954120657395,0.23217937937592956
311,Macrophages,TILD028,IPF,60,Macrophages,0.13632329426883383,-0.5416966739056288,0.5453590772726491,0.21758200813536274,-0.06597277627808273,0.03743586781263687,-0.6542490065152086,0.1978719220910207,-0.13983865761481903,0.07528922407042067,0.5102428706555369,-0.15653089475742396,-0.5699911869277982,0.35597986034021684,-0.47947744783091956,-0.5954749894592788,0.22807414677933413,1.3651238426459436,-0.005246191492489845,0.06496380521355063,1.872502454338761,0.6618238424572571,0.10948475688428441
312,Macrophages,TILD028,IPF,60,Macrophages,-0.03546284326474508,-0.36954248060014383,1.1348841045081437,0.11536206063955884,-0.9695605510050089,-0.010585526556752618,-0.8040685352503915,-0.026060037048196982,-0.5046543676235082,0.5537749401461504,0.43229033609916756,-0.45711372834976705,-0.7580605633970549,0.2698820277516481,-0.4389740210939705,-0.5877061491552064,0.24195354658531398,1.5412754031690312,-0.18577392874137055,0.13692834586415753,1.4592650500226323,0.6850924655346214,-0.051663665133361146
313,Macrophages,TILD028,IPF,59,Macrophages,-0.07354981738303201,-0.5171213850138278,0.5692773804366851,0.37198821650933495,-0.15619416637390812,0.005329652558952915,-1.0680629220147104,0.15977054076878025,-0.08900923222057557,0.6780348112462153,0.3279761772365509,-0.4170133862418013,-0.6688034533613344,0.131927400287728,-0.48106972754790045,-0.9362641897337949,0.2228467192289614,1.4518013164178696,-0.18369344533170515,0.07498336380660506,1.6615380497694965,0.39985479910879324,0.12830543325920188
339,Macrophages,VUHD65,Control,61,Macrophages,0.05859986839216034,-0.09859893120827244,1.1783123406167715,0.06601889853725079,-0.26415367401273987,-0.002678174989493352,0.11728871707341326,0.15476504085834056,0.5853570190432618,0.3910460068207341,0.5707924813723262,0.0890465984684549,0.37656612562144665,0.17421039110510297,0.11197481823723109,0.43011569886179624,0.5213576740430091,-0.3793908372732146,0.4746372765843576,0.16392695173154445,-0.35411333593960437,0.8044784495185019,0.21150301794191892
340,Macrophages,VUHD65,Control,61,Macrophages,0.027742656582668578,0.0255814957862008,1.1002966777359862,0.03698151913843209,0.016887539822972503,-0.016922924307084287,0.20614102846059482,0.4712397044755215,0.6008883495137776,0.6179339134274816,0.8977216113565709,0.2795671438170161,0.3163040243514162,0.42110872452564196,0.19275397791714785,0.08063943851497582,1.2697030738534987,0.29044502441815473,0.7268141420661285,0.2509595094449425,0.34727655301644544,1.0621907727170947,0.3616149967977733
341,Macrophages,VUHD65,Control,61,Macrophages,0.06473863872008762,0.14570780005372688,0.8961661600427505,0.09616066306042423,0.2210253434699445,0.0010234589653281686,0.28343218418727223,0.4210920788971721,0.6083812287657617,0.6561285996521475,0.927212299164591,0.2299062595705075,0.32419041698094697,0.020744373647179678,0.19890406950324419,0.1157908087006079,0.9150007763453621,-0.2371942012995683,0.45872871851841307,0.3024737418708973,-0.2116078251364083,0.6717242190633355,0.5043312650104977
342,Macrophages,VUHD65,Control,61,Macrophages,0.0559965317266981,-0.11975126733461672,0.9152656834497603,-0.04851257605151329,-0.06411566344425496,-0.01799125836318944,1.068197643158601,0.5871014584648849,0.7323541438279384,0.7458609920122672,0.8905532343129543,0.1391505417703146,0.175920627597273,0.18811682393993964,-0.009231895685086098,0.05725863391891081,0.5593167874696828,0.22219112152484502,0.46239889497561626,0.12559249569878772,0.3550213743639589,0.8471602868164474,0.4564281338232046
343,Macrophages,VUHD65,Control,61,Macrophages,0.11612173722562172,-0.02024688938938199,0.958805971046462,-0.025686880372682543,0.12573820840417707,-0.0030186741385214875,0.2881364709764738,0.5560274556853882,0.5488158502973869,0.7446870277295955,0.8281119275686756,0.4745414061421957,0.4230841977942597,0.28526449124564657,0.07025349663189015,-0.19908597614297965,0.7796057598041457,-0.5405100276053262,0.5520642323806835,0.2334402037490551,-0.05488811884029722,0.8544500359069067,0.3296132596429492
344,Macrophages,VUHD65,Control,61,Macrophages,0.03666219216107361,-0.088821283909737,1.3497305770022099,0.10039039809112663,-0.05629274540567743,0.028188243634341664,0.24625805884073554,0.44282663662510646,0.87822323462498,1.0386555561299757,0.9563384755213888,0.2436026834442894,0.32558784410636044,-0.03302593551448726,0.3300109603175143,-0.06272566581469421,0.7870643903530452,-0.1272407471254449,0.5847951135298883,0.2567035827377469,0.25224166948943655,0.9941929402364773,0.4442481075368513
345,Macrophages,VUHD65,Control,61,Macrophages,0.05934816768838257,0.007928057304985194,1.0245148309705676,-0.21036470598704496,-0.5956905847041825,-0.01821666606218755,0.5059010691059888,0.34850126705004564,0.5967848341170039,0.42161577582356496,0.8461479964471939,0.36324793689801205,0.1864834562770753,0.2626958344046482,0.23844326594259374,0.09306514741860758,0.6483789490655154,0.03824077696893223,0.3578376331540026,0.07971120792986146,-0.1406683432611225,1.049402234872563,0.4559995785346504
346,Macrophages,VUHD65,Control,61,Macrophages,0.006895812275387711,-0.19144830003886115,1.214769535212662,-0.06203920715184558,-0.3591321430026016,-0.0158999099022066,0.39491313084427365,0.5107986949015441,0.6540355572854577,0.947968516485002,0.8292261612617057,0.22362465652147964,0.4267131671170841,0.23628433550789843,0.34559631476580377,0.4647897972725834,0.8084719462778902,0.0665902142322218,0.5700338450021372,0.1087062736232583,0.032445035870739575,1.002997031870315,0.26868305642096163
347,Macrophages,VUHD65,Control,61,Macrophages,0.023909794957083043,-0.07003964704726466,1.0969791307210335,0.21056877843502916,-0.24737853374761082,0.0055639202808465465,-0.15744560085195455,0.33677594967429947,0.7736243117129027,0.6831420662517612,0.919812417088396,0.34280346331133754,-0.4164364976505746,0.3093702962183127,0.3548033327991487,0.2577826741479394,0.8832579550112125,-0.26977053203319545,0.396354107964587,0.15878418890810533,-0.1072822978524257,0.07351277245076489,0.2793695547634337
348,Macrophages,VUHD65,Control,61,Macrophages,0.10640519257747873,-0.006356447177261698,0.6467121727026569,0.18987305190821394,-0.2257394597976322,0.014710098507943678,-0.37703974333806245,0.38315249399393225,0.5685770436939918,1.1077516654319866,0.6612561736610024,0.2973990997991767,0.20617258198593386,0.3568047559002439,-0.23147748663036796,-0.00031285760143344443,0.8263537570652677,0.062262965132510895,0.5409187604512831,0.052191308540734095,-0.3508774242818364,0.6629837704210004,0.2557182978306941
349,Macrophages,VUHD65,Control,61,Macrophages,0.04235452900723607,-0.18185386901727568,0.6799209376253462,-0.026553311854819715,-0.10899760226551858,0.011675826515723034,-0.2689918708343125,0.41793509132075896,0.5347977532806087,0.33430366008191226,0.6707306697312122,0.2504025149258952,0.03315501082245859,0.43541133144067307,-0.016377891885328802,0.20685776145787363,0.7990429456724102,-0.5377974664262072,0.6590936312819016,0.10872255279939634,-0.26566654322566025,0.6089099147794559,0.32802572485802256
350,Macrophages,VUHD65,Control,60,Macrophages,0.06858911909578196,-0.03022446792982776,0.9428756786851081,0.12729637367298194,-0.1093781249009261,-0.014646568694125296,-0.4625292474122733,0.3959739758249086,0.5193018114659842,0.6813199952792148,0.8544327850279729,0.3643845377090365,0.340371728417676,0.13330477333919344,0.06054043037396713,0.2768475157655317,0.7491306495958003,-0.7130582269057801,0.37176642912112806,0.1987562010133931,-0.07616630736746058,0.6022782879409236,0.314983173971394
351,Macrophages,VUHD65,Control,60,Macrophages,0.02919331714354749,-0.050049964358309836,1.2871407746408055,0.006165819071389117,0.04880554801180201,-0.014772821760334938,-0.045561919272276076,0.47717321949784725,0.7470255434865681,0.7187702333508722,0.7698430054579266,0.40621534687269034,0.42306623961992024,0.38153347977466073,0.3172549731256551,0.13652591372185105,0.9770884227402523,0.06581857555677363,0.521471649504962,0.2282931437998927,-0.24375282417170363,1.0933969204298892,0.5016534346282034
385,Macrophages,VUHD66,Control,57,Macrophages,-0.012950460654567448,0.12180461649617703,0.1734504503887908,0.3047655463718522,0.007105162752373469,0.021457549555989584,-0.36845971368827096,0.5072058197967768,0.26478170887149954,0.11196338136189818,0.5109322612711389,0.4466413876869075,0.4309522688061493,0.7725010115414574,0.26064771399334563,-0.26538367284469905,-0.12464813372901974,0.3621501320278842,0.28140074179996327,0.12929503143783938,0.6182417239286315,-0.2888479959920596,0.1788938215608082
386,Macrophages,VUHD66,Control,56,Macrophages,-0.07550278970331518,0.1824098299195749,0.24674958886468465,0.21116957155570232,0.24763463832843624,-0.015284230051052405,-0.004592374862893382,0.5711622519113443,0.5109313567143242,0.4924341689721582,0.8044074813923234,0.05547267388167691,0.2921826777267465,0.6275548831429136,0.21877392175478025,-0.38129593784058247,0.5059901076687999,0.9339245027378905,0.3927123902589522,-0.03402421503837161,1.0457320685147307,0.5546017562098293,0.25368181007009505
387,Macrophages,VUHD66,Control,56,Macrophages,-0.13068314861901822,-0.04765270208669389,-0.002486551219649482,0.06549176232909051,0.27140275746864534,0.0003405398940856015,-0.0831129642204289,0.6062763461690185,0.501957783957648,1.4866262466480065,0.7308996014513477,0.2923747542080174,0.05105172386805155,0.14374997730854258,-0.05556402324348979,-0.08854867863391594,0.2998956531502648,0.369108669714482,0.16288015914593393,-0.0788634120580958,0.7959241539190169,0.7061286667655328,0.26210953833227435
421,Macrophages,VUHD67,Control,60,Macrophages,-0.10832695838107767,0.07714733930883734,0.47642168617700903,0.10584462114470534,-0.1757494242159425,-0.008481035137454025,0.07276471092078196,0.4178770894595503,0.29717253743097294,0.5767088443836642,0.0495490014044266,0.09173969668493699,-0.13038466707151294,0.563553198354591,-0.028368709500389857,0.028146976447362523,0.39542369467856103,0.14787702501413785,0.654045564942874,0.1813238547314145,-0.290691522579485,0.9547313542940528,0.14581896279510959
422,Macrophages,VUHD67,Control,60,Macrophages,-0.1379916630016096,0.06414648328214406,0.08473639793513557,0.008253193575607543,-0.07247581923011873,-0.026874450346906928,0.8551797664829439,0.5095927054791516,0.030567174268714047,0.6526226030848981,0.03077942020902343,0.2317760486375244,0.3069330237978018,-0.12464235825375293,0.12182630757065889,0.06780126136268333,0.20693145018294998,0.06838893543143569,0.5643658215669656,0.05815939927118436,-1.065672991515162,0.48674027679384096,-0.02299976235892419
423,Macrophages,VUHD67,Control,60,Macrophages,-0.14126726989403957,0.2228578586630798,0.7532813684211493,0.17605193925023369,-0.11260805911850863,-0.013550236494369209,0.5809870071928124,0.6508797709118869,0.11806192319285248,0.3820331573041981,0.163882100681907,0.23102434838207195,0.08524377775203884,0.23323994358796316,0.5338776587026349,-0.0835778761087666,0.6561242626481727,0.5114227837933846,0.6464740769719406,0.12754056436846983,-0.04524300137379195,0.6061767262740121,0.3458881038633423
424,Macrophages,VUHD67,Control,60,Macrophages,-0.13498539099047,0.02855843494154546,-0.05939716601368748,0.17362857827257258,-0.038314652196409955,-0.010057767323503664,0.24251962176670203,0.6377271500003908,0.06390984415595131,0.7398182328812731,-0.11425047701810619,0.10161880283945048,0.5434579483513935,0.36565191870364494,0.14860716224143414,0.09695200259171441,0.04696399239713566,0.11839420751015746,0.4767802475280371,-0.02896534281237504,-0.4500591912080459,0.3836838913349808,0.09045997780567222
425,Macrophages,VUHD67,Control,60,Macrophages,-0.09867786573470161,-0.03768307146917336,0.051332124374167704,-0.09553601735125813,-0.05063013222697639,0.0042614298844771544,-0.027265521051746667,0.4653647342676912,0.059770837299901285,0.30030227993475983,0.1495746466791415,0.2397445834251916,0.24611062623069146,0.622822061875246,0.16898073217782283,-0.2622160086971795,0.4245663814387275,0.11234620028633864,0.3797445535500444,-0.014954833264909408,-0.7870865322452352,0.6614801480168695,0.17180655280268026
426,Macrophages,VUHD67,Control,60,Macrophages,-0.10554446859838258,0.1369207593920462,0.23855761306247805,0.08575314660507852,-0.015339853447503342,-0.013227527381073929,-0.5656311704084852,0.4852012882771446,-0.05378094448801816,0.028893394419548864,0.16535786058971738,0.3110916085761859,0.5011480437488959,0.3934818418782343,0.14083803213895663,-0.01745974046625317,0.3333343961518727,0.5009549290307796,0.27420666905029056,0.060248705925015404,-0.1286061292218812,0.7446473649807158,0.1350106446364932
427,Macrophages,VUHD67,Control,60,Macrophages,-0.1632684856824723,0.2316229097879389,0.6555163030953896,-0.06053970224101264,-0.6206194802006066,-0.0015851769635335418,0.7110164816302945,0.6680552252060942,0.10060949621353404,0.47739596167319964,0.1987994431145373,0.029220147924637466,0.3225908819387706,0.4597984293165675,0.14127123583038328,-0.4740927396353536,0.591031697408654,0.5812900075856275,0.3898480243488536,-0.10614754287835,-0.4580581746628206,0.6354123397733673,0.23635856965255345
428,Macrophages,VUHD67,Control,60,Macrophages,-0.1296768028704359,0.34663332670072833,0.731998041914145,0.12432052570306926,-0.17030995965498402,-0.01240304295049086,0.3394668347613377,0.45379294234328177,0.03830246314855923,0.6712737099460192,0.05148915221929494,0.12309792492942546,0.13083791595584,-0.06319220568987127,0.13731563779765935,0.19293809439555093,0.44627589009822216,0.3608871135122564,0.6477772605736132,0.11421179798683748,-0.37590929677522206,0.7925304551590123,0.23876882599086074
429,Macrophages,VUHD67,Control,59,Macrophages,-0.11005081920797778,-0.014444626127825039,0.24026044861543294,-0.01914847127049595,-0.06069678475412389,0.06513340676147986,0.24853744963249252,0.4504737744246716,0.02080089784253624,0.26621705739294077,0.15498544210817003,0.2702672199113781,0.1288585439196348,0.23098671577287577,0.0040297117786803754,-0.19149221702099997,-0.3870564931871621,-0.17021074431042235,0.6457316100201265,-0.13480174635341097,-0.7355530396845686,0.471388311021611,0.1147305230782531
430,Macrophages,VUHD67,Control,59,Macrophages,-0.09459738772864776,-0.10737441449228163,0.22215880407720043,-0.08261603218160729,0.07639417269607723,0.010709552057248783,0.9100323034518597,0.5286916642551389,0.11608519235434601,0.4130793996304444,0.20082953626257696,0.20565500679501847,0.1841541475094972,0.5723220291630066,0.18492502039114606,-0.10851895446806306,0.8647268186642595,0.11025952679564802,0.5530606744529225,-0.06850989720134794,-0.41624597642633726,0.531313079760012,0.2968440755233798
431,Macrophages,VUHD67,Control,59,Macrophages,-0.08791409055503431,0.0066692013295520745,0.4769755224255785,0.2185138641227905,-0.2664419886020807,0.010409960643549158,0.3642260001939609,0.5398254105124501,0.17069171675518766,0.49676273430238316,0.14077587014090326,0.15327584457430274,-0.006353807057780124,-0.11486115662019467,0.3076664152778153,0.18085388953420664,0.20697818676769503,0.2499469988039243,0.6446305076595571,0.030310260810312566,0.1526181111092521,0.3682292710324866,0.31347711604784784
432,Macrophages,VUHD67,Control,59,Macrophages,-0.03619901409606693,0.053389500260144065,0.29868356690628584,0.18250727899341346,-0.18132716404888055,-0.02176013928134435,0.14901779861702658,0.4930582956733465,-0.09762995509641977,0.42112149186013703,-0.054663226200556095,0.13216241638104473,0.48879562622907413,0.4821896715468878,0.0627426988367542,0.13947530762413818,0.5357094171525321,0.1679584449071753,0.4482424050225778,0.11258350968509465,-0.5085446513031195,0.5804854002291853,-0.04113447480777167
433,Macrophages,VUHD67,Control,59,Macrophages,-0.10832542940454358,0.03936844812554247,0.3190975378623345,-0.016440977808991748,-0.4207064669131929,0.0028491232351166634,0.3966072030602277,0.4844080756508985,0.1336049458823622,0.49048131120905086,0.20594798122801475,0.04229116633847253,0.3646113154135321,0.28622746519281833,0.35918038444068234,-0.03267563128173487,0.4759474488755199,0.15001889700304605,0.52462747078307,0.22591485355366267,-0.37465382393283514,0.4410404789451487,0.15565879474751584
434,Macrophages,VUHD67,Control,59,Macrophages,-0.08061156418170892,0.006038770985159389,0.2518514549139002,0.0059627351541404515,-0.1375303985374698,-0.0026803402792112407,0.07393994815556626,0.4920774639071561,0.250725738151798,0.6594157830380958,0.15245639987979756,0.13314786677769785,0.15714476143988526,0.22400665247249546,0.10678341805748214,-0.030253078330102365,0.6964933217356858,0.13912221173847028,0.3730309402199375,-0.003605161942746079,-0.27459277803384413,0.08817259070107054,0.2041708995923515
435,Macrophages,VUHD67,Control,59,Macrophages,-0.148354327575329,0.1814385032505144,-0.009840980154414328,0.01547032163993849,-0.2845925740197972,0.012851933220021223,0.6584570235583507,0.5894606834817329,0.23034750052444647,0.5504533424413548,0.26837143397863056,0.2052061471777841,0.34972726737646387,0.4204297218415784,-0.0607718184898286,-0.08351801430183681,0.3824635643833508,0.6081716374754587,0.4328365051429637,-0.08651480088213967,-0.12187092830540568,0.9685223282659743,0.286909443077261
436,Macrophages,VUHD67,Control,59,Macrophages,-0.11440320170133167,-0.0058634629065819465,0.2698892401355091,-0.05730266835549375,-0.08436442436706133,-0.014363864381192328,0.3002535341126276,0.5958069210174837,0.14141608681850282,0.4616275481353128,0.19881463071597447,0.04462379386131175,0.4351799965446792,0.3276204198256131,0.17076210971277533,-0.3542834214580222,0.8351452152493503,0.21327785516804004,0.41775574160066015,0.16423939137064844,-0.6201031595899903,0.7366266740261525,0.008270445902501245
437,Macrophages,VUHD67,Control,59,Macrophages,-0.17405686707758605,0.02836722878495452,-0.002059659119248199,0.12712953920910372,-0.06682136254858492,0.011532458525753145,0.0029611532962142114,0.6521819606929955,-0.045538001137423664,0.31633633019239565,0.004772148554125267,0.2637974995155524,0.37667543675977955,0.07654501485234563,0.22964334224276414,-0.1845037793856604,0.29138936058886505,0.19328891451787658,0.32431524093944347,0.231912659390734,-0.43335615644175923,0.5804301784504301,-0.09404025233140019
438,Macrophages,VUHD67,Control,59,Macrophages,-0.18582835237627388,0.2521494113985321,0.2528902225180859,0.1433452724171987,0.02862040837467325,0.009168935177466322,0.10014657236878928,0.5781505777133673,0.24316099339746822,0.46960253638766214,0.05991382143400932,0.40387271062738817,0.2903806068184695,-0.106854569914371,0.33389835560358133,0.12725437358110056,0.27512373692782127,-0.1345148280854249,0.659943631997437,0.022371420945510007,-0.4490948355349353,0.20117538026992388,0.27154779115007116
439,Macrophages,VUHD67,Control,59,Macrophages,-0.1312932674793849,0.23826467732322348,0.3582755217497582,0.1420762102411162,-0.45561132864615317,0.000319009266589336,0.23078774770915178,0.5180679176803851,0.15105495908988498,0.41798233048850586,0.3833919026959402,0.4475693547090824,0.17552061745792305,0.3905920392411546,0.4391420500865287,0.02887764515731008,0.37024779788416157,0.23418277207411123,0.6467952078998715,-0.1330271053577788,-0.3917668805548953,0.6313165073839868,0.0612353434937463
440,Macrophages,VUHD67,Control,59,Macrophages,-0.1130866701671565,0.04050586023852951,0.3590232159186699,-0.17837915806999302,-0.12283401371773484,0.007529481077786597,0.7993457480997836,0.4540948210814864,0.3740271163544493,0.5990650129644394,0.12777330427579292,0.27312032806523817,0.10267809993654645,0.11502672208777326,-0.05636662375486921,-0.36334329503830914,0.6207969066346571,0.5161658505972776,0.39867354413201384,0.020595657896276067,-0.2822880811920403,0.7312378035899418,0.2121299627870282
441,Macrophages,VUHD67,Control,59,Macrophages,-0.10079384549695788,-0.2684956916746162,0.20592753899802316,-0.162323068825198,-0.1926091136059515,-0.005260965932052593,0.03283848791031938,0.4657699486907576,0.00047207369860067204,0.5617853143381626,-0.11192276749867398,0.07507388543503436,0.2571647181305989,0.09224707648124975,-0.056332589194402205,-0.24049817995449152,0.09675320940106096,0.3020471986320935,0.341772502212261,-0.16331271875540931,-0.2830158295527819,-0.1203680220642387,-0.24767212958788895
442,Macrophages,VUHD67,Control,59,Macrophages,-0.06331370185397471,0.1291445463240859,0.4411527007193511,0.15295152877928367,0.19876066742833004,0.0009834344300417705,0.4367810948825493,0.4390176516499859,0.15594540257097605,0.3106471398133959,0.09533614051940821,-0.049040434697254345,0.3302065141370531,0.456649500212511,0.316397619054817,-0.011227438866847,0.24354108119617046,0.035115791004434585,0.6514861978976367,0.0038488362104461106,-0.5041801217054738,0.6448837674958673,0.26933460656845787
443,Macrophages,VUHD67,Control,59,Macrophages,-0.16846063314284973,0.15581027972381523,0.4358764841494121,0.06475616041446747,-0.5693457007325431,0.08066693934071316,0.22252647684413157,0.4514380751596802,0.0963242770713148,0.683954160890248,0.1735873299500307,0.32170239212463553,0.3043476403523084,0.0021946315204074895,-0.1974814499825154,-0.19669545119666393,0.3187655684977254,0.5310452714331735,0.5121438533874985,0.07155719448784509,-0.248958604884262,0.6258074112473649,0.15080503788323393
444,Macrophages,VUHD67,Control,59,Macrophages,-0.056045940816044235,-0.15219732695772847,0.24602449455358608,0.05905785628831337,-0.3418564310409491,-0.01393402545862679,0.7047916217378088,0.5912969627088263,-0.004627049053579937,0.3283522530675001,0.1078499435303505,0.3630499263444411,0.17065220313984575,-0.0943338930367243,-0.040523298118730525,-0.24303324238973192,0.199128768723915,0.1851492273844438,0.5626894349065377,-0.07766717353039458,-0.7869848025787262,0.873507250409303,0.18134448555218108
445,Macrophages,VUHD67,Control,59,Macrophages,-0.1624370404628882,0.13172323829589724,0.15778731257927384,0.04887918874106772,0.07278172543713986,0.010950638159683335,-0.4648544543494733,0.5663314079980916,0.360204559754803,0.7214108100162245,0.17450856640892776,0.3524598159246545,0.3959669105836244,-0.04502295666748469,0.2897153302270136,-0.07804271382815553,0.38823415382737275,0.4543555546431939,0.3966972454521138,0.08079502055823909,-0.1822832511790219,0.5307355601496656,-0.09732070585136926
446,Macrophages,VUHD67,Control,59,Macrophages,-0.11663223123788179,0.09947851296673718,0.41060861596839193,0.1001284457393999,0.15303757716013677,-0.006594109336823561,-0.1410563002802379,0.49299103969755126,-0.1621477736377944,0.014228356016090932,0.24720035518502534,0.04853075980835224,0.6679127975182849,0.2607800526067115,0.14365091259852594,-0.04436448337937898,0.4643014828770679,0.35103381809790896,0.47447792794949595,0.08861385836540663,-0.4324631928714007,0.4973917167938382,0.24306411883138648
447,Macrophages,VUHD67,Control,59,Macrophages,0.0156794264107065,0.01933932776039194,0.19291189159315836,0.008699325010905552,0.1296320241511644,-0.004915161364905306,0.04637746309969888,0.598013147724678,0.03700843980932631,0.7734704115540677,-0.08611554885401551,0.23205658929204384,0.1941989318662053,0.15482567345720072,0.314541339081839,-0.009684257973550391,0.5320364275846193,0.2516442259322449,0.5704424732369691,0.2442406002864904,-0.5164374606852553,0.6703315223550995,0.11797321500649816
448,Macrophages,VUHD67,Control,59,Macrophages,-0.1731623155439878,-0.018747499067990774,0.08679079728201115,0.07265844127980435,-0.09566777926178836,-0.009623308329312638,-0.05538067534756296,0.5752699045892598,-0.017322681078665823,-0.014724678999926404,0.11138151333644818,0.2769974809543932,0.03894969676652134,0.23066547154198414,0.034487255824901544,0.06443970782099898,1.154544054829427,0.26713403996772056,0.5875382646027187,0.05666183117225359,-0.06676354416947022,0.5519029677069307,0.07658035117344178
449,Macrophages,VUHD67,Control,59,Macrophages,-0.13695257607218672,-0.011069755136107263,0.2850253986945772,0.32668671518767023,-0.23885743300622098,-0.007017840876030511,0.24506392983593417,0.47828680836861565,-0.11340374661315564,0.6999073490190915,0.2751159331088861,0.05193922593377502,0.2866649006941733,0.15345154158078983,0.3314901569760769,-0.04617479795630519,0.33255746182559903,-0.022893802433572936,0.40697268155928784,0.06663133789144746,-0.5785966267412193,0.2933732622269127,0.38329027819178435
450,Macrophages,VUHD67,Control,59,Macrophages,-0.13539534898089628,-0.10994766556904394,0.41998581726121526,0.14108870933188447,-0.2075513459396386,-0.006689873970183365,0.09614677049830839,0.5221077531418888,0.29452504435945676,0.7505448786326526,0.363693425664425,0.1898405402438153,0.20666325302201072,0.3370044513352466,0.31262163574056084,-0.12046597343622867,0.46123660274127887,0.14814490878376832,0.5248262648593671,-0.03957698668956633,-0.21998628689959063,0.6640041690182757,0.08883098945989576
451,Macrophages,VUHD67,Control,59,Macrophages,-0.12379538313944688,0.09693612158194351,-0.022026233286348812,0.10405283482104186,-0.32574240900525525,-0.017657678560505104,0.027236070619447005,0.4998644402552616,0.3736663650948187,0.4612667231030424,0.3027221576085553,0.14894026295044285,0.07392834561502268,0.34007642415114137,-0.05435276976647624,-0.14735535536221978,0.06312356266062055,0.13795946444779916,0.47642273241232375,0.22715923192593396,-0.5905195233603784,0.34500673573480717,0.18114505938943917
452,Macrophages,VUHD67,Control,59,Macrophages,-0.09966070298175335,-0.02345171067906275,0.40326332194671577,-0.053309682761425246,0.1862476506291959,-0.015881507201926534,0.5510000372958659,0.46871286443612936,-0.17316318614646267,0.5159715275626182,-0.04974720619469751,-0.01626957924668905,0.383897693073683,0.2755101564516323,-0.07247281926202129,-0.10319381289476054,0.9298578615641595,-0.001905299650202033,0.3762395758596439,0.024115009985310368,-0.7050329173219574,0.47514922942395066,0.08921803100956228
453,Macrophages,VUHD67,Control,59,Macrophages,-0.1389925347834088,0.12656753201485435,0.27059802320971754,-0.08874813796350763,-0.06009276999946026,0.03172189026393554,0.23978821693564162,0.5340017498918797,0.28403165070719166,0.39601657938189916,0.1764917325631439,0.20623495181653542,-0.0371664397637926,0.48439806795571333,-0.0865044929692666,-0.25639855970405945,0.40918727602108623,0.2759940343280664,0.38564949992474057,0.10996762223896601,-0.25568227549495776,0.9843845667421515,0.08109943685667165
454,Macrophages,VUHD67,Control,59,Macrophages,-0.18199024204423803,0.05930112035984136,0.36784608831877025,-0.1434073655981837,-0.014721358169626038,-0.025781698480110315,0.9031690027831428,0.512447159588274,0.309003217320452,0.4909281984410074,0.030112226358729417,0.1743273352083686,0.49335640045928775,0.07857114648442937,0.16665474974265673,-0.013476254289297536,0.2325861874809816,-0.03270812424699969,0.3959629802090636,0.07720318973837319,-0.6935378759881241,0.6551184848709014,0.13684786337466895
455,Macrophages,VUHD67,Control,59,Macrophages,-0.1446972350988649,0.09070169073519266,0.2936715700911065,0.15843873150020402,-0.10479848510955539,0.0017907929773924329,0.08275644038256483,0.5213403425094761,0.2037015553403221,0.4090534072476455,0.08557175474878405,0.06257530773969437,0.3807215233677044,-0.10005556024552041,0.03369055548848501,-0.15268524915218545,0.28380122828137183,-0.01808137563560954,0.35878192469261766,0.2063003443521906,-0.8110480111983738,0.9282941145897953,-0.007433712976116159
504,Macrophages,VUHD68,Control,60,Macrophages,0.11913111960442337,-0.044745463013613714,-0.17509529634955573,0.20954519104383298,-0.11493339220689858,-0.011655776040652405,0.11718581324088773,-0.19870168710837788,-0.005360831714701912,-0.3888300052686023,0.022060013444456628,-0.1795873094039996,-0.14480407808527385,-0.2460027462627579,0.1800575097532003,-0.10311313966160252,-0.46333547666012237,0.10305239751547554,0.03241295673531976,-0.30633283004291334,0.04105772837856812,-0.6060182012425556,-0.11640370503579352
505,Macrophages,VUHD68,Control,60,Macrophages,0.2026639686098624,0.2653751365602952,-0.4211847298112125,0.09772787347989856,0.10045483754928905,0.02430728883514119,0.13874463393224087,-0.04753933828064145,0.05681558267669077,-0.10053388867827527,0.0005341760112440343,0.1196802474455879,-0.0037624641471017684,-0.39503808398084567,-0.04939392849649518,-0.16078722692812009,-0.22464153738660303,0.10153935679801655,0.05789803783998941,-0.03953475540970643,-0.6996994491007077,0.12046266044430018,0.062460798698164184
506,Macrophages,VUHD68,Control,60,Macrophages,0.13699625815964925,-0.1421762690701294,-0.5713478499293196,-0.07317086665755838,-0.7841254340986198,-0.011845031722123606,-0.030370184071176812,-0.12869585402460038,-0.0016324926101188523,0.021942983846037017,0.223814395206931,-0.1037675616883631,-0.26050730588899335,-0.39366109826930423,0.25646827600239525,0.2969354410008866,-0.2971525763134052,0.3863872985271529,-0.1371377460073616,-0.05153711444257613,-0.3612690490244348,-0.21957067534385105,0.008717477106851834
507,Macrophages,VUHD68,Control,60,Macrophages,0.17141038785374402,-0.2027660800634195,-0.44153152186150796,0.1946004698096343,0.1759203843809099,-0.007440482113520405,-0.2580629743014053,0.07765070793352272,-0.020375017508604522,-0.049589140454265795,-0.05724771833149411,-0.07814912479232915,0.06693830304188852,-0.3635376856928659,0.058463549812642096,0.21190206859192504,-0.161563943152552,-0.03494591029414722,0.10144496639450534,-0.21771047725254014,-0.8166971726715605,-0.22855461508378122,-0.0909319775818635
508,Macrophages,VUHD68,Control,60,Macrophages,0.07969002464951826,0.1006558501477842,-0.3646620150168116,-0.05617969526711988,-0.03647567294237465,0.0021908917790555626,-0.25234592098751363,0.007323708329944785,0.20238952174476105,-0.0006054453832151996,0.04406746211087942,-0.003299253377228744,-0.07245126550244776,-0.1872777888363402,0.11632771404177752,-0.14277377122764384,-0.46007705026541484,0.17985257701699148,0.10186965957486874,-0.2023058905390516,-0.7895286067628826,-0.2846378293803809,-0.16716082586270686
509,Macrophages,VUHD68,Control,60,Macrophages,0.08827120644734726,0.0025381860211215867,-0.606645391967897,0.007601100716284869,0.35560347500227146,0.00035496647072725054,-0.3385715911288312,-0.07361935578283524,-0.04063087109378287,-0.15306694779278612,-0.10913003346749753,-0.18812038206158638,-0.13958104613668004,-0.18505279232727237,-0.1334687022918908,0.21939972689618437,-0.29054689015518675,0.00606215617970543,-0.0009467581064634481,-0.31952912399018274,-0.6650911365344417,-0.5205244735274811,-0.19561436269253257
510,Macrophages,VUHD68,Control,60,Macrophages,0.12493474218170715,0.17762320154022054,-0.804408040570559,0.00430253230793962,-0.06864196420144346,-0.0033848462899326867,-0.048498455140137266,-0.11502841929524901,0.0649259207232001,0.05019873618897509,0.053584051439505745,-0.10255734302242732,-0.32163087278937674,0.45041920500337723,-0.12214988752200398,0.1866308391321528,-0.39930896355889556,0.03181469674349004,0.007848126560077759,-0.2688639552943413,-0.5990538012983688,-0.47635443093387003,0.01289849056653684
511,Macrophages,VUHD68,Control,60,Macrophages,0.023221339529645932,-0.08199290181502551,-0.041478425379354936,-0.0929425386382943,-0.34932979828677774,0.040707212808380404,-0.4430614981733532,-0.08590741116266665,-0.23151151260709957,0.05703051888587074,0.01731516497384073,-0.44499620841927445,-0.2959505811145383,0.064526912070998,0.13977792503527392,0.18333798836632778,0.004748343129213166,0.1136882127461033,-0.11973413511569905,-0.2411692422465208,0.1358371669180565,-0.0010640612807730852,0.01339344623175516
512,Macrophages,VUHD68,Control,60,Macrophages,-0.000112824856929831,0.06812496266505322,-0.17920421006130832,0.08039954576956079,0.25579448086042467,0.013686684177159725,0.0040847588968379546,0.033659698562858074,0.18552702153125847,-0.142293232293011,-0.054978902749859684,-0.10649272052837928,0.03133440114077924,-0.23117883651592105,-0.03260611331575367,0.5706771045570177,-0.40331648884161586,-0.2682971149581778,-0.20763131357066184,-0.18181366299296026,-0.3509589672214629,-0.3364014980570874,0.09097880144865639
513,Macrophages,VUHD68,Control,60,Macrophages,0.1012504141930963,0.3063988591204597,-0.4616913662667802,-0.003624121714123833,0.19887440233753995,-0.005644671948677391,-0.47911672144112105,-0.026813331876335146,0.25936205985026023,0.046969278842575846,-0.008396617399545035,-0.05980951811599627,0.045215225566415974,0.1335238038544148,0.13393985882663761,-0.155827152907964,-0.24524569530404622,0.09925685718144656,-0.09206180153837779,-0.4129426988094147,-0.2734861867260984,-0.4867016216695748,0.08369920924988891
514,Macrophages,VUHD68,Control,60,Macrophages,0.06667142529876333,0.22584526528410973,-0.272452595956026,0.23757017770501523,0.15991064240902983,-0.003592350788973714,-0.32000263763281056,0.007137804668827793,-0.04240691291777467,-0.23044746540675137,-0.08461599302333399,-0.1473073236041181,-0.048569026113807444,0.2577179287400464,-0.16966718571154696,0.10619066355185203,0.10045599110580913,0.023565329358701776,0.019274128771040747,-0.05453990410268397,-0.38511014075107636,-0.47474925309573945,0.18160886864617107
515,Macrophages,VUHD68,Control,60,Macrophages,0.1418721917791695,0.013997378777694141,-0.1919265710683556,-0.045951688012983626,0.40862551020021526,0.005626479267676106,-0.648247888974683,-0.2195729842064713,0.22092119854667056,-0.14333658840184801,0.06013724423020678,-0.19232938485964926,-0.19411400455282635,-0.15562626177291816,0.2937785014800463,0.11025999380545576,-0.3066425660808229,-0.06963967997699606,0.08180450722873833,-0.1147706813121893,-0.592894502260866,-0.0922291599799613,-0.20113678698769807
516,Macrophages,VUHD68,Control,60,Macrophages,0.12248547773073278,-0.29444154849574533,-0.4876323803536723,0.16642536858360657,0.35483511865513684,-0.01897620477053362,-0.0691998218385294,0.08051703908490973,-0.15548861187129487,-0.279408092958514,0.0911173990635422,-0.04240654838505578,-0.014640948112016765,-0.25026051952821,0.05674597777582388,0.2170300069253886,-0.8010776705658958,-0.46351200749366994,-0.059424161753851144,-0.13896241198753806,-0.22448822009892558,-0.6452432208971111,-0.2551165984753871
517,Macrophages,VUHD68,Control,60,Macrophages,0.027310540747774635,-0.05724588968101583,-0.12956243615274252,-0.07721752365490837,-0.22196533432679028,0.02527532851450537,0.09236166704094453,-0.005619950048597111,0.18861476161640794,-0.2232231988792116,0.037737306111060284,-0.14014045940076458,-0.011937047368755623,-0.0007888855417609109,0.03750211253510349,0.3676735750129412,-0.5441864777804899,-0.5247602167106721,0.07700912707691342,-0.05767341318733215,-0.5069910683138426,-0.6586398177820875,-0.2126080282252413
518,Macrophages,VUHD68,Control,60,Macrophages,0.18664292521755144,0.26528614263045175,-0.6081742166041704,0.24010615546702624,0.08013499242542224,-0.004001095466589103,0.07694255863979396,0.0200612255478074,0.1615962430265381,-0.3500618352257103,0.0334006680206113,-0.21164627029452546,-0.1360990277428886,0.29268381404485494,0.09211867924141708,0.20429405557075717,-0.20116295903623907,-0.2327397659632554,-0.4657236108602815,-0.2502935154050827,-0.3603371353731826,-0.6447317057759975,0.060541338938829826
519,Macrophages,VUHD68,Control,60,Macrophages,0.15040877082612295,0.19954333068648036,-0.24468285507181345,0.07757184961703698,-0.2767829257809939,-0.0047349230015628135,0.7068959309058396,-0.04785994250398857,-0.05515753768178532,-0.3142044460779273,0.0032997192658942125,-0.1693095724244634,-0.35240609806556344,0.06296317060818538,0.012925390875495973,-0.09387730114393406,-0.093977631202069,0.08254427103529655,-0.03412069179850685,0.04057690316193195,0.46864608068355573,-0.4029832315318161,-0.18716532320531695
520,Macrophages,VUHD68,Control,60,Macrophages,0.05981646659970825,0.042560077637912926,-0.2693827218237539,0.04192159255333209,-0.13075051279467964,0.033567168601360886,0.27929842982851927,-0.1750941873574417,-0.2542103270084658,-0.07798166741588627,-0.060431358630835194,-0.032686379990750164,-0.3413811312319901,-0.1017014387370645,-0.17432444558302312,0.23629335365514023,-0.038272311383917935,-0.02947579106880391,-0.0352958873990871,-0.11991844150541901,0.3873968788242278,-0.4645550010828412,0.030144242171418284
521,Macrophages,VUHD68,Control,60,Macrophages,0.13754905666213277,-0.04956310379454181,-0.5293816560327468,0.17283042269130547,0.22837515787013835,-0.00036385510385874946,-0.03263574453954444,-0.005685760145410926,0.2466246306211497,-0.3199455288266107,0.15364867805392257,-0.21430607768250656,-0.34318785896811177,-0.43415702508506687,-0.0655531053597066,0.3262383952172525,-0.35286524831798705,0.3366683150808507,0.08152092446033599,-0.07293576383262453,-0.0036590767449397764,-0.11300676120359632,0.007362693754314164
522,Macrophages,VUHD68,Control,60,Macrophages,0.07020168190203029,-0.061144796679052,-0.811164725498802,0.040283967979171977,-0.06854525649420212,-0.017897596891019645,-0.08675601347446675,0.029239822194051586,0.0030971531745790735,-0.07811168013114209,-0.08326729072256911,0.11126702316706592,-0.0791671981162245,-0.15785523042426855,0.13449385487033427,0.10873683131046072,-0.48006439846334564,-0.3525744307131817,-0.11542004513536762,-0.053536143812797005,-1.262518930931261,-0.6201051934438842,0.12429230503406544
523,Macrophages,VUHD68,Control,60,Macrophages,0.1361531899770119,-0.44160151604816755,-0.44906206000702725,0.10395748348003858,0.2059989721724163,0.02089048210232438,-0.5170962852747618,-0.12343296000354534,0.007243496102241757,-0.5114200506197573,0.12857266919491106,-0.22531647693737367,-0.15981522851637286,-0.23892249144042002,-0.00873315294090467,0.10974259399725053,-0.08762328408194302,0.2467892977681258,0.04575195202354325,-0.1267110975305022,-0.48600559332466114,-0.1043264701442455,-0.11630552494969701
524,Macrophages,VUHD68,Control,60,Macrophages,0.07207487181902336,-0.012801780888309874,-0.34934574610293423,-0.028857320240543504,-0.39564559368332114,-0.011255559394020452,-0.16005034255105738,0.003546306731958264,0.15293650800046535,-0.22027750762570508,-0.023830893964640262,-0.22849864806351974,-0.012386317052986167,-0.0722458084708705,0.04214681221907857,0.23759403597598688,-0.35492428256100933,0.0347137898614978,0.05141602506295615,-0.08794478707980052,-0.6282874617337864,-0.16381458084520625,0.2169930641238376
525,Macrophages,VUHD68,Control,60,Macrophages,0.08355891531561745,0.025204981339356933,-0.17927543649334945,-0.1787386454949723,0.15257247663053475,-0.0059498761513721585,0.05977421117046423,-0.04099447960138652,0.3044003130154174,-0.10072206708672596,0.20771160859609808,0.0835741676162239,0.21055279060670024,0.09660088553002871,0.026889256636326197,0.1258932019187386,-0.6394496364301882,-0.36548905103322543,-0.16962354135196814,-0.3704882390995508,-2.726760744723539,-0.006799345330737254,0.09307994459686564
526,Macrophages,VUHD68,Control,60,Macrophages,0.038019550414894514,0.4113369074597829,-0.4605261149771576,0.035866734078739124,-0.09500400661337347,0.003453831816882083,-0.22027226629446606,0.1506631217012359,-0.12592065616969617,-0.15537391953766763,-0.008341985137526903,-0.08246661252385776,-0.5136514372846521,-0.11329572348664724,0.19511398128321578,0.0318469993227746,-0.2309657132702674,0.3680343705626211,-0.06363655773822266,-0.22464045856811088,-0.7300239542645712,-0.3367679624518795,-0.17869281456421296
527,Macrophages,VUHD68,Control,60,Macrophages,0.12360889004565963,0.11626877698952487,-0.34136255508150565,-0.012881766573621643,-0.1069162264340627,-0.004764063500975713,-0.21818030414334888,-0.031969538089410277,-0.08050541024225673,-0.2910702271003982,0.01048199450499648,0.02536398915496662,0.044561964263644095,0.05972340593896585,-0.002206866371593841,-0.003575696306347704,-0.12138827220108796,-0.05218798560524898,-0.11058503269178299,-0.09389013374784493,-0.30792601691597427,0.014244664672129759,0.021980541271767243
528,Macrophages,VUHD68,Control,60,Macrophages,0.051456094713909814,-0.3345312019907419,-0.885864466608338,-0.0014057554277744728,-0.11155990263295487,-0.0037179712452607193,0.3534585472329428,-0.031595041352368965,0.08141685983333122,-0.2985237462483863,0.10934281351483481,0.04557888295596761,-0.17195510607992623,-0.1605436875445265,-0.011806630977089828,0.024895526771474958,-0.24721927873592245,-0.4080142071364862,-0.006471405475296791,-0.14985444753469623,-0.8857753376457191,-0.9318754775537992,-0.1312392523390198
529,Macrophages,VUHD68,Control,60,Macrophages,0.11619321632088277,-0.2589218395385601,-0.9466755949154797,0.05359420293139713,0.04866630606584273,-0.007349229649411154,-0.027089987906687683,-0.1314289722046119,-0.1504626718103184,-0.19738491173022424,-0.11685203485630763,0.045507371803377245,-0.10552876691586488,-0.13062616741750024,-0.19271111821262235,0.08528625176233656,-0.4322641860142879,-0.42389235090836735,0.18301048867636854,-0.3428542054883939,-0.8658575184050659,-0.8596930824823255,-0.13680422596332245
530,Macrophages,VUHD68,Control,60,Macrophages,0.07811917010189542,0.12758416582144572,0.28170762426730184,-0.10597813093767039,-0.5333080422945923,-0.01770361648900424,-0.773886659730238,-0.279392146344407,-0.02143958142230768,-0.06807730253988016,0.044945413179061686,-0.3993704812417158,-0.1980149872888724,-0.05472446894098979,0.2414061870980836,0.023609320438639395,-0.27455653242465555,-0.15304034382260212,-0.19614990359316087,-0.05369323332941312,0.28385351233227174,-0.024618159013850203,0.11199029351046905
531,Macrophages,VUHD68,Control,60,Macrophages,0.06860166421481487,-0.10258253171055629,-0.353228416521119,0.03596486758405531,0.03627673366307155,-0.023041472427362493,0.29175243049844957,0.01453055616017248,0.1207668132320555,0.17345010633687916,0.1663583587002265,-0.21222034132271092,-0.16376937715327014,0.008962666644378427,0.38979567977598517,0.030250439329046665,-0.24587201914983806,0.15308319458913766,-0.26935531519933775,-0.0005394072646534567,0.03523372762499219,-0.8907242399218529,-0.14825646634881104
532,Macrophages,VUHD68,Control,60,Macrophages,0.08153222244067646,-0.2965377375860364,-0.34151838931865897,0.043907760420119166,-0.3471203742773237,0.01663812059530818,0.20162307088049272,-0.0025550740502822133,0.09154344659939719,-0.07362137561827065,-0.11554981028265109,-0.10177311299712706,-0.27264630905645354,-0.1769454418539679,0.03448302200794916,0.0022652745410538556,-0.19091725238091087,0.5947350903378473,-0.09585712681166039,-0.13272896252671754,-0.3214957756232378,-0.24364096060270546,-0.019402287096083333
533,Macrophages,VUHD68,Control,60,Macrophages,0.16256015383991357,-0.10754190098364973,-0.29109101779046886,0.021160554598070067,-0.5470083367172945,0.011681121372037213,0.06994798303623063,-0.028694005609761826,-0.00304338902208644,-0.1445957520245766,-0.02504803727652592,-0.01898478033987265,-0.3637569852060516,-0.3401992140527114,0.04624268316512782,0.2085067573033746,-0.8631496426906162,0.007174396404128716,-0.11667952627524987,-0.43225468007758444,-0.29666296217244803,-0.6939667948257796,0.2877399430894352
534,Macrophages,VUHD68,Control,60,Macrophages,0.16958568955165834,-0.15059500560320732,-0.7003056274536648,0.0692695634351917,-0.15755288368064468,-0.016206755432086863,0.3498613780874975,-0.02693094886153034,-0.15843545734372344,0.24195437423831637,0.04021812785848991,-0.31143195443845006,0.054270859592286745,-0.2846111022083537,-0.06193450059651871,0.1745671489578305,-0.4611399244593492,-0.10027799216234437,0.050843549254870085,-0.10958048625813394,-0.518320117505311,-1.1466206227916824,-0.14969194065548988
535,Macrophages,VUHD68,Control,60,Macrophages,0.10498697248862031,0.12117255809551626,-0.3006712849820467,-0.16090766381426255,-0.2013656015605806,0.0038918306360748054,-0.48515372617329855,-0.18295573737155885,-0.17112628237432526,0.0852750757116351,-0.11523284210245237,-0.11653841988890042,-0.5304020362127464,-0.10412293226772791,-0.31918180525304907,-0.12334323232047961,0.10017743890634229,0.21034694378463784,0.17346231264273188,-0.17400512617890593,-0.09361441727012039,-0.5010293882154808,-0.04893031848875391
536,Macrophages,VUHD68,Control,60,Macrophages,0.0989734388189542,-0.004384953137871609,0.4013094916838416,0.03681603205194941,0.5315188106536451,0.005763059169479365,0.06571229975062598,-0.0005389261283914142,0.053656919285019394,-0.11631999123610401,0.11266904941159694,-0.1228755578907139,-0.42219915423905163,-0.31592521779866917,-0.16265045477389897,0.1401447154903153,0.067956924161428,0.05804033845003269,-0.23993504923076583,-0.0725627831596608,0.06899201474492203,-0.29900149967978995,-0.16359761811333898
537,Macrophages,VUHD68,Control,60,Macrophages,0.13066046436743628,0.229757598994073,-0.10438828645327461,-0.005892179203853642,0.2872856610599339,0.011695065012829183,-0.022314993834058983,-0.15169609048936014,0.3473007106710974,-0.20692406876218764,0.11830004347764532,-0.21497531399078237,-0.19461449974778416,0.016531502869091896,-0.09338160823625202,0.26293563015031135,-0.2604225024049253,-0.11566818905136514,-0.18038180596248432,-0.5432914507067977,-0.42473393672240783,-0.470794330525652,-0.0029844697440117862
538,Macrophages,VUHD68,Control,60,Macrophages,0.09843077715008057,0.09993929837775005,-0.45054640758652603,-0.0885332183635672,-0.34514134414451714,0.0031110657681921753,-0.3744279211814367,-0.2255600977587189,-0.01180006749532732,-0.09111206611424856,0.1576100191405331,-0.3459999904774665,0.08747627234662331,-0.5671723135274944,-0.02581181426304761,0.09273550556606092,-0.30458198971383815,0.11049400014779516,-0.10343537501301753,-0.18083720770124892,0.03932324728056357,-0.511299292900157,0.08526032493540092
539,Macrophages,VUHD68,Control,60,Macrophages,0.04025551540455273,0.027832966546568506,-0.2625496702971257,0.007384001298023237,-0.19917408593230074,-0.011118099168564065,0.33967338165467165,0.013075956798801497,0.18624896242598854,-0.009929874596255408,-0.030669494201709616,0.01959992909240206,-0.20486117896125322,0.14485680465534842,0.037944730496743184,-0.043493083431393006,0.19840395769468813,-0.21956931816820457,-0.13945836853302018,-0.05361830557161553,0.15308549703291519,0.12110250884252471,-0.2808131800140538
540,Macrophages,VUHD68,Control,60,Macrophages,0.07562297975902843,-0.181305424972751,-0.45081565245919597,-0.15000690674457712,0.24385745812776638,0.004038278781192574,0.8258190741223629,-0.14718669893701483,0.17824025769405216,-0.09773681750271837,0.06392912270339761,-0.06153239444289294,-0.34403576563325683,-0.356306406767117,0.1444941050705397,0.05609741936141824,-0.017456018210174205,0.2635755034901909,0.040325444747615576,-0.1996347300834861,-0.31817586596723935,-0.33962730611857855,-0.16729844553883055
541,Macrophages,VUHD68,Control,60,Macrophages,0.13520973177357062,-0.017795643562312384,-0.7132092857178395,0.11992205968248604,-0.040049549500943665,0.0414907321342565,0.05157997003271283,0.06002138050718287,-0.2300601792739539,-0.256246960544952,0.015293909697808139,-0.16939571694057357,0.04032669762187235,-0.25581755709868653,-0.17816791604903806,-0.13244140336157154,-0.7041198362862006,-0.6209823403364169,-0.41121862376690815,0.024676010605589743,-1.200258965184907,-0.9128105842914866,-0.31235632527525997
542,Macrophages,VUHD68,Control,60,Macrophages,0.1896777159164941,0.1534439666455751,-0.5152256803946738,0.10940209909119883,-0.04427556356401542,0.01383764692024422,-0.053157828662685556,-0.1082152858862375,0.05600856382735269,-0.3638140111623903,-0.12713815494423483,-0.1309166042510151,-0.24162462822612105,-0.14283632737727361,0.08143396572757586,0.19322924736109875,0.06002748588867251,0.21604674574408536,0.1152245961390223,-0.11165951187319519,-0.05893948303237506,-0.7342703777974784,-0.05074205380472701
543,Macrophages,VUHD68,Control,60,Macrophages,0.18710038805217485,-0.11609489055546889,-0.28510146673812425,0.19769806554502717,-0.21801221507073518,-0.0014381570304908744,-0.25246794963025687,-0.15430198192433955,-0.21996083899383917,-0.3834199142125068,0.02268054638760119,-0.05042146178920634,0.14891082851144904,-0.11766978593558135,0.0999702441003982,0.24299605181977457,-0.15853055717531445,0.11000998014449687,-0.13871627823992605,-0.1461394585485574,-0.06705880867209701,-1.056429816984234,-0.1325320992155374
544,Macrophages,VUHD68,Control,60,Macrophages,0.11597599546104559,-0.08341572408368546,-0.862255392236534,0.177781110592385,-0.004326497773019159,-0.026571083862348216,-0.09125453881128803,-0.11647395729405594,-0.20215068586121038,-0.027300919262552195,0.12470707852900843,-0.06666082842990562,-0.1456345955087998,-0.195832828538013,-0.005665983196732817,0.13207692979610244,-0.21303589840599754,-0.6026976799606026,-0.26751918479169345,-0.02946969597579733,-0.6607898679171427,-1.1596367577838904,0.11798092655190223
545,Macrophages,VUHD68,Control,60,Macrophages,0.0654507889023308,0.10859305470174181,-0.948862076668918,0.015404141725344957,0.0918396577890459,0.07790606584579292,-0.18927370740143074,-0.1932128531458409,-0.17039388481357132,-0.1631233265717455,-0.012136615804960359,-0.07713727334489208,-0.3714244381333282,-0.257194986730797,-0.05219248081890955,-0.07008935671058711,-0.9829487879652686,0.25061539926578585,-0.10526624649128626,-0.1853562155322968,-1.1667710583246094,-0.595732061060221,0.036008801727882275
546,Macrophages,VUHD68,Control,60,Macrophages,0.10763956971186753,0.07819557902190921,-0.39885296437910156,-0.1131156426508125,-0.5609881411030843,-0.04031478938628384,-0.5108960827736108,-0.08668473740222635,0.08884829851892893,0.34742959327982714,0.021472115015640173,-0.13438787133136082,-0.0977853310471149,-0.39368469435599057,0.1561579189949224,0.36157850829953275,0.433620321586163,-0.362785775813381,0.12419550985138628,-0.09135135917126314,-0.41649584869511286,0.0770733265766019,0.08998256063865039
547,Macrophages,VUHD68,Control,60,Macrophages,0.13777425121123074,-0.3387235489851529,-0.3234685332133287,0.22028229170128474,-0.2661378843336786,-0.01895836086099182,-0.35908495850495,0.008406285166079497,-0.08096107126456181,-0.005409005373066052,-0.0255587307540247,-0.2868879278558636,0.04902391247652028,0.11367759192517267,-0.1418470688235828,-0.0015852352329029998,-0.41922780497718337,-0.37551914350832727,0.08311694559991911,-0.1430600095994555,-0.08202677471290871,-0.5490466850066215,-0.1285861030674777
548,Macrophages,VUHD68,Control,60,Macrophages,0.10543424882707451,0.1947367533257778,-0.2557297985915135,0.023269764582261078,0.42746012351496476,-0.043270074490565386,-0.47585112669899393,-0.10536731461369445,-0.009369530507156847,-0.3633713229312136,0.23712258765629232,-0.055001481499761015,-0.11447944460645351,0.2252981630965658,0.16094711549500434,0.29315798855855174,-0.40911159598775715,-0.7934361219958491,-0.034391009078603714,-0.060478691430166535,-0.5455478080883908,-0.5504300518851125,-0.08343922664620806
549,Macrophages,VUHD68,Control,60,Macrophages,0.15528762397088663,-0.33365558563999037,-1.3321474879764574,0.2707218294694626,-0.10642196529990347,-0.022384032561075726,0.13681298606339332,-0.19147376750571715,-0.09636905126440577,-0.02822902367949412,-0.03404548971171077,0.01449132954382706,-0.2589491169815879,-0.16192422573934576,0.07397014810006795,-0.1436528986703504,-0.5902245503074274,-0.1118566472621571,0.17464051434166022,-0.052672501893295705,-2.8421006462911236,-0.7352740188903419,-0.2119905048924906
550,Macrophages,VUHD68,Control,60,Macrophages,0.09183975810696712,0.0028542019844706983,-0.4146863900004499,0.10029802616374717,0.01047084321994784,-0.026133866784920207,0.009160274255202602,-0.14151150151775083,-0.0793483103989077,-0.4243211295615755,0.06542795626921581,-0.03686817572475009,-0.2268354879853353,0.017527254494360857,-0.10836440709413588,0.4310469553474999,-0.9114430479200125,-0.38850882137332027,0.01861977031425471,-0.054960673622991556,-0.8031380766566405,-0.4952426236881789,-0.1430949722768985
551,Macrophages,VUHD68,Control,60,Macrophages,0.13418067896941077,0.06958214273927285,-0.9131316479230097,0.030039276897728482,0.07313167853538848,0.004222255748225988,0.2945200811919491,-0.23350926473095748,0.026692187214490272,-0.2561893101081285,0.11738744855380379,-0.17665053439153056,-0.08550514301656109,0.003925823289243824,0.014320768189977604,0.07496988251697803,-0.2861514041651988,-0.431983544775475,-0.3614531101042325,-0.00034361782173752183,-0.7951870185922637,-0.9049223718088145,-0.08200821386423181
552,Macrophages,VUHD68,Control,60,Macrophages,0.07252814974451272,0.12495700238816591,-0.16124347228754757,0.02513340613791432,0.10950608217961717,-0.007107068886772389,-0.2870522140203124,-0.10488372209599722,0.007031675447466331,0.025586376068047575,-0.0286468876931452,0.06623566998365908,0.09193021754056754,-0.1877774664945959,-0.08141442664359709,0.011187222984862358,-0.23608881657708497,-0.1405393420170674,-0.2065299686449578,-0.07214072354760098,0.07770132096686569,-0.13385916264373895,-0.19890831425854583
553,Macrophages,VUHD68,Control,60,Macrophages,0.08428633958654842,0.12492747890671042,-0.39174757055872944,0.29778873458615857,0.03876393531105754,-0.008476675921009747,0.19919442343730778,-0.15033276930357983,0.209718509559478,-0.049838485505378186,-0.08462915171707669,-0.2932959718861365,0.35108687562597307,-0.2920125365832639,-0.044768365378985084,-0.015104822823246069,-0.4109767373534726,0.2730538905466062,0.017404228636136457,-0.14347937939015476,-0.21361815721137054,-0.37680419721277536,0.0035664048845210983
554,Macrophages,VUHD68,Control,60,Macrophages,0.0962170880247871,0.02731832300042633,-0.3423072294620447,0.20029067901171052,-0.1709238630022436,0.016102146319840284,-0.23661629820204408,-0.004309233279943123,0.14502905392169685,-0.2664888070317261,-0.005072391213248484,-0.13131193611583777,0.28930629796492735,-0.030561774510288797,-0.04918283008558812,-0.11454409426986478,-0.3586592798755907,0.13562643196968244,0.11590715526891585,0.07187903273364095,-0.594218856677833,-0.027448796077906453,-0.11847896200192119
555,Macrophages,VUHD68,Control,60,Macrophages,0.12372171212644963,0.21957790709890443,-0.235883400965638,0.018988145131691607,0.2816337547368896,0.022172779182174168,0.735233890244285,-0.04708684055833618,-0.030678724926899596,-0.13813567297977175,0.09444272893978146,-0.2543995514710811,-0.19656124721203583,0.08498978644781215,0.19036279657075122,0.05336317171865548,-0.30782943022212383,0.06583787413805102,-0.05395138676406004,-0.07425986894955794,-0.9145734564226269,-0.309255999211295,-0.09516426694227531
556,Macrophages,VUHD68,Control,60,Macrophages,0.2033709055150693,-0.08320148413837236,-1.109939203012568,0.22855960094526612,0.16916502477696488,-0.028928622430534415,-0.3233397678943828,-0.11046737551696778,0.040303050559733176,-0.44151420668701946,-0.06711517433394351,-0.10089126726106697,-0.016569369814675022,-0.30706077834185247,0.05525675749628198,0.07514679174309302,-0.27744572467166534,0.25430318166233273,-0.30209507990986756,-0.023452017678466913,-0.2828151140990808,-0.3911512546501689,0.07273676890932157
557,Macrophages,VUHD68,Control,60,Macrophages,0.148570675869534,0.2955909721886952,-0.6085258772739816,-0.04635245063141374,0.2212399277838219,-0.021170710882299954,-0.2975144913902256,-0.07710265308796588,0.19935415559709635,-0.5518012786892428,-0.10183421378129076,-0.22030108932954057,-0.037098001666915785,0.058229592819961006,0.09789954104033295,0.18106216512717796,-0.4525028884553055,0.10553701732429199,-0.0550673245472722,-0.23023950813895253,-0.18906230007609118,-0.3579348235737623,-0.031145473630235433
558,Macrophages,VUHD68,Control,60,Macrophages,0.07705442290538264,-0.06872090980894979,-0.386016180300552,-0.0825575860566434,0.14409175609225294,-0.02366076838345099,-0.0279875866289505,0.05031483392182129,0.03894517323809441,-0.17117627948757583,-0.11346609094166092,-0.07851192425647739,-0.13605340165779092,0.038964848097451786,0.4482415488320839,-0.0016096653171586081,-0.4791904170589021,-0.08848511074580818,-0.13196338092002813,-0.2765398585985724,-1.1720423627833345,-0.5729265176901669,-0.2760140235057548
559,Macrophages,VUHD68,Control,60,Macrophages,0.0994326649236334,-0.2615414391524187,-0.9913878928641462,0.118359508273468,-0.4751200718980092,0.00598680379914835,-0.5651754172692074,0.024959552548418307,-0.04924786144406597,-0.007151152340998677,0.01831534478494074,-0.21856809994883675,-0.33264211877973815,-0.34970371297835867,0.29892504059708214,0.07829813378920777,0.017750318004306837,-0.5105769479325403,0.24955290258638607,-0.13594703959983073,-0.9496593636555871,-0.8558018790498323,-0.18799678523437277
560,Macrophages,VUHD68,Control,60,Macrophages,0.0684158955231946,0.016774492341117817,-0.43288167131279626,0.011626392077790565,0.22713588526589307,-0.03735782630201564,0.0663610612075238,-0.23184732767838573,0.2023986961777049,-0.17597300385316808,0.22122204505548596,-0.1353009824445206,-0.3760733929163876,0.19381870162961937,0.20607696505961892,0.172649924537756,0.06500399967310531,-0.04392939653507026,0.1927420555331482,-0.07366560066611184,0.07600719374414301,-0.181799254355975,0.036132167697255406
561,Macrophages,VUHD68,Control,60,Macrophages,0.07613069961736073,0.2333674035104367,-0.30900460235981847,0.06029397463960438,-0.0931408006306489,0.01598471226901952,-0.4685090340541476,0.006419178052542669,0.08128848567027779,0.14922948400689265,0.08767599131601875,-0.027294914198741516,-0.14869749801511783,0.36103787423916545,-0.1814244055397227,0.03285565610072817,-0.029880304162330815,0.3393605823395642,0.027013247461360843,-0.016755550424347586,0.2556934586714631,0.1130534218868246,-0.12561612714553114
562,Macrophages,VUHD68,Control,60,Macrophages,0.1083900194776708,0.15970610381413397,-0.5259814999514237,0.0018195158930503262,0.48155147749641225,-0.009032914226877783,-0.7390766504859121,0.036576576130970144,0.3096303909052986,0.16499105245451967,0.08636390266266566,-0.180246863289607,-0.40342729230076485,-0.10361049882590642,0.3058372192165667,0.3119105958867194,-0.1803365679061983,0.04674622646233634,0.06777402929116882,-0.2945439081432972,0.43184744831322297,-0.019623686726504667,0.013500855427245065
563,Macrophages,VUHD68,Control,60,Macrophages,0.08540292190972658,-0.12244266461520631,-0.7251722769097853,-0.18149826456330606,-0.034377315946635505,-0.0024058485473253685,-0.5098658606265207,-0.004047704567224607,-0.05245303043120813,-0.17046361893319698,-0.0552436714354807,0.08189885566683629,0.1172171198121292,-0.16390801721976586,0.21066387002423845,0.08914219153109548,-0.21228265442472063,-0.7020757679645022,-0.18870653097861437,0.07417368260833747,-0.9720747156736634,-1.0166328013752932,-0.27314219833966064
564,Macrophages,VUHD68,Control,60,Macrophages,0.1172395788933547,0.10588804686954065,-0.4125638307459258,0.1746100936562916,0.02497536923681646,0.013168943788500247,0.21266697294695305,-0.02823316694889825,-0.042259078356952896,0.01979180840236785,0.13701978869119263,-0.012380782449765884,0.0743574595572552,-0.1606162312830145,0.03814664966126388,0.2740269237017251,-0.22108782941192937,-0.5641271187585238,-0.19662670963304196,-0.0772269420538182,0.22292464173004914,-0.3759316861513287,-0.12330819300625033
565,Macrophages,VUHD68,Control,60,Macrophages,0.06740073971702126,-0.2852733607131197,-0.16181779983771252,0.05370146767612551,-0.18001321691479844,-0.009760759450598532,-0.09661937822090294,-0.07528689815510789,0.16641287100818725,-0.11194976102019666,0.040327135059226776,-0.23032607577420816,0.021898868054400708,0.19670983408866397,-0.15452848970242225,0.3119885642240806,0.06530227274675122,0.14458015428521978,-0.25894155058115786,-0.10835753330359277,-1.0649904414905706,0.3262851564111951,0.015751564443942045
566,Macrophages,VUHD68,Control,60,Macrophages,0.1321278541071121,0.21466915859494137,-0.36655800345860656,0.11856077881398136,0.1852313713041147,-0.0183837895869926,0.0484019015095997,-0.06858467331431656,0.08052049475177576,-0.1524709989092692,0.07624504521681129,-0.08667054808478901,-0.0675870704223909,0.17070686878485467,0.3140552945852244,0.24269404311560094,-0.5146332603203425,0.17408689586481194,0.09632011093503266,-0.28879065792223174,-0.21340877844584102,-0.4589972068646635,0.024148410691505
567,Macrophages,VUHD68,Control,60,Macrophages,0.11552233987701757,0.033716182426794715,-0.21174913812149362,-0.04515900127036009,-0.2833381368826723,0.016457308312555458,-0.2998923103416223,0.009814513699499157,0.07094024966433869,-0.07080180883974521,0.16767001643621549,0.07394694807188493,-0.24885174715364083,-0.16090855835536202,0.2807803038391479,0.4218172810764185,-0.07160025867001935,0.4596604446899918,0.2295377466787204,0.003784165585665247,-0.343525974382416,-0.05876917718523419,-0.09638947436416333
568,Macrophages,VUHD68,Control,60,Macrophages,0.098375304431859,-0.1644023111279557,-0.7768135390783893,0.24336039906225018,0.2841348496950081,0.018966237192801723,-0.4893731856139822,-0.10683917197027779,-0.13758644285305904,-0.040608961235016686,0.0249099221986039,-0.10838302033230653,-0.04137849283186366,-0.6293698937291089,0.1087519098466228,0.004825100864802666,-0.9053760967016307,-0.009880471871796283,-0.15562384287301945,-0.28990509117710006,-0.7114574528172002,-0.7606677101372409,-0.20687356812662297
569,Macrophages,VUHD68,Control,60,Macrophages,0.06437002418968003,0.13730149092466812,-0.6925940366553736,-0.10273526307432614,-0.047787843733893415,0.012131169677309473,-0.3841062282730113,-0.014545679695820452,-0.041170472233224426,-0.3900627798178861,0.02413616944716685,-0.35555725817916867,-0.16870463468733646,-0.06972318203227804,0.17416135667946542,0.047993011411566824,-0.18242967285702436,-1.7158388034392593,-0.0844624418327356,-0.3471583788632292,-2.903500210479914,-0.12881653380881555,-0.2491147786888506
570,Macrophages,VUHD68,Control,60,Macrophages,0.14635275245974932,0.16158968321713796,-0.35255421923881675,-0.07980777350326965,0.2651124700911792,-0.006425139896331169,-0.08044444431475614,-0.07439627729968437,0.21866978450246607,-0.18841708250139047,0.06742533747096562,-0.20879509252737827,-0.3230491333744172,0.3875267742296388,-0.012216836743864153,0.2425425227894638,0.20096700983777513,-0.16928758181322512,-0.12598327573764945,-0.05042033238189739,0.10998421315506389,-0.10799284272300906,0.05922114950081931
571,Macrophages,VUHD68,Control,59,Macrophages,0.06988153858689862,0.01300793815385195,-0.3117040862094025,0.18487888775066688,-0.2523194436723615,-0.027711157514821384,-0.0492415710174325,-0.12323122021803756,0.1819668031416788,-0.4272643721470664,-0.09659724935201648,-0.1902145765708349,-0.047827711651626637,-0.16463173423403693,-0.0015687717796254701,0.3009159163552177,-0.5425580344538641,-0.30742064698825855,-0.017286497038067714,-0.02715036849209422,-0.4720249411130734,-0.30316274487063677,0.023278983891568655
572,Macrophages,VUHD68,Control,59,Macrophages,0.11171396843018105,-0.038046423490588024,-0.4017793797635787,-0.006736630020187438,0.2568608877662464,-0.007790986524630903,0.253636739714607,-0.15843761523440214,-0.02944774015098891,-0.28381508800525845,0.002791018742959967,-0.098690249328791,-0.2854340406464253,0.1768595694381376,0.08341915938377821,0.13313356099019572,-0.03447355748831627,0.32873620818177623,-0.4005475869595968,-0.10182682393313669,-0.5691829272922746,-0.6665868765722233,-0.3506153785248859
573,Macrophages,VUHD68,Control,59,Macrophages,0.0847863044740634,-0.08248540552991274,-0.5680839174144072,0.03349561308517952,-0.5183122425970171,0.0006170901369490778,0.2486273849456832,-0.09404225837368371,-0.11802836875144589,0.060936876814244686,0.08162706639678588,-0.1280869239362478,-0.07162882256166431,0.16982169574884384,0.47453670402050346,0.09924137491222101,-0.6182733436111121,-0.2571134186127989,-0.06949445493079148,-0.06881348202651213,-1.1988675113034677,-0.19411183805897358,-0.14581457249285998
574,Macrophages,VUHD68,Control,59,Macrophages,0.08910763230072458,-0.06976568517726005,-0.7269841315336416,0.0650809738948141,0.08150183408132908,-0.02639132772627423,0.4660999164682798,-0.031114001534206175,0.009583354112103972,-0.28491885968940195,0.00478785558162791,-0.04644279277644173,-0.11789474519680043,-0.2270485566036331,0.035922365358209155,0.10111028935446875,0.06833040304502203,-0.2790832580611398,-0.0672743938058607,-0.15159846072216096,-0.5762761405667948,0.16017535307807065,-0.10186391348088109
575,Macrophages,VUHD68,Control,59,Macrophages,0.08692189242601822,-0.12314254933292704,0.07172797249119134,0.0625335453255142,-0.6526446126532696,-0.03778848324260814,-0.6377134672083329,-0.12299842626331425,0.14776506917486054,0.10224435267936728,0.2581408469198891,-0.29456733713668215,0.06227487851609536,-0.07885562472269574,-0.4651225829628918,0.40705406201551053,0.0031028734412387295,-0.23983149794493253,-0.11660553381545388,-0.2124951995892485,-0.5910946001522441,-0.38939514300423655,0.20308286347098498
576,Macrophages,VUHD68,Control,59,Macrophages,0.10135302467867353,-0.06254489904365948,-0.7091509254752546,0.08112974488590458,0.09467535871850316,-0.017347953504040847,-0.21505486012518782,-0.01852116645391779,-0.08003127997926456,-0.3232646272762849,-0.14414186148940453,-0.28235599987892634,-0.010838205054847408,0.08883649689383265,0.15861890666142014,0.010474313623726764,-0.16661853199292315,0.004519245976521268,-0.12616881474811575,0.038701935146855694,-0.5588205017776804,-0.6837703253004311,-0.2665972809076511
577,Macrophages,VUHD68,Control,59,Macrophages,0.15133927345964596,0.045691313746202715,-0.3195482852678945,-0.031081121389227747,0.43779644293467507,0.0068694033217276814,-0.010415310023129457,-0.005412393616038827,-0.03785423308225654,-0.2666955119944964,0.004798118891698075,-0.04667208486862394,-0.20075044411198506,0.05431220338533219,-0.06276193391328538,0.08115274166326689,-0.27993910851777,-0.33824732915123296,0.05142917651907233,0.043904529665802654,-0.11614433394486538,0.0983484575130447,-0.03793289670717938
578,Macrophages,VUHD68,Control,59,Macrophages,0.13279200254746645,0.032808271959172595,-0.41570366825159966,-0.12950174729767702,0.05907724866701747,-0.016221107131172394,-0.4346922434361939,-0.012209032700885249,-0.10474982435235793,0.361029591376093,-0.07550474821516615,-0.1170531586609201,-0.48545954574648464,-0.459995458805634,-0.18996147258879068,0.06633715922286965,-0.44483060537805424,0.295730439446065,0.08993508771179427,-0.1641563968808764,-0.3081617777106417,-0.48284187775078286,-0.08409092466898305
598,Macrophages,VUHD70,Control,60,Macrophages,-0.04621465562600276,-0.41516466093940246,-0.07152066087831435,0.16639583476671915,0.2955539276958187,-0.013446143442501685,-0.2717480453827641,-0.014386992126522155,-0.23391525796678816,0.42217845916568847,0.003770917893226689,0.06156542030085954,0.051933276001814445,-0.3595203584758612,0.07719883299304166,-0.14985076436428463,0.11617817285991962,-0.6891339403703978,0.2202209990604076,0.2838308766413746,0.01935965495120727,-0.5107344402428705,-0.11095303175142927
599,Macrophages,VUHD70,Control,60,Macrophages,-0.006607482084060871,-0.5171563685693923,-0.2581783720739375,0.17664227903141058,0.02535620772463433,-0.028506464195754505,-0.45376168696352426,-0.015290607088981861,-0.34302988920289934,0.11677461608563514,0.2861130998842949,0.031024525841562678,-0.1491706382574551,0.012142997741486368,-0.10099373694085265,-0.05770477835981641,-0.4807127496393698,-1.0015597713859916,0.2153292946822263,0.21844786028764887,-0.6314168855682937,-0.4486750189821191,-0.16470550548992494
600,Macrophages,VUHD70,Control,60,Macrophages,0.017605220898200512,-0.24554459056515285,0.1030201260950992,0.33026206010512377,0.3473114715346852,-0.03080503767900534,-0.6465412954571871,0.13453305467673948,-0.13511469425154088,0.5559233620936146,0.38381092362759905,-0.32045744527766606,0.010785071682721893,-0.5436510768809163,-0.11915525844258007,-0.18494975044214296,-0.38184740665038835,-1.2624248631773138,0.19142167317780134,0.2006196535679147,-0.751704038228761,-0.7250428194239696,-0.09736809417617409
601,Macrophages,VUHD70,Control,60,Macrophages,-0.04130621750001149,-0.6701486598887262,0.20459327245277567,0.07072919686546028,0.2978005259108693,-0.0337236693103812,-0.9894527632183772,-0.041785650379550725,0.051519123287992526,-0.09808528774843045,0.39765519378233677,-0.08277867504099282,0.1694963806546922,0.04857620892590576,0.27403761058586323,-0.16025396350103324,-0.2102255485507114,-0.8180234046421134,0.34036247301090944,0.28898033416706426,-0.5010925604743421,-0.04133971233597069,-0.026600410990744887
602,Macrophages,VUHD70,Control,60,Macrophages,-0.031288702630282036,-0.2849327855006675,0.22232421816851447,0.06297753661377506,0.2903722075022472,-0.03285720107278233,-0.14713479034127325,-0.004748506847550925,-0.24884896328762326,-0.20626104829241468,0.13944033140509568,-0.10967476309647776,0.1027052876799463,-0.12064576137527341,0.327316751742059,-0.053556862261009114,-0.11371674846438987,-0.18546750709435836,0.2756887459274786,0.18492987547252954,-0.02954861552547987,-0.473728649608587,-0.1203050408296926
603,Macrophages,VUHD70,Control,60,Macrophages,0.05491236557888868,-0.36430283375740347,0.3297281231934622,0.2737757164369736,0.12892508526878224,-0.029934821203014068,-0.4457067210950866,0.15385395095563248,0.20276416834908634,0.014988676431969647,0.27338357431552984,0.0224389619447913,0.17470826369777737,-0.025707233133043454,-0.012921311507863721,-0.0581944242270441,-0.5674775028346716,-0.44318835552941327,0.2800639933843405,0.22851376957487793,0.06755578430402571,-0.21786222326720914,0.12558517770677688
604,Macrophages,VUHD70,Control,60,Macrophages,-0.01574509657480044,-0.35965677413342784,0.14067059138038399,0.2793337617443879,0.10571586112279752,-0.03882324822297012,-0.999301137355111,0.01777544793705495,-0.16924728594758148,0.07954907487427915,0.20760968019890672,-0.010407702616346444,-0.019329819422423337,0.04493157832249689,-0.0297991501318318,-0.026231756592943026,-0.3200978733643592,-0.25040789289032306,0.18814507562273394,0.3151050994175912,-0.8164576838900823,-0.4261326057704716,0.15259616005813934
605,Macrophages,VUHD70,Control,59,Macrophages,0.01101721666070779,-0.6235632918321379,-1.3820856042783478,0.2050858648173968,0.5113414052514531,-0.023732851134866322,-0.15399468756235352,-0.05190791802869838,-0.16601982510149355,0.23352635892338228,0.16367531145794972,-0.05542275220574763,-0.07359706386586892,-0.05429853896074765,0.006156269123610893,-0.2279490744681842,-0.9036331571196465,-1.1832784587919576,0.07560153077105355,0.1894379515479371,-1.1710446769381355,-0.8696396151374675,-0.06275542226853706
606,Macrophages,VUHD70,Control,59,Macrophages,-0.012033982929058891,-0.08091452754556862,-0.1848687890918255,-0.02237693980210612,0.6193932385746814,-0.03121309595014319,-0.5242400670398207,-0.09909069233195208,-0.05606661985882832,-0.07154583824792901,0.4179931550051232,0.007281355435792344,-0.10123490454262962,0.09233600778135427,0.1485407855516112,-0.07285993778880209,0.15544109453977412,-0.5694107451423172,0.2517758661725815,0.2967923287617516,0.13938381155921586,-0.4035258714110207,0.216057782694614
607,Macrophages,VUHD071,Control,61,Macrophages,-0.14164488610590587,-0.93892114355823,-0.35450118987201196,-0.24787671707216324,0.3065300599816776,0.02699008695622869,-2.0324946182855674,-0.2166592697198494,-1.4986162075920213,-0.7757738638416366,-0.3316109939586654,-0.4451145564633199,-0.16602189131033745,-1.3635948396826498,-1.0813871564637703,-1.0120084731788441,-1.0741672028902247,-1.324463005796572,-1.3624710807576752,-0.08558617356474993,-0.9994863988533362,-0.7839823463727907,-0.5792902934512284
608,Macrophages,VUHD071,Control,61,Macrophages,-0.33100394806219796,-0.96287379799455,-0.6509247803025293,0.7347399507445995,0.3167642261173434,-0.00422876121421735,0.4534621555050428,0.0023662091839883534,-1.6292599889188615,-0.40936890103374524,-0.5591109550169188,-1.1409862767463146,-0.30531553941834055,-2.123857879520301,-0.4144483209220757,-0.6347176715684979,-1.6880119909756874,-1.5287601444314087,-1.14062336807383,0.07062357595582885,-1.0239341067528083,-0.31853702943017553,-0.7492083830364894
609,Macrophages,VUHD071,Control,61,Macrophages,-0.1650097501221622,-1.0129618152817632,-2.2618878823469832,-0.38699402752137513,0.37962773546715195,-0.019328356909443414,1.063563716645145,0.009611719836465353,-1.8091242291920009,-0.8285746651038031,-0.4682656651836891,-0.2662168575862526,-0.40409652647062616,-0.5977407979691177,-1.0651439873646982,-0.8170847846227484,-1.664281798574422,0.26994387639840806,-0.8796575419140018,-0.13072687106754027,-1.0620263550193065,-0.5148847894261854,-1.09304073510483
610,Macrophages,VUHD071,Control,60,Macrophages,-0.20731765426820525,-0.8498732129085358,-1.202822337247429,-0.436357958242257,-0.4273705665825062,-0.03917386604079426,0.26735752668408247,0.07461766960819169,-1.8295285259720557,-0.8083358478033067,-0.45318294360406225,-0.3938335184038581,-0.5381363154724156,-1.4702555656161618,-1.0076117401433586,-0.9354520752481225,-0.8968010537436741,-1.2266026339189922,-0.9378793465907271,-0.003190285024278635,-0.5901097579097723,-1.0927068814977827,-0.7404868135518122
611,Macrophages,VUHD071,Control,60,Macrophages,-0.15901139439793432,-1.2972234786672634,-0.4301832560101078,-0.20796886656756214,-0.26652218563765273,-0.040736419065492614,0.24279629648263334,-0.0038774474511849358,-1.3842064595574912,-1.2044669753586794,-0.34886335517139283,-0.29379975190752305,-0.6735494159508207,-0.42105450542899264,-1.0546482801109218,-1.060586672139782,-1.5945074836177877,-0.42409770055366086,-1.1312551117950023,-0.008131819070431034,-0.9800760324235082,-0.7103848379442836,-0.8362198796589765
612,Macrophages,VUHD071,Control,60,Macrophages,-0.37303138920659984,-1.2627240498387655,-1.4227360922267958,-0.2290912357428588,-0.5666148741544457,0.026619241292977804,-0.18085161844760464,-0.26953815891635446,-1.6708993535205523,-1.0099876975946576,-0.19349668094155095,-0.3737390830342361,-0.5416886128430952,-1.8885807724012287,-1.1205620322247578,-0.8189628393303949,-1.6378826055728233,-1.9651364380435596,-1.0297849966838537,0.043631055398754434,-0.9704390183121705,-1.3356950132660095,-0.9247766698440572
613,Macrophages,VUHD071,Control,60,Macrophages,-0.19840347872299322,-1.1826641385254224,-1.1679059737375497,-0.2706481693704821,0.44785048192570637,-0.0014082958838362303,0.793885991756492,-0.03959131635384637,-1.8285376251167131,-0.8417752554483972,-0.5056716635624331,-0.1923853653299048,-0.6039062813131766,-1.7767260393796451,-0.7977511965541078,-1.068451725527667,-1.6847411215820107,-1.3831894571162293,-1.1697590552758577,-0.11134163840383934,-1.0545891896614898,-0.21995814363056646,-0.9445565552850759
614,Macrophages,VUHD071,Control,60,Macrophages,-0.21098247183097107,-0.8966945144367789,-1.4202191013590064,0.7939781307040894,1.5794384926397105,-0.019933967604101627,0.18918583655268179,0.08872633336085889,-1.3619409151989268,-0.5243277567961715,-0.40576987995976904,-0.38030045500843546,-0.23270319272613363,-1.0765176271989696,-0.7573063114238826,-1.1480812774376687,-1.5894131856238443,-0.2574608364422739,-0.8576459830815706,0.03948851097302917,-0.6783448180484377,-0.46569199238041586,-0.5956043354515
615,Macrophages,VUHD071,Control,60,Macrophages,-0.31841535730899045,-0.8569192333143985,-1.5734968706667278,-0.21920845941162323,-1.7739905338590374,0.0005660833491268995,0.9084911356596439,0.03046084891435491,-1.6757813987320944,-0.6783116298349011,-0.5165772739403542,-0.2599881274397929,-0.35620316097607485,-1.871611882268126,-1.4808962499374514,-1.3237122229552827,-0.35415353490751494,-1.417862340352734,-1.0481306903942098,0.0420741713024883,-1.2106463993346128,-0.523675473223061,-0.7952846780166124
616,Macrophages,VUHD071,Control,60,Macrophages,-0.17716452450480982,-1.2337822822783682,-1.5352609402884003,-0.19202100800831867,0.37314275193993673,-0.0358384098411902,0.6090113089164287,-0.1929743533688874,-1.781776717355312,-0.7508361959292692,-0.40387123739075775,-0.2831243188949964,-0.3532513257560569,-2.1895082124958822,-0.8842127800782529,0.3409037945115911,-1.3168421206144658,-1.149912617996386,-0.7932452892145785,0.03987369924935167,-1.0641754173157545,-0.10209386579661803,-0.6603839006245875
617,Macrophages,VUHD071,Control,60,Macrophages,-0.142464913706012,-0.7636496993149469,-1.8463484529389058,0.8611574348893629,0.3011692163181957,0.23838358943918628,0.2777223355228397,-0.12641766686586764,-1.3319836062938322,-0.7843432275683925,-0.5059887672444242,-0.3700035582370785,-0.35115324758400845,-1.4628554703164656,-0.9180259833810006,-1.011191779520131,-1.7106353549389952,-1.2376115258057716,-1.100918824653403,0.0785977557676577,-0.8178681798101524,-0.5838653577406993,-0.5820457176601644
618,Macrophages,VUHD071,Control,60,Macrophages,-0.2503810452925339,-1.2657303426569608,-1.2674335380133548,-0.14971289042955543,0.4801439292623466,-0.03501966474245936,0.5461855678218647,-0.331145526374863,-1.838842282917019,-0.8249533239041841,-0.677747571283759,-0.46522491783011716,-0.594509003733051,-2.0934685622027547,-1.0714426138645696,-0.9690156957794569,-0.45126512900370824,0.15845993464076605,-1.0873050024096385,-0.07196370661073222,-1.0500419787248936,-0.7079810409057326,-1.1849538225188034
619,Macrophages,VUHD071,Control,60,Macrophages,-0.38447879379513583,-1.0577199741975258,-1.035471086860123,-0.13844295401555837,-0.8936570228720737,-0.03374782457560852,0.12648840190513955,-0.03978069158340853,-1.4851293595833566,-0.6539682110059172,-0.22153243409421222,-0.18721775010590275,-0.41469161858274894,-2.2851415354515927,-1.1869269977311079,-1.4678865802112557,-0.6689847616910656,-1.7225603440961523,-1.5268230629567947,0.06999638401590866,-1.1597678041378454,-0.7778884422407145,-0.5015970122329719
620,Macrophages,VUHD071,Control,60,Macrophages,-0.14346160907865146,-1.0514052018080549,-1.4922688629009915,0.7398659494175381,-0.47463683020582875,0.02798773247684999,0.031144162330582616,0.01816078320115182,-1.5713553875508834,-0.6718727763204316,-0.46385808245358817,-0.21122174157981027,-0.670156292325474,-2.184272685114778,-1.1766556498347278,-1.29187573997226,-2.2316528288939756,-0.295893631211697,-1.0764021109667998,-0.03320045086520185,-1.0588030359251057,-1.7138683409206112,-0.6548010497232871
621,Macrophages,VUHD071,Control,60,Macrophages,-0.1686792263052997,-1.1668192068674483,-0.8834943557391924,-0.21377895748824918,0.09402579857855549,-0.06241573411119353,0.30110863374050195,-0.15082260766871797,-1.7798962474021296,-0.3517888676763908,-0.9897517903320925,0.7256720379026297,-0.3720448839900451,-1.7452816354429437,-1.4798758834492742,-1.2432022604390724,-2.3469579519048245,-1.3764594994341675,-0.5291992514458619,0.00810683224903773,-1.3069045203337883,-0.8576205889821255,-0.6499083962513408
622,Macrophages,VUHD071,Control,60,Macrophages,-0.09396850861571933,-1.0124989887150222,-0.7850308528297982,-0.11399035660283849,-1.564487031814231,-0.038931344519572864,0.20720726357983565,-0.04861237349563834,-1.4381896620554395,-0.42539424572548407,-0.3538055906882276,-0.11157814872353679,-0.9232718199671998,-0.9651302147482179,-0.9332635036197527,-1.0732707117350238,-1.358053761582682,-0.6844401430944663,-1.1472503679367914,-0.08516960264983711,-0.9946243309335632,-0.37111414893907985,-0.993979496384967
623,Macrophages,VUHD071,Control,60,Macrophages,-0.3210213679612345,-2.018433496840953,-1.6052958570000608,-0.17050204878874997,0.11200808867627078,0.026209154087443863,-0.18107064378740415,-0.10688557169325305,-1.707619794608524,-0.7793015823215917,-0.5848723147741284,0.5836745754119531,-0.6536519321520605,-1.7875150346380726,-1.04563785835628,-1.0963831312245704,-1.4545722475587923,0.07864733776946004,-1.0992470292063439,0.06922954651872387,-1.0396770755317186,-0.7294440828109368,-0.834603902590222
624,Macrophages,VUHD071,Control,60,Macrophages,-0.333475879972757,-1.4454784336239916,-1.3349240145924495,-0.14232110044398974,1.3637496655339658,-0.03422400942236874,-1.2209254402496745,-0.20442281436298504,-1.735369095156957,-0.8247810685287796,-0.4488846609420815,-0.24507357403660493,-0.7649282033535965,-0.8520940257938764,-1.0798986363806,-0.9481271886723548,-1.9881175474940584,-1.4674582330007515,-1.1821937885415752,-0.29995306725644916,-0.8577329941479741,-0.41146483122673305,-0.6231585802352889
625,Macrophages,VUHD071,Control,60,Macrophages,-0.22740666067774942,-1.008941524552997,-1.1945500042246942,-0.14308745058301534,-0.20038477244387384,0.028714132179865626,-1.9960071281310545,-0.18602589761342941,-1.737366507890925,-0.7312751584141004,-0.46930399533341954,-0.09612148053079438,-0.5514800272699908,-1.6533971043488345,-1.0501742220275274,-1.0386191833469463,0.018092267742142704,0.03331873116744358,-1.0838562299242769,-0.09838342625171055,-1.2844580737740843,-0.5261893669195702,-1.092306117548344
626,Macrophages,VUHD071,Control,60,Macrophages,-0.17431291170876975,-0.8927095459436963,-1.1301598438239286,0.6982260225654482,0.11143002960103517,-0.03165509636716962,0.2230152161378578,-0.20329598406431165,-1.5970852791148573,-0.6109849564397885,-0.30375941281199764,-0.2449292611893064,-0.5033208218321521,-1.4604725888400225,-0.8237584039636412,-0.962292229821217,-1.8314147746430434,-0.33391339085068344,-1.0386847182945118,0.043880793934746594,-1.1761004273566287,-1.2476115210396068,-0.72828805371306
627,Macrophages,VUHD071,Control,60,Macrophages,-0.20122915597737,-1.322852805358457,-1.3260018069920496,-0.30591023762357034,-0.15271788127954533,-0.007312978919390219,2.412038080490684,-0.11526493341310884,-1.8752177081730694,-0.7489958098725341,-0.29890470325427293,-0.2409526632941713,-0.6250535533107086,-1.9092864839489492,-0.8633359211240123,-0.49807990148614234,-1.4387878525635942,-1.34888922191185,-1.130701787891671,-0.24096678313011086,-1.4202003633136584,-0.3639854822320233,-0.8757083679895107
628,Macrophages,VUHD071,Control,60,Macrophages,-0.15514475758794669,-0.7828937005780167,-0.38791409925490117,-0.2527034192268075,1.6120083183941902,-0.029371176397449197,-2.007409642699652,-0.07047677711313471,-1.5650755345100256,-0.9201296848085151,-0.49081971505238536,-0.18471519210952456,-0.35766203822333364,-2.00684124550909,-0.6361612802396269,-0.9193080219598332,-1.9298943951857865,-0.3040576529713051,-1.0621544856439904,-0.030053401875330177,-1.0430697416703827,-0.519138546815181,-0.8814168397744662
629,Macrophages,VUHD071,Control,60,Macrophages,-0.12194572735756917,-1.2356193446173553,-1.406647589426663,-0.024315555756055977,-0.10784397053973767,-0.020406925156451556,0.7241359810054261,-0.07522537428690451,-1.6602328189481563,-1.1496719594231941,-0.83431254165682,-1.0841104952341014,-0.4024194386599012,-0.40987666429470376,-0.902862404735126,-1.3772218533501528,0.3779170530632933,-1.6556626888937946,-1.018543424602463,0.07885680269912508,-0.832239358918753,-0.47164843696725417,-1.1087841062734498
630,Macrophages,VUHD071,Control,60,Macrophages,-0.2378293749459391,-1.0017923899404337,-1.1739877616713816,-0.1459406415711533,-0.19577474272389067,-0.028736438162476043,-1.9632285949236687,0.13638664957121757,-1.563091940259362,-0.6955941663507034,-0.690993696675122,0.8959549907853998,-0.35055076920352835,-1.8715296694634633,-0.968942991397498,-0.9069309367741657,-1.1938889714163028,-1.109127125267397,-1.0674772521563336,-0.20119404066329588,-0.681898999620896,-1.6928171715990894,-1.061071045023273
631,Macrophages,VUHD071,Control,60,Macrophages,-0.3896423539232228,-0.8044500361443359,0.07312206998284343,-0.04229985251212553,-0.19596776064950333,0.0343647026042181,-0.07496373488637925,-0.04745579139674131,-1.3803639585223328,-0.4367895473635741,-0.7470968004638496,-0.3874959243552969,-0.39392879992803603,-1.8027521147356103,-0.776180945490694,0.32113178855622554,-0.7885782129991996,-0.12258973110269501,-0.8143579451550036,0.10916639846336663,-0.8884239872887743,-0.24854831756179238,-0.6808693195513776
632,Macrophages,VUHD071,Control,60,Macrophages,-0.22635098492690864,-1.942837243194513,-1.3336481407787277,-0.31143810155761253,-0.2173866661508615,-0.00872495230110248,2.2300429378400497,-0.036757015894925076,-1.8036461452295431,-0.7868674589761034,-0.56834757011811,-0.36190091877159936,-0.17139628972231172,-1.7790962788659128,-1.0413276439307677,-0.8080115206271586,-1.958496765228892,-0.6921659812627672,-1.2142634208243466,0.07498882985346973,-0.7485680654478853,-0.4794473111390347,-1.0264763680297653
633,Macrophages,VUHD071,Control,60,Macrophages,-0.1872194196884362,-0.9555092215833666,-2.013719962625042,-0.17440277476237084,0.41014771897270214,-0.006479967037400723,0.27201006737516736,0.03258297923539238,-1.887815652505265,-0.7831817021858575,-0.611825949643128,-0.5153708178582109,-0.6462825917446856,-0.4624745664541642,-1.0084027517612246,-0.9192501130732899,-2.1865595227017454,0.7878191385374463,-1.2789012902852963,-0.06352875977020384,-1.3850153100836953,-0.810956075182472,-1.0728132269767612
634,Macrophages,VUHD071,Control,60,Macrophages,-0.1801732556848354,-1.226691293108155,-1.5419103709872455,-0.23617171467065665,-0.48968055450104514,-0.04583959773436029,0.579230816798755,-0.16955969339509436,-1.8475498755833537,1.7280634051662378,-0.6635327989753883,-0.4646065949149668,-0.4643724053213385,-1.333532103679604,-1.4281797095413542,-0.91143017528897,-0.4377787890504822,-0.23145687509388907,-0.9658836380130105,0.05952393508556152,-1.5783533295854977,-0.9388596484712189,-0.8860752412966746
635,Macrophages,VUHD071,Control,60,Macrophages,-0.17842065564879472,-1.2878699046020308,-2.4797014033101576,-0.09495815827302408,-0.3611611029864507,-0.004493262849952712,0.4898672582761105,0.5126832600271085,-1.6689245076366408,-0.8581667538028422,-0.8038188792618641,-0.2870000231980705,-2.5536323577075812,-1.4584247795887808,-1.236654490828192,-1.1418091319733876,-1.7805253655850732,-0.10948955048530659,-1.1892955757144177,0.10992382491128887,-0.8985793061705359,-1.2860136938950384,-0.8933941097217373
636,Macrophages,VUHD071,Control,60,Macrophages,-0.1636299692077811,-1.1092337895402864,-1.3206617280795774,-0.06429812345373494,0.33510300431190077,-0.05121844433629828,0.29500151163989813,-0.17169288214397663,-1.5457795025816534,-0.756055787703082,-0.5056868762462924,-0.2730996433888978,-0.5880083953768792,-1.4311119823315435,-1.1124473458808197,-1.1434074383168256,-1.7283512764898872,-1.66039063891173,-0.509155169252866,0.059967132132403116,-1.1280291379849392,-0.6627431129241519,-0.7289116435328413
637,Macrophages,VUHD071,Control,60,Macrophages,-0.20228004916226436,-2.108371170513745,-1.3096428911592417,0.7561580117376779,0.44561010176309845,-0.03153226133162595,0.0051194789428956325,-0.027376130279789045,-1.5827836291803874,1.0283979396665937,-0.5063783829371468,-0.24210976051370042,-0.46818632096554347,-0.8613138751378158,-1.1572999452223904,-0.9670764525560513,-1.4985122814208678,-0.25563310411159496,-1.0484919296039268,0.09546315945400843,-0.8970670267651643,-0.3985017578790654,-1.058853754982625
638,Macrophages,VUHD071,Control,60,Macrophages,-0.32728926952202975,-1.3555727316584383,-0.9933933662761714,-0.2893103259636189,0.2634781674799156,0.019624718645765336,0.21518272049656742,-0.194687863404034,-1.6768707069732276,-1.0344639384191279,-0.19922137044863528,-0.22520820271151332,-0.4744200362478823,-1.7659514284002298,-1.1098307931513056,-1.2577956026862365,-1.3922737872604598,-0.31108859029093244,-0.993702173810141,0.0031142183488046373,-0.9008002065221494,-0.2812536971803495,-0.757796106972574
641,Macrophages,VUILD53,IPF,64,Macrophages,-0.22983855492895272,-0.6301328808758818,-0.5397146621123181,-0.39771738004025675,-0.8952244237553422,0.006022923259841158,-0.2030037643308592,0.053651235172467795,-0.6162955335421294,-0.6383582586819766,0.06970573147788336,-0.6807063457661133,-0.8950375150797155,-0.46214510323429453,-1.231646671760175,-0.4800324916555161,-0.08134575947096573,0.9873615200939942,-0.4038264138957306,-0.04541691085232676,0.19283350921229472,0.39718298107107,-1.0271729047242932
642,Macrophages,VUILD53,IPF,64,Macrophages,-0.18929275569326398,-0.9238178636582663,-1.198800509858858,-0.4676240688427567,-0.18734112828138427,-0.00728773034349054,-0.06582950984591784,-0.08938727167873342,-1.0792021710567863,-0.6926306263515124,-0.009578232485660209,-0.7844110432505493,-1.6894884103124108,-0.1221713998745439,-1.403341490756362,-0.5699812435493247,-0.1525987872611775,0.783125728688174,-0.457660208590625,-0.27755192033727394,0.09534513489979654,-0.18671141227043186,-1.0240945462642757
643,Macrophages,VUILD53,IPF,63,Macrophages,-0.20299811053057523,-0.6277290572218455,-0.8587651544040139,-0.3401886769617057,-0.24577890595043517,-0.0034524817299708133,0.09182225345681383,-0.08089649727474135,-0.8193470993518227,-0.6901633495661806,0.4371656039412824,-0.5575462621320902,-1.3247057468147505,0.0030816448631828175,-1.6441002670704246,-0.7347081222604249,0.33004528213344086,1.2123295150261353,-0.3983854077416126,-0.11131454348846351,0.20839137972844776,0.446918829596569,-1.0325653117594267
644,Macrophages,VUILD53,IPF,63,Macrophages,-0.21648840713812006,-0.8187726624933903,-0.7908387267758464,-0.22503620125429555,0.12056122143061535,-0.016066325754558512,0.028313558781845365,0.13464244173272116,-1.0084518689042516,-0.5909331842466776,0.24736280945303143,-0.4538726111396741,-0.9082214870624896,-0.2179145049166654,-1.3817951914875495,-0.7138474260537769,0.1102726391185537,0.5996632825721838,-0.42781327069325986,-0.19767776406468446,0.32130137091827216,0.5138568783795457,-0.9841169841766634
645,Macrophages,VUILD53,IPF,63,Macrophages,-0.21108185956574183,-1.0402533974939119,-0.5746078619555527,-0.2731416536934333,-0.14064223133321585,-0.028562681146683713,-0.38657718391464346,0.02456810554512457,-0.8501916920233193,-0.8878781516226043,0.2510155970059131,-0.7511097220009911,-1.653090626858233,-0.5243974314346912,-1.3084820849524115,-0.9082758394558385,-0.518502466581269,0.5320989300430118,-0.29672670087967845,-0.35959113107518315,-0.017725732602299597,0.36924033461584604,-1.2566908373634211
646,Macrophages,VUILD53,IPF,63,Macrophages,-0.18776487187074012,-0.6875660535216938,-0.30861934500394367,-0.004901444822670895,0.36490993985497683,-0.010894398287201802,-0.2578325907751446,0.28612162679925374,-0.4850134547937359,-0.47278059614828705,0.4421783223232146,-0.4111833994830216,-1.3802457483670452,-0.610874596611912,-0.92045431607466,-0.6229681118048617,-0.5301785320189272,0.698269756829424,-0.4415580092855363,-0.039310505760324944,0.21510455679457127,0.5778185245702724,-0.9983947899756233
684,Macrophages,VUILD59,IPF,60,Macrophages,0.011491634206427771,-0.12157616126120234,-0.8397033640331311,0.044979320709337224,-0.06531041892204961,0.01406620449493352,0.47480257030116385,0.36322807527418965,-0.40014820045208765,-0.21463979382682438,-0.14420338970965058,0.25423522144765154,0.15178396320392903,-0.06660705995074734,0.0935912419776925,-0.3359947150316467,-0.5015219164273048,0.10117036629988863,-0.3017519739981583,0.019963094249581665,-0.5897798297396857,-0.019604979013210778,-0.464373851040262
685,Macrophages,VUILD59,IPF,60,Macrophages,0.03493473816210382,0.3533617852090278,-0.7057752221272787,-0.0959255317129562,0.39359327750430323,0.04280642895432242,0.5307647680024802,0.2593033846474774,-0.39226652633719117,-0.35717284122473686,-0.050073421896486406,0.00433408345788766,0.1735694393798518,-0.5949542489052952,0.12237542691021712,-0.58889499660076,-1.093190437921012,-0.21646541382008097,-0.2725434863616703,-0.2150469649248707,0.1988653862760093,-0.013758240239895934,-0.1833666767616109
686,Macrophages,VUILD59,IPF,60,Macrophages,0.0939256014344517,-0.05326054813392505,-0.679946877802036,0.2726692474845963,0.3362469623553315,0.014746648386850487,-0.14845437641503864,0.3888451609139066,-0.24372762851117988,-0.4951658627122514,0.06801157726222425,0.2398343141705814,0.3736679456186569,-0.1910918244894344,0.0488932347841526,-0.20895833543506012,-1.5482765099774167,0.11500085395565572,-0.24138323431646344,-0.0614593708292448,-0.6443604429474914,-0.4150833992211192,-0.21726795379783642
687,Macrophages,VUILD59,IPF,60,Macrophages,0.10033717565518789,0.04274167618934858,-0.7666045645843044,-0.14377317630082867,0.15611114690887629,-0.004937555067289204,0.14570371765176302,0.4342876818261854,-0.3196049086958478,-0.3976593620283814,-0.2320822407426743,0.35101774337309705,0.3529495961329756,-0.6623830409309839,0.40505888752655006,-0.44618123441430757,-2.188611805123544,-0.12418955909933875,-0.418537536709427,0.06475374620533483,-0.9846266979007384,-0.46080250719789206,-0.4029079604226761
688,Macrophages,VUILD59,IPF,60,Macrophages,-0.017614584116578336,0.04950638962810329,-0.3846996068623343,0.14331919004974703,-0.059836836180393475,0.00156242779617708,0.4416308884359149,0.4574220117236087,-0.42640168545231405,-0.46952535355130615,-0.13869137005092042,0.1405086806464744,0.17790335719759412,-0.2156019800786882,0.30405779379293973,-0.2147479085634856,-1.7009603858487101,-0.11167569741894573,-0.5046501016126557,-0.013188758816295762,-0.11494446079469904,-0.06323601434680659,-0.4268281776761513
689,Macrophages,VUILD59,IPF,60,Macrophages,0.07436156078569375,0.04761400325777367,-0.6060349869960846,-0.09998256829882678,0.14161264659747308,0.006376397031809407,0.5290881189095723,0.37479341869036026,-0.3129866491194425,-0.4038998126518045,-0.07748765750311983,0.22107285677583252,0.16530945946757222,-0.6299426429145478,-0.05149598081909271,-0.37760188151739077,-1.3208560521632673,-0.21296227062513476,-0.3355914010703526,0.054988462099918624,-0.12283954257256285,-0.3050727558642794,-0.4755249411769073
690,Macrophages,VUILD59,IPF,60,Macrophages,0.12886508445688707,0.02428390700538443,-1.208240535062213,0.02838588848592914,-0.1701354609640656,-0.007224487760627769,0.1577199469736884,0.3465850218174546,-0.21589877440836355,-0.5776422542601842,-0.04072938192709652,0.12789603326934643,0.43777918699340257,-0.8831671911830118,0.30155875589563513,-0.2974380177538234,-1.543296111553238,-0.4768008163356392,-0.388770419826819,-0.020693248895101816,-0.7499793295791105,0.006589621737963582,-0.1752603945571017
691,Macrophages,VUILD59,IPF,60,Macrophages,0.02711647995779127,-0.01989766686594345,-0.5306170582017813,0.09829170241579722,-0.14138323210794412,-0.015665043387831257,0.45988763897490553,0.45661702567830237,-0.4341504215875003,-0.5313701069860742,-0.26200619181126666,0.1622583570774345,0.37910486373308894,-0.874460438393367,0.23092347587765252,-0.3924377917863664,-1.1130902365955146,-0.03444817908123689,-0.6149744230841248,0.031024389045955815,-0.5306604354345986,-0.5072125252048583,-0.2582368088532136
692,Macrophages,VUILD59,IPF,60,Macrophages,0.18909756073173103,-0.0754803069515381,-0.9668172347119968,0.019902215957615734,0.24082829220563567,0.016763920870406342,0.29382981861164115,0.39753691979362915,-0.3761363678004754,-0.6438137848765232,-0.134555114571028,0.21842512381040854,0.521289522601075,-0.3837455347087512,0.4353138241075744,-0.23592057453684318,-1.4075566525793157,-0.07235393096378645,-0.3929783888407517,-0.008778707644143798,-0.6308645111620585,-0.1342621105248792,-0.32912967238415486
693,Macrophages,VUILD59,IPF,60,Macrophages,0.008747459078154836,0.22230112408319833,-0.8415506452249107,0.03390910025078856,-0.14107291145393677,-0.018400458805661664,-0.0261189033649788,0.3342149360121858,-0.20160298535291732,-0.5948946708360563,-0.09985437008557231,0.20979862029755994,0.38300023083134455,-0.48444738827686024,-0.045894120724669904,0.08902127118884268,-1.2272124042708794,-0.3267611739227272,-0.3813148602122906,0.0485880085501554,-0.15659525014598458,-0.5279962495791795,-0.43240693859985413
694,Macrophages,VUILD59,IPF,60,Macrophages,0.057053006686708214,-0.1654227165914967,-0.7807219523859794,0.15219056494466224,-0.015133729766421687,-0.008860786989404752,0.44238035502852713,0.2942032688811185,-0.501567764367198,0.3861465394262247,-0.2328444286056069,0.08972006530649569,0.6510507047944503,-0.7761324302177217,0.08491514245607858,-0.4736417050177885,-1.0182610605767461,-0.4637680803107216,-0.3319847958558695,-0.12903981898226244,-1.057540641188169,-0.1173869915950961,-0.5457052942000161
695,Macrophages,VUILD59,IPF,60,Macrophages,0.08983611105061688,-0.05775473855586521,-1.0084475110782443,-0.06422182513593289,0.5093866236596541,-0.01452662094253673,0.617735127112974,0.3836015115955703,-0.32961790556400394,-0.37328644797731825,-0.2835803787270197,0.24559949738289585,0.20048191077767508,-0.10373951660172734,0.20276917430710684,-0.31462121984560665,-1.581059793646018,-0.6272435830221393,-0.22302794029608347,-0.03166472834956671,-0.8611657421577772,-0.6201911960865767,-0.30003391731898643
696,Macrophages,VUILD59,IPF,60,Macrophages,0.06496455741435997,0.012164091211103052,-0.7868553917429154,0.004031631542337215,0.08732518822185599,0.048258753781137885,0.24566497681820376,0.5650574551986994,-0.23581522893365284,-0.4406556120785048,-0.2487109652723879,0.31293006520993977,0.47524171958313133,-0.7100309888910836,0.2301157801336094,-0.29900005141096503,-0.8109438446315566,0.2873166255985027,-0.23292393950147078,0.0025961254307739707,-0.5242213464561898,-0.645894312302242,-0.2040247708959928
697,Macrophages,VUILD59,IPF,60,Macrophages,0.11875721353336878,-0.12002531170360774,-1.2452265205331934,-0.055944759037903476,0.17999938338315707,0.005865067422115853,0.15753636141462402,0.2970581557710215,-0.42000820619701795,-0.3833984082487049,-0.04969289053108211,0.003497826481543744,0.3543221823597233,-0.4776684045056348,-0.06963723782506165,-0.2295505897824398,-1.1030434405062017,0.015470774585246358,-0.32460190887491186,-0.08999731564359478,-0.8700363165976336,-0.4608245271682607,-0.20805028331993689
698,Macrophages,VUILD59,IPF,60,Macrophages,0.08396967932573945,-0.17372736952056955,-0.5219429535521771,-0.04302331470418385,-0.3347010865838229,0.017156672348750675,0.20085226752651264,0.3682225846048889,-0.4215899155701456,-0.4220972610398869,-0.11240478723718676,0.25625717306258455,0.27597035652515606,-0.35315909739830104,0.17787349840926034,-0.349348257190998,-1.376756453836395,-0.5499527146422811,-0.3196218657969514,0.030656766497656286,-0.7293505081644254,-0.26002033223458554,-0.41203986838187023
699,Macrophages,VUILD59,IPF,60,Macrophages,0.019562591298620008,-0.05020086468613942,-0.8871574347688027,0.06785699600212758,0.37140787883506876,0.015795558284843532,0.8184038245751052,0.4299147592044158,-0.3214975933642964,-0.21138418802549225,-0.03143033286630738,-0.06099734188199603,0.282797698818268,-0.5475685778637972,0.33483223096698145,-0.2644666973566449,-1.3943454392716004,-0.2060569320580149,-0.22177794496633044,-0.1439789284318929,-0.4697313075263846,-0.6452596584413833,-0.5276435269980299
700,Macrophages,VUILD59,IPF,60,Macrophages,0.13128314302881713,0.14064405108122463,-0.4184161539367866,-0.022630627885346918,-0.009839518657682835,-0.0056802619853238475,-0.09743331843059061,0.3064759463239067,-0.5511623611178409,-0.19880325519934702,-0.04413519159093969,-0.09616679840291913,0.3452846341941531,-0.42598417177760134,0.09805078475328093,-0.1957511250237483,-1.1787614661606225,-0.02989380937525526,-0.209702292111492,-0.08942361281782102,-0.3678926670432443,-0.05145546086065621,-0.28775289131917003
701,Macrophages,VUILD59,IPF,60,Macrophages,0.07714892320719047,-0.003947663924971831,-0.9880707733224525,-0.01095971947472476,0.3563106458219211,-0.0006514224134718371,1.1286048331640717,0.3066377154426978,-0.4798162981881916,-0.5553400822255625,-0.1935845056742882,0.07761296799106185,0.3791516152790638,-0.49929183004828553,0.2664912887180719,-0.48194070494681096,-1.5283190964485835,-0.5415661103764684,-0.28059618340798387,-0.026074016419319834,-0.6820907252309003,-0.6585527310961423,-0.4949551818546131
702,Macrophages,VUILD59,IPF,60,Macrophages,-0.010587177537847556,0.030738762632544638,-0.7142092297529693,0.3488551653646591,0.15217048257204643,-0.01244813276515833,0.3277173351778577,0.3755962805849284,-0.21826409464825747,-0.45369129316657436,-0.26766579034772203,0.2668816208796142,0.42376212063037794,-0.8578188478559781,0.2466264447655252,-0.28997680531773296,-0.9257601304511344,0.15820760519054258,-0.22416973800305273,0.07305781250584345,-0.480864390394585,-0.4410243556397765,-0.6348452665912272
703,Macrophages,VUILD59,IPF,60,Macrophages,0.11751437661163314,0.07653977516998811,-0.6927328208518255,0.06046607921756169,0.2336476865183719,0.02834728001169936,0.21739175051410523,0.3107740851693343,-0.4310383805375392,-0.6563927811118033,-0.08578736476674,0.3385501025944424,0.46349747377010686,-0.5055741175270428,0.0868335101185049,-0.20616946048996102,-1.3973823756307429,0.12186740010539611,-0.4454057899808216,-0.2448853669960446,-0.7933960190657544,-0.22476934495236703,-0.34829363209991704
704,Macrophages,VUILD59,IPF,60,Macrophages,-0.04271049343858661,0.04706721118126208,-0.9671358924823764,0.019621260183649975,0.2702436157375456,-0.013096193090274148,-0.06408384299180608,0.35731382211486923,-0.362182403625525,-0.018520706443540237,-0.2519391011685124,0.32884569931120744,0.5909665792183211,-0.2928549503327069,0.33112755934702226,-0.2742146567490535,-1.0139517540310898,0.12196697295496824,-0.17099735043688857,-0.11837387390318435,-0.44140134678933823,0.026232299449630955,-0.5265201380091302
705,Macrophages,VUILD59,IPF,60,Macrophages,0.13604891700554528,0.10533056197315119,-0.6721703062381117,0.10601654131054568,0.1165920429759872,-0.003632622007195361,-0.06528315752618052,0.4128911448107536,-0.40376484378605865,-0.05883079609042394,0.00747059824620715,0.1407949057200305,0.23788377893439133,-0.10727644729990413,0.3123008411456169,-0.2861520072996564,-1.3797453820292032,-0.4025170832094629,-0.4004563112639105,-0.14770210805233872,-0.9139837566416437,0.01740785854711984,-0.3959224373196198
706,Macrophages,VUILD59,IPF,60,Macrophages,0.029357249277775478,0.26583580324563877,-1.1959605704032357,0.06973807048971972,0.29634134390175104,0.0042504453370382006,-0.21216935004758297,0.36762539401860905,-0.48090727531551314,-0.522297164205032,0.009241264301425012,0.1407361354132999,0.2448224783345725,-0.7526744528907006,0.2158839014474229,-0.0950949563931644,-1.1315129034560196,-0.04292488345676278,-0.17087194420733398,-0.11432009344690114,-0.900157538698668,-0.27803188906176185,-0.5176896963703496
707,Macrophages,VUILD59,IPF,60,Macrophages,0.06815824473047795,0.13508444981184423,-0.854133658629218,0.3255638805838808,0.25607301034632124,-0.01376691524411287,0.36164486517878247,0.39463060958658785,-0.4092066335956544,-0.485538246854552,-0.20613316545242746,0.4985193188952688,0.34842656081528156,-0.46830127071780403,0.08689844725279,-0.5508702680198928,-1.2077252949664794,-0.19808450070547692,-0.45394750708837284,-0.006945062006494371,-0.4126451833564427,-0.1770173059857617,-0.3241848126525707
708,Macrophages,VUILD59,IPF,60,Macrophages,0.08169928384617887,-0.08507190572382646,-0.7976898660115698,0.22710563131713987,-0.03513106721086319,0.01459786526487742,0.3738396316979015,0.39147239039189613,-0.32474848341124685,-0.4452427828784488,-0.3191257507362586,0.08071605498655016,0.1888772105647012,-0.6262915042819259,0.15714996426666414,-0.17622820149000526,-1.1262499448549914,-0.26986497496907386,-0.20784312981914022,-0.09766849077488626,-0.7288997675339255,-0.5823405876671552,-0.10214212171383318
709,Macrophages,VUILD59,IPF,60,Macrophages,0.08646420731916037,-0.08099654409390178,-0.6908394500020023,0.1046511868489613,0.8626822494889297,0.01348727235288625,0.2819706414451669,0.3934478349009593,-0.4939003275367525,-0.5067967651571746,-0.23743114649110916,0.13004364756874554,0.10990098739011231,-0.656914183602951,0.4182792089722752,-0.4633031224659105,-1.201314628489397,-0.24892584908007173,-0.34072992297187465,-0.18325377899031473,-0.7918554181568143,-0.5318527611132828,-0.430132619214243
710,Macrophages,VUILD59,IPF,60,Macrophages,0.016182164468651325,0.1346609304408331,-0.8019301063068911,-0.04826164011280691,0.376532321070659,-0.006525300686763603,-0.12628573557241152,0.24997603717060607,-0.5192656388929985,-0.3666500778410638,-0.06031139930858824,0.11257636742786596,0.39945095607181835,-0.20792849596209517,0.1362941423011406,-0.1282910631141774,-1.5369119269218072,-0.07600097683086655,-0.3362367536409333,0.02617300999366952,-0.6239468769047068,-0.24742543393788577,-0.42917184205657277
711,Macrophages,VUILD59,IPF,60,Macrophages,0.10863518635977787,-0.05844022395708786,-0.7827077836908077,0.035316926052220934,0.2604423260392344,0.019893422195784417,0.1994926059493824,0.2523464880690242,-0.4847976866363565,-0.4606724040654399,-0.1098591070215268,0.013402738805938105,0.44930803360853866,-0.7622256075524834,0.03580844855871032,-0.3116081801079995,-0.9928051794744835,-0.09556164315997898,-0.4491157016006146,0.07724152206360227,-0.6183785600456088,-0.8592730829725463,-0.24388754369467786
712,Macrophages,VUILD59,IPF,60,Macrophages,0.08310668698620112,-0.0016674436066276156,-0.5225433775907439,-0.0017381972965384391,0.4147320139699093,-0.010570275632142873,0.15587310861142145,0.468656010643623,-0.5104476826464469,-0.37079764858806724,-0.40075984350611765,0.13809976853710518,0.07246738070234979,-0.5658099554190599,-0.045439442697799634,-0.18040179419629648,-1.617760017076508,-0.3559869342029259,-0.36552262164168475,0.0777123962828439,-0.31464455141488595,-0.29257577871518353,-0.28419685108989334
713,Macrophages,VUILD59,IPF,60,Macrophages,0.08602801187013037,-0.16359286308203727,-0.9972838542511037,0.09406356012484063,0.1778535980412803,-0.012976790727167703,0.27708332355784276,0.44862121629075935,-0.4524774395521464,-0.3514733796547192,-0.027553971894730172,0.07967619243848238,0.29905087727005647,-0.8065063711735048,0.5212060628009356,-0.43988919299198675,-1.1844623492515656,-0.003932724831272561,-0.38213636490594877,-0.09359255543528533,-0.684883228341854,-0.11466107903400938,-0.06939080578149372
714,Macrophages,VUILD59,IPF,60,Macrophages,0.07709333685405677,0.05003132032444963,-1.1215975239867702,0.08678046307389327,0.13010094429929747,-0.009517661117553363,0.17584526139840007,0.2905455884829093,-0.5614286891003504,0.06824073626442957,-0.1591812736603006,0.20564053845197353,0.1149512303550522,-0.8877531240193209,0.018579246701915745,-0.3994507567606068,-1.3590025591189132,-0.25922803834655744,-0.32113438498790375,-0.058530703441084915,-0.6367844899955037,-0.21426675544876678,-0.42243742726857275
715,Macrophages,VUILD59,IPF,60,Macrophages,0.06243305528809764,-0.04231517628468559,-0.26501129907736615,0.1203744485171431,-0.44312587065974873,-0.013353668284936674,0.15833526561625716,0.34410928254051354,-0.41428846273402475,-0.34200955883311895,-0.2440345170171901,0.02133512265711876,0.5354290150687094,-0.3525722372849541,0.023833431908797147,-0.3048458818725045,-1.2671932524692568,0.0838860394373707,-0.2532975059115856,-0.20094498016942688,-0.9032451921977079,-0.43939199531686257,-0.46322197391970504
716,Macrophages,VUILD59,IPF,60,Macrophages,0.08666869723029669,-0.04433786872668038,-0.785475271590835,0.08892616800260816,0.10587391364021864,-0.0018824911328295885,0.4043115534643445,0.5470439784463462,-0.24006933918918388,-0.5141992154376946,-0.020767065096728776,0.19852533289930133,0.40702080336051116,-0.5011273176486878,0.11129838318070703,-0.11581954176672446,-1.4067235806651173,-0.2457695895704156,-0.19261982161481345,-0.19217124965406274,-0.5752286600680188,-0.6515510980346993,-0.3655812766032673
717,Macrophages,VUILD59,IPF,60,Macrophages,0.13725834345597035,-0.2047054247795217,-0.9781064312475233,0.19434257391031226,0.5632840833252626,0.01168882332653453,-0.02213551495728883,0.42324882051423524,-0.33504241003529656,-0.48063464045792226,-0.26779488302785653,0.11936599243530129,0.334490593289107,0.18666402006420116,0.331738082171002,-0.3086930498790174,-1.8588492839472386,-0.5480628696169272,-0.24298869620221558,-0.09299787823433495,-0.21183417439941052,-0.6131473184374655,-0.43237952528336954
718,Macrophages,VUILD59,IPF,60,Macrophages,0.1411293840642162,0.012003408048728745,-0.921522804101181,0.5457436879114591,0.5796766892813977,0.01386542271494838,-0.041643177865108495,0.27618650379904,-0.5947803328849264,-0.8085090071458128,-0.19557354986955414,0.48031676244133437,0.3293134669312032,-0.5370558309551483,0.019461800611573057,-0.26406535553704685,-1.3630159984187182,-0.5856267145797083,-0.3581697699452953,-0.034180131652373824,-1.2097537271763166,-0.15406508845886432,-0.39761696086429227
719,Macrophages,VUILD59,IPF,60,Macrophages,0.09883100106889935,0.14585275760320393,-0.4640297292104465,0.008644153225157093,-0.07903259535929284,-0.003128400619252507,0.4271827644398782,0.38760619939713403,-0.46182068551191846,-0.13746927136674872,-0.2294354279182853,0.19947998136119563,0.25573959277497105,-0.044113145261039065,0.17101504884120267,-0.08407028904104874,-1.2370951864659114,-0.3566265011480604,-0.1819088103350858,-0.1413237731577699,-0.11273571873259722,-0.3686882361929696,-0.40139401980581657
720,Macrophages,VUILD59,IPF,60,Macrophages,0.1141950307597866,-0.15103937358083472,-0.5647747580632053,0.1677503549752476,0.21629283687577333,0.014674282756990994,0.07091206222556862,0.3631656003080604,-0.24452928706254595,-0.39000681871334925,-0.18369499051721028,-0.05300844704670915,0.31317353463691194,-0.3455275376724867,0.2643901996079554,-0.11326968620327052,-1.0431183882648978,-0.20830092380463905,-0.15813039880244592,0.04341283409028341,-0.5912237732259968,-0.2898373818348037,-0.4144255149627275
721,Macrophages,VUILD59,IPF,60,Macrophages,0.0675278226437693,-0.2280225182363193,-0.9095995548741035,0.12172889831948883,1.3928399206109225,-0.018161899454949736,0.4420596338819078,0.292593729259276,-0.6420611815189677,-0.5774740603500025,-0.1503612618736818,0.18500085726652685,0.1965157827526876,-0.8146547288501287,0.056258648307920406,-0.30044095362236056,-1.5348548147497527,0.021583522413978016,-0.5205539068083636,-0.1744018575145761,-0.8614370132251566,-0.19386581231221128,-0.22631774164085577
722,Macrophages,VUILD59,IPF,60,Macrophages,0.05952476257349646,0.16369377209030575,-0.7386387925447437,0.1464382208324201,0.7650646891195512,0.013892333057518198,0.0020798622532634493,0.4159764117541167,-0.3995316311429199,-0.6280024517345129,-0.05581645789161423,0.3065715038953893,0.43184006647939344,-0.6971783527927646,0.4505067463349188,-0.2660140382779232,-0.9367927305892947,-0.17325879100507907,-0.3917868715878885,-0.06143598076368496,-1.499078381398176,-0.3203771935504405,-0.34043132854113606
723,Macrophages,VUILD59,IPF,60,Macrophages,-0.02129686353661073,0.17279847250893168,-0.5847000711519523,0.08831373736900179,-0.2709852482687557,0.020530747258480177,0.5398721869771126,0.4769371525965049,-0.25955560498760216,0.161451078456873,-0.0028656598349332645,-0.06253070615614297,0.3771388443261068,-0.19022828462840424,0.362597465392799,-0.32566338737898815,-0.9617654157839273,-0.03241994848065913,-0.2169066739782683,-0.046437782476621635,-0.6319691647747894,-0.11540340302592,-0.39972218504038654
724,Macrophages,VUILD59,IPF,60,Macrophages,0.02520742545122842,-0.12540500721082473,-0.9408303811187062,0.08148614370566268,0.21621282813817716,0.030099342872401673,0.3834595733790202,0.41556768238211833,-0.4483229310507657,-0.4483045490527572,-0.21145950589681733,0.2698363310572764,0.10383264427240532,-0.5445229215357533,0.23857190666671022,-0.3926267672185473,-1.5997056126502565,-0.1457939824273295,-0.21954962165805691,-0.12042261266068285,-0.2581214411839171,-1.0948347382479888,-0.42523604334095233
725,Macrophages,VUILD59,IPF,60,Macrophages,0.0793267514649804,-0.03274384795082399,-0.6104534645815842,0.0654807337403935,-0.051029297240117594,-7.90534776826668e-05,-0.7393840008070506,0.4766379835277735,-0.2358814746862502,-0.5805937513129366,-0.4543732738129586,0.05038196098236096,0.3495598051513805,-0.41855946147872136,0.2933645050963043,-0.07034291034176288,-1.1887485108700384,0.2295335446987904,-0.42189623902001205,-0.10132269939936694,-0.3409551154417912,-0.5499604834826227,-0.5266554200908774
726,Macrophages,VUILD59,IPF,60,Macrophages,0.10221251168327213,0.06858898629124827,-0.7180360891300401,0.1541050766076402,0.2860725100794729,0.0006763526078894695,-0.471498285155969,0.4049418415949348,-0.3289869879308041,-0.5934986269630057,-0.172862164804216,0.13075816572216464,0.3843720595615241,-0.6368256229779771,0.31856091361688293,-0.12502263837048916,-1.5174772617099994,-0.08762957670243574,-0.271550413583725,0.01980013205191634,-0.2760844746446434,-0.2996743239283847,-0.2470076020394462
727,Macrophages,VUILD59,IPF,60,Macrophages,0.08172261997333814,0.1691518189974571,-0.790737374768041,-0.13094846044946892,0.35781615233278685,-0.009881620030638695,-0.22452230129435874,0.5215189987643564,-0.3297413376738823,-0.7366054292721572,-0.10012933764985228,0.09712393902735021,0.146877655879484,-0.34301189908050783,0.135423528822364,-0.10069837564069542,-1.1057933174312866,0.12888968926857508,-0.3746830371287389,-0.06720728368937433,-0.17245126073024744,-0.06936154642831661,-0.4812485073391932
728,Macrophages,VUILD59,IPF,60,Macrophages,0.08965853997574322,-0.19112748824203477,-0.8144022183500165,-0.046991774123481427,0.09814154803173186,0.018008895341036626,0.3027969720650656,0.38462529166251863,-0.3738961868760384,-0.8213204279599442,-0.0668250691404365,0.07393970803325825,0.26893495993118566,-0.3950789279970493,0.1626269568637805,-0.6675352654268136,-1.2636206932745206,-0.3449443364677132,-0.4218118332909785,0.05109713627663489,-0.7761646649504329,-0.5190622632959996,-0.44982402154562007
729,Macrophages,VUILD59,IPF,60,Macrophages,0.0956425423805836,-0.07545159985912574,-0.31946701135948435,0.19866518821013038,0.5136022732803351,-0.007774803490338209,0.30938132405074387,0.4214794295163426,-0.2772631765776097,-0.06473226885459743,-0.03532558958456454,0.2906790466103408,0.3296718525016259,-0.2024771667271097,0.24738721517326678,-0.4528566038891908,-1.0724219436726916,-0.3300698091885839,-0.1735768429398331,-0.05474824360056264,-0.37603893780717107,-0.6971345535710707,-0.1376219018077759
730,Macrophages,VUILD59,IPF,60,Macrophages,0.09404497117207258,0.032255966129213526,-0.9487706070044243,-0.13230578237206853,0.28120017920245877,-0.006158963621822792,0.1748043602452816,0.42675262619623205,-0.35059311875816157,-0.6208085894828219,-0.2179586594864098,0.21612385245724228,0.2971697714797511,-0.06566009851625626,0.18460059423254396,-0.4249243693420928,-1.004634812436129,-0.39797861444117766,-0.2511216030243476,-0.020803951124077093,-0.31320144200628314,-0.21368106468561213,-0.43451029670368474
731,Macrophages,VUILD59,IPF,60,Macrophages,0.06309515603174698,-0.10091660961303316,-1.192388758852708,0.025076824683418947,0.21258382259958258,-0.010746007432213957,-0.10532242762969896,0.3462885058621046,-0.6528548965901529,-0.302379639189133,-0.28766717225167904,0.04993005044726401,0.21935896274111386,-0.7335848193673233,0.09482547556935592,-0.3022385194479972,-1.0287958639755133,-0.3939077666762681,-0.2754321445915126,-0.056155920651618396,-0.6779536120604245,-0.580524480174256,-0.3980012302737446
732,Macrophages,VUILD59,IPF,60,Macrophages,0.014873313196514686,-0.059488233905590326,-0.8171429295680518,0.09441699988921895,0.027437940236546943,0.029942145394252634,0.24541333875057902,0.36127405651994543,-0.4480688964055753,-0.36716746681864065,0.03016688094552288,0.25772834851488574,0.48985020011305747,-0.6947420922988483,0.41223257014032416,-0.3274153517312826,-1.1079060134375203,-0.16449359743654257,-0.21419936041953105,0.18064156687038202,-0.33407312738645095,-0.42278522551711767,-0.4851683610077511
733,Macrophages,VUILD59,IPF,60,Macrophages,0.11082666862558145,0.15500777962893852,-0.22480349707843353,0.1874657829982718,-0.06863807395182482,-0.007995800482198938,-0.2534673576605328,0.31187041255035514,-0.22107355850532204,-0.20061314697109217,0.013960764104558338,0.10610449095232004,0.2852111716785314,-0.9375886355450612,0.21307681874892015,-0.01974574894462614,-2.0789536597478064,-0.0062683353965157056,-0.3162480483399784,0.11111644838110503,-0.30247746761334665,-0.4406888766642455,-0.5376951538401438
734,Macrophages,VUILD59,IPF,60,Macrophages,0.07053391589187699,-0.04556238512145904,-0.6376941565134799,-0.08738744855557368,0.23442537371037347,0.00030325689044545176,-0.14888084815838237,0.227189028585465,-0.5193742969393239,-0.5346878061410996,-0.2115533379762582,0.12882472987216279,0.21436412867534985,-0.5245177361469439,0.31718006905395774,-0.17768205011685317,-1.3322310083793074,-0.09415138892138027,-0.2888989312574767,0.011723435256563181,-0.40770117189547284,-0.504084027285869,-0.23672235390904342
735,Macrophages,VUILD59,IPF,60,Macrophages,0.05866750224281498,0.037596616591934556,-0.805313812268851,0.2001116978211485,-0.05156304434671323,-0.012734247506760384,-0.26885304914997593,0.2443262438073462,-0.35833218771025066,-0.233717775720283,-0.03548887405788777,0.27795184935981093,0.40145886238596595,-0.23520939318077264,0.3896288948987923,-0.0677956146799222,-1.1864549021169546,-0.2217764803790472,-0.2591748921971407,-0.05572373638005803,-0.3103042277675954,-0.9168891365925174,-0.4040316619028754
736,Macrophages,VUILD59,IPF,60,Macrophages,0.08815837239283687,0.006473848147021623,-0.8782766472258666,0.24932436402827454,0.2692620991281395,-0.018144670394945186,0.48862926184318484,0.3519904624730942,-0.33521183821565953,-0.44913306844786766,-0.026333095847938564,0.2848423954660467,0.35937030531707814,-0.5864061426030908,0.2710008027282626,-0.21289670326643265,-0.6790694791002853,0.2119673480363164,-0.4264033719920074,0.048775008300168794,-0.6147320177371753,-0.31586446247528865,-0.32980215226999665
737,Macrophages,VUILD59,IPF,60,Macrophages,0.0640376190350571,0.032820358745382576,-0.7630146813397777,0.0009166428146701365,0.2996470253928714,0.006955291274762391,0.1268023557015187,0.3695005328827525,-0.30033217829212405,-0.33927553073876277,-0.17418004676567023,0.18606599673526067,0.2828733105576774,-0.227718050094929,0.362005064988577,0.03614273724647574,-1.3087356159976025,-0.11289590213052866,-0.3916329661501872,0.017080008419044362,-0.3283420631229112,-0.19529447050087628,-0.2263775406885415
738,Macrophages,VUILD59,IPF,60,Macrophages,0.10083055227042664,0.27885392835645884,-0.862201682640266,0.17733775598957255,0.2271499833880307,0.030002514403270175,0.2018886220615801,0.40398834200923767,-0.3707441182977814,-0.54022243383269,-0.21986778467066612,0.09459967671586801,0.21517659369027248,-0.5063373370173039,0.27881795242718493,-0.2590509061788142,-1.1666482090751964,-0.14335471168008854,-0.3278379119652488,-0.07359474616344228,-0.3704405447085245,-0.3600074069942924,-0.38565765476668623
739,Macrophages,VUILD59,IPF,60,Macrophages,0.0753826258769738,0.07349043183021445,-0.6955692151095978,0.19732027497816443,0.12896577545255544,0.00511762884052266,0.2545507108069246,0.4107574978542801,-0.2085711238361778,-0.6045586954657427,-0.002972273124244678,-0.04741012229751658,0.2227516334552222,-0.5444010710918987,0.32115826745310316,-0.38625473162430063,-0.9659314086224193,-0.15890285671266835,-0.15580430678429127,-0.16537256758224317,-0.19407640681790272,-0.1641510847256241,-0.1950038276182557
740,Macrophages,VUILD59,IPF,60,Macrophages,0.11681384408603195,0.02508497893804737,-0.9264643024557783,0.04531500179515901,1.7944539323265154,0.0022102080359986008,-0.05487980686024358,0.38066332472504877,-0.5292526252435376,0.11150222655588941,-0.12763517385443277,0.23144768200674576,0.32564457169365524,-0.5109085667446508,0.19624756472045551,-0.42606171252631564,-0.9840039474722357,-0.00044222438402029274,-0.16940644404693794,-0.056619882014389535,-0.8322695691161298,-0.2701840886144261,-0.3132587180359572
741,Macrophages,VUILD59,IPF,60,Macrophages,0.07453596060499354,-0.15603150541184066,-1.0114088134640622,0.3465288051229958,-0.06262565047880707,-0.014690902847396263,-0.09188962144484453,0.3316917683395261,-0.45546301938213835,-0.8179015733414063,-0.0779700352362732,0.15108199194111466,0.09356887159969174,-0.7697224187682239,0.3201245737566222,-0.7157039046096967,-1.3803896740266064,0.0691585171682684,-0.3982787113973777,-0.03050021060257889,-0.30462159522664817,-0.5910813728991576,-0.3657027133812114
742,Macrophages,VUILD59,IPF,60,Macrophages,0.13902983134493896,0.07705423810611381,-0.7269550330366261,-0.0251138007399249,0.3705013805818468,0.06479265709237514,-0.11206217932191553,0.29370904195150643,-0.24692196822687257,-0.35861556129464184,-0.1157287845006922,0.23113961347820383,0.2607038376886662,-0.08027086186212909,0.14335121084495303,-0.20518163537967907,-1.263040776984072,-0.6338910790529007,-0.1724908974206872,-0.08209710220224398,-0.1861385667178413,-0.7427500614999961,-0.4052761240594283
743,Macrophages,VUILD59,IPF,60,Macrophages,0.06385494736116229,0.04266560626453686,-1.0831420092666217,0.07524838539707723,0.4389621981214011,0.029338702124172472,0.6396063179140217,0.2720701585754636,-0.24279894058335522,-0.5684940430297888,-0.35557947963067293,-0.0031877246070165935,0.1836475333149295,-0.4663267861162594,0.06270932082339442,-0.34875344374344475,-1.2814286796673349,-0.03277040304921361,-0.5725155096246972,-0.07663582286785245,-0.4222425881974299,-0.8110147958636107,-0.3163302792124959
744,Macrophages,VUILD59,IPF,60,Macrophages,0.06689654262786472,-0.07808895751335873,-1.2492154829292317,0.17040201938648622,0.558853110483504,0.008490851333594358,0.19505991654912677,0.36324362117080006,-0.4966069729249481,-0.5426306163106157,-0.10979359649404143,0.40941774347588955,0.09223059871940112,-0.989100170084589,0.20067345662898592,-0.49590351876419797,-1.7335588111106979,-0.238521660973869,-0.0719863906661614,0.02594429665530707,-0.9637440772908837,-0.5398851740592311,-0.39793578284274933
745,Macrophages,VUILD59,IPF,60,Macrophages,-0.014739150093702792,-0.15107949336631676,-0.4687933550793278,-0.02361468173398815,0.17514287486628805,-0.007671636077595124,-0.028787254101154517,0.3576156788943996,-0.3254772271627253,-0.3800780882844979,-0.18111963201474973,0.08767106540988188,0.34694017915085557,-0.03564688985028846,0.29553565769662493,-0.35419538396100614,-1.145619839703357,-0.012433297690058964,-0.31159651355370976,-0.008232346896386022,-0.43168711741372884,-0.7051276604148315,-0.1779685194673825
746,Macrophages,VUILD59,IPF,59,Macrophages,0.1022355834755591,-0.03260976348019422,-1.3289917814762864,-0.05926937617419302,0.40935224010399746,-0.01155725410453107,0.15649346060978103,0.26192443881322847,-0.3611999410788389,-0.34366035488847746,-0.2390006014637449,0.1033132628517199,0.18172775768566224,-0.36987185673982165,0.13622462282745734,-0.21185826347530026,-1.6195678647933893,-0.060870441020253865,-0.40483179653712,0.0017754990692315344,-0.7630866832190704,-0.5019244384904831,-0.32150736691792253
747,Macrophages,VUILD59,IPF,59,Macrophages,0.04210179250143388,0.021737775578725485,-0.4109808767283053,0.06418792428677005,0.606488478975993,0.027240840487513414,0.43766476128750026,0.37417925428651166,-0.5424227060477326,-0.31573806100969226,-0.23917465620942613,0.23918096735528308,0.4252850666606756,-0.3268574217557497,0.5319442849123681,-0.34802822079952583,-1.539334931256682,0.09907212114251421,-0.5182069143522896,-0.0818843006793933,-0.5541486571599238,-0.3031940028742768,-0.22969618791713878
748,Macrophages,VUILD59,IPF,59,Macrophages,0.13212743821906126,-0.006383572264776947,-0.5098591676564952,0.08438131342791488,0.2494496088108673,-0.006068838963194613,-0.655184971580317,0.42045976486565156,-0.4696553199470155,-0.7785277274972017,0.07543975755211126,0.20625319500209524,0.21894035723345684,-0.18960796288668083,0.24829511281795674,-0.32058791397647357,-1.771225004011471,0.13930728566534767,-0.15250278162224362,-0.052823616062144634,-0.9712430949819322,-0.7357810877546238,-0.393790187961104
749,Macrophages,VUILD59,IPF,59,Macrophages,-0.026013251083420737,-0.06441366558609399,-0.9030568827319169,-0.042997642930959305,0.22634478027604688,-0.0111163902174863,0.44175782508197553,0.1824798509099762,-0.3648796036588268,-0.41779173225656885,-0.2718452735570179,0.3257092529319627,0.4291856923867852,-0.17132392240911828,0.3248811488810759,-0.22268871389613154,-1.2936103105213639,-0.4058167771317973,-0.2587581952764442,-0.005163322015180656,-0.7919012184527098,-0.7082580984076522,-0.2926596560828544
750,Macrophages,VUILD59,IPF,59,Macrophages,0.01251631886282134,-0.07189391627186083,-0.8735283736449532,0.08719213677285836,-0.2309805447923514,0.012340090003007599,0.5223121927215726,0.2893374173832486,-0.4169206863790589,-0.379392976555152,-0.3330378015606794,-0.022173055144256895,0.18812267275736688,-0.20952626353900553,0.25803237172830434,-0.423120471837475,-1.6153790702505184,-0.3195946451355928,-0.2529092117050547,0.023080785548694926,-0.5185013079097708,-0.7291682120249017,-0.21655269772336505
751,Macrophages,VUILD59,IPF,59,Macrophages,0.008498861181390427,-0.00023346490457512668,-0.7035765319617352,0.0012596812023421876,0.2735390702111523,0.05666756149434154,0.27790265826610566,0.34793150375992704,-0.42393803599421487,-0.48522982632152517,-0.09931888191694173,0.23812690053511026,0.30351586320483115,-0.24434278094978365,0.23116256727057827,-0.09756793952578044,-0.7593825116065663,-0.4742736794920546,-0.060582181061554226,0.08356499283149335,-1.0358877855953197,-0.3976360163511679,-0.30556177993868716
752,Macrophages,VUILD59,IPF,59,Macrophages,0.09044008310219463,-0.06677155305799119,-0.6651489182405578,0.08739455194602083,0.05236030042439081,-0.0007397009121374969,0.39663920746708636,0.41095652448185876,-0.38963444079561593,-0.6056201983984815,-0.11489760872058856,0.23639584281862627,0.40626641615261305,-0.6591469456034673,0.2807913178600254,-0.495288994133643,-1.4454414807789222,-0.08842155553034303,-0.23151458418414253,0.03218804762536772,-0.28287860404114873,-0.010830638191102082,-0.4889991656886527
753,Macrophages,VUILD59,IPF,59,Macrophages,0.06690506817268606,-0.09016878744245564,-0.8844347943408967,-0.0901184397720548,0.2835224082315102,-0.010004670257402896,0.45695013526814593,0.3777887729605212,-0.49076762401776314,-0.20228292336462503,-0.04446770313630695,0.29184981823208106,0.20404847890239175,-0.8363712400854404,0.1895355669787776,-0.47257102659605815,-1.0236140383460397,-0.13159912740504742,-0.3722229957532371,0.12101146580362779,-0.5319579526160244,-0.09373253639794908,-0.4571489440145683
754,Macrophages,VUILD59,IPF,59,Macrophages,0.0754186919228544,-0.07107113326017565,-0.9095840599220872,0.11900847772735856,0.0047046302024430445,0.0016612560105932197,-0.2797170803175837,0.30630266223728897,-0.5083781143490482,-0.5078382774301232,-0.18871146842917547,0.04842140938316174,0.3287286061182483,-0.5328462566635881,0.13978163032166693,-0.3751437469145479,-1.2683069868932477,-0.1327258655871929,-0.4433385537086497,-0.10007791837820221,-0.2990544402961724,-0.37438562869099634,-0.2897435079691444
755,Macrophages,VUILD59,IPF,59,Macrophages,0.10450170519768497,0.1788544343877565,-0.6197672570304958,-0.039345504011721426,0.5073576026129627,0.0012071694184764064,0.23791195213877286,0.4367869746252436,-0.5880199635984835,-0.2776447518512389,0.13191436848536525,0.2224972364652825,0.4127575728164744,-0.5195397123760923,0.298430130871324,-0.4993620845325893,-1.3058457363340672,-0.3307989655384763,-0.3160201605200211,-0.15663087952962798,-0.5420921981269584,-0.31015754117470723,-0.429004960182369
756,Macrophages,VUILD59,IPF,59,Macrophages,0.1328364694391006,0.03869864799179681,-0.7698226766909958,0.13558347985671612,0.3539792869230486,0.016917532011038232,0.16408277186350986,0.2726933009543839,-0.26844061799421837,-0.35968911839895673,-0.0885505437061408,0.02327778321809755,0.25100703930046714,-0.3234389995639138,-0.05082607170255546,-0.12653300339467977,-1.0504128195408575,-0.3941091840700534,-0.463390356563748,-0.029549808305999146,-0.7323798631782585,-0.9246837790983173,-0.3661064075751962
757,Macrophages,VUILD59,IPF,59,Macrophages,0.05085099313344191,-0.07833088774349871,-0.5155816900306024,0.07913404391080049,0.03061114424549273,0.01889152271558591,0.6210243654356546,0.36792182640855603,-0.42914539331667045,-0.3185128764042861,-0.10330070458748897,0.2808773347749426,-0.01940589261616151,-0.6101872769398111,0.08754005845958683,-0.185350215067783,-0.7395038254982298,0.217891005421073,-0.254493950795348,0.00634833972267581,-0.4349511622460985,-0.017322342880291473,-0.3083112928821653
758,Macrophages,VUILD59,IPF,59,Macrophages,0.11012414095216384,-0.15767535334284297,-0.6571548514859986,-0.1027770240312077,0.3979598124610757,-0.007619175349652976,0.1391902347854096,0.3992872829615712,-0.4365337610840583,-0.420756710313269,0.021518202377516994,0.06246990553342015,0.3393462257421562,-0.7541311284874421,0.22641923546443957,-0.6623817239848157,-1.1250490624741574,-0.45847926543264855,-0.30841612862793,-0.17847173460646132,-0.8024375424700895,-0.8597781318566357,-0.6907549871996957
759,Macrophages,VUILD59,IPF,59,Macrophages,0.01807620936268233,-0.2509375277631168,-0.7072305269681608,-0.17384459868988003,-0.030922027310370137,0.004618202969406417,0.276078070931499,0.31307767047406837,-0.44810419522837275,-0.39352945488107544,-0.13897431546146352,0.16056721973926835,0.3594462568892381,-0.3847008216932694,0.33546263321395864,-0.42674640942986614,-1.2060496743487175,-0.13871311448782903,-0.32439640934873076,-0.10582575765845832,-0.1528520507755977,-0.0965125771290761,-0.415286459698388
760,Macrophages,VUILD59,IPF,59,Macrophages,0.057703595258368705,0.052518378552856106,-0.7019262539557424,0.02185558499817693,0.8968452573727614,0.03608269809933315,0.38049714683648395,0.17466803045725712,-0.39166347599314627,-0.17566247654835773,-0.008932829702115463,0.3066087187487849,0.5243262223501337,-0.9286365426497177,0.2034684660276356,-0.6014940926634302,-1.0259852855859593,-0.3088705431739436,0.17546980144602545,-0.03549640948767945,-0.24566261127058875,-0.7613838606350389,-0.24111624536123866
761,Macrophages,VUILD59,IPF,59,Macrophages,0.07576588814971293,0.10042919732928757,-0.8398945297950507,-0.05150488661548498,0.49650400073481915,0.005588705941446412,0.26887196658718077,0.3862095989851356,-0.44542067980462025,-0.7153640668088684,-0.26119369438737133,0.25116495945833345,0.635081798400556,-0.7432986562798607,0.06503629706699969,-0.5048817511380767,-1.4993321125559482,-0.0011476006725340583,-0.14610477357971388,-0.15828646510123348,-0.8666877422846491,-0.6988844935369476,-0.5423628153902575
762,Macrophages,VUILD59,IPF,59,Macrophages,0.064794314799367,-0.016235744286083105,-0.6559669716929811,-0.03112240331021592,0.6893992711079381,-0.03733079218792253,0.19165485466363952,0.265122827105307,-0.663428167454507,0.11550648799622094,-0.08434479255886351,0.16006300188459452,0.14208136426634319,-0.7324647466097367,0.5131653550976267,-0.43095811156187475,-0.7131172726317951,-0.636489125097695,-0.2532336298169872,-0.19902361447466002,-0.34993239167322826,-0.34293315141356495,-0.48266338587682445
763,Macrophages,VUILD59,IPF,59,Macrophages,0.11511461865084532,0.015377092394189192,-0.6165023496365892,0.05827809783508429,-0.08545554790268603,0.019263453654786874,0.06355657831801359,0.5017424452381644,-0.5029611371211749,-0.31383892613335773,-0.6539989693878728,0.2748542977666805,0.10179080387773462,-0.5813548769402789,0.17955881116154368,-0.1722477847010088,-1.7641982807818484,-0.31676684845496095,-0.2709695868662111,-0.10067785622580956,-0.8125307050087468,-0.04626753617280962,-0.30707877392565397
764,Macrophages,VUILD59,IPF,59,Macrophages,0.12463908257295563,0.10265962198691528,-0.5255386030321332,0.011550839946390893,2.2260898918028587,-0.01350707048034303,-0.2996722839312066,0.37304668569724325,-0.5050910960735605,-0.3658485050895294,-0.017571869726672528,0.008573499486717248,0.3469115280974443,-0.24751968112810888,-0.055139045621236615,-0.1555431615714041,-1.1345079234236866,0.20036947044275702,-0.5103658317964603,-0.0477248615746685,-0.2045733820293089,-0.9214013098749149,-0.6513883709314897
765,Macrophages,VUILD59,IPF,59,Macrophages,0.13246515569764555,0.05990582384618769,-0.9842700942372702,0.11647836443196281,0.3588062578988552,0.037191012595935755,0.41927262649223535,0.4266694077203845,-0.359387282182346,-0.29510232550085735,-0.10390030100757304,0.034636350572499794,0.28978464550755223,-0.05900080632447582,0.09218020267762546,-0.1742307981359311,-0.585132126743162,-0.060285139683840624,-0.4168697109749649,-0.18793806740333885,-0.6260507033069916,-0.5461739665598687,-0.31930206017890855
766,Macrophages,VUILD59,IPF,59,Macrophages,0.1350027047464542,-0.10822836407115638,-0.933803286214024,0.07014577733912156,0.23835465416809043,0.0034310211251963032,-0.02353238861962015,0.34873739446822494,-0.458979817139561,-0.38250234633322566,0.12058858206184843,0.044542539931418386,0.1405877341191303,-0.2951090940439069,0.09083834802892873,-0.4274077134082983,-1.2825911214000334,-0.053690152998764284,-0.3126948865933931,-0.1425047473094649,-0.3440332752132763,-0.7291040127119464,-0.42233620417017165
767,Macrophages,VUILD59,IPF,59,Macrophages,0.05269852954219556,-0.1531573910693864,-0.5580935449643539,0.1125712275741828,0.1291163892580326,-0.025004782912035697,0.5085373618662269,0.47720218160464356,-0.41064861195267627,-0.5002062885550436,-0.14672909351511979,0.2485508199772367,0.497703427551043,-0.9746166485921713,0.42100858928309487,-0.22587374436932714,-1.10898806510019,-0.15558361468012905,-0.46101841766495605,-0.0034402206655881123,-0.7441057138233752,-0.7948956810811836,-0.42184231125295113
768,Macrophages,VUILD59,IPF,59,Macrophages,0.045826021980936174,-0.050749903894287275,-1.0113030203055746,0.24769888794949382,0.14798938825452174,-0.042404376615332445,0.49264481667027515,0.3576362314333829,-0.3771088125975368,-0.5114043442249603,-0.038660182105806476,0.047805472051868636,0.2538463343793964,-0.3174488984092358,0.3874208642585669,-0.25145645890951673,-1.0798619794819666,-0.24675615591732655,-0.2825234728087787,-0.09019300154873672,-0.818150954531646,-0.38881385858474937,-0.16767356143617418
769,Macrophages,VUILD59,IPF,59,Macrophages,0.0348882643097174,0.11969595506198667,-0.6302678395316488,0.1796503984127819,-0.059518493685044985,0.002640050066381911,-0.040453280088939454,0.3040175145108859,-0.6887436059868267,-0.48334005232441196,-0.3399005686819993,0.02577470872844688,0.3967921194420762,-0.6733779584247708,0.270403119542707,-0.2185891276822943,-1.2509889329316213,-0.45467101872601196,-0.5280690543652327,-0.1705548940335089,-0.38585407324889104,-0.3046881090543044,-0.19976901556467977
770,Macrophages,VUILD59,IPF,59,Macrophages,0.09603669468220323,0.034185699248852924,-0.4945093533972453,0.014444301244855882,0.17722156267588837,3.069115085531718e-05,0.2622404965240451,0.3694638492042552,-0.04706868615630945,-0.4665650130770478,0.19809269134514712,0.22590065214363636,0.3411021801833345,-0.33489688873411366,0.2925301888313433,-0.3852208840548251,-0.8793880519062344,-0.04101541570542103,-0.5513926834339893,-0.0010310015708762449,-0.3249415709723821,0.008448565220529416,-0.4152274668715131
771,Macrophages,VUILD59,IPF,59,Macrophages,0.10774439881845108,0.022865243310021044,-0.9313752180977252,0.16479223685120797,0.039666441896440044,0.01759520304968125,0.596631940823845,0.3508858615987052,-0.3916405045422014,-0.6197014782225196,-0.08110035309747356,0.0608018562540779,0.35424154899712346,-0.687358185864314,0.12191377681254269,-0.16301146184295923,-1.0363384495107142,-0.19943768443084142,-0.43571935858685007,-0.27348356855903766,-0.32944031908454136,-0.5268179646967351,-0.633315470579977
772,Macrophages,VUILD59,IPF,59,Macrophages,0.08482164761842369,-0.030635104665217044,-1.2440627498202161,-0.002403283800963273,0.1107258759885465,0.047388361928627734,0.904016628773623,0.24427354193902484,-0.6532805321735679,-0.46837227929095415,-0.1685541901362873,0.1715199526932749,-0.09997874348915539,-0.25403693292035434,0.29659266059808487,-0.3348860432522853,-1.197219466261401,0.040378854064445996,-0.4322588053000434,-0.060914834097080546,-1.1487941425295507,-0.3764120182163237,-0.18810139902776904
773,Macrophages,VUILD59,IPF,59,Macrophages,0.11884766634179404,-0.1779677099821962,-0.8451741609232841,-0.1257583736916941,1.5784119573873574,0.036046845279503664,0.20846258265405326,0.37022489039126866,-0.30456822055828076,-0.6966248493793792,-0.08101296902691553,-0.010912546823470828,0.25860437013773985,-0.6110926146082257,0.1481220463762194,-0.40495378432884344,-1.4721309063966799,-0.3561461729977888,-0.6267783485235912,-0.11522408013218695,-0.2756171763098726,-0.43123652590042316,-0.3957747712802795
917,Macrophages,VUILD60,IPF,60,Macrophages,-0.1087564926183013,-0.5460843462171436,-0.05665739574823169,0.21996809874502318,0.16163216785616355,0.0020872942163967225,0.3054026424844427,0.49588245181068474,0.3879717161175572,-0.07885489012241714,0.4077263043246272,-0.610810355863233,-0.24554544106044732,0.7003184652676803,0.15574312828498507,-0.4751076068046495,-0.15719565073338362,0.631110539977849,-0.3821191076197863,0.09050695055947897,-0.13518140755242178,0.6999897066500983,-0.19490901467926705
918,Macrophages,VUILD60,IPF,60,Macrophages,-0.0866492310114258,-0.48558266580528897,0.22253752407127386,0.18347371819402644,0.025582236253465777,0.010182125858332527,0.15939188533543522,0.34062613536314545,0.34730270494332655,0.4493693895200551,0.6848040684637994,-0.3557265074924104,-0.38202452562318934,0.07187719256623028,0.07277115695714362,-0.4752615338328895,0.12795350319309798,1.167195894687197,0.20059890212160697,-0.17343663334419168,-0.37804498276306253,0.5625286291774013,0.009386799777000583
919,Macrophages,VUILD60,IPF,60,Macrophages,-0.27044974441168806,-0.23818790082824506,0.6012279585418625,0.24158258431641888,0.38287108402359166,0.09291244913343163,-0.01737379054065422,0.5248183602555494,0.5837716849178601,0.2889321876560997,0.6689812609164589,-0.3403446478869141,-0.04743202553317088,0.5625333357874495,0.4885797876140579,-0.38985169144635445,0.354877914940207,0.9209843306958969,0.038141258837716505,0.052252327583284366,0.45352915525896315,0.6519428575081623,-0.07228199566746664
920,Macrophages,VUILD60,IPF,60,Macrophages,-0.2247764625336145,-0.2970226109882625,0.3817041484639253,0.11758307555522926,-0.22660699103523932,0.02806742924376949,0.0027682337040258733,0.2929963168775496,0.27658861445192967,0.40185441542334455,0.7422068862146333,-0.36783480222683523,-0.4536843229247113,0.20249369439488532,0.187163145961064,-0.2753606623610723,0.3139087951520751,0.9623126718867201,-0.2153224867372041,-0.15825999357114892,-0.27760245697328373,0.3834024391445252,-0.037055642065630987
921,Macrophages,VUILD60,IPF,60,Macrophages,-0.12194434182903718,-0.32139602321501,0.40596453266840987,0.19817898197124895,0.13240793453099742,-0.020560358958748762,0.10391122534417141,0.45965169487043656,0.6153668909349843,0.36486694605107906,0.3443671862945163,-0.28471188018454907,-0.44552802204336567,0.6718887858077778,-0.15486598463540396,-0.8777159448094936,0.03674969628712895,0.7125237206187032,-0.19184204639577795,0.04278744343648957,0.24777084315450068,0.5098018287392874,-0.17298292147703065
922,Macrophages,VUILD60,IPF,60,Macrophages,-0.12028609307018993,-0.308695834841767,-0.09752717580318405,0.26197224946363606,0.1025999179169641,-0.008211648908725996,0.5498779146999253,0.4402825104484332,0.5530193927992041,0.13375839467839556,0.6082682486324027,-0.16457840333322274,-0.6205679227176275,0.2873514037208884,0.043092725764688755,-0.7619643732911664,-0.5093871394340368,0.7889040142726614,-0.16452688092202003,0.08330041528824435,0.274438695839595,0.2715473995923623,-0.1643783885575322
923,Macrophages,VUILD60,IPF,60,Macrophages,-0.1485173968101681,-0.3466899377344891,0.478436730659383,0.3240328467437172,0.22097275419230228,0.03655837670512085,0.24561949695780394,0.3448930007783746,0.7014890264599224,0.3746369600160219,0.534255511977105,-0.16554443207081235,-0.3122822793185856,0.11197074249266228,0.2686631595984855,-0.6756333149689033,-0.22823784313983292,0.7208299403923373,-0.10323931844358247,0.20648496188007331,-0.2533833043606466,0.42112937797748157,-0.3669900814217291
924,Macrophages,VUILD60,IPF,60,Macrophages,-0.09724967467162454,-0.4657246116770642,0.06782866788625007,0.19168589937145006,-0.06137686946875437,0.058921278041624246,-0.22996940033212004,0.37906438403494347,0.5627205237346279,0.729918831202741,0.506121622630895,-0.46815886460605716,-0.32845549157405557,0.2816597880423032,0.12907806407443106,-0.7084913931529527,-0.0070679193824946295,0.7813429272358016,0.21620938212286647,-0.10884766688721115,-0.16169195872423858,0.7132519827938644,-0.2390413212401105
925,Macrophages,VUILD60,IPF,59,Macrophages,-0.26439534603714476,-0.43408380354367443,0.3269206961783765,0.6503671180850018,-0.166685664842478,-0.0005072675199432677,-0.018135013764067735,0.5166452290868329,0.38878756886444304,0.130792491878627,0.5483488894062932,-0.32076085644160973,-0.7993054418192955,0.6050787784201788,-0.2584362996198702,-0.3309847899412066,-0.3120351293452433,0.8420421060091915,-0.07808643814399814,0.04873844889757236,0.04138970090858564,0.6019684412849172,-0.21985501460460236
926,Macrophages,VUILD60,IPF,59,Macrophages,-0.20164106852688388,-0.2511170835161979,0.28977901450765303,0.26780801432754225,0.014345481755660307,0.02249982234987761,-0.4789316554480261,0.2469517887190799,0.6703470229660348,0.24383274626501147,0.7545807935373161,-0.22468247950695355,0.3581443140316145,0.07258675431161091,0.26561032218819186,-0.37594264477412603,0.2743414505997543,0.7739254779974667,-0.21944768084910782,-0.02031030012896084,0.2471248116516178,0.2751522468633136,-0.05356104241726158
927,Macrophages,VUILD60,IPF,59,Macrophages,-0.1843429866111775,-0.547304211113347,-0.3000854478842322,0.13692592904014597,0.28588230126408204,0.003383001052636665,0.43179450775129935,0.3998715725223315,0.6270810102346508,0.12188353317442374,0.5567643483429312,-0.2760064464848759,-0.13919057588982514,-0.10623111056856534,0.012513654533557777,-0.6183219578912953,0.21199088498376573,0.9533031106090425,0.29642823741627866,0.013061513244026619,0.20281789864600416,0.2566188063377228,-0.027973835321201457
928,Macrophages,VUILD60,IPF,59,Macrophages,-0.15351802267771913,-0.23128941494533134,0.2744442014917422,0.31777254218399154,-0.23124132396869085,-0.021776879727637546,0.3807725350231074,0.5460748022712953,0.5592928229154531,0.8211655947366746,0.5362316296907879,-0.14319536830852425,-0.5995699254326876,0.32129002145594754,0.14452811644036023,-0.41052783908262713,-0.06394955840523042,0.7981220607579556,0.12620855722530513,0.04730162652989738,0.013445906787391899,0.7998767036674621,-0.08498894992504705
929,Macrophages,VUILD60,IPF,59,Macrophages,-0.11638990785458216,-0.24395300273194584,0.1496532532006287,-0.021221722850293282,0.06336650651423381,-0.027418576748726557,-0.6991084093559451,0.5144775756093402,0.5810001938842356,0.4151818054854626,0.3125558087771076,-0.24883103469869802,-0.4729725831849924,0.21139989246345461,0.10577968431799072,-0.45561604598985006,0.273973719456763,0.7584541764159624,-0.15688832095775251,-0.008851113714592226,0.32712939941192565,0.8448311273663863,0.032986040046530614
930,Macrophages,VUILD60,IPF,59,Macrophages,-0.17053670080430486,-0.32730769555617384,0.22821902812575826,0.18675627509435916,0.1439628840326821,0.03409868208071915,0.36423562366283513,0.37579663652722567,0.497477364836717,0.2116076010013392,0.6996864501282486,-0.2538867562742607,0.08178085587874478,0.42470117154090625,-0.03366613687666374,-0.26673943163556946,0.4052688388501431,0.7729047618166406,-0.05065516727055629,-0.02277205044748519,0.1024177247737532,0.6944271439454048,-0.11900810345205642
931,Macrophages,VUILD60,IPF,59,Macrophages,-0.05437421467569559,-0.2790044779207975,0.14648876517271048,0.49818803526115946,0.4677963569343615,0.0576597410678635,0.43991369216312476,0.28189819138151007,0.7717707956331423,0.3237352340703687,0.6273523142164024,-0.3248381732868786,-0.1811089280650967,0.7273171229398525,0.07396273489226889,-0.4425809423692005,0.13730797098338093,0.7137211382374319,0.3467623014896264,0.10917740962975156,0.520318532964445,1.2641861932330736,0.22680952115116562
932,Macrophages,VUILD60,IPF,59,Macrophages,-0.09490662582565357,-0.09741429425931933,0.27593628876632315,0.24753063254853477,0.42503791076393793,0.030764199436616048,0.2887083988321274,0.5136624120274007,0.7126098250472328,0.5800811140682423,0.7748899985262372,-0.48422292231995623,-0.5203926017728507,0.045129060731624975,0.26939849762885126,-0.9378025610778287,-0.019315668908373888,0.8688410447346891,-0.4151102376377608,-0.06333733376162211,0.4493287138465335,0.2277083014333818,-0.025603740711047672
933,Macrophages,VUILD60,IPF,59,Macrophages,-0.2095772543594627,-0.008426497124766128,0.15498927570735088,1.4571147908268647,0.049191769578243276,-0.02179136882588293,-0.13434464221452375,0.3687152455924472,0.6644405588928475,0.9913179047605396,0.6451725573020781,-0.18118666251988033,-0.017385511989403184,0.8005597228411936,0.3198119068219902,-0.2542735344887128,0.4231251861880293,0.7678913958534801,-0.1830978872832471,-0.06311409922144254,-0.028453609955984744,0.6987252402669879,0.1439848251765313
942,Macrophages,VUILD61,IPF,61,Macrophages,-0.10049563713100994,-0.6065129687462854,0.39401062219487776,0.11839070141023433,0.34188136150326576,0.009135551348701164,-0.2747318771818847,0.4853121603375922,0.39212747504185175,0.30202857084402385,0.5061295022480862,-0.197076280833924,-0.1724672817179923,0.06388008763351127,-0.04307342758052672,-0.31163222907444116,-0.7342806722704961,1.6767399444574955,-0.09205919906233961,0.06451330711572596,0.6937281613948938,0.64713465583349,-0.1690165683895701
943,Macrophages,VUILD61,IPF,61,Macrophages,-0.1662811420177815,-0.1860852470460161,0.11429464796885162,0.06810354773168585,0.2084712232076773,0.009096269307695495,-0.10395655981726999,0.5887855069384073,0.3626173075351068,0.08154967139942919,0.604739206106362,-0.4265814978135838,-0.533818595809029,0.5763543430466287,0.2791915578217843,-0.13448065036683332,-0.013096100071767636,1.1197713191933953,0.41214042034294696,0.0998053952881915,0.9325956262830143,1.198065839105802,-0.3139336997263619
944,Macrophages,VUILD61,IPF,61,Macrophages,-0.06751918180588401,-0.4293178827868309,0.05297779290746048,0.10722742609884797,-0.286820508367301,0.04030292521838738,-0.1767147812462905,0.5330658232531965,0.4897516285053515,0.5776056770481007,0.5492502440219945,-0.25456131437191254,-0.316329851649326,0.7146179531991081,0.2970118246981298,-0.26790271606445876,0.3375093460530126,1.2137104259448446,-0.0009601160676373129,0.030115426825432515,0.7662363164775521,0.9509683093733435,-0.0069214991257356955
945,Macrophages,VUILD61,IPF,61,Macrophages,-0.0638399697599723,-0.44939205641089336,0.06143143874015253,0.6752299410654853,-0.3209341239608465,-0.020560372843979303,-0.3388792981931685,0.5630799341980336,0.15374342029754157,-0.047249973078959895,0.7590318045286117,-0.4495635349710516,-0.21681582447269138,0.06422080101514167,0.1560765351836495,-0.15229685263778,0.043986884260197964,1.141810524126942,-0.18068249361234134,0.15451625808452404,0.4400309738604414,0.6723061627581708,-0.15874286235868093
946,Macrophages,VUILD61,IPF,61,Macrophages,-0.1283978081025347,-0.40956953001872337,0.77823259881859,0.09230884841949447,0.06103871122013843,0.033153021939108795,-0.14090172591916533,0.6267780352880393,0.3370814904309242,0.6124570055616338,0.321673999432352,-0.2542759688167315,-0.6494158885068331,0.6869933983690312,0.30410767999961547,-0.32111636196040044,-0.6665237666638393,1.038757903377968,0.1649588659378605,0.11806613514027028,0.8204014201046154,1.2514828244517195,-0.13238650618788644
947,Macrophages,VUILD61,IPF,61,Macrophages,0.006923366251379189,-0.11073319066774591,0.0080993291321593,0.10611187338943039,-0.14438565615352972,0.002852554009486876,-0.46492897772051456,0.5784975688669373,0.19429359978804855,-0.35375519497307534,0.6978227690426578,-0.080651873233938,-0.12358047313462056,0.09284900226001672,0.10192938264877804,-0.27299928054341166,-0.3003262554796065,1.2311107576716411,0.2374192667531655,-0.03297272298106442,0.49212595990278557,1.174013034640914,-0.02276323891805784
948,Macrophages,VUILD61,IPF,61,Macrophages,-0.10766084723041058,-0.12830338366155178,0.43176307649102535,0.11213764954195309,0.08818888845011127,-0.029528496773406868,-1.080551798783747,0.571167061377274,0.03272247709711664,0.07717855056771898,0.22757993608684465,-0.41035259472804253,-0.5207726676224627,0.8675088942132123,0.3126618796458492,-0.30373512688526383,-0.17392932561194965,1.1020517866363584,0.17940161896166548,0.036770018483608884,0.6468309268387327,1.094672668769353,-0.18266369176449737
949,Macrophages,VUILD61,IPF,61,Macrophages,-0.13157863143197146,-0.18403985013474009,0.06664539849379322,0.3130887311222172,0.12336814791607037,-0.01272857898032377,-0.24938314114429813,0.5654181057202357,0.04097399312055915,0.4031631251837725,0.39584433482374165,-0.2514072594288281,-0.37825401337842596,0.6692804433968429,0.13734675163233104,-0.018092543292652818,-0.2090341519051056,1.2501605452399085,0.08637098401717408,0.06583302960522072,0.5830830514571171,0.637011119217256,-0.11405236574531355
950,Macrophages,VUILD61,IPF,61,Macrophages,-0.019799527254341257,-0.3791212271028465,0.07324410052620729,0.2469093537179237,0.10365014847119519,-0.01673414704105334,-0.08160229879376535,0.609179074710789,0.18435241100396188,0.5118974064109018,0.8272061909322234,-0.27163694547312545,-0.5280238365395835,0.4136655021939506,0.37192857154188136,-0.3746053808624187,0.08790442858589777,1.2225157875255648,0.08867360202394407,0.0020939154171060086,0.9867934078589174,0.6791413490308652,-0.0019375480643123982
951,Macrophages,VUILD61,IPF,61,Macrophages,-0.17128187810475523,-0.290542249169752,0.08566057039382532,0.22873306163435525,0.23687635346785202,-0.0021420480682749782,-0.3661782892294557,0.5782411924993611,0.13173400502958105,-0.20999632835088675,0.47466509248401695,-0.10553753472599024,0.14076486782672257,-0.19662646098837644,0.15841918125616478,-0.06217801497872831,-0.8228732277977256,1.2018454555695113,0.289830915556918,0.219846158897912,0.5267480552775814,1.061122141922983,-0.3398752202910772
952,Macrophages,VUILD61,IPF,61,Macrophages,-0.26075343517786703,-0.46065419523323625,0.17847624452659214,-0.029979172348049515,-0.2141183283520421,-0.01534551844901022,-0.2942044386857011,0.48030759687824537,0.40865245007375145,0.025541122957339832,0.6396276310329779,-0.2972576917042365,-0.045004124148419915,0.4493285176487484,-0.046334650826008225,-0.5167943200816201,0.1660177157944237,1.0386716624506898,-0.03959579645126147,0.15915260778832716,0.8475603370456855,0.9764152298288287,0.012725591003292298
953,Macrophages,VUILD61,IPF,60,Macrophages,0.020812995359003966,-0.3211807067600663,0.000793014925112444,0.3343946928531129,-0.2010756331248949,0.03154958388630345,-0.613173351584659,0.49598345712374275,0.36068700080717175,0.19002179203537695,0.5400206151118628,-0.27792107331921556,-0.23646866558544763,0.7269816715750606,0.12351249508102373,-0.2276186353497366,-0.08145197522586811,1.1615009797972493,0.03926242358001698,0.175172198308502,0.7737959007965355,1.1259185145345676,-0.046311078769022344
954,Macrophages,VUILD61,IPF,60,Macrophages,-0.04561549415349676,0.15727880441486686,0.3675899850483702,0.09568975661452557,0.3266592042959383,-0.025113691338881288,0.2702249111574054,0.5862174525540454,0.20077433295369104,0.8544260018431654,0.5409402570646399,-0.3619871706816645,0.0795464503288035,0.6318442819919439,0.11036975076018343,0.1414891332508425,-0.44208666310659717,1.4702386941107968,0.37947561977924543,0.09917307561298293,0.930519146886415,0.9687140282014329,-0.18662926476504701
955,Macrophages,VUILD61,IPF,60,Macrophages,-0.19406629919092455,-0.4605996289231327,0.7091887155333974,0.3501358500540961,0.17539299189108137,-0.012212467710577591,0.03616749231431076,0.5165021395033753,0.35541031809496826,0.3706547683306388,0.6784380147517597,-0.12494521915548805,-0.5650206126915688,0.558688321426323,0.3720485493113917,-0.5782231139192505,0.10110160161014209,1.134372845918608,0.17484874924363306,-0.041996939413108975,0.635165892308641,0.8415467034426997,-0.2947656683201212
956,Macrophages,VUILD61,IPF,60,Macrophages,-0.09831666513182256,-0.5900419745299559,0.39883796535361227,0.16581348618615674,0.24010318089442767,-0.01163405429157233,0.10847000669668254,0.483975356586242,0.12011432083195776,0.24066334017452967,0.4782006612051073,-0.2424321718602029,-0.2737320919745147,0.4725022468630505,0.3040850569847528,-0.281536628345771,0.1289994910972922,1.1696057217001399,0.16486180778957024,0.05518255812925275,0.8151642235240014,0.6961430876576629,-0.19645235648391537
957,Macrophages,VUILD61,IPF,60,Macrophages,0.06084243523464616,-0.43394747381846505,0.04590994476319821,0.16432293141605123,0.03825551303109445,0.00033532851475124616,-0.7375570463405808,0.42839198558028035,0.19648383759115712,-0.11497350147637875,0.3149313022293511,-0.12354185132316621,-0.05022343333158468,0.274191099673803,0.15871498409449725,-0.6576115949438754,-0.6812770727310401,1.1518204511734433,-0.01845605492567416,0.12932990554745113,0.42414951604129064,0.760988731072596,-0.04169431359371658
1049,Macrophages,VUILD63,IPF,65,Macrophages,0.20071572306042998,-0.006714153753696302,0.7304705079283212,0.36518252700672715,-0.08109086026235514,-0.013581423731617392,-1.1366402472752128,0.42329971432205865,0.10054015531648823,0.05122371445395908,0.5888811620357735,0.11431101096077324,0.08757754050422323,-0.08462412322473066,-0.2077544121264739,-0.3065978374821177,0.07604897857600387,1.1904802120656148,0.04792217612782548,0.18517610043466487,0.5556487810709252,0.7570290063645106,0.22690583057142868
1050,Macrophages,VUILD63,IPF,65,Macrophages,0.23643700423698613,0.4275250675896314,0.9371011414024507,0.2757052045163845,-0.05929673859284294,0.004132872857481268,-0.15632733527373943,0.36053631279346565,0.2930348670477199,0.31333278677808357,0.3645930154708263,-0.09316501772015315,0.4794034433264514,0.5363952155206314,0.2664777432596074,-0.22248201730546874,-0.25741109856518823,1.2793861257654109,0.4121754755240256,0.038757452572325796,0.7397037102545789,0.6211183671142935,0.32048730372223294
1051,Macrophages,VUILD63,IPF,64,Macrophages,0.2501587024118075,0.07542135697227409,0.4402445777836324,0.3674609819675701,-0.10094888778657968,0.0021087021883906118,0.41635411757494784,0.45122194129672466,0.478155284528984,-0.01313758392018588,0.5974028735440454,0.0037221178795645805,0.06105190210881257,0.08723213428231641,0.1825196785267729,-0.1287062282202023,-0.03772672509018685,1.0793174053851249,0.15926559856448652,0.06845041261400236,0.5200860526128056,0.7406791238376654,0.19711856467681538
1052,Macrophages,VUILD63,IPF,64,Macrophages,0.1405177774097758,0.1798109805635139,0.4348423590068175,0.5588027724679795,-0.25953803734343445,-0.0060815547791430585,-0.1349568263584426,0.38446890302206366,0.12311708287987756,0.593216701320781,0.2821140135096866,0.25914735889095897,-0.04162995155288932,0.792906690926819,0.1621417272728683,-0.44752420906503687,-0.7685296174939982,0.920449761925896,0.10034972391668433,0.18448569037482493,0.9915871692726661,0.6799791727920759,0.30098366221447986
1053,Macrophages,VUILD63,IPF,64,Macrophages,0.21284130239740737,0.17086840864654726,0.49558196610769223,0.3493195842989635,0.3144037473477579,-0.0019293574909408345,0.531204304719793,0.23200935812941068,0.16550698844445372,0.3239128643909965,0.4995978224492364,-0.14503027984832365,0.26221039551840997,0.4459770603397744,0.1974733853124791,-0.23628285481668174,-0.3398102109106516,0.8941639072651025,-0.011463420176241504,0.23318093563508582,0.23867564883272888,0.33354902117885865,0.14682605966855736
1077,Macrophages,VUILD64,IPF,68,Macrophages,-0.095396269851991,-0.011219101415872073,0.3469269149290523,0.048381664361389506,0.2397319910737109,-0.00018403807486059263,0.12609426689966455,0.47184541877522407,-0.3773393079688448,-0.022194081979028456,0.7850266957924186,-0.3557594791568256,0.6184313352673695,-0.8227360736024548,0.6493613268966408,-0.28591058195825275,-0.4946185614691842,0.37553561507657957,-0.173424157021767,0.09182654812733376,0.27395012949238,-0.07753610285213672,-0.008475634861082
1078,Macrophages,VUILD64,IPF,67,Macrophages,-0.10098146810857961,-0.24549468065536673,0.22129587458556807,-0.18323305097226208,0.47084686821739863,-0.05294912915941351,0.4774585163325698,0.4950561822144684,-0.27983306937814606,-0.07250748050728481,0.706315443517916,-0.3260053723758467,0.2717832177755375,-0.9174075413227109,0.3914594587992007,-0.25670323772722153,-0.5155995458411848,0.4726885307326793,-0.3612134046669533,0.09895592922874168,0.268700208848638,0.4964914440719277,0.1885031107948269
1101,Macrophages,VUILD65,IPF,62,Macrophages,0.08917262158088797,-0.34095059221654705,-0.212113919441252,0.2655284158845971,0.1416923774823918,-0.0426675168756546,-0.4986991877597226,0.6795244477105552,-0.2833926965526591,0.2921224131746429,1.1827282023827552,-0.13076637531811375,-0.29057193557271427,0.18187455007860334,0.3073379915564524,-0.2547559476271026,-0.7534241192254992,1.5504841570548689,-0.15366729784051336,0.060856048223492616,0.2374145410615191,0.24543800607877284,0.09406721892890271
1102,Macrophages,VUILD65,IPF,62,Macrophages,0.04043201487312875,-0.3192363677590456,-0.4187265369606191,0.21977304356215496,0.2438213191898046,-0.044490428593807405,-0.0072036554052084594,0.6815454236971846,-0.3805300584726936,0.05914632826446098,0.9721704138543765,-0.531416309163296,-0.5210284488923284,-0.26619413653290475,-0.07289119642333107,-0.8872364182011351,-0.7756056442072135,1.2796451649217422,-0.9149994865697577,-0.057587786214269104,0.273457835053458,-0.38225953712258953,-0.3018785375175268
1103,Macrophages,VUILD65,IPF,62,Macrophages,0.10575046424029123,-0.3311964993447446,-0.15397163141698952,0.16522950265890424,0.8131335832704848,0.002347400620031289,0.11174621117969523,0.6304881760958656,-0.02284211624082686,-0.3713551059933717,0.8736548596206691,-0.3353785845275324,-0.48467122711962135,-0.8081453217087172,-0.11898059197042436,-0.7130231891266631,-0.8671726393996474,1.2756526179811938,-0.3627421094669295,0.11309569461952595,0.43754816570454846,-0.18902825914555535,-0.413624492033855
1104,Macrophages,VUILD65,IPF,62,Macrophages,-0.07737799718124534,-0.590680994061619,-0.4401374704617833,0.2776791772831512,0.0644888028103866,-0.02807972745228951,-1.3397005290513655,0.5944621650160542,-0.25723665387519073,0.02664632212109324,0.8167061975386627,-0.29872904079234985,-0.6516903259021901,-0.4554478446438227,-0.25681790883866307,-0.5073351522334252,-0.9090722679619999,1.3875904489336743,-0.41649192506030774,0.04777385598454362,0.426179941918017,0.2598772172112207,-0.4114349559169855
1105,Macrophages,VUILD65,IPF,62,Macrophages,0.03498928423642445,-0.3648896270318512,-0.4775684069789495,0.36360485668052384,0.025512459912903296,-0.04914252381868097,-0.6666363974305066,0.593094030969615,0.007168988544178264,0.08420816778774315,1.0170956155350126,-0.16876435896909522,-0.21997435658928988,-0.2751709597631566,-0.09362966884035612,-0.6455923448362285,-0.8623925551435242,1.445545968360549,-0.16040684814395184,-0.07928176629742834,0.4848090467371046,-0.07171075301652689,-0.1559998204166538
1106,Macrophages,VUILD65,IPF,62,Macrophages,-0.0020645387015969805,-0.41629068765723365,-0.4615524656392275,0.06789439721349194,0.4442371778318421,-0.03937321035027173,-0.717770218537701,0.45927216566454004,-0.5197422453029197,-0.08359653843598669,1.0853605749193644,-0.41418513679853813,-0.5860236354642917,-0.26487300540590103,-0.20172264773518161,-0.7052488923333822,-0.19740739147144815,1.454649091197398,-0.4589635537238865,-0.1084136752389346,0.562222975304292,0.005997985130768205,-0.12465222472514481
1107,Macrophages,VUILD65,IPF,62,Macrophages,0.09254090595377354,-0.09884901437766612,-0.7267627881965758,0.34450471309508884,0.5582628759040196,-0.012373949877698742,-0.06296594417345193,0.6641120958282102,-0.1983170573620745,-0.3858175389252232,1.0803473229077563,-0.17583006820805056,-0.142900688497632,-0.6504389426875224,-0.16593643339134204,-0.5594009035864417,-0.7556123922164066,1.4392283359778244,-0.5505456443995742,0.14220680620048218,0.24422850976537078,-0.18034970694872482,-0.19554754771068064
1108,Macrophages,VUILD65,IPF,62,Macrophages,0.18369056922500393,-0.20116153578050136,-0.4391668635418114,0.3880421018429621,0.3459161458127492,-0.043858961649372835,0.3522946298754427,0.5959616611205716,-0.23064222343734192,-0.46446647045630945,1.1954874062314633,-0.2746129997294452,-0.15228769245025137,0.07839609156871848,0.15871465269259222,-0.4483227077956114,-0.8112038101446278,1.5844493379255922,-0.365748204053768,0.010478241258514327,0.5551423321497453,0.3479480499164722,-0.11480490615390666
1109,Macrophages,VUILD65,IPF,61,Macrophages,-0.03527363846758959,-0.49621749907611507,-1.2125535426506724,-0.028392799489422953,-0.01809995470428377,-5.632893952336668e-05,-0.2814322792134553,0.4711700827359981,-0.46984582727416146,-0.4325935183811434,1.092588354547587,-0.14888504290917307,-0.6834301462532626,-1.1349795580535176,-0.23347525575772946,-1.0430736516265358,-1.3247503149506137,1.5888667805637946,-0.5198629158919563,0.059410476969402014,0.36960156449661397,-0.1035963276709985,-0.5028388560989093
1110,Macrophages,VUILD65,IPF,61,Macrophages,0.07116676437827682,-0.16703728159827141,-0.5808014966271443,0.3872568516835893,0.18234054283262519,-0.03625948452170052,-1.3214292521200748,0.7005456287849985,-0.004509620036427605,0.17941760497393008,1.1118572296396358,-0.26353271340386025,-0.16692549787900507,-0.44252269096558905,0.13205797799340008,-0.5050331404929068,-1.0879011510873549,1.66059088566443,-0.12510004462590701,-0.3354994861424886,0.7831672578553266,-0.004413069945253971,0.05306488590162232
1111,Macrophages,VUILD65,IPF,61,Macrophages,0.0936896238540547,-0.05569784500644291,-0.7057061677537991,0.4634290028247519,0.2455543169986455,-0.04908213799969365,-0.45149628429935323,0.6842486020185236,-0.4324912491160222,0.5577039587410572,0.7562002485851042,-0.03949895589098955,0.14679293584629693,-0.4359665533286143,-0.24838582007126958,-0.6528839934039266,-1.197300573969282,1.2128829034081747,-0.7001616447432633,-0.10050048861599896,0.00826170752998497,0.4245700552811373,-0.0363272901460408
1112,Macrophages,VUILD65,IPF,61,Macrophages,-0.04092761747481261,-0.29854741849796734,-0.48615126730513974,0.1841089901009733,0.21132553526540285,-0.04295908295499017,-0.9038260463001873,0.8395180446928215,0.020646359848717384,-0.023992660494084467,1.2974937077670534,-0.10016371767382577,-0.09421100692785056,-0.7199228647134271,0.1748183553799409,-0.8998266489484411,-0.6010505956781298,1.2098244253872827,-0.5192049174537492,-0.083548766196823,0.6087117718051552,0.4242891597788454,-0.6158031911686898
1113,Macrophages,VUILD65,IPF,61,Macrophages,0.05791988132434244,-0.1589588633639837,0.045141123018927004,0.18098850318160845,0.6259190769623079,-0.025613261506292492,-0.23029701498142155,0.6192388309792913,-0.22704197293174466,-0.31530930652534567,0.8077633360512041,-0.2978668495501426,-0.4642665183479742,-0.4254786035311686,-0.13532402815152683,-0.7487926271101553,-1.6004826570111463,1.4971184781687605,-0.41214376523926033,-0.09500578732935344,0.04792132301945384,0.4861687135896496,-0.14850881469622054
20,Monocytes,THD0001,Control,63,Monocytes,-0.005523574710641941,-0.07757466076969934,0.4470234869689035,-0.04625051196975563,-0.0050621306401722015,-0.031751814584713926,0.09143968152141477,-0.20175989253895496,0.11692251260453505,0.0962234297818023,0.025712258172668565,-0.014306296671508054,-0.03134622798689995,-0.06739902364319308,0.4583263109302466,0.2547975438056519,1.5138909084849956,-0.23359534168514673,-0.16325831538431584,-0.25754928869789007,-0.042617629750395986,0.1107237084229297,-0.08123825767258815
21,Monocytes,THD0001,Control,63,Monocytes,-0.12405370262923764,-0.06624833696548038,0.822545481785495,0.08322282356479728,0.08849117401888346,-0.0029064938361000846,0.3908050702299772,-0.07926450020864795,0.3406515531273132,0.2957438082510666,-0.09392639522914026,0.2931491461858811,-0.0449392749504973,0.2346196000033581,-0.18410508524245198,0.4200534768471722,-0.4098396135834695,-0.3273698756587348,-0.006352889530650711,0.1320016440758996,-0.7309028309888913,0.09700477021897348,0.12097425244927365
22,Monocytes,THD0001,Control,63,Monocytes,-0.08697436776152737,-0.10420455928122904,0.07455107283255251,-0.07596939883655532,0.4924543220350094,-0.0420226166613591,-0.24771693500122652,-0.11415887778435702,0.3882736223505329,0.2438082323982654,-0.07698075144994819,0.5305922262768814,-0.06499570883055394,0.008502284292778894,-0.1129090590015744,0.33548294821642494,0.5919187308306931,-1.5940876840953961,0.28886722883045896,0.04036162268640719,0.3026946395069316,-0.2490272651995992,0.1197452530891158
23,Monocytes,THD0001,Control,62,Monocytes,-0.025668353478314053,-0.14055660306571677,0.23546468160973769,-0.13041448543687664,0.023731619013723393,-0.03239790837547881,0.08777856134041681,-0.06932238903160902,0.3177696171925989,0.38302599824860883,-0.07641170368044352,0.5307839007042991,-0.14526853750214913,-0.03380050453566654,0.054550217208246474,-0.006812114198165457,0.41657105594344307,-0.5400656301116574,0.09031790168674239,0.11893472554627585,1.1135871251349414,-0.01291567735070756,-0.14624211637716247
24,Monocytes,THD0001,Control,62,Monocytes,-0.028403327371378087,-0.1268146042598148,-0.2650336504993097,-0.13760856751575293,0.069113764702712,-0.04450623978380742,-0.8910428438019152,-0.2724640250028632,0.4705232688091643,0.5550861248336809,0.15442040171729357,0.4804044168504326,-0.1427676729653399,0.011522435652384484,-0.05559823233505724,-0.01283092495043395,0.5072934046698712,-0.3124687329776218,0.2600829015526389,0.13895231941769912,0.42501117326885696,0.07505208092905226,-0.009712115863712463
25,Monocytes,THD0001,Control,62,Monocytes,-0.08931254692808967,-0.23411670106716448,0.27251154571227587,-0.03833936938745069,-0.6414639879312868,-0.012237269823426704,0.3677087072978182,-0.14008718442906148,0.05385812525174959,0.2793524586716708,-0.004032742377250099,0.03763396304534512,-0.5058601662901756,0.19809902103885962,0.10488037468551073,-0.07775565132559745,-0.26309838235381444,-2.0708770408387185,0.18917567080131628,0.10528854836503962,-0.11453122008628926,-0.29803605093520424,-0.0958712663118779
26,Monocytes,THD0001,Control,62,Monocytes,0.13029047678103042,-0.26353785364475496,0.43285136283940195,-0.13408192047976544,0.2665126260521834,-0.011824827254319811,0.36809149860463464,0.0007639562374256621,0.3989438379555042,0.28615508597848516,-0.0752713914964044,0.10933692403146796,-0.3697231092832849,0.5650439739019254,0.13028048791474608,0.5721000915868056,1.705227273663948,-0.4001756606604623,0.42695888246999697,0.13196169383228556,0.05877045100686988,0.17534310358540212,0.07253872927852856
32,Monocytes,THD0002,Control,59,Monocytes,-0.015905264062783597,-0.20833501950206706,-0.18299310929251908,-0.2002285965160449,-0.10260561073260169,-0.033143714012445834,0.15197137117500895,-0.08153243437606436,0.39503082464826667,0.1864988623180048,-0.18121136071848137,0.22994484343522295,-0.3178312329118548,-0.5129831575873135,-0.12773213963138041,-0.1922992350769955,-0.5641332614085315,-0.5447282046861825,-0.09379124401866273,-0.105188122344373,-0.13027168595136496,0.38221999958198905,0.19713931919355712
33,Monocytes,THD0002,Control,58,Monocytes,0.18216230681358264,-0.07612255489994164,0.11789197772665028,-0.004063375603696201,0.2372066416211697,-0.009505939996877448,0.28516506106975426,-0.11687342951368629,-0.05274915593780267,0.24340046822451214,-0.2044750124219558,0.7131427179922889,-0.2974284539213808,-0.16294213398146398,-0.3835827293522107,0.48066923402894157,0.6058596281643172,0.24790561860878418,0.08923309107182545,-0.11533850434224768,0.12602171533450837,0.17421864913281604,-0.17550577836721185
34,Monocytes,THD0002,Control,58,Monocytes,0.08277931561914736,0.012532552245253238,0.006437345824147255,-0.10445800193679636,-0.015834614899341203,-0.0046413180218438065,0.12135927643232122,-0.24784584135964377,-0.26339608215888555,0.25131174396605216,0.061836727964175775,-0.2011419172439601,0.10134383842167077,0.22178357051678974,-0.2939611014855434,-1.4994297242027859,-0.11239283539324621,0.23738751468300331,-0.059749038673423155,-0.1762210969460026,0.03296990560228398,-0.00658662766209522,0.09954492185273303
35,Monocytes,THD0002,Control,58,Monocytes,0.03765539778350799,0.026081318533447327,-0.4182856345864159,-0.1386190798577263,0.34185585105673444,-0.006023949491579426,0.2339091055958182,-0.08344829538794568,0.0660520288573404,0.2836941828855122,-0.3767375690392178,0.20547646213151202,-0.2502376960382959,-0.19468563127254357,-0.07621850017088251,0.2256529370357948,-1.4803532424501695,0.3284521040883759,0.13605363620720373,-0.0015837159158247445,0.3579408630627369,0.05661791847425548,0.49075198126896885
36,Monocytes,THD0002,Control,58,Monocytes,0.17747687138241494,-0.00401025567873336,-0.053755428602544994,-0.06520149819903968,-0.0657045769048792,-0.009201825785503555,-0.5545859252916905,0.08283639408273916,0.06631725710933258,0.7686406735475992,-0.3133766905966157,0.1996919469480786,-0.41433832832482986,-0.2316746611224356,-0.44630790716579954,0.29843452377285506,-0.6427022669010254,-0.5531693024117565,0.13786110353547143,-0.05065829874195268,0.23755260119288726,0.09770129140918866,0.2388880472976308
37,Monocytes,THD0002,Control,58,Monocytes,0.10913123406806062,0.052425479998048065,-0.14265264779299852,-0.22842827109459454,0.1041873258324187,-0.0381431747586636,-0.7935213624448824,-0.08276930786473793,-0.10585501951614346,0.6586495357849759,0.07380469543893711,0.2636079257496562,-0.577477891568905,0.06907639377347227,-0.2963486159242995,0.47099204543614165,-0.2284442724335752,0.12085804063749121,0.02535847097801002,-0.2667149034741206,-0.30043885457175357,0.40678691097036646,0.11585955496805589
86,Monocytes,THD0005,Control,62,Monocytes,0.05920396873765115,0.6630598115970328,-0.04136429873437461,0.050762299062656974,0.687487879562219,0.008601124714439287,-0.7061799612545845,0.1903114988167976,0.5393542755595839,0.20384959782609874,-0.38174633308287104,0.17653986517328185,-0.1672653875976186,0.20683714485947813,-0.278095023203669,-0.32059603450598345,-1.3138113330844887,0.465427767923507,-0.8326574299591836,0.07769697366945157,-0.26649461222242815,0.23944377914821105,-1.0460348381754292
87,Monocytes,THD0005,Control,62,Monocytes,0.05539511307071472,0.274369865166778,-0.04842770802677271,0.051760192201852157,0.16975973739947917,0.033430115486503785,-0.2821304033763085,0.11687914283434775,0.363185073308414,-0.07264859196201816,-0.025492852303130847,-0.1728329949376652,0.3483904162075458,0.25389400084284974,-0.29925228950403326,-0.4696203673430846,-0.8332165180428472,0.11270728046701253,-0.7389220968364965,-0.04703183669852862,0.03443510646803411,0.3183646657739774,-1.0194709556262869
88,Monocytes,THD0005,Control,62,Monocytes,-0.11215464495703281,0.3432089747299295,-0.40214873658243944,0.005601538269176869,1.0332066011893877,0.0035611615879925984,-0.6688700111606786,0.12897965597817598,0.048202824327588316,0.17321658357640904,-0.14488551613860007,-0.11847960427217082,0.3914398904391459,0.4340607534712662,-0.20200503289181476,-0.40267039347740846,-0.7028887762177305,0.004756320518383459,-0.8476969665038798,-0.11654595752908013,-0.02589852172668829,-0.24122759123207513,-1.0580707079328213
89,Monocytes,THD0005,Control,62,Monocytes,0.09179822489744716,0.39688914263018527,-0.6104185875503364,-0.22187875282480646,0.57214552436382,0.0069471608647314045,-0.32370510833113053,0.0986705284732145,0.29496825214304456,-0.09185837787431386,0.057883188045302195,-0.20856549236821922,0.1374596733788317,0.30491164988173425,0.015554023617560978,-0.36382995659558276,-1.5293555349884544,0.18730182548774194,-1.0880877297366582,-0.07270604495189494,-0.1696174208502324,-0.38453075055844027,-0.8441130860334272
90,Monocytes,THD0005,Control,62,Monocytes,-0.059678543401974586,0.24563161498611788,-0.5517907374235356,-0.09463497926327163,0.6891082827620556,-0.000553773755667496,0.041419341603136976,0.1508656408765623,0.7057935996875623,-0.09326800432016297,-0.19404000930986046,0.005461048532873879,0.5195060448400081,-0.009027527912877635,0.0447006770449221,-0.1710942857303673,-0.8437712492171899,0.601279592754886,-0.904688835923432,-0.2957567789593577,0.46477370620391506,0.20081786071659527,-0.750346765566433
91,Monocytes,THD0005,Control,62,Monocytes,-0.006626891982724447,0.5371738046844742,-0.5506872740187801,-0.013090802056266917,0.6834112401510097,0.0010084445631263197,-0.8483158513648206,0.03051613278872066,0.17998816991454797,-0.09355707572528066,-0.2611448120102778,0.15474064262542625,0.08989875594516927,-0.17385193918923855,0.15494982652026315,-0.9627594787344173,0.2579413251649228,-0.33498957947233154,-0.8544598965460066,0.11235101468743298,0.40979251327144034,-0.04704060121493548,-0.6029001871695351
92,Monocytes,THD0005,Control,62,Monocytes,0.04740026910468695,0.5084393684335504,-0.0759203274146169,-0.10491840456391395,0.4748388144862689,0.02216416720072202,-0.5414518262420449,0.22642235285481446,0.1714815535897709,-0.09355077078814038,-0.01973301846477708,0.2618099214856813,0.1131780501370373,-0.08546045313120496,0.3520826624421093,-0.5315288894114554,-0.6921756522323662,0.1479353547345114,-0.72319169183484,-0.22484371598042385,0.9905294896478052,-0.04131281870148033,-1.0628273711923188
93,Monocytes,THD0005,Control,62,Monocytes,-0.027174497645942382,0.2254110420594594,-0.4441490834532099,0.18249899649597995,0.40806109734792434,-0.011846545842158128,-0.5572639070312692,0.20505398572475317,0.3435348149246706,0.08583077234619031,-0.5814616185278391,-0.16729777995725473,0.6225997347678962,-0.14550346167323927,-0.33889594586465704,-0.5336450979417444,-0.5874666625244088,-0.17006637312590953,-0.8314226777943845,0.03976678981305829,0.45970324703978277,-0.23585099861912084,-0.7449060760197889
94,Monocytes,THD0005,Control,62,Monocytes,-0.15159306584408727,0.7984525793630585,-0.4216907876694044,-0.06514731250333225,0.6633629528142732,0.005510589351337753,-0.596815951970141,0.13085402272389526,0.16298332477521055,0.06150252406651549,0.016545439494279963,-0.3247114319014559,0.12899493691970293,0.01392996865969584,0.02013040173447472,-0.527334061182343,-0.8701902257039111,-0.057015798331033735,-0.9175231728907811,0.08991431004179681,0.4182666593855716,-0.02841214263568085,-1.1338588399918361
95,Monocytes,THD0005,Control,61,Monocytes,-0.04246950058198868,0.44947010470017285,0.06199350097826101,0.16486058067637815,0.9179767524072123,0.006463717777596546,-1.5403920116666159,0.0075740270506362214,0.16166089732694164,-0.19385346966689357,-0.32282032693773594,0.006379664972307817,0.021017684733323112,0.3476398349971538,-0.33328255875055257,-0.7813215941266943,0.06198114182001773,0.43798320255132633,-0.9581296024049162,-0.06954443489925134,-0.16190171538097534,0.32524606273661005,-1.1466182972142815
96,Monocytes,THD0005,Control,61,Monocytes,0.05052128958375039,0.45343932668613623,-0.269985445093763,-0.08846786749019349,1.0688681652292735,0.03530904156711345,-0.448623288062091,0.06467546901051424,0.372817592274469,0.18613323958529668,-0.027879226333884188,-0.12209780069806044,0.03434171232982939,-0.11268813397003853,-0.36194999148705265,-2.5396322439708117,-0.34724540619516403,0.030240167751988085,-0.8816414394959267,0.025971174248050892,-0.05587535296414891,-0.29630578821509973,-1.265857716541348
97,Monocytes,THD0005,Control,61,Monocytes,0.03590397869152464,0.38163698647442545,-0.7433927115810893,0.0034239841603139866,0.4479936322394225,0.006552437162779637,-0.2604090967989575,0.1289384666884043,0.4822744481336422,0.1488891585985272,-0.020568555879317812,0.31178777550148595,0.4633988341292456,-0.11295444986091177,-0.2931066334493272,-0.5837039194408958,-0.9359547037625409,0.2171896176106819,-1.0461155104159479,-0.13114606540318338,-1.8839867638096084,0.08033500311294418,-1.126611323522599
98,Monocytes,THD0005,Control,61,Monocytes,-0.12949801371215075,0.14553576834978652,-0.22727187838764254,-0.0021131385535627057,0.44240212788478983,-0.025748427380527093,-0.38615386182462846,0.030142310245780256,0.2472864301387533,0.015519941107885953,-0.31752304261521064,-0.13090947462088584,-0.3689434458503894,0.1678954844697234,-0.286105663199778,-0.5372324298791951,-0.1114927846687976,-0.7522051149235803,-0.5023560131062548,-0.19101076260872138,-3.968338435673832,-0.2108295101146931,-1.2071796396922507
99,Monocytes,THD0005,Control,61,Monocytes,0.11522396976144256,0.6405290793514866,-0.3875954524397521,0.02267125676372771,0.46705188559009125,0.006259961407049693,0.047598844315634846,0.14569908171459292,0.4930903781403183,-0.09281043821850565,0.15806944816404125,-0.25704690646722556,0.8264500058331927,0.17230373539371732,0.3303446993105113,-0.4520242988340219,-1.1578040584920974,0.3830217661511288,-0.47922046680431285,-0.07723486095496707,0.6394121736743964,-0.2982047409992528,-0.7619817221193566
130,Monocytes,TILD001,IPF,61,Monocytes,0.04047751522943728,-1.0618358122332245,-0.9896472384060635,-0.09594212774186167,0.7853499553517627,0.028600555965713703,-0.13612252191426705,-0.34188842356770505,-0.6938581714908987,-0.28889506134889775,-0.3572880804632918,0.14100102187093552,-0.5439244435035775,-0.6425171656124882,-1.0285222330021355,-0.5752131661422863,-0.9129770684114303,0.48322625543396586,-0.972374015727012,-0.830033502799592,-0.3834126834868632,-0.675639425015719,-1.4834892345611308
131,Monocytes,TILD001,IPF,61,Monocytes,0.07907726404278691,-0.6228748069632526,-0.884982539262696,-0.16193101358461345,0.4325370004043043,0.03594161701394493,-0.015079594813942668,-0.3676765318602382,-0.4610515795801292,-0.473866906914969,-0.3623100506561207,0.22071712580497913,-0.6072963741759524,-0.7217734878970595,-0.8468976839859305,-0.5988352765989469,0.15833461285991124,0.553552065173521,-1.0009453731257298,-0.38292355449295823,0.7568667825287059,-0.921342571013166,-1.4684758152144917
132,Monocytes,TILD001,IPF,61,Monocytes,0.009776816358036455,-0.8861207029394084,-1.5657330689167213,-0.1071406242259165,0.2893404065805683,0.030307290708002158,-1.6059189439195916,-0.3587328335814961,0.07554838563612706,-0.2810658792375547,-0.4432680601433377,0.18393508566865105,-0.8004565238281489,-0.9262923907954187,-0.6133155699944998,-0.5093046056435542,-0.0884050286084873,0.32148809326838995,-0.7477368751741009,-0.6378105019924083,-0.38167780468765505,-0.9059595470888895,-1.7783616819631218
133,Monocytes,TILD001,IPF,60,Monocytes,-0.03589945919408406,-0.910832202492769,-1.3556737272139812,-0.058824529640264585,1.0186968873035118,0.038581213727080135,-0.9283402791394796,-0.5194002231931658,-0.8464017438971363,0.040144491822921846,-0.31027104355922513,0.3536523726875988,-1.0521982799607703,-0.6231856121563334,-0.5248356855890742,-0.5496308316505709,-0.3938541959492336,0.3716388901633248,-0.9308252740733924,-0.746688446944041,-0.11176773987849904,-0.6123831482562285,-1.513309736800914
194,Monocytes,TILD015,IPF,62,Monocytes,0.3400481487128581,0.7806914262922424,0.45429552877400664,0.08030625722701307,0.25342088424556763,-0.005256073205183049,0.21708652846824933,0.3597507653455995,0.20733624034412323,-0.17673023455014705,0.1359646242152658,0.14670821998992958,0.3719322403818846,-0.3895732551518189,-0.07031930021148214,-0.40052629762806014,-2.321048918474876,-0.08234769931567629,-0.3243992009747375,-0.16481442991527576,0.4459247320274276,0.6138712783317664,-0.9017485895568333
195,Monocytes,TILD015,IPF,62,Monocytes,0.3059758303393492,0.8002773108521836,0.14189945579659094,-0.043294688014189474,0.24467382924307646,0.019926585224042448,0.3345067596527616,0.2791227043861443,-0.023108342266757016,-0.30767654389493726,-0.21566346913468196,0.2055651090755853,-0.21906432385950106,-0.2169222618778973,0.3076331346888941,-0.416350112317085,0.4797215407318763,0.7814926714502166,-0.4449220821695295,0.06458967127685693,-0.15990952443273235,0.1829284497213817,-0.5637351625076096
196,Monocytes,TILD015,IPF,62,Monocytes,0.24291565342235896,0.8643554792811903,-0.12434307790940802,0.061102324010304,0.5081730395701759,0.009382922350736712,-0.8327072619064168,0.24726142357294917,0.0009170751095715825,0.2990193750876637,-0.3220844520993172,0.21175685650049667,-0.1420536232044376,-0.11190886828081936,-0.1616376588239066,-0.47934794993948976,-0.7738186636877457,0.0021247535469037793,-0.3040517974202255,-0.07582416352990962,-0.5575715515325516,0.28879733680443187,-0.46806875253640756
197,Monocytes,TILD015,IPF,62,Monocytes,0.2552204714495954,0.7800389038345006,0.26460460131457686,-0.0024911314631835503,0.2797458417144764,0.005689188761370772,0.03706535175439841,0.24889074392009297,0.06147974376021225,-0.10496887627193305,0.2629059453714406,-0.16918968640320006,0.6452767432802021,0.4446996098389242,-0.06633809667370878,-0.9296693106315403,-0.5314277345299941,0.3191074786130856,-0.48462129768408063,0.01961937032873409,0.42272306839478585,0.005015359273695961,-0.2322790600103088
198,Monocytes,TILD015,IPF,62,Monocytes,0.30237866949348596,0.9316620185000413,-0.060894086555098634,0.06232205193715864,0.023036607784817628,0.019242124142369546,-0.27148760511872955,0.12986235855977205,0.1908113072171515,-0.23092118411255017,-0.06567115162956996,0.32031632222367756,0.7915004904798286,-0.04098256779533691,-0.19749870192696523,-0.3959922043654013,-0.2668587707716293,0.2658509758891711,-0.17301497415401573,0.04411936300780405,0.1611462774779975,0.5699346518209661,-1.1336747838394134
199,Monocytes,TILD015,IPF,61,Monocytes,0.19489555583685225,0.44197645347393993,-0.2305821889052918,-0.033955623154053115,0.5061444925412596,0.05287131675364784,0.2842049141031646,0.14353682760488345,-0.14357136847495483,-0.09878682301060718,-0.037077316182935,-0.07605276599570483,-0.4036529948483463,0.37385486639426707,-0.22974955248956103,-0.7396876950282949,-0.8014424002535755,0.29262593726386393,-0.06767249140193846,0.32625471965601766,-0.044838865656269586,0.0761908677964585,-1.306869328502078
200,Monocytes,TILD015,IPF,61,Monocytes,0.19424504703839685,0.7332010843551814,0.0605283531736283,-0.17669243548994557,-0.012474071439742336,0.01847522479831534,0.40154817297640044,0.21186283257951932,0.08579649711330962,-0.4494330394837654,-0.2510837767539511,-0.08233563791820264,-0.22548588423853028,0.14850642918145815,-0.06980274815671093,-0.16063201417151682,-0.29728866944949517,0.4775656205379408,-0.1509529447962434,-0.027963224585281405,1.04665877287339,0.1201366979359555,-0.8506973487600795
201,Monocytes,TILD015,IPF,61,Monocytes,0.19493847315357685,0.6492775948809503,0.14223343379257017,-0.002004779517949663,0.010929721236825498,-0.0029295928862406017,-0.26787725825817166,0.07651988471888119,-0.24972413112978065,-0.3740433354606824,-0.1480372212006544,-0.11259792790693031,-0.49974271383325225,0.5035383565008212,-0.16335873500144815,-0.05074605172136874,-0.02312821894652152,0.6426639423592125,0.004402071047331278,0.13936571586991173,-0.15411023222356968,0.5062274840414133,-0.9257311345717594
202,Monocytes,TILD015,IPF,61,Monocytes,0.03457346175914301,0.6928772591716539,-0.05034085456514997,-0.14092126036476543,0.044624042729393444,0.00963633702370588,-0.0920029380625228,0.07744251680011874,0.4024266375008527,0.14382312982409226,-0.00060062842417535,-0.0020612443685495566,0.5746195146017956,0.1939835272976764,-0.07425895958363095,-0.41182254067739266,-0.6229410961015345,0.1405696438281713,-0.6766404128680406,0.045463158576220374,0.3966664044139056,0.2275778387546572,-0.5459386099995904
203,Monocytes,TILD015,IPF,61,Monocytes,0.3151293178090793,0.8044768383043497,0.520230234266865,-0.028749691301293828,0.09583145487328351,0.026470457482674285,0.42749723257279915,0.40412462145451594,0.06617181173696272,0.6094920922673857,-0.130878331315271,0.10272351675747067,-0.24384008535660878,0.6275137346981017,-0.040901391532507714,-0.4244829570017132,-2.5285095629695915,0.37103162250990157,-0.1302200858018315,0.1488978500327824,0.7580063695057828,0.46188965039294105,-0.9884875672698964
204,Monocytes,TILD015,IPF,61,Monocytes,0.32676595582337803,0.6582481225616603,0.03317700598930734,0.053486046196976646,0.15456494253807337,0.03751983376593349,-0.17920405794211014,0.1714974766958432,-0.15278314310136892,0.16622433188581595,-0.04851946708568872,-0.0032119207295611832,0.10859847670380895,0.1129554987416509,0.09224783261869812,-0.8105535800487298,-1.415394481797911,0.4610242005096343,-0.16213506829903193,0.27518982499277284,-0.1952717925039393,0.11624031864453023,-2.7641462790281897
205,Monocytes,TILD015,IPF,61,Monocytes,0.24077123966553063,0.4933385627435928,-0.15697513767156399,-0.16192088316863562,0.183308315768747,0.007030854851405788,-0.029679961318715992,0.30149626363627446,0.36555130476029385,0.05906253902381495,-0.26991194659185785,-0.3857183240203955,0.6370671508936091,0.14408364984348948,-0.45114078960013776,-0.25689391918160415,-3.0921523209310053,0.2696690367264561,-0.4467184215250158,0.07415971127886423,0.09492739525647356,0.11726578684527511,-0.8000982320115257
206,Monocytes,TILD015,IPF,61,Monocytes,0.1995125894641622,0.6404815500224618,0.169078542354524,-0.11146724074921843,0.513539022578665,0.015958358445280395,-0.2750885907518239,0.1920172716367764,0.1127435070838446,0.120553450233428,0.22775397506583586,-0.030701613358789584,0.2508888430800401,-0.007138612962292225,-0.09338487420778248,-0.7963081609981096,-0.2633749172626989,0.042078372727024846,-0.17008436581360922,0.0028668363239127597,0.6128386531218081,0.29745474757045237,-0.7445316316723142
207,Monocytes,TILD015,IPF,61,Monocytes,0.17822029735813258,0.7709194339923269,0.13898444272168237,0.10953352907429029,-0.10368792087606199,0.02004318587646343,-0.23143232409320552,0.18687593796199642,0.2281536575721489,0.6480009122769134,0.19071000192864937,-0.09331088533740751,0.5670703580451923,0.460560863676765,-0.1503660513521421,-0.4883371952974943,-1.361418031884677,-0.0519259500387208,-0.19128600875742036,0.19426299519460083,0.05750903435952219,0.22249745700280502,-1.2498180309793985
208,Monocytes,TILD015,IPF,61,Monocytes,0.2723874094362576,0.7659164830615646,-0.14638928764108614,-0.1066694273761819,0.08451794667307827,0.003487107275949703,-0.17642720338838855,0.1815226271933714,0.4516790135306027,-0.2651999626054243,-0.003889788867084947,-0.18587047868761822,0.01949863376767893,0.5653434807371263,0.007025034230732844,-0.6343101197035833,-0.6704880446529853,0.17866159030595233,-0.36601299874209026,0.18894568205479817,-0.012400228115239175,0.1782674374509601,-0.9412266004482644
209,Monocytes,TILD015,IPF,61,Monocytes,0.38893293489646963,0.6258199782890878,-0.1712360489414535,-0.05227634292934782,0.8876218436734228,0.05731537873207996,0.06582761970498421,0.2143488666763395,0.4101380101985656,-0.353450889214015,-0.003760328244637838,-0.012311904195811532,0.575492977401279,-0.022311797900958434,-0.18126514553987633,-0.3208939738583324,-0.9260236552092823,0.28081817155816013,-0.5272668062023484,0.044413643699137494,-0.165116743855487,0.41469151367380475,-0.42187076746094926
210,Monocytes,TILD015,IPF,61,Monocytes,0.1299014666087866,0.7233356701133531,-0.24294811226514446,-0.03103002198826071,0.15889058094491088,0.02505880966964817,-0.37980253697696764,0.21634538840138978,0.2339727849745722,-0.4364570945260812,-0.24446479414153144,-0.46047737177747283,0.648972406617713,-0.0991224597712739,0.12389896512325764,-0.2990968114875865,-0.8953164948301346,0.454449786979702,-0.4348855176495588,0.0312612266771313,-0.23547764067891253,0.3178148511216369,-1.279654021722823
315,Monocytes,TILD028,IPF,63,Monocytes,0.2638755222690755,0.0998582396695433,0.46242040360348047,0.2454233421859939,0.160552245991935,0.08292290062349343,-0.42891762795370275,0.15798429780639284,0.40220755171863753,0.35094626053287714,-0.0430866088620072,-0.1816847911252025,0.36429280643392087,0.33307500925528294,-0.11723855870832925,-0.27403524063319284,-0.07997834606058352,0.4094408465697155,-0.009956457641476624,0.01474352255083285,2.278894651073618,0.2254844689939181,-0.4957883813597296
316,Monocytes,TILD028,IPF,63,Monocytes,0.2825321920368992,0.05559991143443387,0.5093618878886548,0.20786456830828867,-1.2742993023800928,0.019257244470878575,-0.07146251751984103,-0.0020803296374041665,-0.08346614107364524,-0.2789550556672421,-0.34333638268162275,-0.36079213871200044,0.38847906049561487,-0.2415509419631716,-0.1600001901255372,0.4387421029500468,-0.044642288778300385,0.2348291876212538,0.07980792449068246,-0.16120824940425094,1.4922854090095838,0.07338074116816969,-0.2818934731414775
317,Monocytes,TILD028,IPF,63,Monocytes,0.29854219976968394,0.36147960173610316,0.5857995633740046,0.341502206770351,-0.3264948932558759,0.0008331720631716303,-0.04710376678821399,0.24478265025985524,0.3346590257045681,0.10875256949787285,-0.32173233978651933,-0.2249504204837081,0.3319797398169552,0.3467224674312122,-0.3739211923350919,0.5131100366609735,0.20374759827489208,0.45016737640661153,0.3743344348987442,-0.02403685201820836,2.042583379958858,0.2872726186790147,-0.1465157265494929
318,Monocytes,TILD028,IPF,63,Monocytes,0.19596934841580768,-0.10729231271259891,0.6114191325698853,0.12183537024918287,-0.08021311312569672,0.020825132053036596,0.24618203666127486,0.12427493267019185,0.3193422380168509,0.038576051461234016,-0.28898622069605345,-0.38711820607029596,0.7210169661072353,0.5106295537779242,-0.6017512334560374,0.22476902965455078,0.304300676480545,0.746721982788586,0.0213964038336788,-0.038912919326254534,1.581546614495482,0.13437917913179828,-0.16794301786547963
319,Monocytes,TILD028,IPF,62,Monocytes,0.20111763928264126,0.3743316055731313,1.2677943161053697,0.281242976034868,0.22676843715560163,0.0470377169758253,-0.03959770292044185,0.1457563020220421,0.05816145391244101,-0.04893700210379748,-0.2570279868339636,0.007011385945892372,0.5638929938387469,0.2375432647546246,-0.5106487627402363,0.11429044694005452,0.04992550262425572,0.7926595589036116,0.2459840482854997,-0.1544641427499965,1.8634144611867853,0.15602594886464685,-0.1602886221128691
320,Monocytes,TILD028,IPF,62,Monocytes,0.3785017313639548,0.058565638682287806,0.3358036070157071,0.11554890499923179,-0.2073021041044047,0.013182123034771495,0.16753880592099307,0.3609330359914063,-0.2813447567278975,-0.1510755506143094,-0.38754215526898905,-0.2894973615803885,0.06878601647076465,0.21810100328705517,-0.5060376832876339,-0.5820421058738617,-2.0085638851609757,-0.007519051730323454,0.20886821127430855,-0.13493556526961897,1.8655355056941494,-0.16388107416943734,-0.682645464267082
321,Monocytes,TILD028,IPF,62,Monocytes,0.11226888509625256,-0.11455662980696214,0.6816560712537956,0.2157899176765482,-0.07080866985594553,0.06396811833533349,-0.06788891688467721,-0.01719375251570854,-0.2635434657507336,-0.09253812767110899,-0.14943274356101757,-0.01617308634182231,0.0070838751605842645,-0.9535773390812671,-0.7573055673199419,-0.17316191542101433,-0.4704418152589391,0.4051345408912358,-0.10328743402719671,-0.14058323920644297,1.809744006954873,-0.09942327102390577,-0.4734376267791358
485,Monocytes,VUHD67,Control,62,Monocytes,0.1092424853753872,-0.0411366938605119,-0.407720411321018,0.4061290784127012,-0.34189294036653517,-0.004744393559574796,0.5616145691963784,0.16802346133417403,0.17193482434661359,0.08717255551986834,0.3153650163268542,-0.19296849955096293,0.21865965660102177,-0.31652598985990027,0.024812911457639374,-0.13263046014249294,0.7524682856844748,-0.02968033601459638,0.20556687756434067,-0.07812170763533147,0.30839490540365516,-0.3802134660365203,-0.08517646849856494
486,Monocytes,VUHD67,Control,62,Monocytes,0.05926321987126371,-0.10254215451826343,-0.8132179255833657,0.571156801118332,-0.5605999173160282,0.01900989894928576,0.12513752687001703,0.041181749308426385,-0.2062818759113011,0.14971047295628154,0.18386099674977077,-0.3083971826265321,0.011554920985189395,-0.16440050842661355,-0.090747141531222,-0.09543230119481758,0.2045838224152466,-0.10273926467895741,0.15891575478359524,0.17664881699689103,-0.2641674770002584,-0.4232373087614886,-0.06720691924335562
487,Monocytes,VUHD67,Control,62,Monocytes,0.1894118133414795,-0.3281021112353495,-0.6252624824057897,0.3119327726155978,-0.043477424058026654,-0.009845010614444085,0.4029463040594625,-0.0018813289772662452,-0.2286163220625107,0.20829666590071433,0.257705309432013,-0.24394175950839847,-0.445514018925261,-0.4514579033793722,-0.34774319831783684,-0.2920865800821871,-0.46642099318454766,-0.3636622813172794,0.06987190950268792,0.05664941330626377,-0.44682873097162484,-0.589261570596422,-0.18573209494771828
488,Monocytes,VUHD67,Control,61,Monocytes,0.08678697897935231,-0.2514072523917071,-0.5282531610044235,0.31057419378813356,-0.28380034181300895,-0.028634407472322425,0.3045863477782071,0.04998981624993888,-0.1986150692123856,0.08234529146535456,0.1577807498908367,-0.5114458716061268,-0.17384686105205588,-0.4604440391846539,-0.15372715245095173,-0.0021214809319959615,0.10358165201989292,-0.43785449822403383,0.1828114488213547,0.015467246340995212,-0.3555916837771107,-0.416617760587525,0.0522130822316186
489,Monocytes,VUHD67,Control,61,Monocytes,0.07848653136096724,-0.09405045539247141,-0.6145357569462321,0.2837962378382857,-0.29117731943898834,0.04295445519907006,0.18059064492706836,0.11798937314417224,-0.2477010530827906,0.09253064267845812,0.44475932820769765,-0.42061503398058075,-0.19680432793061373,-0.49605101524182266,0.14736359642082997,0.0896170857405083,-0.7430161115550817,-0.34511404049360794,0.1282377364095036,0.08705400570025344,-0.7547256464221453,-0.352643429955142,-0.30049862828658663
490,Monocytes,VUHD67,Control,61,Monocytes,0.00959485142726715,-0.2786528512364188,-0.5151574534810421,0.41116861949609435,-0.0725055013796692,-0.010811094297771828,0.782801807017542,-0.05586312514154513,-0.10210274736145679,0.37919700543432866,0.30188839370946147,-0.36666904943797474,0.1507594614936913,-0.1823577581101183,0.04495104295945711,0.048368888044840255,-0.003360225209969073,-0.4830980551944241,0.06643709006640022,-0.08395407008475486,-0.27739234197457985,-0.44774491279904677,-0.20963338086768332
491,Monocytes,VUHD67,Control,61,Monocytes,0.11760113148183865,-0.13777364950840307,-0.2779283942226267,0.18011015217243073,-0.5486581929762496,0.050319853881603566,0.45319479328872364,0.13335832146148635,-0.18450810037146215,-0.5554926364714726,0.2086544841778368,-0.32654337339393,-0.14288211918858285,0.060128347874177694,-0.13862178984131493,1.7298734580517838,0.05671263188020404,-0.21562103512279898,0.10279431925647219,-0.060874258139553654,0.12340520362636197,-0.02611878305433795,-0.11753052490753751
492,Monocytes,VUHD67,Control,61,Monocytes,0.16765497414335834,-0.15066969429893814,-0.7196872709197955,0.428964726168358,-0.4634669267571831,0.012422051857744778,0.16852811770368403,0.020961990694489323,0.040237484650120094,-0.02412134387441156,0.411390157242148,0.024435134170277713,0.02417941203026517,-0.15736615000056525,-0.3158699756890986,0.16785945960394216,0.3475490608915371,-0.18164223336228447,0.1873629255771502,0.1159499306794107,0.03791601180362343,-0.28755169622852045,-0.08740961533473984
493,Monocytes,VUHD67,Control,61,Monocytes,0.1846371728439925,-0.18737281371138734,-0.3263826905847548,0.21100640322387074,-0.6532469242267769,0.03848167963741133,0.44202413562711257,0.005875636564688778,-0.00527415969557562,0.03072928167736738,0.42438378872198673,-0.15128493267509077,-0.0994626749381419,-0.3466114234889354,-0.28478308652625234,0.22624001864707788,1.3985712973445725,-0.072403471307838,0.27322896674364516,-0.11129185342095846,-0.256148894071477,-0.6452032643822487,-0.21434827512314694
494,Monocytes,VUHD67,Control,61,Monocytes,0.15235151629002427,-0.3698035166363562,-0.789112406301688,0.42785869104985824,-0.705883278465161,-0.013903154200177043,0.4710971518483949,-0.09020195579043794,-0.4814376031739824,-0.3162499689180039,0.34295923630147923,-0.14753426773577488,-0.0416237833000918,-0.6135256416508958,-0.3963865376785744,-0.4252612357831081,-0.06637883236769522,-0.29083170161907407,-0.15217111983477463,-0.1285630943042719,-0.12947451762690518,-0.7594229393429898,-0.16437286420109262
495,Monocytes,VUHD67,Control,61,Monocytes,0.11985489798334913,-0.30679462128225315,-0.4978579039636215,0.3431894601470732,-0.33889533314695613,0.006366836433628744,0.8682123294775599,0.08955611411758674,0.052463182266707216,0.20754755821322715,0.22215292064167477,0.1125823737872413,0.344479148936632,-0.05446285422434037,-0.04493682642769552,-0.3759748490953352,0.20940264792110594,-0.5364720216759462,0.20674882436801678,0.02378779479286075,-0.26018341735167355,-0.41318990048573195,0.051150107534162374
496,Monocytes,VUHD67,Control,61,Monocytes,0.07251691576809706,-0.3625369809795319,-0.08064349040932693,0.3313029300217641,-0.3970585054772528,-0.032809795160396844,0.6638340442603583,-0.13079508072771384,-0.2759621001685007,2.4376540525650713e-05,0.3220731897836026,-0.25400884343203195,-0.016601973541726482,-0.27343295137678436,-0.21438979586240775,-0.5707395933413822,-0.637052023196172,-0.5686104586938103,0.03545255324734131,-0.13728780401876167,0.08165125233176508,-0.6042462589968727,-0.11752585283746542
497,Monocytes,VUHD67,Control,61,Monocytes,0.1518267987620011,-0.1587173844069731,-0.08945953947169039,0.20384589038924605,-0.007841530642595974,-0.007909920285024538,0.6736786961423986,0.0912537123157475,-0.09759853847738807,-0.09506097801406627,0.6226567642729132,0.09202521223709885,0.2200658217675934,0.20518565636278582,-0.14101221685234394,-0.3471941619140736,-0.17735731391077342,0.11570535728305818,0.2304223137599823,0.023779250751543936,0.28630021678930523,-0.4983579854783985,-0.13651904084831898
498,Monocytes,VUHD67,Control,61,Monocytes,0.08620250083750651,-0.08893657520850988,-0.24152005796248138,0.08464971253988803,-0.21283180328609794,-0.018462285485227114,0.41615457227503283,0.04723704228925984,-0.17032175612972794,-0.12489616449097496,0.45818087784910616,-0.1048727703528093,0.5009587947060322,-0.4817048580035053,-0.06999611244945486,-0.04941679803564983,0.49504003071847186,-0.03966172594357818,0.07345875122518493,0.1314669611786137,-0.5331720313596131,-0.22867013386886298,-0.2002260905177
499,Monocytes,VUHD67,Control,61,Monocytes,0.01609659541057963,-0.2211594532699023,-0.09061510109805224,0.40427115389589435,0.07750275136071952,-0.03171444754931917,0.584143894536214,-0.04187289018553724,-0.28397360987594455,-0.10515606410248302,0.300250518175461,-0.3194864079456872,-0.10043384391582566,-0.37944847663402154,-0.10170118699383963,0.16303914172512968,-0.17473608090232917,-0.7589311643342114,0.3281756118311011,0.12493357693623139,-0.5087582817894555,-0.7574138405407912,-0.07599753403682769
579,Monocytes,VUHD68,Control,50,Monocytes,0.007634012986468282,-1.0157158969427407,-0.862163384021449,-0.008150123717270665,-0.137520158788726,-0.025830328736079565,-0.4958087450454865,-0.18017002264679916,-0.729070745519286,-0.562633190203859,0.2075545766140099,-0.2525252901723981,-0.42358528937939394,-0.5009360066837516,-0.27289871290848844,-1.5787626853373045,-0.33822159838271953,-0.5356964655370383,-0.7081149467291434,-0.36479144137353886,-1.0992448079644315,-1.2453070030666809,-0.11794850853189943
580,Monocytes,VUHD68,Control,50,Monocytes,0.10013478150004802,-0.7537188636176751,-0.552434115923707,0.15484312110676537,-0.23261017721332747,0.019963337999153504,-0.047530058820828225,0.3837858296277385,-0.705595207936479,-0.801919196340112,-0.04846984049077223,-0.2691539776702957,-0.5256002145138173,-0.7155087268142275,-0.1404713298557844,-1.6746480527105205,-0.42825866656665845,-1.0743023722126452,-0.6162957846684545,-0.06521610139982166,-0.5416032468377282,-0.41993849170445124,-0.30990653417615033
583,Monocytes,VUHD69,Control,89,Monocytes,0.1493667420741057,0.5150950383112772,-0.3210298843889379,0.29912574360092975,0.25988415887811483,0.003695697504948441,-0.5971538508449427,-0.052780458319915236,0.29859360324786205,0.3733044730456796,0.2101563018647483,0.26403851018230723,0.1335838497568022,0.3951641032596725,0.1480910369554055,0.5872964619663411,0.3816305526882921,0.1597246591898618,-0.06735934570933134,-0.3131215999275696,-0.32612186198608406,0.618230518534709,0.6170495682668277
834,Monocytes,VUILD60,IPF,50,Monocytes,0.08071126106525091,-0.4182121011613661,-0.3944110313466484,0.206158402168556,-0.46457611517190267,-0.0009969639220184096,-0.16851410241568132,-0.06706354723798919,-0.18073350186843518,0.03605071101240409,-0.32669857978561545,-0.14100698567063172,-0.1120026721708488,-0.20695146667387168,-0.4565036491282076,0.07851512911043526,-0.973730741325136,-0.16816049296893842,-0.2807414041938577,-0.13711950489504046,-1.2458525883115625,-0.46362390107371243,-0.659466821240046
835,Monocytes,VUILD60,IPF,50,Monocytes,0.22795246884250622,-0.4951986420354522,-0.6703946937146944,0.3082598279746599,0.17204734755917422,-0.011481666791692286,-0.233465761419426,0.08185365744717246,0.09677958663684655,0.012236409568914523,0.1642735261874098,0.042997469804065616,-0.9200711510519538,-0.30299751634626343,-0.3075810700518356,-0.46488650565503736,-0.11210225548174037,-0.4990599733821401,-0.23478852870175923,-0.10511732125155268,-0.5929306505667199,-0.3908218857460534,-0.8350571949974557
958,Monocytes,VUILD61,IPF,54,Monocytes,0.09874902858962963,-0.12058457542467077,0.3796496499678341,0.3132036313748493,-0.2415079812262993,0.012205909038892133,-0.36326197989587994,0.07787842801838474,-0.1295974648861006,-0.00028440834066607596,0.14507981604012057,-0.23515607671362618,-0.08123743271615874,-0.22797742889770214,-0.10874039536380811,0.25240074397271767,-1.6262087629497692,0.1666523743032506,-0.23937691981333542,-0.34423607351515007,0.5146245300792209,-0.07210910662824245,-0.31101605896443185
959,Monocytes,VUILD61,IPF,54,Monocytes,0.1830097405763424,-0.3035722770142064,-0.17755972193483846,0.23152823743296677,-0.228740960497949,-0.037682358774894724,0.7537707975135586,0.25170301229763,-0.21949293815903967,0.38616562157651096,0.14639569541725533,-0.19480793530946736,0.1697489582838071,-0.7806643243583714,-0.18962848408599292,-0.19584670470242718,-1.1276211222912145,0.199906124229523,-0.5137848769989228,-0.08912347656103463,1.4006068407526298,0.42169044546216106,-0.1256245758300847
1064,Monocytes,VUILD63,IPF,79,Monocytes,0.19187459090018047,-0.20408736760355187,0.32821134550652836,0.3873924386600732,-0.11080405311997589,-0.013449839618412888,0.6502725836299005,0.10394962429072277,-0.045991169341935,0.4358338511286134,-0.20086447789041045,-0.015857204821404694,0.30469520400491,-0.30747702415042205,-0.21722971037034106,0.181431441054232,-0.673748328147808,0.3084169678942356,0.018477855145438347,-0.020674959856659902,-0.21268925990593612,-0.09515150513212799,-0.30155611399839033
357,NK Cells,VUHD65,Control,61,NK Cells,-0.04160465429029606,-0.1490770090265146,0.4248873440063389,0.04476138482846541,-0.49463287786176374,-0.004349421499749949,0.2792536297968237,0.01863380243581982,-0.20427343107218696,0.17983342979069347,0.3103097060681688,0.09813619034331479,0.22799220774847204,-0.14081953487441728,-0.3239677679410686,-0.3207657360870056,0.8709654415494161,0.1927159051514395,-0.10300190858158775,-0.019536617183031235,0.07870487468022215,-0.02210909122570998,0.24516939160659937
358,NK Cells,VUHD65,Control,60,NK Cells,0.1320058883370384,-0.021306762714441353,0.24725872871816693,0.21715866113155888,-0.10145976368622232,-0.009123269278535103,0.21194162675374387,-0.10843704655980504,0.1432279782444815,0.2496882895753427,0.2053680876879828,0.2678769718418439,0.14619061668831862,-0.36956146537372153,-0.1252482294485551,0.1814295716884643,-0.34884010070403665,0.20344054532276312,-0.36499059978184856,0.10434091185453753,-0.5859876247261581,0.13457686898637447,-0.11696065496338925
383,NK Cells,VUHD66,Control,66,NK Cells,-0.021580288468134833,0.22538340631694695,-0.5085295272128595,0.025955080567415186,0.038412171261443744,-0.00780138886871506,-0.04659197604703084,0.06557234175888602,0.3457636218737553,0.34870149172353687,-0.32018078798176697,-0.14816530080909898,-0.03875054611504041,0.10283261079399103,-0.6661017037475774,-0.2829897103563373,-0.6778789390873555,-0.287034232524549,-0.2724056637137856,-0.18041262301107078,0.4136691827937962,-0.4526226617711825,-0.4684712768973486
384,NK Cells,VUHD66,Control,65,NK Cells,-0.015314488730822341,0.49941388282424237,0.292975887744431,-0.1759583843024652,-0.10566193451083694,-0.005973086209540502,0.10525874105769309,0.11860924159773573,0.4394519239361888,0.026792739312410926,-0.3547574265365027,-0.12069425913111434,-0.7868871521062226,0.29540736011081675,0.15220326868566603,0.07427350616156114,-0.3993987279261926,-0.355553456535844,-0.7098177534267256,-0.05160149407607277,0.7780309246612455,-0.40557868970726174,0.03304212143199008
456,NK Cells,VUHD67,Control,63,NK Cells,0.001025619123411036,0.056156132713995104,0.1964930204984963,0.08408108358624039,0.0656141128083601,-0.004932589365045559,0.38856185737512083,0.021090615220800853,0.2225536198103723,-0.11678885373982544,0.10702788995588956,-0.05250012328995781,-0.004011349897825764,-0.4722683331664421,0.022216784896153318,0.48474736434585014,-0.37476212741382126,0.4147393096052081,0.20381983969068937,0.009815200528494793,0.0752935397760753,-0.12605373653377022,0.16002659267197608
457,NK Cells,VUHD67,Control,62,NK Cells,-0.11588143310374052,-0.046377330226093305,-0.0302634540435711,0.037891655615285534,-0.1952226339583826,-0.007054907911040084,-0.17942974096431066,-0.0400508700893896,-0.02188595622896463,-0.09562535781988751,-0.009538899941621746,0.08669225678060222,0.12911968943926394,0.07748125395832234,0.18097700772994108,0.36862825128219867,0.3633325979573728,0.30085380979427945,0.19408885302897658,0.11827267541593925,0.9085358266137644,-0.05413783145901873,-0.08776589780873026
458,NK Cells,VUHD67,Control,62,NK Cells,-0.07271517075635431,-0.07279401770800559,-0.03702907703813503,-0.08371176400091125,0.05430663640939803,-0.008930797548187232,-0.03247800028590275,0.02278539310192241,-0.479944506880362,0.19524853632149594,-0.2783046862252394,-0.044059366449991394,0.0434648481212912,-0.13238260275461255,0.07078026891321697,0.2944911813989492,0.019690527930791388,0.022771147330774292,0.07023412309796305,-0.13859146356450447,-0.23153494434725666,-0.016133920424017,0.7956499720126322
459,NK Cells,VUHD67,Control,62,NK Cells,0.25310777730576395,-0.023626878820933166,0.16363000943445086,-0.019587447222154372,0.4581127957712707,-0.011547686593759425,-0.018187626196482908,0.04743503094682019,-0.03374960489496131,0.07622982779696377,-0.027924093316773622,0.04004650226873669,0.20464388252159516,-0.06847259537793168,-0.17369000636857929,0.3575995088221158,0.4881977212541175,-1.4156096624047694,0.263468033206801,-0.08135564075573008,0.42341626139514515,-0.2081638626468148,0.14276713370694052
597,NK Cells,VUHD70,Control,67,NK Cells,-0.1818857737986452,-0.14870337455110325,-0.22576083405360226,0.20301297313884076,0.08205495526082815,0.0005541331732466168,-0.6895859293747524,0.07723298881463397,-0.04677051933451677,0.22512073506682428,0.04587172617154933,0.20192582894347216,-0.9526814864299175,0.3830823971924693,0.5187051384490713,-0.6877330645602977,0.17101458846107692,0.37024085811363827,-0.29588928663048936,-0.03677179725014189,-0.5684793550780569,1.3409707065846626,-0.4903686109266174
789,NK Cells,VUILD59,IPF,71,NK Cells,-0.08617864419234117,1.0495135166826837,0.4308108292739885,0.03616082426149396,-0.26940356692972706,-0.0020570481038155643,-0.5696031222755784,0.12072037172957695,1.0922244439332265,0.5465469748085006,-0.23602884046138659,-0.002054452489028213,-0.08443457981426464,1.1696535270617554,0.5607531129875704,0.5926141417559455,-0.765740481438456,-0.0946704175366156,0.14214473505703537,-0.14030568165406418,0.9700692392609004,0.07123283509702771,-0.16593408491327377
832,NK Cells,VUILD60,IPF,54,NK Cells,-0.1935556306235563,0.07343876600182851,0.6214939510352656,0.11058395148613875,0.30227442036354024,-0.010244179246136156,0.05571884313192812,-0.008133194473464334,0.8176059700346124,0.2996074297465107,0.06430341406617456,-0.06703656863832848,-0.017303488325668248,0.688022964977651,-0.6787356839002434,0.43438209980471704,0.6239510001179724,0.1787044912147907,0.29241544905794686,-0.13296807587695633,0.7046749193350947,0.6497695980303072,0.05363706500294468
833,NK Cells,VUILD60,IPF,53,NK Cells,0.03993356982311237,0.1391598887869268,0.7233540483426926,-0.12876066031318814,-0.018066441127745345,-0.004702643673671635,-0.24528268411297463,0.003956837648433187,0.22841485592431332,1.1146944921414026,-0.052220612087140114,-0.06159100165508987,-0.06299676998563652,-0.2593794436832963,-0.12764276475004882,0.4015769056340249,0.19313590312915457,-0.9110019724133933,0.5495021720670146,-0.13014050447905884,1.0944842099811587,0.171870203313931,-0.12152646474864716
967,NK Cells,VUILD61,IPF,62,NK Cells,0.10541778564221771,0.6342950983713885,0.6213569326816789,0.3105819210894737,-0.00916275215562033,-0.0030945079952307032,-0.06952620034724934,0.09820417489366734,0.3250445807070767,0.710147179427267,0.14599778625045295,0.01937647322595743,0.4321155735141893,0.5477378332936869,-0.2508815066030531,1.1328220035347514,0.6153142463909191,-0.2811468199152877,0.31112990048561456,-0.03301769616197678,1.9513942421190267,0.12187371623165816,0.002643871574634947
968,NK Cells,VUILD61,IPF,62,NK Cells,0.16742061698704522,0.6308506017575932,0.14417945859373166,0.33159401750871714,0.21177831604169914,-0.003648958914538411,-0.2767580732286134,-0.10829237206081724,0.6845440015182931,0.8283656938145164,0.05746052207050535,-0.03668372997452316,-0.4248255258975799,0.5636073910803552,-0.014225934057930033,1.2348802074605865,0.9040879263475036,-0.22020743047055097,0.5162304918951925,-0.2093736052227824,0.5067449702689983,0.38337912019305515,-0.30257608117156576
1054,NK Cells,VUILD63,IPF,60,NK Cells,0.12919503774594265,0.7040387442696071,0.4165328402530141,0.3230224089640483,0.44389588396504664,-0.008946210795053412,-0.35090079770076854,0.09162092807479777,0.6596382907683037,0.7533310780382423,0.3866312020065399,0.18474726596558716,0.6937987049643534,0.4541535076614188,0.6990125382866308,0.9996933698619258,0.447585606786224,0.31961115807323476,0.22847085406157158,0.25569411397772157,0.472082772568412,0.42851938764454683,0.4438325000945635
1055,NK Cells,VUILD63,IPF,60,NK Cells,0.055656064183626515,0.7737489813111728,0.6014476311528192,0.2628815595637535,0.017079463481658883,-0.010440878352152898,-0.26079000335787755,0.0453267088932282,1.1546637837638405,0.606961230999202,0.3873621554612162,0.06707983591628117,0.8160911867401304,0.6330793983857017,0.7155769525681125,0.9518793862203161,1.161331331432546,0.45000304739547686,0.5330709668501634,0.12991128671149474,0.06846736495047405,0.5060620153498737,0.4730681405139021
1056,NK Cells,VUILD63,IPF,60,NK Cells,0.16038788969817117,0.7073752109893786,0.9555932908849456,0.137414830082978,0.24606501866010377,-0.009313796857617632,-0.3554515241082211,-0.03618052040821788,0.8818476278886406,0.5378657331207726,0.3155737704795685,0.18500029553210692,0.6130882120543549,0.4510126709940048,0.8000240612716261,0.919271567660701,1.4781344439519717,0.05575683349031982,0.21112722079643084,0.30844985725802354,0.21691286017989522,0.7170827429391579,0.6284583232032238
1057,NK Cells,VUILD63,IPF,59,NK Cells,0.1742147760607669,0.752579806705428,0.4435233436578639,0.2209726336245403,0.07793971770247146,-0.00913375755972693,-0.11413012674695025,-0.03810666248653837,0.9842915228500005,0.03018777565840143,0.4872538631607148,0.03919302348799835,0.4494256350685686,0.2155905565194333,1.0766524043999448,0.7837451162709144,0.5336335916276144,0.7248032720352798,0.470892087475697,-0.12891367895837763,0.5583899354663691,0.6596695736354702,0.5688848113045579
1058,NK Cells,VUILD63,IPF,59,NK Cells,0.2973398730262167,0.8356694143450608,0.24414835501407414,0.24411919535622248,-0.05269928830685996,0.0004080994337526539,-0.5881813584336638,-0.022536822602268455,1.0520601588741212,0.331053458703856,0.449121433994489,0.1500526849777072,0.6771788951787663,0.5670138023512724,0.698711139757973,1.2045521274524083,1.0327947522127325,0.28598235888505286,0.6250288687300998,0.2732117751690955,-0.006720024932476177,0.24623681118697885,0.17798689922047137
1059,NK Cells,VUILD63,IPF,59,NK Cells,0.2502844776057532,0.834111009148166,1.2917462946342861,0.3065084639633026,0.009734957102290416,-0.0063041732518683575,-0.2763423683668091,0.05257646865593462,0.880919526746971,0.864547476373243,0.5426188161220127,0.23925267891144414,0.7911847394765305,0.49775772054078354,0.7364465360617638,1.1389955834158607,0.6983009110984224,0.03773109997212758,0.43523360631734576,0.2589819380458701,0.3129953355764751,0.659199443614843,0.3839703807212007
1060,NK Cells,VUILD63,IPF,59,NK Cells,0.08014192624084479,0.8791390618817086,0.8004493110205992,0.3705758774882133,-0.2522484537980819,-0.009517386508830092,-0.39348468746585163,0.11243878186279413,1.0313691840962858,0.7088657121040299,0.5685645964642845,0.09482713937619387,0.5462392306121787,0.19690948225483637,0.4212027632845768,1.2087932483872663,0.8209730577669037,0.3643334705929922,0.4734432419684598,0.21861938818360918,0.160510299762158,0.6087995998979188,0.3881968967427343
1061,NK Cells,VUILD63,IPF,59,NK Cells,0.05660069728496205,0.701187877983753,0.39823538284680715,0.45455946269309283,-0.12455568115671001,-0.01346605146968654,-0.2054196856137611,0.00380315793601476,0.658309383385219,0.19759836391529248,0.427931494957059,0.07198073014427034,0.6778902933465377,0.5247777011260086,1.2909275191354228,1.1076283016224382,0.5924683465161501,0.328578510900159,0.10696432600698678,0.11001890871865719,0.1884763045962466,0.8390361756436584,0.5106332537931476
1062,NK Cells,VUILD63,IPF,59,NK Cells,0.136969296228004,0.7245949350788968,0.5613361015516783,0.3091024201442763,-0.10882793414759111,-0.009522825666703259,-0.3262220885376317,-0.14507077941917018,0.6028191976772139,0.29629435315470465,0.2985618790184992,0.029048154849661757,0.5249480880425063,-0.5851235449171646,1.1186742463537171,0.8991384236926561,0.3175037363460235,0.2617910145908717,-0.0014255699553451934,0.06716853143925738,0.5111990465058762,0.043764410456770826,0.4597864259693866
1063,NK Cells,VUILD63,IPF,59,NK Cells,0.10215933481562517,0.8894194483402328,0.4117095541354622,0.27293645474197853,-0.07769535184159458,-0.00982928371566825,-0.23089730913719594,0.08356166423065095,1.2991686526839057,0.7048684909198392,0.4935058323742442,0.18541472289616462,0.7508712392776208,0.58925029683662,1.3797014657135052,1.144143367891612,0.8829993562188949,0.4349240106462885,0.2939393729021122,-0.041715462809772605,0.7903964178938667,0.9520607650733753,0.7044523050956014
102,T Cells,THD0005,Control,56,T Cells,-0.007159844320824397,1.0694169712335886,-0.22525440619702738,0.06765251754605367,0.22883459765543646,-0.0014771347305033381,0.06346993810840287,-0.05891398566603901,0.020756355797984682,0.24917348194899677,0.1344473792210755,2.18653874861556,-0.029973929584304053,0.7908903603422939,1.1386843811399752,-0.07976475503568095,-0.01486087781735362,0.22382475173822725,-0.8501921714195684,0.19810049092855703,1.3412028653124528,0.9048899815042437,-0.08375357266689695
103,T Cells,THD0005,Control,55,T Cells,-0.07421257760209028,0.9864561256285111,0.4147307528275292,-0.012009033143400485,0.38735308661701734,-0.0017284130409676874,-0.08662860227842577,0.06620704646485376,-0.13368047046669324,-0.1078820396638826,0.10341719462138278,0.4795939114585983,0.18466571023992073,0.7961482200447986,0.34305692666161475,0.0555192402812037,-0.6376254587177843,-0.276003329214645,-0.41841623265963435,0.0650274232505325,1.1562790186390237,0.4942055960498756,-0.20621065429051824
104,T Cells,THD0005,Control,55,T Cells,-0.04537458584925489,0.7251495649474009,0.11528699301118733,-0.014447397029294453,0.3817059381456343,-0.0026232493914354095,-0.18765557043710213,0.03512720205270875,0.48936130882132617,-0.20050851137588385,0.0638930719632997,0.26554858611103244,0.43907877888769126,0.6976031289277889,0.5541138674288173,0.005734840951881634,-0.2887094602330214,-0.08570605129152749,-0.486325662012349,0.06467187448049648,1.6275167874856642,0.7380590859458355,-0.3723163229205342
105,T Cells,THD0005,Control,55,T Cells,-0.2122490502848439,0.8889718090654796,0.5912046790908427,-0.19511976569670655,0.06788159019090712,0.0017901706051360522,0.056058056371674526,0.09288682519604058,0.34547231253658095,-0.31537371038674566,0.12173263202338637,-0.035748425128815244,0.08040998734815863,0.6728044506620309,0.46511339525823914,0.059031142818469384,-0.49108959371166605,-0.1937589604094185,-0.6247834131167307,0.13627824136029323,1.5463746627890986,0.6651122838123009,-0.1614657777539694
254,T Cells,TILD015,IPF,60,T Cells,0.1055422513766263,1.3290979228727482,-0.1834721383832877,0.16746106059797752,0.3478178132507449,-0.004105393939677607,0.2863460272992159,0.0555879252831235,0.8580229665914662,-0.11656139704755789,0.25175161091714,-0.04160643733653038,0.27715467033962693,1.199255546507237,1.0716204288715037,0.05759378133755161,0.6084788050925888,0.3032720957554877,-1.0252104532414836,0.1418631932228315,1.8191999609517335,-0.5266023040622676,-0.31317691262924946
255,T Cells,TILD015,IPF,60,T Cells,0.1560779046724769,1.3474121143307387,0.22847114992384612,0.46073690400709283,0.44905603454987447,-0.0032256513786069717,-0.21782797626954334,-0.05042864207553526,0.3983514828722726,0.5810087987715106,0.21794147614182424,-0.02418084668651064,0.561492411402806,0.8743078928979588,0.5631848697757759,0.3481366538128183,0.22568892920248224,0.6628682589203079,-0.1722850022044657,0.17519420848190717,1.7482725577642177,0.2568878064867665,-0.0496354808900809
256,T Cells,TILD015,IPF,60,T Cells,-0.00044224958834275345,1.3646617032436843,0.7536885234776024,0.29834050057885714,0.23190747919846497,-0.0004742710283307215,-0.1351013949498962,0.05515884761860938,0.9035424206235759,0.23109752912159287,0.06936909351204769,-0.37328156329950607,0.3720314091721423,1.7265755063075203,0.9630690123534968,0.3175557374789243,0.36643664228592526,0.3684048393338569,-0.6085361011972195,-0.5290910349994543,2.0332086264046114,0.02828789208282478,-0.20689550059266307
257,T Cells,TILD015,IPF,60,T Cells,0.24320367018532374,1.3617250691450624,0.1342484889484191,0.7435347970529119,0.38328784057497317,1.1752863345385056e-06,-0.22696539307207317,0.13525272310353018,0.432639160546775,0.07416698352584845,0.08909471475801807,-0.018427012701053336,0.38679541126082295,0.4207319042179733,1.236140907812762,0.7784073041917011,0.9841477097443126,0.7168166054124259,-0.42976951743076064,-0.3778723853661026,2.1691917523993673,-0.016861958740452616,0.2725289198166785
258,T Cells,TILD015,IPF,60,T Cells,0.3152443241783517,1.6319956839680958,0.4582362268827771,0.45181866026442147,0.44580416686702845,-0.0011658237052462276,-0.22035747198548908,0.06364973396551524,0.3498670123524293,0.05549053478331392,0.249733425883315,-0.024634622727929656,0.5971725347135964,1.2143552862199847,0.7932502682204869,0.3990572248977574,0.651838064996282,0.8808738418851368,-0.6912151827918906,-0.3530285347315442,1.9952029413753523,-0.5754797637179001,0.26576727475001893
259,T Cells,TILD015,IPF,60,T Cells,0.19974993916422626,1.4141100782344167,0.004032598502610862,0.5257518680444077,0.2794946337267198,0.002149768586579572,-0.42673503821709163,-0.014526848797504287,0.9644001138316086,-0.42591850206135645,0.028578143848399035,0.03758704398694019,0.6924274215199914,1.0788600829288455,1.0761277836715355,0.4936823572961065,0.6497995323403118,0.8076588661712067,-0.645115824780824,-0.4186637581731771,2.0025497488434993,-0.09021631602739082,-0.11077521678473651
260,T Cells,TILD015,IPF,60,T Cells,0.20836355384145186,1.53911915875496,0.3409357677835912,0.5185178898200694,0.11171811657512368,-0.0033906486547068126,-0.5323669691873686,0.07979318169777894,1.0136778651818923,0.2312328835362217,0.09854659151528102,-0.034477678796345564,0.26969358060735754,0.5767509311341577,1.1696027080107345,0.13606000493627032,1.0677430387367632,0.4184032746990927,-0.7596708120194247,-0.5236904525199048,1.6528122381211605,0.09046468108458293,0.3487697410911196
261,T Cells,TILD015,IPF,60,T Cells,0.21134809934723553,1.4732846741256609,0.1813379202511167,0.3388549637779656,0.25308654239035794,-0.003103926328009061,-0.022542268121430863,0.09919054945860489,0.7069783915424256,0.9955733110438988,0.02704661887851036,-0.1659604849963754,0.4896923065832538,1.01161947092568,1.1743893450517442,0.27526510507644203,0.42345473899785974,0.8030510752581741,-0.35071507482005365,-0.025731775331809655,2.0091067818365365,0.09119056282454754,-0.08396140832959895
262,T Cells,TILD015,IPF,60,T Cells,0.3542587226762635,1.7192743812569813,0.263282569210853,0.2650390281274099,0.26019041735472676,-0.0011974173278864308,-0.34230631914511833,-0.01636159928582432,0.6747800768915055,0.5011268829114739,0.058566671127219874,-0.082894512590334,0.029552011692645187,1.355707492698164,1.115723128369803,-0.07831312292434534,0.17426206807824657,0.6589627439474824,-0.4837019475343728,0.04465282898330775,1.9007860064133903,-0.18044787113701058,0.2881407126194331
263,T Cells,TILD015,IPF,60,T Cells,0.3573879513822997,1.5955386813271375,0.07950812054755757,0.42300731476144776,0.35488990853318975,-0.005244729135905081,0.098171971098123,0.10309363117418396,0.36951220019395875,0.3606402267283692,0.15719656459824483,0.059730549038707656,-0.09077881444361202,-0.2729969229299564,1.0067002065544173,0.23262777750229105,-0.07471351772599513,0.9977864181356714,-0.6566975096029548,0.13508421470531282,1.7726141362102976,-0.15901166261373043,0.009013357120509553
264,T Cells,TILD015,IPF,60,T Cells,0.19204906372414648,1.3805842359309515,-0.09057615305005537,0.3515646728172893,0.29255246308739397,-0.002600942468390117,0.0044596045843338155,0.13402453329180214,0.23738891386221406,0.3154004222597452,-0.00020738811231561446,0.019428516089643254,0.20233082172305267,0.7707257155180682,0.8991345143457286,0.2055370160561483,0.7080374740298652,0.4101318351844387,-0.4010117058333068,-0.6430417055687433,1.928125556584535,-0.18405721112569517,0.054943440125883126
265,T Cells,TILD015,IPF,60,T Cells,-0.09391813399863368,1.4249169233546335,0.3046836645876173,0.4039624097913683,0.5430738441788043,0.006795168539213254,0.19460311044312623,-0.04190775897763417,0.394921574173208,-0.31287691431307424,-0.0609119197113943,-0.2768849583565308,0.2154261827610074,0.514366757949678,2.10457626826819,0.36142485870794133,0.04197973810095979,1.1490641008687061,-0.6769622172613694,-0.13192028371567646,1.3910875960929332,-0.034228017059160405,0.0664794070144048
266,T Cells,TILD015,IPF,60,T Cells,0.3056355130445303,1.712486752747828,0.5006454679590114,0.3708682141544048,0.23939454437188887,0.002112936497782699,0.01571830255954116,-0.030946974605031062,0.5489743892139664,0.5222829494422133,-0.08411401639423431,-0.23083567796169271,0.5211909853644908,1.5002643610807098,0.7035395637774385,0.6121275823902076,0.7412024101976482,0.5845878148964145,-0.5628853877384268,-0.5465703219253871,1.7860130289407736,-0.05989650573916317,-0.0006879527648623249
267,T Cells,TILD015,IPF,60,T Cells,0.14187420664355133,1.45211170442593,0.1788063602591773,0.345001503231922,1.4482081388830947,-0.006104231609053068,-0.431309844359394,0.18169638532523086,1.2230494073320364,1.111509656916627,-0.013453112488686147,-0.03676493079552405,0.20141701532295586,1.3766620924901312,1.2182056684191152,0.20193402576523595,0.4364966516362492,0.29367436446069367,-0.4258431187182135,-0.040773606136710654,1.740400663804034,-0.6121321589922414,0.0986554410420972
268,T Cells,TILD015,IPF,60,T Cells,0.20186607329314463,1.3621217258843654,0.001816404237729747,0.10854493082221459,0.07187556746921643,0.0005648331927639669,-0.40116207742053234,0.1160784496370631,1.2300756054890654,0.6341019521002093,0.12432061177079719,0.21318923760054703,-0.19512891902469498,0.6954548751960936,0.6840680674761146,0.42973388759381076,0.3643323358150814,0.5884339552982367,-0.9989022405175054,-0.45462676572703803,1.420287094073496,-0.38977131925534936,-0.11321602601948286
269,T Cells,TILD015,IPF,60,T Cells,0.2430353861785901,1.5089808678264671,0.5232636253669255,0.40706123535216954,0.42937584643027304,-0.003209430956587409,-0.09745839901105534,0.005823419575918684,0.6079181305651763,-0.04344966254229948,0.19927519656489748,-0.3088961324378058,0.20148322388950146,0.5936808305522332,1.1386458184580222,0.31296043821512826,0.46120586636013844,0.3113029503716379,-0.39802242279911804,-0.29972497317447583,2.350643279586938,-0.11563553495628008,-0.14683375609244823
270,T Cells,TILD015,IPF,60,T Cells,0.480205990770815,1.4531515417152452,0.12266884179570794,0.22155815434300544,0.3092560839747624,0.0029536718499845868,-0.23377426630141543,0.08868261171757538,0.5842866271149887,-0.06679308192716595,-0.07290890705033527,-0.2864588036678613,-0.05673854079692552,0.8927277150138444,0.7874088281492738,0.25132435937864833,0.7707487021564493,0.6846386717251234,-0.3683379090622151,-0.24686996276976195,1.8973673606656236,-0.39418976456060434,-0.3086673523604835
271,T Cells,TILD015,IPF,60,T Cells,0.08544851053041123,1.6452929260281803,0.29002539039978936,0.2950952703818735,0.2780652632774566,-0.0026505063336144247,-0.0043078352702471895,0.1651489034886678,0.5073607845821345,0.29670581856725364,-0.012094883938804212,-0.006666221949257458,0.3045448996562148,1.6895358533513194,1.1745971584548727,0.08516577875072384,1.4413929828811813,0.6937001773884756,-0.5852902081995901,0.0281969349906612,1.8923920033203705,-0.12112382304294016,-0.05363578960160386
272,T Cells,TILD015,IPF,60,T Cells,0.3769284403683035,1.4154831646817843,-0.024726758113368247,0.18326524375492634,0.118805785224115,-0.0029928127556111753,-0.014719756990814702,0.01619591969234407,0.5891269717468166,0.3989245910946347,0.25957435943769497,-0.09081535384497373,-0.1164861705059193,0.7796446170808746,0.6476636733765178,0.5342871269951263,-0.08915652706389923,0.7041209014484926,-0.6822972618769652,-0.5457737484569112,1.9112006464222877,-0.16166529326949802,0.13036240131508797
273,T Cells,TILD015,IPF,60,T Cells,0.26548857045685187,1.2802906787117496,0.20437328436049526,0.5486860877485412,0.2225539369363427,-0.0052361637261959925,0.07356896392054015,0.0737915564039551,0.4875881006857579,0.16986514768031924,0.3001794904117994,-0.16649771751021766,-0.0921062011609152,0.5693833029199092,0.8686618745388329,0.15950891381397525,0.47498413619521934,0.7256133084721984,-0.21618925277987946,-0.8390008899621556,1.8026105594329096,-0.3736018137556589,0.003901383173339137
274,T Cells,TILD015,IPF,59,T Cells,-0.05915608109723464,1.854874168168121,0.509147482118606,0.1624621352017814,0.4014814918665631,-0.006093036231880813,0.028105811129269753,0.09950113943817929,0.3787928179534642,0.6895971363149395,-0.023852473671919516,-0.13465001669182022,0.5842101887527524,0.4489014841744456,1.0159780371709841,0.42359039737900667,0.8325618280469902,0.3137280462063389,-0.42134190267681093,-0.0550864849436076,2.0024627161002675,-0.3470190631443534,0.3015690847733302
280,T Cells,TILD028,IPF,72,T Cells,-0.09691534075077105,0.28116129631307063,0.13355447285191827,-0.1998510465902657,-0.020168003523761968,-0.008772272743263967,-0.3302514447990829,-0.01887610435998999,-0.03883680598282685,1.0367715135450724,-0.17262254122052714,-0.3226591217881336,-0.29477423268430814,0.9812893405909356,0.5886810599668941,-0.34346022430287626,-0.20992514537974705,0.3921743354864057,-0.00551573402576188,-0.23654432610522927,1.1652001345678884,-0.21239957854750532,-0.28685684041407633
281,T Cells,TILD028,IPF,71,T Cells,-0.07002970395369865,0.4807705401481326,0.5508364717662537,0.011331859352505937,0.1590563877108198,-0.006370590693501678,0.834967797320005,0.011723282527425799,0.33213861363260216,0.627800547622214,0.12960435777000764,0.0804377601486246,0.09373720635339614,1.0125234086676855,0.3952891657883087,0.08502442869453855,0.769887701211266,0.17553456292680877,-0.06804772948692572,0.12070299749516061,0.9045145270108381,0.16902191651753526,-0.09541382869104584
390,T Cells,VUHD66,Control,61,T Cells,0.08557501273995669,0.308034440429332,0.2400838486191033,-0.34787671113103935,-0.040461861966481154,0.0006514253613585583,-0.6685712570003454,0.056758164313542435,1.7044250603611346,0.06507923954255423,-0.005279024956060582,0.01694512297315791,-0.10361751037973005,1.2228201800206648,1.5332365868777298,0.4800052190470817,0.6791454150126087,-0.5976776977246625,0.46424113725777244,-0.3567231365492762,1.3738354490952966,-0.20709889733858886,-0.46891852923294536
391,T Cells,VUHD66,Control,60,T Cells,-0.11354156323018362,0.47572096198659297,0.0007028070598871896,-0.21453073099683753,-0.01187481428257189,-0.004773373508615061,-0.021815291001670033,0.1289826677321459,1.447414591943094,-0.013940049975062208,-0.22681043683084998,-0.20688962294705016,-0.15507363206874808,-0.12415389396073698,1.2968084749367044,0.5104448690251934,0.12390405433904819,-0.1804446783739625,0.09562379452198887,-0.08304408962095705,0.5055436916940435,-0.27050597298055856,-0.21387650093124363
392,T Cells,VUHD66,Control,60,T Cells,0.07766460048465593,0.36052672089715754,-0.11592410931762641,-0.23315648797840474,-0.22035326118313833,-0.004782898741367166,-1.196982262636078,0.04987303583300305,1.7782232569528922,0.1331751853896764,0.20163349939937616,0.6665416800350211,-0.3380191594584223,0.4946833442087733,0.9896851780646412,0.6414214362699504,-0.015198627317908612,-0.42669934565634776,0.06736164927196707,-0.16079060720528465,1.817601384353009,-0.10564530568012273,0.13429615263066857
393,T Cells,VUHD66,Control,60,T Cells,-0.05456302293025116,0.11851593645888144,-0.1631349061370237,-0.47283136109030643,-0.12017544916262031,-0.003989897682141868,-0.8389219577838797,-0.05381469858637211,0.8451494443069383,0.3636899257535581,0.026896384345554646,1.8197326235029447,-0.3127136864801089,-0.38690517197384394,0.901914679604697,0.45598537890721197,0.021070297193686534,-0.7669565218690051,0.006445239941260318,-0.24670732268622667,1.6734541502197318,-0.6919638215039814,-0.3578531719473952
395,T Cells,VUHD67,Control,61,T Cells,0.04679220405093487,-0.1802515511368667,-0.3771768934610206,0.27557034948995657,-0.0914858557332699,-0.010720798327835363,-0.10212843465470685,0.02976344273143996,-0.5365132029548619,-0.28780345017704045,-0.06298727140371427,0.05363043975394969,-0.5985509933417833,-0.20090827567919492,-0.10667116824737721,-0.1992713843920375,0.4406482661714885,-0.033333985041225506,0.1657321819889648,0.10108709797318355,-0.9018975184850582,-0.14545836511022706,0.046993772059487876
396,T Cells,VUHD67,Control,61,T Cells,0.09618756003871581,0.10005225794054184,0.11815490648174931,-0.00461353576050363,0.17548581402633082,-0.01002200228469224,0.2727974846093431,-0.0012416640736646715,-0.2995458641752669,0.45528045454091404,0.02793554464263272,0.0217285379820014,-0.14556749700959942,-0.7098342087230047,0.18176867978886108,0.17732995071154897,-0.5259469907782934,-0.2962868544310946,-0.09218536516043378,0.439998093775336,-0.7680827023918024,0.04105049911330714,-0.2301765230992459
397,T Cells,VUHD67,Control,61,T Cells,0.045692901189807136,-0.0938509980909998,-0.29383532665004614,0.07787004434770807,-0.12119544104274228,-0.010485372650575343,0.1430260558450442,0.01076551530071173,0.11441740788583239,-0.5646164860962685,-0.07573289989383687,-0.010858721558067594,-0.9072620723823738,-0.48300568346392303,-0.2879695500012681,0.32250528780148613,0.07168140809893095,-0.12146298917701279,0.19671239781916688,-0.10149904609032934,-0.3119947579388356,-0.4754392363826167,-0.00019312638237722196
398,T Cells,VUHD67,Control,61,T Cells,-0.06009896528775007,0.030696880135838267,0.4217284254769368,-0.16473117162261675,-0.0755540664680055,-0.012199848599461598,0.38880347932774,0.07866571411764325,0.07818658224244411,0.10788170087549347,0.021553475060434934,-0.05246426919984522,0.13107409416036442,-0.11301529697323466,0.07425922542835499,0.11397162907490799,-0.4080520020650164,-0.3900241462043834,0.5295299633596304,0.013663959370511986,0.20669733322040407,0.11168354531158378,-0.20120093297974986
399,T Cells,VUHD67,Control,61,T Cells,-0.11831611203474438,-0.14083037987314018,-0.04801476430074959,-0.005897305104846518,-0.019002333559148488,-0.006581431368440876,0.6651315502234185,0.20348602282168865,0.06701490077333803,-0.2633521115552032,-0.0896048220483967,0.043969174249981605,0.1917970528203187,0.15180677307836166,0.031906986363256354,-0.05048890731235697,-0.1714808264750067,-0.3598288887386396,-0.016987821815610076,0.2583819679851495,-0.14356875593638524,-0.06344468078841382,-0.14838595398762602
400,T Cells,VUHD67,Control,61,T Cells,0.07696948264489757,-0.032313119099812534,-0.14808035006280146,-0.04972321999258603,-0.012419989775482948,-0.009116477072901731,-0.0968245440279004,0.012087822589248187,0.021530920566582568,-0.3238584339501058,-0.0708454276547317,-0.26964488529828734,0.18460958288750035,-0.03482385759199844,-0.12265110051769025,-0.18045797283064544,-0.02027706179489269,-0.21842096176686823,-0.15204534004465892,0.04587350399958511,-0.8517865036198302,-0.023116413539568163,-0.20113843128928147
401,T Cells,VUHD67,Control,61,T Cells,-0.045076726087951324,-0.2510943905746681,-0.6079951491613612,-0.08538908242437987,-0.18682677681983337,-0.009660627900981433,-0.14627243369696905,0.07699453815541343,-0.3555433952040592,0.04952453626604717,-0.15944809443558636,0.14644642504296018,-0.10793227375363329,-0.3017753912381878,-0.35181901694293527,0.13564784878808311,-0.1256976398052025,0.1630874423314461,-0.13405324533484506,-0.4090613100430229,0.533542750994052,-0.16694790998468742,0.023651135520119514
402,T Cells,VUHD67,Control,61,T Cells,-0.005104566902347583,0.047780362702898364,-0.11267980723673975,-0.06818169289661044,0.012400072576861246,-0.008735974714571233,-0.24530997084127806,0.14405130307346659,0.2918187179355864,0.19816033573794636,-0.18865789070468797,0.08919185430966085,0.0478310753422952,-0.8516276001839843,-0.0698516099141044,0.4583540640081755,0.06118880697177461,-0.26714246639707073,0.1702070465228081,0.32389544493631245,-0.27118934545556744,-0.27164141942253883,-0.2924329861149081
403,T Cells,VUHD67,Control,61,T Cells,0.09794666268316692,0.08575496598473507,0.008197127136102225,0.12648559609192273,-0.12533394824524147,-0.006614245229447538,0.06604038454863971,0.036291324677956996,0.2351555224203375,-0.2461950773514445,0.23257493222630696,0.39190823659290597,0.16375119159095322,-0.028214737131664634,0.15895352542453375,0.26487869856003526,0.04287903451682951,0.13552291245055587,0.4404186804883879,-0.1671251630080167,0.0775502516072995,-0.06985532900275712,-0.28448940801222894
404,T Cells,VUHD67,Control,61,T Cells,0.1423934279795184,-0.109894971394586,0.3521114048349389,0.023677647597484117,-0.02420170092224315,-0.006426973197995734,-0.026704480987756025,0.2264200981725893,-0.32394824831345337,0.13989371289334115,0.022714842070957735,-0.14883434128923392,0.1931247580407653,-0.20441865004531629,0.029614957424745878,0.10263400322607474,-0.07877173709995781,0.17993648473135368,0.09749148555021186,-0.004904160810629855,-0.7465857364152527,-0.09209036991279755,0.12254493788276266
405,T Cells,VUHD67,Control,61,T Cells,0.001795549156235434,-0.2888637385187982,-0.28363415482861587,0.16459330292473073,-0.1528882626366922,-0.010973333350292068,0.23676355224469234,0.051853739215328085,0.08490946611779106,0.6281678409693835,-0.14048741768100007,0.12724283424368463,-0.08189542387326734,-0.1171989196882884,-0.029592928263307127,-0.2247206709012525,0.2251887942422777,0.1109676848995071,-0.03726243007500109,0.20666142035652688,-0.0486292955194374,-0.171925530364147,0.1861605093670946
406,T Cells,VUHD67,Control,61,T Cells,0.11139749753522096,-0.16071112110945718,-0.2027630657107287,0.08478868260305744,-0.29841688337501177,-0.008560850822789883,-0.09514834947912672,0.01939650531098134,-0.45200162802969757,-0.2653680406380904,-0.050635627336255304,-0.055044390580950744,-0.04546632785538967,0.46706282252386905,-0.2971988864045439,0.27854340170264674,-0.1325655371772181,-0.009187904118089734,0.2879888538327251,0.12681124166007496,-0.48191781560074665,0.029794315015083454,-0.04444320092304397
407,T Cells,VUHD67,Control,61,T Cells,0.0907443354248575,0.30930955803853344,0.07488532908487419,-0.0357623686615459,-0.024848003112095014,-0.005929503524660835,-0.9587493166401055,-0.023136097312850632,-0.18145808951139028,0.39612069237471975,-0.10988668112169432,0.24427292865253905,0.02715472946497327,0.0974767174947103,-0.24339744874231575,-0.04266289394770556,0.39933584624362933,0.10746278776824254,0.2607641841289896,-0.09341524007178562,0.10987461420765958,0.04653741844545426,0.07687806355199346
408,T Cells,VUHD67,Control,61,T Cells,0.09242621182593788,-0.21897528085504997,-0.6514244123729477,-0.07632360712514884,0.04487281767305279,-0.011330468196642286,-0.3851595601097,0.11256598942031637,0.008929170321876732,-0.3730009954718869,-0.044910668630234185,-0.0922087688600886,-0.19654013642648907,-0.20900576006044994,-0.2527110587655101,0.2566846980317512,1.0250512527711173,0.19289469999544828,0.09308630653549606,-0.137732630513781,-0.3338077098997432,-0.12822391750526446,-0.04086314114411252
409,T Cells,VUHD67,Control,61,T Cells,0.1456115622106154,-0.05636641190479691,-0.30070239150191314,0.20357571619295647,-0.056670199012169006,-0.012046847545731317,-0.23758760277702898,0.016646659507882994,-0.541887115727851,-0.1441632279529068,-0.13640538207669847,-0.3322831069391767,0.31539368548753466,-0.6033813653474438,-0.7642415734813637,0.12177333076200203,0.05318597088438919,0.08122424480029888,0.2820535937513084,0.15118384548158478,-0.268889691251262,0.046904427866611,0.29167191057856784
410,T Cells,VUHD67,Control,61,T Cells,-0.07195987113540218,0.16034081342815026,-0.419438143859593,-0.31741731719259225,0.09545952351853977,-0.004424773853224902,0.26501865860618445,0.018482781116030585,0.050699802369059355,0.9880874330502171,-0.1659276847528862,-0.3288526340453578,0.19938730178145225,-0.2689515208386362,0.03346415754481147,-0.19244185958501603,0.5048921541822727,0.017403013488815615,0.2204537231571518,-0.03899577668526208,-0.020968257544504067,-0.036704214589246185,-0.21870472750267214
411,T Cells,VUHD67,Control,61,T Cells,-0.055209966917328414,-0.12735887766579465,-0.3667032877087064,0.294098185404616,0.078100823342693,-0.009579397537000132,-0.37239533635610966,-0.016668244837081077,-0.01965456593918786,-0.20742160286459374,-0.04647602688154667,0.20949726997315124,0.24791445406351736,-1.5704574824568194,-0.3129290397576709,0.4555775892280493,0.17295905606162998,0.1739562995897683,-0.072556332457865,-0.0041243691184872505,-0.49143326542204535,-0.2127063780208938,-0.21554709732021313
412,T Cells,VUHD67,Control,61,T Cells,0.13076459718278446,-0.017580699924502043,-0.21889167695081652,-0.29119612486158425,0.05802277560248281,-0.011445051458962885,0.7776665667826593,0.023675447302375224,-0.27750853168852224,-0.031678870413099115,-0.07497315262996458,0.05322638791234703,0.19093674004732733,-0.39372582997216865,-0.3074712317984629,0.06845394091643059,-0.3441451775274188,-0.0761769281118879,0.29573884339675327,0.18418760906466958,0.10043319666632866,-0.2242507154389586,-0.0960805671968595
413,T Cells,VUHD67,Control,61,T Cells,0.10023677565567678,-0.06740348180181044,-0.11007944556967736,0.037493279526980304,0.0007484355789265885,-0.008412705129816938,-1.2474535927761183,0.16811218559626262,0.29528775127243173,-0.16857104068787218,-0.021865881329278965,0.023589196978267356,-0.11461068107701503,0.02462864893281807,0.2053566753134525,-0.3855855669350882,-0.31417806909168605,-0.22290916817827328,0.1191652313042394,0.027998629325802278,-0.5079225859093155,-0.1512703345216076,0.03588696677794038
414,T Cells,VUHD67,Control,61,T Cells,0.14785170356049496,-0.3310015553951549,-0.22662030022077062,0.6243851506005668,-0.09225375927014542,-0.010053117720473535,-0.031644315301355225,-0.0072063317326351226,0.007780708056195743,-0.2910252307825917,0.08425372833504759,-0.06293095095369196,0.2802926444685836,-0.11780972469264137,0.21611099382737778,-0.3079838674836979,-0.12453805290053942,0.031782670958661746,0.011983059249647675,-0.23525454580864286,0.3435565488289053,-0.45448987808159735,-0.13110055751237215
415,T Cells,VUHD67,Control,61,T Cells,-0.05467925002902687,-0.2290474706138317,0.12676018774412037,0.18204955642785,-0.08059801143556458,-0.008214090069255619,0.2942802398644798,0.0820940348348835,0.3775590086157442,0.05809692368605558,0.07652595129273206,-0.2129032664171225,-0.34277328858806816,-1.0112617810127325,-0.3861910640008748,0.13787282084085606,0.015409518384043894,-0.4233752628175624,-0.03601486936792274,-0.0033287694539743595,-1.4835838809212174,0.035890157357635795,0.057509168080247496
416,T Cells,VUHD67,Control,61,T Cells,-0.026270434862258753,0.10053738750119413,-0.32523721603557565,-0.024389023573332443,0.15475762106236915,-0.010389852304939272,-0.4310239194752811,0.02451311708177785,-0.46830434360893386,-0.09574868392224996,0.012156906817807341,0.009048892902673994,0.23716385556784422,0.05309218686105136,-0.5061739160021067,0.3894263445014603,-0.40615634866600636,0.3694515868232041,0.240065184298543,-0.20659371925009573,-0.31857516778289124,-0.5546218801701047,-0.1438022566313142
417,T Cells,VUHD67,Control,61,T Cells,0.010701537950587061,-0.07314368989430631,0.21774076878761975,0.10677803030841862,-0.10489923170748486,-0.011163583599714075,-0.11534093981462852,0.13232101402386584,0.3017607231474809,-0.07207869092053178,0.12237164073433467,0.02075718220216439,0.14626095733684902,0.47245968492515017,-0.08912899522613256,0.34096135223190105,-0.3131862610580787,-0.09579993929931227,0.15389247373652276,0.2607197598238645,-0.08520411714863603,-0.0069524173263922915,0.244676066745634
418,T Cells,VUHD67,Control,61,T Cells,-0.009773361260771598,-0.07801101749289155,0.0003524244456602427,0.22261077600588494,0.054039634084089495,-0.007495570592632629,0.20051909124599368,-0.08343878982326383,0.1752535145245596,-0.3259303825143157,-0.0626422616314739,-0.018023787952097962,0.3136309660051372,-0.24137238143247278,0.004703854056878799,-0.17122932531950388,-0.145415983359813,-0.4329402051539611,-0.11642135465880839,0.019664795488442622,-0.27150278731584965,-0.02674765611531176,0.006119916787748445
419,T Cells,VUHD67,Control,60,T Cells,0.040519176855038655,-0.20564793371335283,-0.20271983325350487,-0.05456273120472269,0.06864166705019395,-0.00868643444959402,-0.008626577011829843,-0.007264464327238176,-0.1481903018782012,-0.059409721617531955,0.02312622775513964,-0.23519664209146993,-0.2464395823321503,0.37186237080380047,-0.4967763528639387,0.6165043677181641,-0.35659828715572445,0.072672989772328,0.14731999923310804,0.2627786625108719,-0.828884970872533,0.04276615072039191,0.0971743641286256
420,T Cells,VUHD67,Control,60,T Cells,0.05990502674757756,-0.34554864959215525,-0.163640803983329,-0.037483045340838426,-0.10302039312570073,-0.008047597386634858,-0.2530224713048813,0.016809679801501304,-0.028927567387709685,-0.30498465790000034,-0.12054987655520792,0.3182451940788155,0.14111095812937197,-0.033261781355058466,-0.15162616099637272,-0.0024199543478902984,-0.40954689572365255,-0.05417202081104627,-0.09784336860244419,0.1283549080086678,-0.21077185299383275,-0.1566801263276668,-0.2965236026142334
584,T Cells,VUHD69,Control,60,T Cells,-0.06348614014425001,0.2221239963828028,-0.16001024072044445,0.38044499062058607,0.43038520564539623,-0.0019983026443860814,-0.02468335234649984,-0.19048483464144123,-0.40710006483995487,-0.05582405635386114,0.15417040274100138,-0.23600714329923259,0.09344609829722791,1.0238585550724093,0.4987042525694367,-0.3115964087460164,-0.6417459905632285,0.8826185162975774,-0.6081057805930796,-0.2928750807634162,0.41653935862186336,0.12486947529093423,-0.26754319666014986
585,T Cells,VUHD69,Control,60,T Cells,-0.007513595765966719,0.2215457701677413,0.19930700839658066,-0.1359200324413282,-0.010837920443063753,0.0076072305508018126,0.10065743596490821,-0.09231208268019589,-0.4874431815922013,0.07414747417840903,0.32750314858069046,0.3071406593315559,-0.16362821441001388,0.8361249486251553,0.4783154892627871,-0.47377907341127473,-0.44611132398163555,0.8486049872475403,-0.5460214735599243,-0.6326975302018161,1.0960885735507542,0.493721580068323,-0.19296258216851603
586,T Cells,VUHD69,Control,59,T Cells,0.07122970088925519,0.3267522135699843,0.721191862297156,0.087864802903675,0.057103711737934354,-0.00214829403183096,0.1836511050336739,-0.18291582429331346,-0.6499469606672066,-0.17677590562230078,0.24409814851110337,0.05076760688756314,0.283191567542902,0.2808357657947122,0.27895800440844215,-0.7475146464399751,-0.08197732264432975,1.1467338722331966,-0.8342708653641677,-0.7594699464945392,1.185656381162217,0.2661663818512868,-0.0730601661717275
587,T Cells,VUHD69,Control,59,T Cells,0.008588660831862726,0.652159650319184,-0.450674761681101,0.1856014101753354,0.022654386266882987,0.008796638386149663,-0.45397277404508624,-0.12051846606161834,-0.1283449040041023,0.41554759773308003,0.17615347952605218,0.03742983117385472,-0.013494195135779478,0.9264135092223036,-0.18309023629725102,-0.8657793956665176,-0.9674764427846142,1.2516664955071293,-1.212149103125871,-4.434553346992541,1.0700717874681045,0.4119049940764982,-0.0031699464909935235
588,T Cells,VUHD69,Control,59,T Cells,-0.001926275460726443,0.39587252952050805,0.26210672100883803,0.1384699921492725,0.5150147812120808,-0.0011714087944851743,-0.01738495373008333,-0.0552656313664313,-0.1594699750601987,0.36041874105494576,0.25918044762437886,-0.24478489311934096,0.18923521677098742,0.5832843476645553,0.5828669116768865,-0.35925615966917,-0.453578207962227,0.5547421501898471,-0.8013386703231455,-0.4384565052297188,1.3091495103258421,0.6431130304437055,0.03633824592198059
589,T Cells,VUHD69,Control,59,T Cells,-0.009827577027847947,0.1644178645699306,0.2737316250876821,0.024187288432891297,0.29128815503904976,-0.004940542896068257,-0.031177355821679874,-0.13645739718726296,-0.8115656974091551,0.4297378623647667,0.16033764670535264,0.10364561845751516,0.12593470976603893,0.1128915217049675,0.6036340647560297,-0.7905200009998054,-0.66821565994702,0.869855649914074,-0.9297937940048213,-0.19313924032829788,0.3345503132820618,0.7558131486444537,-0.464359127707763
590,T Cells,VUHD69,Control,59,T Cells,0.016868595302528662,0.6221348937470842,0.13241889065928877,0.35639304802265215,0.45595350034406334,-0.0009615574791270853,0.4458053142692888,-0.14985545913084458,-0.21890899442501288,0.21316262777015602,0.28496119726260466,0.12540168035533866,0.4645473498048658,0.8997592356409866,0.7176510756990581,-0.46165299812524135,-0.7375589713465581,0.9225022186879557,-1.0770057865682907,-0.2710904807893582,0.4304752756025197,1.3389487232190391,-0.0967032006390173
591,T Cells,VUHD69,Control,59,T Cells,0.07818707561394894,0.2813843573541478,0.2976958149594203,-0.03103961627122789,0.05527988459407033,0.006939083898727875,-0.0023928386183099887,-0.15585102221857602,-0.7095502750799246,-0.4386616831823742,0.20122937049128253,0.08458081730199438,-0.1412452818973387,1.1851720255231208,0.4171565439744392,-0.7909812678914715,0.19573565730086023,1.0932339173572314,-1.4225337850864055,-0.3379141789203128,1.56770799232552,1.0133978929676783,-0.242560819992695
785,T Cells,VUILD59,IPF,61,T Cells,-0.005599335935824438,0.36626869175799787,-0.20876598870995103,-0.1935237227228375,-0.09725931174900193,-0.0015775120674422095,0.3951623868305292,0.057154025901703286,0.4868342386301761,-0.3612780147382495,-0.4268376189868633,1.8206429188145132,-0.22164108821657144,0.270369603090016,0.17821975439498508,-0.4464986412465364,-0.9354946905877706,-0.639273641453307,-0.8615401271371363,-0.08981531730579947,1.2415367687326868,-0.06702106224736462,-0.31523608039162726
786,T Cells,VUILD59,IPF,61,T Cells,-0.08695693993763,0.2190149579818184,0.17302958486492545,-0.09974677869781572,0.019522046848775045,0.002980415506583254,-0.5893700990222974,0.025752294210838925,1.154481069702022,-0.3546214503876441,-0.3427287176495973,0.5493995404587226,-0.007240794158697959,1.1272792392497681,0.6105008642697282,-0.01669009828070281,-1.0689912855510526,0.09881887713702557,-0.7555172590624386,-0.24998228221134788,2.0338655251400657,0.09446573695066468,-0.34811662434059004
787,T Cells,VUILD59,IPF,61,T Cells,0.07786827377222652,0.43642181475933733,-0.32661523883362953,-0.14284152810566306,-0.1316407204485777,0.005720172811307065,-0.08853947675298339,0.09401460305461168,0.7462991978649692,-0.03590078127492195,-0.6191445452595942,-0.26946406262750644,-0.6731388752023073,0.04504282970124388,0.41530301224352495,-0.8266096712814186,-0.4820318858593159,-0.24489165751566266,-0.8132283806192542,-0.1579319151202008,0.9692610084275829,-0.2114678388282438,-0.4082688697719999
788,T Cells,VUILD59,IPF,60,T Cells,0.09237634099153005,0.24737929117413301,0.011713144126016019,0.02773651889389964,-0.14409129151695485,0.0007042041841310298,-0.246042803122037,0.12028365099750132,1.1417213434256337,0.12936580275871015,-0.46539719942453484,0.43250163799321717,-0.14481091456743012,-0.15817285258081026,0.4654684897732956,-0.021638462648576117,0.13815104212336443,-0.1801667467001946,-0.907658982510124,-0.17611322471269025,1.903028027060548,-0.04963928100221252,-0.4228664087235966
836,T Cells,VUILD60,IPF,59,T Cells,0.2684036356406036,0.33446677786712503,-0.08228923724265753,-0.13841473288286577,0.4171396884060582,-0.0037838946640138885,0.8561576180236696,0.14274388515344558,0.7996500510870191,-0.2681058170520528,-0.06688127570863321,0.7262906432638911,-0.27464403744890453,-0.16172661411157535,0.8663429497470861,0.034227205301796446,-0.037546847110993146,0.036849341715920136,-0.2666200591713402,-0.16809942281565818,-0.25848602300433193,-0.8256818604526308,-0.32874701402390183
837,T Cells,VUILD60,IPF,59,T Cells,0.20288012501143893,0.037956534995176115,-0.35296415670209447,-0.20485746014852135,0.2773814683610971,-0.006912790158993442,0.5255125757538243,0.06374990417913037,0.3485600515871627,-0.1060430470072945,-0.055135018244685446,-0.32655810707718474,-0.31384163912963725,-1.2904938798479633,0.6305869641557716,0.16373722756157233,-0.33188355907744227,-0.34797792805103284,-0.24630315423014418,-0.2226374988443172,0.8430659933503489,-0.6049804061032247,-0.8401882607282678
838,T Cells,VUILD60,IPF,59,T Cells,0.20592629833314238,0.3823669795864182,-0.14581199322509605,-0.3897577716112486,0.02598157307626745,-0.002942744690358868,0.24063524368302922,0.29489643611038524,1.0576676382243038,0.10012789636077303,-0.03883177263457098,0.0843434162736953,-0.09946172328694763,-0.18794901844819725,0.0929995964811289,0.29562454732307164,-0.7067434901376878,-0.3041492881762206,0.1278935174592162,0.04909000020252868,0.6204511416361184,-0.4757287790440992,-0.3129791616059718
839,T Cells,VUILD60,IPF,59,T Cells,0.1934600579801326,0.4468593592891004,0.42373881868048013,0.03477619701973849,-0.0012885890979549824,-0.004796529987524438,-0.4813112587954827,0.08922705395628441,1.7075604048547024,-0.2791690626912947,0.05975654419392995,-0.08033569977801387,-0.3745571937584264,0.27170667877390103,0.9518216249399246,0.513491939907485,0.2723694346743945,-0.2066754721739455,-0.07775928944879636,-0.34457621498766705,1.9050094852790977,-0.011508355663484727,-0.233320076592804
840,T Cells,VUILD60,IPF,59,T Cells,0.11060348970335518,0.5794639642570252,0.18852680997792715,-0.3047764814495907,0.056430842375707446,0.00020510158323901184,0.19840320018028054,0.10239796049343969,1.3351045587090944,0.10242152575267821,0.0589263755196925,-0.09988057250419123,-0.12302130320425073,0.780216184166688,0.5919104848587576,0.13875889254702745,-0.45015549540995486,-0.15837184825161793,0.16672194191136053,-0.18643632828740653,1.164782109163999,-0.4496090399874953,-0.4567360393665585
841,T Cells,VUILD60,IPF,59,T Cells,0.2546873260140127,0.26204122510840283,-0.5765141699769251,-0.17882333061339148,0.06598448974743366,-0.007215098427185086,-0.2912282491925159,-0.038375288747047466,0.9460917600986837,-0.3134084096887482,-0.04148069685293422,-0.29044206881157447,-0.3053584854686964,0.015304577967790563,0.6538648180417322,-0.08022397775324497,-0.6255719861665904,-0.2980189228689025,-0.15261639136841573,-0.031197594339390095,0.6130517107970598,-1.0540048347569655,-0.5373730474310477
842,T Cells,VUILD60,IPF,59,T Cells,0.17666346722403162,0.3017939574332849,-0.25443654115915243,-0.13489445523726198,0.15059068800654923,-0.0009402979408255508,-0.17615235751989294,-0.025420630428174495,1.0406939962372725,0.024566389967209515,0.04325468633624395,0.40740913105523086,-0.13259010325855308,0.10442612317733851,0.581035191117825,-0.018762046569400274,-0.3913510621016467,-0.5558153463627561,-0.12940626602648322,0.13127755610801226,1.0845721596314923,-1.187520881203437,-0.1796808651287893
843,T Cells,VUILD60,IPF,58,T Cells,0.365964398530394,0.5285125870539897,-0.3490500150822391,-0.10092819770759576,0.04258617961149961,-0.003660775122170872,0.21573727572533086,0.004261537765740991,0.9232992918869668,-0.2843531561641587,-0.11810552693233574,-0.06846237954457975,-0.38105437163532585,0.19844795568886078,0.691872887026689,0.3264913922943116,-0.34008113936243467,-0.3457824830496352,-0.4269979703316154,-0.15947020836797354,0.8656051389377808,-0.42888654211179883,-0.13920785006614741
844,T Cells,VUILD60,IPF,58,T Cells,0.23287432612373957,0.09825392472056373,-0.409971924697383,-0.24367421226572458,-0.24692386454008963,-2.5352365146166095e-06,-0.5442247617668681,-0.005602674284280586,1.1350727325129113,0.7009709460688641,-0.13162383163268948,0.25860927754423074,-0.03326129247889408,0.17910679719103959,0.4295258206045389,0.2705191591253364,-0.15157534974484865,-0.43275777397884563,0.07687897226695456,-0.061983095664970185,0.8971718039483934,-0.5173376216623721,-0.4202244845309958
969,T Cells,VUILD61,IPF,69,T Cells,0.46398028940622904,0.7295164522970407,0.3359244778786065,0.3622128632960121,0.16706938988473416,-0.0022576376944979815,-0.006154526013286387,0.1289175481830352,1.737163202059109,0.1580047413236206,0.048441910722352224,-0.05897119887569623,-0.025937421279474404,0.5791805637986702,1.2203696363530339,0.9562269159809854,0.7135486742330369,-0.18710854613442776,0.05927268581658304,-0.10397531284714841,1.4778492284858027,-0.07895224625659586,-0.1123313832782897
970,T Cells,VUILD61,IPF,69,T Cells,0.3118664609861813,0.7937376398723471,0.297454885931704,0.014795156138667043,0.12280725666930273,-0.005369128453404424,-0.2815692182149237,0.04829237004719387,0.6584953763790088,0.5240567281505052,0.17154195067773606,0.010456575321585546,0.12371805893181798,0.6197957226914333,1.0663379329406177,0.39284437737090816,0.24914110842087656,0.11594885638460667,-0.04577858142050324,-0.2748598612525643,1.7161476359524508,-0.55312149640067,-0.27029350043912675
971,T Cells,VUILD61,IPF,68,T Cells,0.3691195640282131,0.7669904096758711,0.1900479011058362,0.43525633848322454,0.35975099274595673,-0.005306574708403082,-0.9561760712077506,0.05120353520080913,1.6716418714191779,0.10718128091610395,0.04885605774348763,0.5691695732657152,-0.4776839837402368,0.5829780080194811,0.9517209782535678,0.30530940738255646,0.015808623696638,0.13347632368224874,0.12654279826949688,-0.10005980949245497,1.5976152802550636,-0.11376862923798009,-0.10340557923418159
1069,T Cells,VUILD63,IPF,65,T Cells,0.06800563298323269,0.5712849115246231,0.5344211103323459,0.13609213596760902,-0.04806316591483702,-0.0062864267636283215,0.21612492671274752,-0.03583453843861715,1.2944798262934072,0.5013871040305743,0.3167886263304038,0.40069425716508444,0.43922934237036926,-0.31479259628019296,0.6422500171687746,0.42624540559698737,0.2588799555886488,0.07645380304487223,-0.2904242873022039,-0.2228091078102095,0.38383277277639166,0.6942486977576923,-0.19042602975112924
1070,T Cells,VUILD63,IPF,65,T Cells,0.06148060006089854,0.3675898825250238,0.13162377860240046,0.26658601057841796,0.07887732926374315,-0.00325309028236747,0.16895790589262816,0.01773712232151233,1.0275144035055568,0.2414114353161051,0.28163018110180466,0.06447902127039609,0.343096942214416,0.14472716402920013,0.6821912460867633,0.20408921162213586,0.06559098394241455,0.18892298556075013,-0.5159147165450091,0.04762291663104019,0.5072302459097254,0.1725491801283982,0.06851126269857591
1071,T Cells,VUILD63,IPF,64,T Cells,0.13059258939626567,0.2717562705959913,0.44345612301883613,0.3482172814209567,-0.11082015700691018,-0.009808842850603221,-0.6730191437604872,0.1343629687932196,0.9207748885975483,0.03381856402981194,0.26054331558279026,0.4046332886866894,0.3593592240515225,0.43430747650736984,0.13198400988574716,0.11470739285624898,-0.5602408265579203,0.14000471656493982,-0.4591110800720132,0.586093329386778,0.7516045934057796,0.48912838278317056,0.11855169013259284
1072,T Cells,VUILD63,IPF,64,T Cells,0.08123996610129755,0.19659152314379993,0.23588885376268212,0.38908378479974765,-0.1682195606458619,-0.009291113435924855,0.13263841720521258,0.1674915571886181,0.9198629604635241,-0.25677859988802304,0.3861953685617954,0.18817200199914483,0.03252177504920339,0.24850157348497695,0.015146418335629356,0.36684941302124174,-0.5203008141767613,0.47658843524300065,-0.42979395129941955,0.17216886906384976,0.32628398676817405,-0.0716653730993592,0.03078487313671715
1073,T Cells,VUILD63,IPF,64,T Cells,0.21037337204731335,0.38667848572092844,0.5562661670707729,0.32131783215439547,-0.1943110980961749,-0.007863912096224536,0.31415853565784535,0.01855699281712722,1.1039750525614456,-0.5401445825966871,0.2764469134996929,0.5322245377296703,0.3387845345729625,1.0854758403708318,0.14098274865659965,0.3259812978588135,0.09583282420986973,0.5019086460066793,-0.13926536353998076,-0.026792881921189074,-0.4207369336986164,0.630509272122331,-0.01272457030058803
1074,T Cells,VUILD63,IPF,64,T Cells,0.1531817629050372,0.4801944693504205,0.6047823643809022,0.2026911048348585,0.09535370607180675,-0.003976795148889994,-0.8234656263344535,-0.006562945442803524,0.9977571201781935,-0.06524354566850549,0.06600278781733834,0.3935780506885903,0.3571818015360596,0.05056706353225178,0.5172683735154436,0.27950451789570335,0.2690165097683646,0.58104265513752,-0.650441320860685,-0.16986199724596152,0.4846092692069534,0.4030511554875302,0.02853200575450055
