instance,celltype,Subject_Identity,Disease_Identity,n_cells,subclass_majority
0,Macrophage_Alveolar,001C,Control,60,Macrophage_Alveolar
1,Macrophage_Alveolar,001C,Control,60,Macrophage_Alveolar
2,Macrophage_Alveolar,001C,Control,60,Macrophage_Alveolar
3,Macrophage_Alveolar,001C,Control,60,Macrophage_Alveolar
4,Macrophage_Alveolar,001C,Control,60,Macrophage_Alveolar
5,Macrophage_Alveolar,001C,Control,60,Macrophage_Alveolar
6,Macrophage_Alveolar,001C,Control,60,Macrophage_Alveolar
7,Macrophage_Alveolar,001C,Control,60,Macrophage_Alveolar
8,NK,001C,Control,61,NK
9,cMonocyte,001C,Control,61,Monocyte
10,cMonocyte,001C,Control,60,Monocyte
11,cMonocyte,001C,Control,60,Monocyte
12,cMonocyte,001C,Control,60,Monocyte
13,cMonocyte,001C,Control,60,Monocyte
14,cMonocyte,001C,Control,60,Monocyte
15,cMonocyte,001C,Control,60,Monocyte
16,cMonocyte,001C,Control,60,Monocyte
17,cMonocyte,001C,Control,60,Monocyte
18,cMonocyte,001C,Control,60,Monocyte
19,Macrophage,001C,Control,65,Macrophage
20,Macrophage,001C,Control,65,Macrophage
21,Macrophage,001C,Control,65,Macrophage
22,Macrophage,001C,Control,65,Macrophage
23,Macrophage,001C,Control,65,Macrophage
24,Macrophage,001C,Control,65,Macrophage
25,Macrophage,002C,Control,63,Macrophage
26,Macrophage,002C,Control,63,Macrophage
27,Macrophage,002C,Control,62,Macrophage
28,Macrophage,002C,Control,62,Macrophage
29,Macrophage,002C,Control,62,Macrophage
30,Macrophage,002C,Control,62,Macrophage
31,Macrophage,002C,Control,62,Macrophage
32,Macrophage_Alveolar,002C,Control,71,Macrophage_Alveolar
33,Macrophage_Alveolar,002C,Control,71,Macrophage_Alveolar
34,Macrophage_Alveolar,003C,Control,60,Macrophage_Alveolar
35,Macrophage_Alveolar,003C,Control,60,Macrophage_Alveolar
36,Macrophage_Alveolar,003C,Control,60,Macrophage_Alveolar
37,Macrophage_Alveolar,003C,Control,60,Macrophage_Alveolar
38,Macrophage_Alveolar,003C,Control,60,Macrophage_Alveolar
39,Macrophage_Alveolar,003C,Control,60,Macrophage_Alveolar
40,Macrophage_Alveolar,003C,Control,60,Macrophage_Alveolar
41,Macrophage_Alveolar,003C,Control,60,Macrophage_Alveolar
42,Macrophage_Alveolar,003C,Control,60,Macrophage_Alveolar
43,Macrophage_Alveolar,003C,Control,59,Macrophage_Alveolar
44,Macrophage_Alveolar,003C,Control,59,Macrophage_Alveolar
45,Macrophage_Alveolar,003C,Control,59,Macrophage_Alveolar
46,Macrophage_Alveolar,003C,Control,59,Macrophage_Alveolar
47,Macrophage_Alveolar,003C,Control,59,Macrophage_Alveolar
48,Macrophage_Alveolar,003C,Control,59,Macrophage_Alveolar
49,Macrophage_Alveolar,003C,Control,59,Macrophage_Alveolar
50,Macrophage,003C,Control,61,Macrophage
51,Macrophage,003C,Control,61,Macrophage
52,Macrophage,003C,Control,61,Macrophage
53,Macrophage,003C,Control,61,Macrophage
54,Macrophage,003C,Control,61,Macrophage
55,Macrophage,003C,Control,61,Macrophage
56,Macrophage,003C,Control,61,Macrophage
57,Macrophage,003C,Control,61,Macrophage
58,Macrophage,003C,Control,61,Macrophage
59,Macrophage,003C,Control,61,Macrophage
60,Macrophage,003C,Control,61,Macrophage
61,Macrophage,003C,Control,61,Macrophage
62,Macrophage,003C,Control,61,Macrophage
63,Macrophage,003C,Control,61,Macrophage
64,Macrophage,003C,Control,61,Macrophage
65,Macrophage,003C,Control,61,Macrophage
66,Macrophage,003C,Control,61,Macrophage
67,Macrophage,003C,Control,60,Macrophage
68,ncMonocyte,003C,Control,78,Monocyte_Non-Classical
69,cMonocyte,003C,Control,57,Monocyte
70,cMonocyte,003C,Control,57,Monocyte
71,cMonocyte,003C,Control,57,Monocyte
72,cMonocyte,003C,Control,56,Monocyte
73,cMonocyte,003C,Control,56,Monocyte
74,cMonocyte,003C,Control,56,Monocyte
75,cMonocyte,003C,Control,56,Monocyte
76,cMonocyte,003C,Control,56,Monocyte
77,B,003C,Control,61,B
78,B,003C,Control,61,B
79,T,003C,Control,83,T
80,T_Cytotoxic,003C,Control,73,T_Cytotoxic_A
81,T_Cytotoxic,003C,Control,73,T_Cytotoxic_A
82,NK,003C,Control,70,NK
83,cDC2,003C,Control,48,Dendritic_A
84,cDC2,003C,Control,48,Dendritic_A
85,Macrophage,010I,IPF,60,Macrophage
86,Macrophage,010I,IPF,60,Macrophage
87,Macrophage,010I,IPF,60,Macrophage
88,Macrophage,010I,IPF,60,Macrophage
89,Macrophage,010I,IPF,60,Macrophage
90,Macrophage,010I,IPF,60,Macrophage
91,Macrophage,010I,IPF,60,Macrophage
92,Macrophage,010I,IPF,60,Macrophage
93,Macrophage,010I,IPF,60,Macrophage
94,Macrophage,010I,IPF,60,Macrophage
95,Macrophage,010I,IPF,60,Macrophage
96,Macrophage,010I,IPF,60,Macrophage
97,Macrophage,010I,IPF,60,Macrophage
98,Macrophage,010I,IPF,60,Macrophage
99,Macrophage,010I,IPF,60,Macrophage
100,Macrophage,010I,IPF,60,Macrophage
101,Macrophage,010I,IPF,60,Macrophage
102,Macrophage,010I,IPF,60,Macrophage
103,Macrophage,010I,IPF,60,Macrophage
104,Macrophage,010I,IPF,60,Macrophage
105,Macrophage,010I,IPF,60,Macrophage
106,Macrophage,010I,IPF,60,Macrophage
107,Macrophage,010I,IPF,60,Macrophage
108,Macrophage,010I,IPF,60,Macrophage
109,Macrophage,010I,IPF,60,Macrophage
110,Macrophage,010I,IPF,59,Macrophage
111,Macrophage,010I,IPF,59,Macrophage
112,Macrophage,010I,IPF,59,Macrophage
113,Macrophage,010I,IPF,59,Macrophage
114,Macrophage,010I,IPF,59,Macrophage
115,Macrophage,010I,IPF,59,Macrophage
116,Macrophage,010I,IPF,59,Macrophage
117,Macrophage,010I,IPF,59,Macrophage
118,Macrophage,010I,IPF,59,Macrophage
119,Ciliated,010I,IPF,61,Ciliated
120,Ciliated,010I,IPF,61,Ciliated
121,Ciliated,010I,IPF,61,Ciliated
122,Ciliated,010I,IPF,61,Ciliated
123,Ciliated,010I,IPF,60,Ciliated
124,Ciliated,010I,IPF,60,Ciliated
125,Ciliated,010I,IPF,60,Ciliated
126,cMonocyte,010I,IPF,55,Monocyte
127,cMonocyte,010I,IPF,55,Monocyte
128,cMonocyte,010I,IPF,55,Monocyte
129,B,010I,IPF,49,B
130,B,010I,IPF,49,B
131,Macrophage_Alveolar,010I,IPF,60,Macrophage_Alveolar
132,Macrophage_Alveolar,010I,IPF,60,Macrophage_Alveolar
133,Macrophage_Alveolar,010I,IPF,60,Macrophage_Alveolar
134,Macrophage_Alveolar,010I,IPF,60,Macrophage_Alveolar
135,Macrophage_Alveolar,010I,IPF,59,Macrophage_Alveolar
136,Macrophage_Alveolar,010I,IPF,59,Macrophage_Alveolar
137,Macrophage_Alveolar,010I,IPF,59,Macrophage_Alveolar
138,Macrophage_Alveolar,010I,IPF,59,Macrophage_Alveolar
139,Macrophage_Alveolar,010I,IPF,59,Macrophage_Alveolar
140,Macrophage_Alveolar,010I,IPF,59,Macrophage_Alveolar
141,Macrophage_Alveolar,010I,IPF,59,Macrophage_Alveolar
142,Macrophage_Alveolar,010I,IPF,59,Macrophage_Alveolar
143,Macrophage_Alveolar,010I,IPF,59,Macrophage_Alveolar
144,T,010I,IPF,59,T
145,T,010I,IPF,58,T
146,T,010I,IPF,58,T
147,T,010I,IPF,58,T
148,T,010I,IPF,58,T
149,T,010I,IPF,58,T
150,T_Cytotoxic,010I,IPF,71,T_Cytotoxic_A
151,T_Cytotoxic,010I,IPF,71,T_Cytotoxic_A
152,cDC2,010I,IPF,60,Dendritic_A
153,cDC2,010I,IPF,60,Dendritic_A
154,NK,021I,IPF,55,NK
155,NK,021I,IPF,55,NK
156,NK,021I,IPF,54,NK
157,T,021I,IPF,64,T
158,T,021I,IPF,64,T
159,T,021I,IPF,64,T
160,T,021I,IPF,63,T
161,Fibroblast,021I,IPF,60,Fibroblast
162,Fibroblast,021I,IPF,60,Fibroblast
163,Macrophage_Alveolar,021I,IPF,53,Macrophage_Alveolar
164,Macrophage_Alveolar,021I,IPF,53,Macrophage_Alveolar
165,Macrophage_Alveolar,021I,IPF,52,Macrophage_Alveolar
166,Macrophage_Alveolar,021I,IPF,52,Macrophage_Alveolar
167,T_Cytotoxic,021I,IPF,66,T_Cytotoxic_A
168,T_Cytotoxic,021I,IPF,65,T_Cytotoxic_A
169,T_Cytotoxic,021I,IPF,65,T_Cytotoxic_A
170,cMonocyte,021I,IPF,73,Monocyte
171,cMonocyte,021I,IPF,72,Monocyte
172,Myofibroblast,021I,IPF,58,Myofibroblast
173,Myofibroblast,021I,IPF,57,Myofibroblast
174,Myofibroblast,021I,IPF,57,Myofibroblast
175,Myofibroblast,021I,IPF,57,Myofibroblast
176,Myofibroblast,021I,IPF,57,Myofibroblast
177,Macrophage,021I,IPF,62,Macrophage
178,Macrophage,021I,IPF,62,Macrophage
179,Macrophage,021I,IPF,61,Macrophage
180,Macrophage,021I,IPF,61,Macrophage
181,Macrophage,021I,IPF,61,Macrophage
182,Macrophage,021I,IPF,61,Macrophage
183,Macrophage,021I,IPF,61,Macrophage
184,Macrophage,021I,IPF,61,Macrophage
185,Macrophage,021I,IPF,61,Macrophage
186,Macrophage,021I,IPF,61,Macrophage
187,Ciliated,021I,IPF,72,Ciliated
188,Ciliated,021I,IPF,72,Ciliated
189,ncMonocyte,021I,IPF,63,Monocyte_Non-Classical
190,ncMonocyte,021I,IPF,62,Monocyte_Non-Classical
191,Macrophage_Alveolar,222C,Control,61,Macrophage_Alveolar
192,Macrophage_Alveolar,222C,Control,61,Macrophage_Alveolar
193,Macrophage_Alveolar,222C,Control,61,Macrophage_Alveolar
194,Macrophage_Alveolar,222C,Control,61,Macrophage_Alveolar
195,Macrophage_Alveolar,222C,Control,61,Macrophage_Alveolar
196,Macrophage_Alveolar,222C,Control,61,Macrophage_Alveolar
197,Macrophage_Alveolar,222C,Control,61,Macrophage_Alveolar
198,Macrophage_Alveolar,222C,Control,61,Macrophage_Alveolar
199,Macrophage_Alveolar,222C,Control,61,Macrophage_Alveolar
200,Macrophage_Alveolar,222C,Control,61,Macrophage_Alveolar
201,Macrophage_Alveolar,222C,Control,61,Macrophage_Alveolar
202,Macrophage_Alveolar,222C,Control,61,Macrophage_Alveolar
203,Macrophage_Alveolar,222C,Control,61,Macrophage_Alveolar
204,Macrophage_Alveolar,222C,Control,61,Macrophage_Alveolar
205,Macrophage_Alveolar,222C,Control,61,Macrophage_Alveolar
206,Macrophage_Alveolar,222C,Control,61,Macrophage_Alveolar
207,Macrophage_Alveolar,222C,Control,61,Macrophage_Alveolar
208,Macrophage_Alveolar,222C,Control,61,Macrophage_Alveolar
209,Macrophage_Alveolar,222C,Control,61,Macrophage_Alveolar
210,Macrophage_Alveolar,222C,Control,60,Macrophage_Alveolar
211,Macrophage_Alveolar,222C,Control,60,Macrophage_Alveolar
212,Macrophage_Alveolar,222C,Control,60,Macrophage_Alveolar
213,Macrophage_Alveolar,222C,Control,60,Macrophage_Alveolar
214,Macrophage_Alveolar,222C,Control,60,Macrophage_Alveolar
215,Macrophage_Alveolar,222C,Control,60,Macrophage_Alveolar
216,Macrophage_Alveolar,222C,Control,60,Macrophage_Alveolar
217,Macrophage_Alveolar,222C,Control,60,Macrophage_Alveolar
218,Macrophage_Alveolar,222C,Control,60,Macrophage_Alveolar
219,Macrophage_Alveolar,222C,Control,60,Macrophage_Alveolar
220,Macrophage_Alveolar,222C,Control,60,Macrophage_Alveolar
221,Macrophage_Alveolar,222C,Control,60,Macrophage_Alveolar
222,Macrophage_Alveolar,222C,Control,60,Macrophage_Alveolar
223,Macrophage_Alveolar,222C,Control,60,Macrophage_Alveolar
224,Macrophage_Alveolar,222C,Control,60,Macrophage_Alveolar
225,Macrophage_Alveolar,222C,Control,60,Macrophage_Alveolar
226,Macrophage_Alveolar,222C,Control,60,Macrophage_Alveolar
227,Macrophage_Alveolar,222C,Control,60,Macrophage_Alveolar
228,Macrophage_Alveolar,222C,Control,60,Macrophage_Alveolar
229,Macrophage_Alveolar,222C,Control,60,Macrophage_Alveolar
230,Macrophage_Alveolar,222C,Control,60,Macrophage_Alveolar
231,Macrophage_Alveolar,222C,Control,60,Macrophage_Alveolar
232,Macrophage_Alveolar,222C,Control,60,Macrophage_Alveolar
233,Macrophage_Alveolar,222C,Control,60,Macrophage_Alveolar
234,Macrophage_Alveolar,222C,Control,60,Macrophage_Alveolar
235,Macrophage_Alveolar,222C,Control,60,Macrophage_Alveolar
236,Macrophage_Alveolar,222C,Control,60,Macrophage_Alveolar
237,T,222C,Control,59,T
238,T,222C,Control,59,T
239,T,222C,Control,59,T
240,T,222C,Control,59,T
241,T,222C,Control,59,T
242,T,222C,Control,59,T
243,T,222C,Control,59,T
244,T,222C,Control,59,T
245,T,222C,Control,59,T
246,T,222C,Control,59,T
247,T,222C,Control,59,T
248,T,222C,Control,59,T
249,T,222C,Control,59,T
250,T,222C,Control,59,T
251,T,222C,Control,59,T
252,T,222C,Control,58,T
253,T,222C,Control,58,T
254,T_Cytotoxic,222C,Control,57,T_Cytotoxic_A
255,T_Cytotoxic,222C,Control,57,T_Cytotoxic_A
256,T_Cytotoxic,222C,Control,57,T_Cytotoxic_A
257,T_Cytotoxic,222C,Control,57,T_Cytotoxic_A
258,T_Cytotoxic,222C,Control,57,T_Cytotoxic_A
259,T_Cytotoxic,222C,Control,56,T_Cytotoxic_A
260,T_Cytotoxic,222C,Control,56,T_Cytotoxic_A
261,T_Cytotoxic,222C,Control,56,T_Cytotoxic_A
262,B,222C,Control,48,B
263,B,222C,Control,48,B
264,cMonocyte,222C,Control,61,Monocyte
265,cMonocyte,222C,Control,61,Monocyte
266,cMonocyte,222C,Control,61,Monocyte
267,cMonocyte,222C,Control,61,Monocyte
268,cMonocyte,222C,Control,61,Monocyte
269,cMonocyte,222C,Control,61,Monocyte
270,cMonocyte,222C,Control,61,Monocyte
271,cMonocyte,222C,Control,61,Monocyte
272,cMonocyte,222C,Control,61,Monocyte
273,cMonocyte,222C,Control,61,Monocyte
274,cMonocyte,222C,Control,61,Monocyte
275,cMonocyte,222C,Control,61,Monocyte
276,cMonocyte,222C,Control,60,Monocyte
277,cMonocyte,222C,Control,60,Monocyte
278,cMonocyte,222C,Control,60,Monocyte
279,cMonocyte,222C,Control,60,Monocyte
280,cMonocyte,222C,Control,60,Monocyte
281,cMonocyte,222C,Control,60,Monocyte
282,cMonocyte,222C,Control,60,Monocyte
283,cMonocyte,222C,Control,60,Monocyte
284,cMonocyte,222C,Control,60,Monocyte
285,cMonocyte,222C,Control,60,Monocyte
286,cMonocyte,222C,Control,60,Monocyte
287,cMonocyte,222C,Control,60,Monocyte
288,Macrophage,222C,Control,61,Macrophage
289,Macrophage,222C,Control,61,Macrophage
290,Macrophage,222C,Control,61,Macrophage
291,Macrophage,222C,Control,60,Macrophage
292,Macrophage,222C,Control,60,Macrophage
293,Macrophage,222C,Control,60,Macrophage
294,Macrophage,222C,Control,60,Macrophage
295,Macrophage,222C,Control,60,Macrophage
296,Macrophage,222C,Control,60,Macrophage
297,Macrophage,222C,Control,60,Macrophage
298,Macrophage,222C,Control,60,Macrophage
299,Macrophage,222C,Control,60,Macrophage
300,Macrophage,222C,Control,60,Macrophage
301,Macrophage,222C,Control,60,Macrophage
302,Macrophage,222C,Control,60,Macrophage
303,Macrophage,222C,Control,60,Macrophage
304,Macrophage,222C,Control,60,Macrophage
305,Macrophage,222C,Control,60,Macrophage
306,Macrophage,222C,Control,60,Macrophage
307,Macrophage,222C,Control,60,Macrophage
308,Macrophage,222C,Control,60,Macrophage
309,Macrophage,222C,Control,60,Macrophage
310,Macrophage,222C,Control,60,Macrophage
311,Macrophage,222C,Control,60,Macrophage
312,Macrophage,222C,Control,60,Macrophage
313,Macrophage,222C,Control,60,Macrophage
314,Macrophage,222C,Control,60,Macrophage
315,Macrophage,222C,Control,60,Macrophage
316,Macrophage,222C,Control,60,Macrophage
317,Macrophage,222C,Control,60,Macrophage
318,Macrophage,222C,Control,60,Macrophage
319,Macrophage,222C,Control,60,Macrophage
320,Macrophage,222C,Control,60,Macrophage
321,Macrophage,222C,Control,60,Macrophage
322,Macrophage,222C,Control,60,Macrophage
323,Macrophage,222C,Control,60,Macrophage
324,Macrophage,222C,Control,60,Macrophage
325,Macrophage,222C,Control,60,Macrophage
326,Macrophage,222C,Control,60,Macrophage
327,Macrophage,222C,Control,60,Macrophage
328,Macrophage,222C,Control,60,Macrophage
329,Macrophage,222C,Control,60,Macrophage
330,Macrophage,222C,Control,60,Macrophage
331,NK,222C,Control,58,NK
332,NK,222C,Control,58,NK
333,NK,222C,Control,58,NK
334,NK,222C,Control,58,NK
335,NK,222C,Control,58,NK
336,NK,222C,Control,58,NK
337,NK,222C,Control,57,NK
338,NK,222C,Control,57,NK
339,NK,222C,Control,57,NK
340,cDC2,222C,Control,66,Dendritic_A
341,cDC2,222C,Control,65,Dendritic_A
342,Fibroblast,222C,Control,85,Fibroblast
343,ATII,222C,Control,60,ATII_High-Surfactants
344,ATII,222C,Control,60,ATII_High-Surfactants
345,Macrophage,022I,IPF,61,Macrophage
346,Macrophage,022I,IPF,61,Macrophage
347,Macrophage,022I,IPF,61,Macrophage
348,Macrophage,022I,IPF,61,Macrophage
349,Macrophage,022I,IPF,61,Macrophage
350,Macrophage,022I,IPF,60,Macrophage
351,Macrophage,022I,IPF,60,Macrophage
352,Macrophage,022I,IPF,60,Macrophage
353,Macrophage,022I,IPF,60,Macrophage
354,Macrophage,022I,IPF,60,Macrophage
355,Macrophage,022I,IPF,60,Macrophage
356,Macrophage,022I,IPF,60,Macrophage
357,Macrophage,022I,IPF,60,Macrophage
358,Macrophage,022I,IPF,60,Macrophage
359,Macrophage,022I,IPF,60,Macrophage
360,Macrophage,022I,IPF,60,Macrophage
361,Macrophage,022I,IPF,60,Macrophage
362,Macrophage,022I,IPF,60,Macrophage
363,Macrophage,022I,IPF,60,Macrophage
364,cMonocyte,022I,IPF,75,Monocyte
365,cMonocyte,022I,IPF,75,Monocyte
366,B,022I,IPF,54,B
367,B,022I,IPF,53,B
368,Macrophage_Alveolar,022I,IPF,60,Macrophage_Alveolar
369,Macrophage_Alveolar,022I,IPF,60,Macrophage_Alveolar
370,Macrophage_Alveolar,022I,IPF,60,Macrophage_Alveolar
371,Macrophage_Alveolar,022I,IPF,60,Macrophage_Alveolar
372,Macrophage_Alveolar,022I,IPF,60,Macrophage_Alveolar
373,Macrophage_Alveolar,022I,IPF,60,Macrophage_Alveolar
374,Macrophage_Alveolar,022I,IPF,60,Macrophage_Alveolar
375,Macrophage_Alveolar,022I,IPF,60,Macrophage_Alveolar
376,Macrophage_Alveolar,022I,IPF,60,Macrophage_Alveolar
377,Macrophage_Alveolar,022I,IPF,60,Macrophage_Alveolar
378,Macrophage_Alveolar,022I,IPF,60,Macrophage_Alveolar
379,Macrophage_Alveolar,022I,IPF,60,Macrophage_Alveolar
380,Macrophage_Alveolar,022I,IPF,60,Macrophage_Alveolar
381,Macrophage_Alveolar,022I,IPF,60,Macrophage_Alveolar
382,Macrophage_Alveolar,022I,IPF,60,Macrophage_Alveolar
383,Macrophage_Alveolar,022I,IPF,60,Macrophage_Alveolar
384,Macrophage_Alveolar,022I,IPF,60,Macrophage_Alveolar
385,Macrophage_Alveolar,022I,IPF,59,Macrophage_Alveolar
386,Fibroblast,022I,IPF,67,Fibroblast
387,Fibroblast,022I,IPF,67,Fibroblast
388,cDC2,022I,IPF,46,Dendritic_A
389,cDC2,022I,IPF,46,Dendritic_A
390,T,022I,IPF,64,T
391,T,022I,IPF,64,T
392,T,022I,IPF,64,T
393,T,022I,IPF,64,T
394,T,022I,IPF,63,T
395,Myofibroblast,022I,IPF,59,Myofibroblast
396,Myofibroblast,022I,IPF,58,Myofibroblast
397,Myofibroblast,022I,IPF,58,Myofibroblast
398,Myofibroblast,022I,IPF,58,Myofibroblast
399,Myofibroblast,022I,IPF,58,Myofibroblast
400,ncMonocyte,022I,IPF,61,Monocyte_Non-Classical
401,ncMonocyte,022I,IPF,60,Monocyte_Non-Classical
402,T_Cytotoxic,022I,IPF,53,T_Cytotoxic_A
403,T_Cytotoxic,022I,IPF,53,T_Cytotoxic_A
404,T_Cytotoxic,022I,IPF,53,T_Cytotoxic_A
405,NK,022I,IPF,45,NK
406,NK,022I,IPF,45,NK
407,Ciliated,022I,IPF,55,Ciliated
408,Ciliated,022I,IPF,55,Ciliated
409,Macrophage_Alveolar,025I,IPF,61,Macrophage_Alveolar
410,Macrophage_Alveolar,025I,IPF,61,Macrophage_Alveolar
411,Macrophage_Alveolar,025I,IPF,61,Macrophage_Alveolar
412,Macrophage_Alveolar,025I,IPF,61,Macrophage_Alveolar
413,Macrophage_Alveolar,025I,IPF,61,Macrophage_Alveolar
414,Macrophage_Alveolar,025I,IPF,61,Macrophage_Alveolar
415,Macrophage_Alveolar,025I,IPF,61,Macrophage_Alveolar
416,Macrophage_Alveolar,025I,IPF,61,Macrophage_Alveolar
417,Macrophage_Alveolar,025I,IPF,61,Macrophage_Alveolar
418,Macrophage_Alveolar,025I,IPF,61,Macrophage_Alveolar
419,Macrophage_Alveolar,025I,IPF,61,Macrophage_Alveolar
420,Macrophage_Alveolar,025I,IPF,61,Macrophage_Alveolar
421,Macrophage_Alveolar,025I,IPF,61,Macrophage_Alveolar
422,Macrophage_Alveolar,025I,IPF,61,Macrophage_Alveolar
423,Macrophage_Alveolar,025I,IPF,61,Macrophage_Alveolar
424,Macrophage_Alveolar,025I,IPF,61,Macrophage_Alveolar
425,Macrophage_Alveolar,025I,IPF,61,Macrophage_Alveolar
426,Macrophage_Alveolar,025I,IPF,61,Macrophage_Alveolar
427,Macrophage_Alveolar,025I,IPF,61,Macrophage_Alveolar
428,Macrophage_Alveolar,025I,IPF,61,Macrophage_Alveolar
429,Macrophage_Alveolar,025I,IPF,61,Macrophage_Alveolar
430,Macrophage_Alveolar,025I,IPF,60,Macrophage_Alveolar
431,Macrophage_Alveolar,025I,IPF,60,Macrophage_Alveolar
432,Macrophage_Alveolar,025I,IPF,60,Macrophage_Alveolar
433,Macrophage_Alveolar,025I,IPF,60,Macrophage_Alveolar
434,Macrophage_Alveolar,025I,IPF,60,Macrophage_Alveolar
435,Macrophage_Alveolar,025I,IPF,60,Macrophage_Alveolar
436,Macrophage_Alveolar,025I,IPF,60,Macrophage_Alveolar
437,Macrophage_Alveolar,025I,IPF,60,Macrophage_Alveolar
438,Macrophage,025I,IPF,61,Macrophage
439,Macrophage,025I,IPF,61,Macrophage
440,Macrophage,025I,IPF,61,Macrophage
441,Macrophage,025I,IPF,61,Macrophage
442,Macrophage,025I,IPF,61,Macrophage
443,Macrophage,025I,IPF,60,Macrophage
444,Macrophage,025I,IPF,60,Macrophage
445,Macrophage,025I,IPF,60,Macrophage
446,Macrophage,025I,IPF,60,Macrophage
447,Macrophage,025I,IPF,60,Macrophage
448,Macrophage,025I,IPF,60,Macrophage
449,Macrophage,025I,IPF,60,Macrophage
450,Macrophage,025I,IPF,60,Macrophage
451,Macrophage,025I,IPF,60,Macrophage
452,Ciliated,025I,IPF,57,Ciliated
453,Ciliated,025I,IPF,57,Ciliated
454,cDC2,025I,IPF,81,Dendritic_A
455,Macrophage,034C,Control,61,Macrophage_Outlier_A
456,Macrophage,034C,Control,60,Macrophage_Outlier_A
457,Macrophage,034C,Control,60,Macrophage_Outlier_A
458,Macrophage,034C,Control,60,Macrophage_Outlier_A
459,Macrophage,034C,Control,60,Macrophage_Outlier_A
460,Macrophage,034C,Control,60,Macrophage_Outlier_A
461,Macrophage,034C,Control,60,Macrophage_Outlier_A
462,Macrophage,034C,Control,60,Macrophage_Outlier_A
463,Macrophage_Alveolar,034C,Control,60,Macrophage_Alveolar
464,Macrophage_Alveolar,034C,Control,60,Macrophage_Alveolar
465,Macrophage,034I,IPF,60,Macrophage
466,Macrophage,034I,IPF,60,Macrophage
467,Macrophage,034I,IPF,60,Macrophage
468,Macrophage,034I,IPF,60,Macrophage
469,Macrophage,034I,IPF,59,Macrophage
470,Macrophage,034I,IPF,59,Macrophage
471,Macrophage,034I,IPF,59,Macrophage
472,Macrophage,034I,IPF,59,Macrophage
473,Macrophage,034I,IPF,59,Macrophage
474,Macrophage,034I,IPF,59,Macrophage
475,Macrophage,034I,IPF,59,Macrophage
476,Macrophage,034I,IPF,59,Macrophage
477,Macrophage,034I,IPF,59,Macrophage
478,Macrophage,034I,IPF,59,Macrophage
479,Macrophage,034I,IPF,59,Macrophage
480,Macrophage,034I,IPF,59,Macrophage
481,Macrophage,034I,IPF,59,Macrophage
482,Macrophage,034I,IPF,59,Macrophage
483,Macrophage,034I,IPF,59,Macrophage
484,Macrophage,034I,IPF,59,Macrophage
485,Macrophage,034I,IPF,59,Macrophage
486,Macrophage,034I,IPF,59,Macrophage
487,Macrophage,034I,IPF,59,Macrophage
488,Macrophage,034I,IPF,59,Macrophage
489,Macrophage,034I,IPF,59,Macrophage
490,Macrophage,034I,IPF,59,Macrophage
491,Macrophage,034I,IPF,59,Macrophage
492,Macrophage,034I,IPF,59,Macrophage
493,cDC2,034I,IPF,74,Dendritic_A
494,Ciliated,034I,IPF,70,Ciliated
495,cMonocyte,034I,IPF,67,Monocyte
496,Myofibroblast,034I,IPF,60,Myofibroblast
497,Myofibroblast,034I,IPF,60,Myofibroblast
498,Myofibroblast,034I,IPF,60,Myofibroblast
499,Myofibroblast,034I,IPF,60,Myofibroblast
500,Myofibroblast,034I,IPF,60,Myofibroblast
501,Myofibroblast,034I,IPF,60,Myofibroblast
502,Myofibroblast,034I,IPF,59,Myofibroblast
503,T,034I,IPF,82,T
504,T_Cytotoxic,034I,IPF,86,T_Cytotoxic_A
505,Macrophage_Alveolar,040I,IPF,61,Macrophage_Alveolar
506,Macrophage_Alveolar,040I,IPF,61,Macrophage_Alveolar
507,Macrophage_Alveolar,040I,IPF,61,Macrophage_Alveolar
508,Macrophage_Alveolar,040I,IPF,61,Macrophage_Alveolar
509,Macrophage_Alveolar,040I,IPF,61,Macrophage_Alveolar
510,Macrophage_Alveolar,040I,IPF,61,Macrophage_Alveolar
511,Macrophage_Alveolar,040I,IPF,61,Macrophage_Alveolar
512,Macrophage_Alveolar,040I,IPF,61,Macrophage_Alveolar
513,Macrophage_Alveolar,040I,IPF,61,Macrophage_Alveolar
514,Macrophage_Alveolar,040I,IPF,61,Macrophage_Alveolar
515,Macrophage_Alveolar,040I,IPF,61,Macrophage_Alveolar
516,Macrophage_Alveolar,040I,IPF,61,Macrophage_Alveolar
517,Macrophage_Alveolar,040I,IPF,61,Macrophage_Alveolar
518,Macrophage_Alveolar,040I,IPF,61,Macrophage_Alveolar
519,Macrophage_Alveolar,040I,IPF,61,Macrophage_Alveolar
520,Macrophage_Alveolar,040I,IPF,61,Macrophage_Alveolar
521,Macrophage_Alveolar,040I,IPF,61,Macrophage_Alveolar
522,Macrophage_Alveolar,040I,IPF,61,Macrophage_Alveolar
523,Macrophage_Alveolar,040I,IPF,61,Macrophage_Alveolar
524,Macrophage_Alveolar,040I,IPF,61,Macrophage_Alveolar
525,Macrophage_Alveolar,040I,IPF,60,Macrophage_Alveolar
526,Macrophage_Alveolar,040I,IPF,60,Macrophage_Alveolar
527,Macrophage_Alveolar,040I,IPF,60,Macrophage_Alveolar
528,Macrophage_Alveolar,040I,IPF,60,Macrophage_Alveolar
529,Macrophage_Alveolar,040I,IPF,60,Macrophage_Alveolar
530,Macrophage_Alveolar,040I,IPF,60,Macrophage_Alveolar
531,Macrophage_Alveolar,040I,IPF,60,Macrophage_Alveolar
532,Macrophage_Alveolar,040I,IPF,60,Macrophage_Alveolar
533,Macrophage,040I,IPF,61,Macrophage
534,Macrophage,040I,IPF,61,Macrophage
535,Macrophage,040I,IPF,61,Macrophage
536,Macrophage,040I,IPF,61,Macrophage
537,Macrophage,040I,IPF,61,Macrophage
538,Macrophage,040I,IPF,61,Macrophage
539,Macrophage,040I,IPF,61,Macrophage
540,Macrophage,040I,IPF,61,Macrophage
541,Macrophage,040I,IPF,61,Macrophage
542,Macrophage,040I,IPF,61,Macrophage
543,Macrophage,040I,IPF,61,Macrophage
544,Macrophage,040I,IPF,61,Macrophage
545,Macrophage,040I,IPF,61,Macrophage
546,Macrophage,040I,IPF,61,Macrophage
547,Macrophage,040I,IPF,61,Macrophage
548,Macrophage,040I,IPF,61,Macrophage
549,Macrophage,040I,IPF,61,Macrophage
550,Macrophage,040I,IPF,61,Macrophage
551,Macrophage,040I,IPF,61,Macrophage
552,Macrophage,040I,IPF,60,Macrophage
553,Macrophage,040I,IPF,60,Macrophage
554,Macrophage,040I,IPF,60,Macrophage
555,Macrophage,040I,IPF,60,Macrophage
556,Macrophage,040I,IPF,60,Macrophage
557,Macrophage,040I,IPF,60,Macrophage
558,Macrophage,040I,IPF,60,Macrophage
559,Macrophage,040I,IPF,60,Macrophage
560,Ciliated,040I,IPF,67,Ciliated
561,Ciliated,040I,IPF,67,Ciliated
562,Ciliated,040I,IPF,67,Ciliated
563,T_Cytotoxic,040I,IPF,66,T_Cytotoxic_C
564,T_Cytotoxic,040I,IPF,66,T_Cytotoxic_A
565,B,040I,IPF,75,B
566,T,040I,IPF,69,T
567,T,040I,IPF,68,T
568,T,040I,IPF,68,T
569,cMonocyte,040I,IPF,87,Monocyte
570,Fibroblast,040I,IPF,51,Fibroblast
571,Fibroblast,040I,IPF,51,Fibroblast
572,Myofibroblast,040I,IPF,73,Myofibroblast
573,Myofibroblast,040I,IPF,73,Myofibroblast
574,cMonocyte,041I,IPF,52,Monocyte
575,cMonocyte,041I,IPF,52,Monocyte
576,Macrophage,041I,IPF,61,Macrophage
577,Macrophage,041I,IPF,61,Macrophage
578,Macrophage,041I,IPF,61,Macrophage
579,Macrophage,041I,IPF,61,Macrophage
580,Macrophage,041I,IPF,61,Macrophage
581,Macrophage,041I,IPF,61,Macrophage
582,Macrophage,041I,IPF,61,Macrophage
583,Macrophage,041I,IPF,61,Macrophage
584,Macrophage,041I,IPF,61,Macrophage
585,Macrophage,041I,IPF,61,Macrophage
586,Macrophage,041I,IPF,61,Macrophage
587,Macrophage,041I,IPF,61,Macrophage
588,Macrophage,041I,IPF,61,Macrophage
589,Macrophage,041I,IPF,61,Macrophage
590,Macrophage,041I,IPF,61,Macrophage
591,Macrophage,041I,IPF,61,Macrophage
592,Macrophage,041I,IPF,61,Macrophage
593,Macrophage,041I,IPF,61,Macrophage
594,Macrophage,041I,IPF,61,Macrophage
595,Macrophage,041I,IPF,61,Macrophage
596,Macrophage,041I,IPF,61,Macrophage
597,Macrophage,041I,IPF,61,Macrophage
598,Macrophage,041I,IPF,61,Macrophage
599,Macrophage,041I,IPF,61,Macrophage
600,Macrophage,041I,IPF,61,Macrophage
601,Macrophage,041I,IPF,61,Macrophage
602,Macrophage,041I,IPF,61,Macrophage
603,Macrophage,041I,IPF,61,Macrophage
604,Macrophage,041I,IPF,60,Macrophage
605,Macrophage,041I,IPF,60,Macrophage
606,Macrophage,041I,IPF,60,Macrophage
607,Macrophage,041I,IPF,60,Macrophage
608,Macrophage,041I,IPF,60,Macrophage
609,T_Cytotoxic,041I,IPF,49,T_Cytotoxic_A
610,T_Cytotoxic,041I,IPF,49,T_Cytotoxic_A
611,Fibroblast,041I,IPF,46,Fibroblast
612,Fibroblast,041I,IPF,46,Fibroblast
613,T,041I,IPF,51,T
614,T,041I,IPF,51,T
615,Macrophage_Alveolar,041I,IPF,60,Macrophage_Alveolar
616,Macrophage_Alveolar,041I,IPF,60,Macrophage_Alveolar
617,Macrophage_Alveolar,041I,IPF,60,Macrophage_Alveolar
618,Macrophage_Alveolar,041I,IPF,60,Macrophage_Alveolar
619,Macrophage_Alveolar,041I,IPF,60,Macrophage_Alveolar
620,Macrophage_Alveolar,041I,IPF,60,Macrophage_Alveolar
621,B,041I,IPF,71,B
622,B,041I,IPF,71,B
623,cDC2,041I,IPF,57,Dendritic_A
624,cDC2,041I,IPF,57,Dendritic_A
625,Ciliated,041I,IPF,55,Ciliated
626,Ciliated,041I,IPF,55,Ciliated
627,Ciliated,041I,IPF,54,Ciliated
628,ncMonocyte,041I,IPF,61,Monocyte_Non-Classical
629,Macrophage,051I,IPF,60,Macrophage
630,Macrophage,051I,IPF,60,Macrophage
631,Macrophage,051I,IPF,60,Macrophage
632,Macrophage,051I,IPF,60,Macrophage
633,Macrophage,051I,IPF,60,Macrophage
634,Macrophage,051I,IPF,60,Macrophage
635,Macrophage,051I,IPF,60,Macrophage
636,Macrophage,051I,IPF,60,Macrophage
637,Macrophage,051I,IPF,60,Macrophage
638,Macrophage,051I,IPF,60,Macrophage
639,Macrophage,051I,IPF,60,Macrophage
640,Macrophage,051I,IPF,60,Macrophage
641,Macrophage,051I,IPF,60,Macrophage
642,Macrophage,051I,IPF,60,Macrophage
643,Macrophage,051I,IPF,60,Macrophage
644,Macrophage,051I,IPF,60,Macrophage
645,Macrophage,051I,IPF,60,Macrophage
646,Macrophage,051I,IPF,60,Macrophage
647,Macrophage,051I,IPF,60,Macrophage
648,Macrophage,051I,IPF,60,Macrophage
649,Macrophage,051I,IPF,60,Macrophage
650,Macrophage,051I,IPF,60,Macrophage
651,Macrophage,051I,IPF,60,Macrophage
652,Macrophage,051I,IPF,60,Macrophage
653,Macrophage,051I,IPF,60,Macrophage
654,Macrophage,051I,IPF,60,Macrophage
655,Macrophage,051I,IPF,60,Macrophage
656,Macrophage,051I,IPF,60,Macrophage
657,Macrophage,051I,IPF,60,Macrophage
658,Macrophage,051I,IPF,60,Macrophage
659,Macrophage,051I,IPF,60,Macrophage
660,Macrophage,051I,IPF,60,Macrophage
661,Macrophage,051I,IPF,60,Macrophage
662,Macrophage,051I,IPF,60,Macrophage
663,Macrophage,051I,IPF,60,Macrophage
664,Macrophage,051I,IPF,60,Macrophage
665,Macrophage,051I,IPF,60,Macrophage
666,Macrophage,051I,IPF,60,Macrophage
667,Macrophage,051I,IPF,60,Macrophage
668,Macrophage,051I,IPF,60,Macrophage
669,Macrophage,051I,IPF,60,Macrophage
670,Macrophage,051I,IPF,60,Macrophage
671,Macrophage,051I,IPF,60,Macrophage
672,Macrophage,051I,IPF,60,Macrophage
673,Macrophage,051I,IPF,60,Macrophage
674,Macrophage,051I,IPF,60,Macrophage
675,Macrophage,051I,IPF,60,Macrophage
676,Macrophage,051I,IPF,60,Macrophage
677,Macrophage,051I,IPF,60,Macrophage
678,Macrophage,051I,IPF,59,Macrophage
679,Macrophage,051I,IPF,59,Macrophage
680,Macrophage,051I,IPF,59,Macrophage
681,Macrophage,051I,IPF,59,Macrophage
682,Macrophage,051I,IPF,59,Macrophage
683,Macrophage,051I,IPF,59,Macrophage
684,Macrophage,051I,IPF,59,Macrophage
685,Macrophage,051I,IPF,59,Macrophage
686,Macrophage,051I,IPF,59,Macrophage
687,Macrophage,051I,IPF,59,Macrophage
688,Macrophage,051I,IPF,59,Macrophage
689,Macrophage,051I,IPF,59,Macrophage
690,Macrophage,051I,IPF,59,Macrophage
691,Macrophage,051I,IPF,59,Macrophage
692,Macrophage,051I,IPF,59,Macrophage
693,Macrophage,051I,IPF,59,Macrophage
694,Macrophage,051I,IPF,59,Macrophage
695,Macrophage,051I,IPF,59,Macrophage
696,Macrophage,051I,IPF,59,Macrophage
697,Macrophage,051I,IPF,59,Macrophage
698,B,051I,IPF,58,B
699,B,051I,IPF,58,B
700,B,051I,IPF,58,B
701,B,051I,IPF,58,B
702,B,051I,IPF,57,B
703,B,051I,IPF,57,B
704,B,051I,IPF,57,B
705,Myofibroblast,051I,IPF,55,Myofibroblast
706,Myofibroblast,051I,IPF,55,Myofibroblast
707,Myofibroblast,051I,IPF,55,Myofibroblast
708,Myofibroblast,051I,IPF,54,Myofibroblast
709,T_Cytotoxic,051I,IPF,59,T_Cytotoxic_A
710,T_Cytotoxic,051I,IPF,59,T_Cytotoxic_A
711,T_Cytotoxic,051I,IPF,59,T_Cytotoxic_B
712,T_Cytotoxic,051I,IPF,58,T_Cytotoxic_A
713,T_Cytotoxic,051I,IPF,58,T_Cytotoxic_A
714,T_Cytotoxic,051I,IPF,58,T_Cytotoxic_B
715,T,051I,IPF,64,T
716,T,051I,IPF,64,T
717,T,051I,IPF,63,T
718,Ciliated,051I,IPF,56,Ciliated
719,Ciliated,051I,IPF,56,Ciliated
720,Ciliated,051I,IPF,56,Ciliated
721,Ciliated,051I,IPF,56,Ciliated
722,Ciliated,051I,IPF,56,Ciliated
723,Ciliated,051I,IPF,56,Ciliated
724,NK,051I,IPF,63,NK
725,NK,051I,IPF,62,NK
726,NK,051I,IPF,62,NK
727,Fibroblast,051I,IPF,72,Fibroblast
728,Fibroblast,051I,IPF,72,Fibroblast
729,T_Regulatory,051I,IPF,76,T_Regulatory_A
730,Macrophage_Alveolar,051I,IPF,74,Macrophage_Alveolar
731,cMonocyte,051I,IPF,64,Monocyte
732,cMonocyte,051I,IPF,63,Monocyte
733,cMonocyte,051I,IPF,63,Monocyte
734,cMonocyte,051I,IPF,63,Monocyte
735,T_Cytotoxic,052CO,COPD,61,T_Cytotoxic_C
736,T_Cytotoxic,052CO,COPD,61,T_Cytotoxic_C
737,T_Cytotoxic,052CO,COPD,61,T_Cytotoxic_C
738,T_Cytotoxic,052CO,COPD,60,T_Cytotoxic_C
739,T_Cytotoxic,052CO,COPD,60,T_Cytotoxic_C
740,T_Cytotoxic,052CO,COPD,60,T_Cytotoxic_C
741,T_Cytotoxic,052CO,COPD,60,T_Cytotoxic_C
742,T_Cytotoxic,052CO,COPD,60,T_Cytotoxic_C
743,T_Cytotoxic,052CO,COPD,60,T_Cytotoxic_C
744,T_Cytotoxic,052CO,COPD,60,T_Cytotoxic_C
745,T_Cytotoxic,052CO,COPD,60,T_Cytotoxic_C
746,T_Cytotoxic,052CO,COPD,60,T_Cytotoxic_C
747,T_Cytotoxic,052CO,COPD,60,T_Cytotoxic_C
748,T_Cytotoxic,052CO,COPD,60,T_Cytotoxic_C
749,T_Cytotoxic,052CO,COPD,60,T_Cytotoxic_C
750,T_Cytotoxic,052CO,COPD,60,T_Cytotoxic_C
751,T_Cytotoxic,052CO,COPD,60,T_Cytotoxic_C
752,B,052CO,COPD,81,B
753,Macrophage_Alveolar,052CO,COPD,70,Macrophage_Alveolar
754,Macrophage_Alveolar,052CO,COPD,70,Macrophage_Alveolar
755,Macrophage_Alveolar,052CO,COPD,69,Macrophage_Alveolar
756,T,052CO,COPD,60,T
757,T,052CO,COPD,59,T
758,T,052CO,COPD,59,T
759,T,052CO,COPD,59,T
760,T,052CO,COPD,59,T
761,T,052CO,COPD,59,T
762,T,052CO,COPD,59,T
763,T,052CO,COPD,59,T
764,T,052CO,COPD,59,T
765,T,052CO,COPD,59,T
766,T,052CO,COPD,59,T
767,ATII,052CO,COPD,76,ATII_High-Surfactants
768,NK,052CO,COPD,64,NK
769,NK,052CO,COPD,64,NK
770,NK,052CO,COPD,63,NK
771,NK,052CO,COPD,63,NK
772,ncMonocyte,052CO,COPD,73,Monocyte_Non-Classical
773,ncMonocyte,052CO,COPD,73,Monocyte_Non-Classical
774,cDC2,052CO,COPD,70,Dendritic_A
775,Macrophage,052CO,COPD,55,Macrophage
776,Macrophage,052CO,COPD,54,Macrophage
777,cMonocyte,052CO,COPD,58,Monocyte
778,cMonocyte,052CO,COPD,58,Monocyte
779,cMonocyte,052CO,COPD,58,Monocyte
780,cMonocyte,052CO,COPD,58,Monocyte
781,cMonocyte,052CO,COPD,57,Monocyte
782,Macrophage,053I,IPF,61,Macrophage
783,Macrophage,053I,IPF,61,Macrophage_MT-tRNAs
784,Macrophage,053I,IPF,61,Macrophage
785,Macrophage,053I,IPF,61,Macrophage
786,Macrophage,053I,IPF,61,Macrophage
787,Macrophage,053I,IPF,61,Macrophage_MT-tRNAs
788,Macrophage,053I,IPF,61,Macrophage
789,Macrophage,053I,IPF,61,Macrophage_MT-tRNAs
790,Macrophage,053I,IPF,61,Macrophage_MT-tRNAs
791,Macrophage,053I,IPF,61,Macrophage_MT-tRNAs
792,Macrophage,053I,IPF,61,Macrophage
793,Macrophage,053I,IPF,61,Macrophage
794,Macrophage,053I,IPF,61,Macrophage_MT-tRNAs
795,Macrophage,053I,IPF,61,Macrophage
796,Macrophage,053I,IPF,61,Macrophage_MT-tRNAs
797,Macrophage,053I,IPF,61,Macrophage
798,Macrophage,053I,IPF,61,Macrophage
799,Macrophage,053I,IPF,61,Macrophage
800,Macrophage,053I,IPF,61,Macrophage
801,Macrophage,053I,IPF,61,Macrophage
802,Macrophage,053I,IPF,61,Macrophage_MT-tRNAs
803,Macrophage,053I,IPF,61,Macrophage
804,Macrophage,053I,IPF,61,Macrophage_MT-tRNAs
805,Macrophage,053I,IPF,61,Macrophage_MT-tRNAs
806,Macrophage,053I,IPF,61,Macrophage
807,Macrophage,053I,IPF,61,Macrophage_MT-tRNAs
808,Macrophage,053I,IPF,61,Macrophage
809,Macrophage,053I,IPF,60,Macrophage_MT-tRNAs
810,B,053I,IPF,80,B
811,Macrophage_Alveolar,053I,IPF,59,Macrophage_Alveolar
812,Macrophage_Alveolar,053I,IPF,59,Macrophage_Alveolar
813,Macrophage_Alveolar,053I,IPF,59,Macrophage_Alveolar
814,Macrophage_Alveolar,053I,IPF,58,Macrophage_Alveolar
815,Macrophage_Alveolar,053I,IPF,58,Macrophage_Alveolar
816,Macrophage_Alveolar,053I,IPF,58,Macrophage_Alveolar
817,Macrophage_Alveolar,053I,IPF,58,Macrophage_Alveolar
818,Macrophage_Alveolar,053I,IPF,58,Macrophage_Alveolar
819,Macrophage_Alveolar,053I,IPF,58,Macrophage_Alveolar
820,cMonocyte,053I,IPF,66,Monocyte_MT-tRNAs
821,NK,053I,IPF,56,NK
822,NK,053I,IPF,56,NK
823,NK,053I,IPF,56,NK
824,NK,053I,IPF,56,NK
825,NK,053I,IPF,56,NK
826,NK,053I,IPF,56,NK
827,NK,053I,IPF,55,NK
828,T_Cytotoxic,053I,IPF,60,T_Cytotoxic_C
829,T_Cytotoxic,053I,IPF,59,T_Cytotoxic_C
830,T_Cytotoxic,053I,IPF,59,T_Cytotoxic_C
831,T_Cytotoxic,053I,IPF,59,T_Cytotoxic_C
832,T_Cytotoxic,053I,IPF,59,T_Cytotoxic_C
833,T_Cytotoxic,053I,IPF,59,T_Cytotoxic_C
834,T_Cytotoxic,053I,IPF,59,T_Cytotoxic_C
835,Ciliated,053I,IPF,64,Ciliated_MT-tRNAs
836,Ciliated,053I,IPF,64,Ciliated_MT-tRNAs
837,cDC2,053I,IPF,75,Dendritic_A
838,cDC2,053I,IPF,75,Dendritic_A
839,cMonocyte,056CO,COPD,54,Monocyte
840,cMonocyte,056CO,COPD,54,Monocyte
841,cMonocyte,056CO,COPD,54,Monocyte
842,cMonocyte,056CO,COPD,54,Monocyte
843,T,056CO,COPD,62,T
844,T,056CO,COPD,62,T
845,T,056CO,COPD,62,T
846,T,056CO,COPD,62,T
847,T,056CO,COPD,62,T
848,T,056CO,COPD,62,T
849,T,056CO,COPD,61,T
850,T,056CO,COPD,61,T
851,T,056CO,COPD,61,T
852,T,056CO,COPD,61,T
853,T,056CO,COPD,61,T
854,Macrophage_Alveolar,056CO,COPD,60,Macrophage_Alveolar
855,Macrophage_Alveolar,056CO,COPD,60,Macrophage_Alveolar
856,Macrophage_Alveolar,056CO,COPD,60,Macrophage_Alveolar
857,Macrophage_Alveolar,056CO,COPD,60,Macrophage_Alveolar
858,Macrophage_Alveolar,056CO,COPD,60,Macrophage_Alveolar
859,Macrophage_Alveolar,056CO,COPD,60,Macrophage_Alveolar
860,Macrophage_Alveolar,056CO,COPD,60,Macrophage_Alveolar
861,Macrophage_Alveolar,056CO,COPD,60,Macrophage_Alveolar
862,Macrophage_Alveolar,056CO,COPD,60,Macrophage_Alveolar
863,Macrophage_Alveolar,056CO,COPD,59,Macrophage_Alveolar
864,Macrophage_Alveolar,056CO,COPD,59,Macrophage_Alveolar
865,Macrophage_Alveolar,056CO,COPD,59,Macrophage_Alveolar
866,Macrophage_Alveolar,056CO,COPD,59,Macrophage_Alveolar
867,Macrophage_Alveolar,056CO,COPD,59,Macrophage_Alveolar
868,Macrophage_Alveolar,056CO,COPD,59,Macrophage_Alveolar
869,Macrophage_Alveolar,056CO,COPD,59,Macrophage_Alveolar
870,Macrophage_Alveolar,056CO,COPD,59,Macrophage_Alveolar
871,Macrophage_Alveolar,056CO,COPD,59,Macrophage_Alveolar
872,Macrophage_Alveolar,056CO,COPD,59,Macrophage_Alveolar
873,Macrophage_Alveolar,056CO,COPD,59,Macrophage_Alveolar
874,ATII,056CO,COPD,45,ATII_Low-Surfactants
875,ATII,056CO,COPD,45,ATII_Low-Surfactants
876,Ciliated,056CO,COPD,50,Ciliated
877,Ciliated,056CO,COPD,49,Ciliated
878,T_Cytotoxic,056CO,COPD,63,T_Cytotoxic_A
879,T_Cytotoxic,056CO,COPD,63,T_Cytotoxic_A
880,T_Cytotoxic,056CO,COPD,63,T_Cytotoxic_A
881,T_Cytotoxic,056CO,COPD,63,T_Cytotoxic_A
882,T_Cytotoxic,056CO,COPD,63,T_Cytotoxic_A
883,T_Cytotoxic,056CO,COPD,63,T_Cytotoxic_A
884,T_Cytotoxic,056CO,COPD,63,T_Cytotoxic_A
885,T_Cytotoxic,056CO,COPD,63,T_Cytotoxic_A
886,cDC2,056CO,COPD,51,Dendritic_A
887,cDC2,056CO,COPD,51,Dendritic_A
888,B,056CO,COPD,63,B
889,B,056CO,COPD,62,B
890,Macrophage,056CO,COPD,58,Macrophage
891,Macrophage,056CO,COPD,58,Macrophage
892,Macrophage,056CO,COPD,58,Macrophage
893,Macrophage,056CO,COPD,58,Macrophage
894,Macrophage,056CO,COPD,58,Macrophage
895,Macrophage,056CO,COPD,58,Macrophage
896,Macrophage,056CO,COPD,58,Macrophage
897,Macrophage,056CO,COPD,57,Macrophage
898,NK,056CO,COPD,60,NK
899,NK,056CO,COPD,60,NK
900,NK,056CO,COPD,60,NK
901,NK,056CO,COPD,60,NK
902,ncMonocyte,056CO,COPD,57,Monocyte_Non-Classical
903,ncMonocyte,056CO,COPD,57,Monocyte_Non-Classical
904,ncMonocyte,056CO,COPD,57,Monocyte_Non-Classical
905,Macrophage_Alveolar,063I,IPF,61,Macrophage_Alveolar
906,Macrophage_Alveolar,063I,IPF,61,Macrophage_Alveolar
907,Macrophage_Alveolar,063I,IPF,61,Macrophage_Alveolar
908,Macrophage_Alveolar,063I,IPF,61,Macrophage_Alveolar
909,Macrophage_Alveolar,063I,IPF,61,Macrophage_Alveolar
910,Macrophage_Alveolar,063I,IPF,61,Macrophage_Alveolar
911,Macrophage_Alveolar,063I,IPF,61,Macrophage_Alveolar
912,Macrophage_Alveolar,063I,IPF,60,Macrophage_Alveolar
913,Macrophage_Alveolar,063I,IPF,60,Macrophage_Alveolar
914,Macrophage_Alveolar,063I,IPF,60,Macrophage_Alveolar
915,Macrophage_Alveolar,063I,IPF,60,Macrophage_Alveolar
916,Macrophage_Alveolar,063I,IPF,60,Macrophage_Alveolar
917,Macrophage_Alveolar,063I,IPF,60,Macrophage_Alveolar
918,Macrophage_Alveolar,063I,IPF,60,Macrophage_Alveolar
919,Macrophage_Alveolar,063I,IPF,60,Macrophage_Alveolar
920,Macrophage_Alveolar,063I,IPF,60,Macrophage_Alveolar
921,Macrophage_Alveolar,063I,IPF,60,Macrophage_Alveolar
922,Macrophage_Alveolar,063I,IPF,60,Macrophage_Alveolar
923,Macrophage_Alveolar,063I,IPF,60,Macrophage_Alveolar
924,Macrophage_Alveolar,063I,IPF,60,Macrophage_Alveolar
925,Macrophage_Alveolar,063I,IPF,60,Macrophage_Alveolar
926,Macrophage_Alveolar,063I,IPF,60,Macrophage_Alveolar
927,Macrophage_Alveolar,063I,IPF,60,Macrophage_Alveolar
928,Macrophage_Alveolar,063I,IPF,60,Macrophage_Alveolar
929,Macrophage_Alveolar,063I,IPF,60,Macrophage_Alveolar
930,Macrophage_Alveolar,063I,IPF,60,Macrophage_Alveolar
931,Macrophage_Alveolar,063I,IPF,60,Macrophage_Alveolar
932,Macrophage_Alveolar,063I,IPF,60,Macrophage_Alveolar
933,Macrophage_Alveolar,063I,IPF,60,Macrophage_Alveolar
934,Macrophage_Alveolar,063I,IPF,60,Macrophage_Alveolar
935,Macrophage_Alveolar,063I,IPF,60,Macrophage_Alveolar
936,Macrophage_Alveolar,063I,IPF,60,Macrophage_Alveolar
937,Macrophage_Alveolar,063I,IPF,60,Macrophage_Alveolar
938,Macrophage_Alveolar,063I,IPF,60,Macrophage_Alveolar
939,Macrophage,063I,IPF,61,Macrophage
940,Macrophage,063I,IPF,61,Macrophage
941,Macrophage,063I,IPF,61,Macrophage
942,Macrophage,063I,IPF,61,Macrophage
943,Macrophage,063I,IPF,60,Macrophage
944,Macrophage,063I,IPF,60,Macrophage
945,Macrophage,063I,IPF,60,Macrophage
946,Macrophage,063I,IPF,60,Macrophage
947,Macrophage,063I,IPF,60,Macrophage
948,Myofibroblast,063I,IPF,58,Myofibroblast
949,Myofibroblast,063I,IPF,57,Myofibroblast
950,Myofibroblast,063I,IPF,57,Myofibroblast
951,Myofibroblast,063I,IPF,57,Myofibroblast
952,Macrophage,065C,Control,60,Macrophage
953,Macrophage,065C,Control,60,Macrophage
954,Macrophage,065C,Control,59,Macrophage
955,Macrophage,065C,Control,59,Macrophage
956,Macrophage,065C,Control,59,Macrophage
957,Macrophage,065C,Control,59,Macrophage
958,Macrophage,065C,Control,59,Macrophage
959,Macrophage,065C,Control,59,Macrophage
960,Macrophage,065C,Control,59,Macrophage
961,Macrophage,065C,Control,59,Macrophage
962,Macrophage,065C,Control,59,Macrophage
963,Macrophage,065C,Control,59,Macrophage
964,Macrophage,065C,Control,59,Macrophage
965,Macrophage,065C,Control,59,Macrophage
966,Macrophage,065C,Control,59,Macrophage
967,Macrophage,065C,Control,59,Macrophage
968,Macrophage,065C,Control,59,Macrophage
969,Macrophage,065C,Control,59,Macrophage
970,Macrophage,065C,Control,59,Macrophage
971,Macrophage_Alveolar,065C,Control,61,Macrophage_Alveolar
972,Macrophage_Alveolar,065C,Control,61,Macrophage_Alveolar
973,Macrophage_Alveolar,065C,Control,61,Macrophage_Alveolar
974,Macrophage_Alveolar,065C,Control,61,Macrophage_Alveolar
975,Macrophage_Alveolar,065C,Control,61,Macrophage_Alveolar
976,Macrophage_Alveolar,065C,Control,61,Macrophage_Alveolar
977,cMonocyte,065C,Control,53,Monocyte
978,cMonocyte,065C,Control,52,Monocyte
979,cMonocyte,065C,Control,52,Monocyte
980,Macrophage,081C,Control,60,Macrophage
981,Macrophage,081C,Control,60,Macrophage
982,Macrophage,081C,Control,60,Macrophage
983,Macrophage,081C,Control,60,Macrophage
984,Macrophage,081C,Control,59,Macrophage
985,Macrophage,081C,Control,59,Macrophage
986,Macrophage,081C,Control,59,Macrophage
987,Macrophage,081C,Control,59,Macrophage
988,Macrophage,081C,Control,59,Macrophage
989,Macrophage,081C,Control,59,Macrophage
990,Macrophage,081C,Control,59,Macrophage
991,Macrophage,081C,Control,59,Macrophage
992,Macrophage,081C,Control,59,Macrophage
993,Macrophage,081C,Control,59,Macrophage
994,Macrophage,084C,Control,53,Macrophage
995,Macrophage,084C,Control,52,Macrophage
996,Macrophage,084C,Control,52,Macrophage
997,Macrophage_Alveolar,084C,Control,64,Macrophage_Alveolar
998,Macrophage_Alveolar,084C,Control,64,Macrophage_Alveolar
999,Macrophage_Alveolar,084C,Control,63,Macrophage_Alveolar
1000,Macrophage_Alveolar,092C,Control,60,Macrophage_Alveolar
1001,Macrophage_Alveolar,092C,Control,60,Macrophage_Alveolar
1002,Macrophage_Alveolar,092C,Control,60,Macrophage_Alveolar
1003,Macrophage_Alveolar,092C,Control,60,Macrophage_Alveolar
1004,Macrophage_Alveolar,092C,Control,60,Macrophage_Alveolar
1005,Macrophage_Alveolar,092C,Control,60,Macrophage_Alveolar
1006,Macrophage_Alveolar,092C,Control,60,Macrophage_Alveolar
1007,Macrophage_Alveolar,092C,Control,60,Macrophage_Alveolar
1008,Macrophage_Alveolar,092C,Control,60,Macrophage_Alveolar
1009,Macrophage_Alveolar,092C,Control,60,Macrophage_Alveolar
1010,Macrophage_Alveolar,092C,Control,60,Macrophage_Alveolar
1011,Macrophage_Alveolar,092C,Control,60,Macrophage_Alveolar
1012,Macrophage_Alveolar,092C,Control,60,Macrophage_Alveolar
1013,Macrophage_Alveolar,092C,Control,60,Macrophage_Alveolar
1014,Macrophage_Alveolar,092C,Control,60,Macrophage_Alveolar
1015,Macrophage_Alveolar,092C,Control,60,Macrophage_Alveolar
1016,Macrophage_Alveolar,092C,Control,60,Macrophage_Alveolar
1017,Macrophage_Alveolar,092C,Control,60,Macrophage_Alveolar
1018,Macrophage_Alveolar,092C,Control,60,Macrophage_Alveolar
1019,Macrophage_Alveolar,092C,Control,60,Macrophage_Alveolar
1020,Macrophage_Alveolar,092C,Control,60,Macrophage_Alveolar
1021,Macrophage_Alveolar,092C,Control,60,Macrophage_Alveolar
1022,Macrophage_Alveolar,092C,Control,60,Macrophage_Alveolar
1023,Macrophage_Alveolar,092C,Control,60,Macrophage_Alveolar
1024,Macrophage_Alveolar,092C,Control,60,Macrophage_Alveolar
1025,Macrophage_Alveolar,092C,Control,60,Macrophage_Alveolar
1026,Macrophage_Alveolar,092C,Control,60,Macrophage_Alveolar
1027,Macrophage_Alveolar,092C,Control,60,Macrophage_Alveolar
1028,Macrophage_Alveolar,092C,Control,60,Macrophage_Alveolar
1029,Macrophage_Alveolar,092C,Control,60,Macrophage_Alveolar
1030,Macrophage_Alveolar,092C,Control,60,Macrophage_Alveolar
1031,Macrophage_Alveolar,092C,Control,60,Macrophage_Alveolar
1032,Macrophage_Alveolar,092C,Control,60,Macrophage_Alveolar
1033,Macrophage_Alveolar,092C,Control,60,Macrophage_Alveolar
1034,Macrophage_Alveolar,092C,Control,60,Macrophage_Alveolar
1035,Macrophage_Alveolar,092C,Control,60,Macrophage_Alveolar
1036,Macrophage_Alveolar,092C,Control,60,Macrophage_Alveolar
1037,Macrophage_Alveolar,092C,Control,59,Macrophage_Alveolar
1038,Macrophage_Alveolar,092C,Control,59,Macrophage_Alveolar
1039,Macrophage_Alveolar,092C,Control,59,Macrophage_Alveolar
1040,Macrophage_Alveolar,092C,Control,59,Macrophage_Alveolar
1041,Macrophage_Alveolar,092C,Control,59,Macrophage_Alveolar
1042,Macrophage_Alveolar,092C,Control,59,Macrophage_Alveolar
1043,Macrophage_Alveolar,092C,Control,59,Macrophage_Alveolar
1044,Macrophage,092C,Control,62,Macrophage
1045,Macrophage,092C,Control,62,Macrophage
1046,Macrophage,092C,Control,62,Macrophage
1047,Macrophage,092C,Control,61,Macrophage
1048,Macrophage,092C,Control,61,Macrophage
1049,Macrophage,092C,Control,61,Macrophage
1050,Macrophage,092C,Control,61,Macrophage
1051,Macrophage,092C,Control,61,Macrophage
1052,Macrophage,092C,Control,61,Macrophage
1053,Macrophage,092C,Control,61,Macrophage
1054,Macrophage,092C,Control,61,Macrophage
1055,Macrophage,092C,Control,61,Macrophage
1056,Macrophage,092C,Control,61,Macrophage
1057,Macrophage,092C,Control,61,Macrophage
1058,Macrophage,092C,Control,61,Macrophage
1059,Macrophage,092C,Control,61,Macrophage
1060,Macrophage,092C,Control,61,Macrophage
1061,Macrophage,092C,Control,61,Macrophage
1062,Macrophage,092C,Control,61,Macrophage
1063,Macrophage,092C,Control,61,Macrophage
1064,Macrophage,092C,Control,61,Macrophage
1065,Macrophage,092C,Control,61,Macrophage
1066,cMonocyte,092C,Control,60,Monocyte
1067,cMonocyte,092C,Control,60,Monocyte
1068,cMonocyte,092C,Control,60,Monocyte
1069,NK,092C,Control,65,NK
1070,Macrophage_Alveolar,098C,Control,61,Macrophage_Alveolar_Outlier_B
1071,Macrophage_Alveolar,098C,Control,61,Macrophage_Alveolar_Outlier_B
1072,Macrophage_Alveolar,098C,Control,61,Macrophage_Alveolar_Outlier_B
1073,Macrophage_Alveolar,098C,Control,61,Macrophage_Alveolar_Outlier_B
1074,Macrophage_Alveolar,098C,Control,61,Macrophage_Alveolar_Outlier_B
1075,Macrophage_Alveolar,098C,Control,61,Macrophage_Alveolar_Outlier_B
1076,Macrophage_Alveolar,098C,Control,61,Macrophage_Alveolar_Outlier_B
1077,Macrophage_Alveolar,098C,Control,61,Macrophage_Alveolar_Outlier_B
1078,Macrophage_Alveolar,098C,Control,61,Macrophage_Alveolar_Outlier_B
1079,Macrophage_Alveolar,098C,Control,61,Macrophage_Alveolar_Outlier_B
1080,Macrophage_Alveolar,098C,Control,61,Macrophage_Alveolar_Outlier_B
1081,Macrophage_Alveolar,098C,Control,61,Macrophage_Alveolar_Outlier_B
1082,Macrophage_Alveolar,098C,Control,61,Macrophage_Alveolar_Outlier_B
1083,Macrophage_Alveolar,098C,Control,61,Macrophage_Alveolar_Outlier_B
1084,Macrophage_Alveolar,098C,Control,61,Macrophage_Alveolar_Outlier_B
1085,Macrophage_Alveolar,098C,Control,61,Macrophage_Alveolar_Outlier_B
1086,Macrophage_Alveolar,098C,Control,61,Macrophage_Alveolar_Outlier_B
1087,Macrophage_Alveolar,098C,Control,61,Macrophage_Alveolar_Outlier_B
1088,Macrophage_Alveolar,098C,Control,61,Macrophage_Alveolar_Outlier_B
1089,Macrophage_Alveolar,098C,Control,61,Macrophage_Alveolar_Outlier_B
1090,Macrophage_Alveolar,098C,Control,60,Macrophage_Alveolar_Outlier_B
1091,Macrophage_Alveolar,098C,Control,60,Macrophage_Alveolar_Outlier_B
1092,Macrophage_Alveolar,098C,Control,60,Macrophage_Alveolar_Outlier_B
1093,Macrophage_Alveolar,098C,Control,60,Macrophage_Alveolar_Outlier_B
1094,Macrophage_Alveolar,098C,Control,60,Macrophage_Alveolar_Outlier_B
1095,Macrophage_Alveolar,098C,Control,60,Macrophage_Alveolar_Outlier_B
1096,Macrophage_Alveolar,098C,Control,60,Macrophage_Alveolar_Outlier_B
1097,Macrophage_Alveolar,098C,Control,60,Macrophage_Alveolar_Outlier_B
1098,Macrophage_Alveolar,098C,Control,60,Macrophage_Alveolar_Outlier_B
1099,Macrophage_Alveolar,098C,Control,60,Macrophage_Alveolar_Outlier_B
1100,Macrophage_Alveolar,098C,Control,60,Macrophage_Alveolar_Outlier_B
1101,Macrophage_Alveolar,098C,Control,60,Macrophage_Alveolar_Outlier_B
1102,Macrophage_Alveolar,098C,Control,60,Macrophage_Alveolar_Outlier_B
1103,Macrophage_Alveolar,098C,Control,60,Macrophage_Alveolar_Outlier_B
1104,Macrophage_Alveolar,098C,Control,60,Macrophage_Alveolar_Outlier_B
1105,Macrophage_Alveolar,098C,Control,60,Macrophage_Alveolar_Outlier_B
1106,Macrophage_Alveolar,098C,Control,60,Macrophage_Alveolar_Outlier_B
1107,Macrophage_Alveolar,098C,Control,60,Macrophage_Alveolar_Outlier_B
1108,Macrophage_Alveolar,098C,Control,60,Macrophage_Alveolar_Outlier_B
1109,Macrophage_Alveolar,098C,Control,60,Macrophage_Alveolar_Outlier_B
1110,Macrophage_Alveolar,098C,Control,60,Macrophage_Alveolar_Outlier_B
1111,Macrophage_Alveolar,098C,Control,60,Macrophage_Alveolar_Outlier_B
1112,Macrophage_Alveolar,098C,Control,60,Macrophage_Alveolar_Outlier_B
1113,Macrophage_Alveolar,098C,Control,60,Macrophage_Alveolar_Outlier_B
1114,Macrophage_Alveolar,098C,Control,60,Macrophage_Alveolar_Outlier_B
1115,Macrophage_Alveolar,098C,Control,60,Macrophage_Alveolar_Outlier_B
1116,Macrophage_Alveolar,098C,Control,60,Macrophage_Alveolar_Outlier_B
1117,Macrophage_Alveolar,098C,Control,60,Macrophage_Alveolar_Outlier_B
1118,Macrophage_Alveolar,098C,Control,60,Macrophage_Alveolar_Outlier_B
1119,Macrophage_Alveolar,098C,Control,60,Macrophage_Alveolar_Outlier_B
1120,Macrophage_Alveolar,098C,Control,60,Macrophage_Alveolar_Outlier_B
1121,Macrophage_Alveolar,098C,Control,60,Macrophage_Alveolar_Outlier_B
1122,Macrophage_Alveolar,098C,Control,60,Macrophage_Alveolar_Outlier_B
1123,Macrophage_Alveolar,098C,Control,60,Macrophage_Alveolar_Outlier_B
1124,Macrophage_Alveolar,098C,Control,60,Macrophage_Alveolar_Outlier_B
1125,Macrophage_Alveolar,098C,Control,60,Macrophage_Alveolar_Outlier_B
1126,Macrophage_Alveolar,098C,Control,60,Macrophage_Alveolar_Outlier_B
1127,Macrophage_Alveolar,098C,Control,60,Macrophage_Alveolar_Outlier_B
1128,Macrophage_Alveolar,098C,Control,60,Macrophage_Alveolar_Outlier_B
1129,Macrophage_Alveolar,098C,Control,60,Macrophage_Alveolar_Outlier_B
1130,Macrophage_Alveolar,098C,Control,60,Macrophage_Alveolar_Outlier_B
1131,Macrophage_Alveolar,098C,Control,60,Macrophage_Alveolar_Outlier_B
1132,Macrophage_Alveolar,098C,Control,60,Macrophage_Alveolar_Outlier_B
1133,Macrophage_Alveolar,098C,Control,60,Macrophage_Alveolar_Outlier_B
1134,Macrophage_Alveolar,098C,Control,60,Macrophage_Alveolar_Outlier_B
1135,Macrophage_Alveolar,098C,Control,60,Macrophage_Alveolar_Outlier_B
1136,Macrophage_Alveolar,098C,Control,60,Macrophage_Alveolar_Outlier_B
1137,Macrophage_Alveolar,098C,Control,60,Macrophage_Alveolar_Outlier_B
1138,Macrophage_Alveolar,098C,Control,60,Macrophage_Alveolar_Outlier_B
1139,Macrophage,098C,Control,61,Macrophage
1140,Macrophage,098C,Control,61,Macrophage
1141,Macrophage,098C,Control,61,Macrophage
1142,Macrophage,098C,Control,61,Macrophage
1143,Macrophage,098C,Control,61,Macrophage
1144,Macrophage,098C,Control,61,Macrophage
1145,Macrophage,098C,Control,61,Macrophage
1146,Macrophage,098C,Control,61,Macrophage
1147,Macrophage,098C,Control,61,Macrophage
1148,Macrophage,098C,Control,61,Macrophage
1149,Macrophage,098C,Control,61,Macrophage
1150,Macrophage,098C,Control,61,Macrophage
1151,Macrophage,098C,Control,61,Macrophage
1152,Macrophage,098C,Control,60,Macrophage
1153,Macrophage,098C,Control,60,Macrophage
1154,Macrophage,098C,Control,60,Macrophage
1155,Macrophage,098C,Control,60,Macrophage
1156,Macrophage,098C,Control,60,Macrophage
1157,Macrophage,098C,Control,60,Macrophage
1158,Macrophage,098C,Control,60,Macrophage
1159,Macrophage,098C,Control,60,Macrophage
1160,Macrophage,098C,Control,60,Macrophage
1161,cMonocyte,098C,Control,57,Monocyte
1162,cMonocyte,098C,Control,57,Monocyte
1163,cMonocyte,098C,Control,57,Monocyte
1164,cMonocyte,098C,Control,57,Monocyte
1165,cMonocyte,098C,Control,57,Monocyte
1166,cMonocyte,098C,Control,56,Monocyte
1167,cMonocyte,098C,Control,56,Monocyte
1168,cMonocyte,098C,Control,56,Monocyte
1169,T_Cytotoxic,098C,Control,58,T_Cytotoxic_C
1170,T_Cytotoxic,098C,Control,58,T_Cytotoxic_C
1171,T_Cytotoxic,098C,Control,58,T_Cytotoxic_C
1172,T_Cytotoxic,098C,Control,58,T_Cytotoxic_C
1173,T_Cytotoxic,098C,Control,58,T_Cytotoxic_C
1174,T_Cytotoxic,098C,Control,58,T_Cytotoxic_C
1175,T_Cytotoxic,098C,Control,58,T_Cytotoxic_C
1176,T_Cytotoxic,098C,Control,58,T_Cytotoxic_C
1177,T_Cytotoxic,098C,Control,58,T_Cytotoxic_C
1178,T_Cytotoxic,098C,Control,58,T_Cytotoxic_C
1179,T_Cytotoxic,098C,Control,58,T_Cytotoxic_C
1180,T_Cytotoxic,098C,Control,58,T_Cytotoxic_C
1181,T_Cytotoxic,098C,Control,57,T_Cytotoxic_C
1182,T_Cytotoxic,098C,Control,57,T_Cytotoxic_C
1183,NK,098C,Control,61,NK
1184,NK,098C,Control,61,NK
1185,NK,098C,Control,61,NK
1186,NK,098C,Control,61,NK
1187,NK,098C,Control,61,NK
1188,NK,098C,Control,61,NK
1189,NK,098C,Control,61,NK
1190,NK,098C,Control,61,NK
1191,NK,098C,Control,61,NK
1192,B,098C,Control,54,B
1193,B,098C,Control,53,B
1194,B,098C,Control,53,B
1195,B,098C,Control,53,B
1196,Ciliated,098C,Control,61,Ciliated
1197,Ciliated,098C,Control,61,Ciliated
1198,Ciliated,098C,Control,60,Ciliated
1199,ATII,098C,Control,57,ATII_High-Surfactants
1200,ATII,098C,Control,56,ATII_High-Surfactants
1201,Fibroblast,098C,Control,59,Fibroblast
1202,Fibroblast,098C,Control,59,Fibroblast
1203,Fibroblast,098C,Control,59,Fibroblast
1204,T,098C,Control,67,T
1205,T,098C,Control,67,T
1206,T,098C,Control,67,T
1207,T,098C,Control,67,T
1208,cDC2,098C,Control,59,Dendritic_A
1209,cDC2,098C,Control,59,Dendritic_A
1210,cDC2,098C,Control,58,Dendritic_A
1211,ncMonocyte,098C,Control,71,Monocyte_Non-Classical
1212,T_Regulatory,098C,Control,66,T_Regulatory_A
1213,Macrophage,123I,IPF,58,Macrophage
1214,Macrophage,123I,IPF,58,Macrophage
1215,Macrophage,123I,IPF,58,Macrophage
1216,Macrophage,123I,IPF,58,Macrophage
1217,Macrophage,123I,IPF,58,Macrophage
1218,Macrophage,123I,IPF,58,Macrophage
1219,Macrophage,123I,IPF,58,Macrophage
1220,Macrophage,123I,IPF,58,Macrophage
1221,Macrophage,123I,IPF,58,Macrophage
1222,Macrophage,123I,IPF,58,Macrophage
1223,Macrophage,123I,IPF,57,Macrophage
1224,Macrophage,123I,IPF,57,Macrophage
1225,Macrophage,123I,IPF,57,Macrophage
1226,T,123I,IPF,79,T
1227,B,123I,IPF,54,B
1228,B,123I,IPF,54,B
1229,B,123I,IPF,53,B
1230,Ciliated,123I,IPF,79,Ciliated
1231,Macrophage_Alveolar,123I,IPF,62,Macrophage_Alveolar
1232,Macrophage_Alveolar,123I,IPF,62,Macrophage_Alveolar
1233,Macrophage_Alveolar,123I,IPF,61,Macrophage_Alveolar
1234,Macrophage_Alveolar,123I,IPF,61,Macrophage_Alveolar
1235,NK,123I,IPF,47,NK
1236,NK,123I,IPF,47,NK
1237,cMonocyte,123I,IPF,53,Monocyte
1238,cMonocyte,123I,IPF,53,Monocyte
1239,Macrophage,133C,Control,61,Macrophage_Outlier_C
1240,Macrophage,133C,Control,61,Macrophage_Outlier_C
1241,Macrophage,133C,Control,61,Macrophage_Outlier_C
1242,Macrophage,133C,Control,61,Macrophage_Outlier_C
1243,Macrophage,133C,Control,61,Macrophage_Outlier_C
1244,Macrophage,133C,Control,61,Macrophage_Outlier_C
1245,Macrophage,133C,Control,61,Macrophage_Outlier_C
1246,Macrophage,133C,Control,61,Macrophage_Outlier_C
1247,Macrophage,133C,Control,61,Macrophage_Outlier_C
1248,Macrophage,133C,Control,61,Macrophage_Outlier_C
1249,Macrophage,133C,Control,61,Macrophage_Outlier_C
1250,Macrophage,133C,Control,61,Macrophage_Outlier_C
1251,Macrophage,133C,Control,61,Macrophage_Outlier_C
1252,Macrophage,133C,Control,61,Macrophage_Outlier_C
1253,Macrophage,133C,Control,61,Macrophage_Outlier_C
1254,Macrophage,133C,Control,61,Macrophage_Outlier_C
1255,Macrophage,133C,Control,61,Macrophage_Outlier_C
1256,Macrophage,133C,Control,61,Macrophage_Outlier_C
1257,Macrophage,133C,Control,61,Macrophage_Outlier_C
1258,Macrophage,133C,Control,60,Macrophage_Outlier_C
1259,Macrophage,133C,Control,60,Macrophage_Outlier_C
1260,Macrophage,133C,Control,60,Macrophage_Outlier_C
1261,Macrophage,133C,Control,60,Macrophage_Outlier_C
1262,Macrophage,133C,Control,60,Macrophage_Outlier_C
1263,Macrophage,133C,Control,60,Macrophage_Outlier_C
1264,Macrophage,133C,Control,60,Macrophage_Outlier_C
1265,Macrophage,133C,Control,60,Macrophage_Outlier_C
1266,Macrophage,133C,Control,60,Macrophage_Outlier_C
1267,Macrophage,133C,Control,60,Macrophage_Outlier_C
1268,Macrophage,133C,Control,60,Macrophage_Outlier_C
1269,Macrophage,133C,Control,60,Macrophage_Outlier_C
1270,Macrophage,133C,Control,60,Macrophage_Outlier_C
1271,Macrophage,133C,Control,60,Macrophage_Outlier_C
1272,Macrophage,133C,Control,60,Macrophage_Outlier_C
1273,Macrophage,133C,Control,60,Macrophage_Outlier_C
1274,Macrophage,133C,Control,60,Macrophage_Outlier_C
1275,Macrophage,133C,Control,60,Macrophage_Outlier_C
1276,Macrophage,133C,Control,60,Macrophage_Outlier_C
1277,Macrophage,133C,Control,60,Macrophage_Outlier_C
1278,Macrophage,133C,Control,60,Macrophage_Outlier_C
1279,Macrophage,133C,Control,60,Macrophage_Outlier_C
1280,Macrophage,133C,Control,60,Macrophage_Outlier_C
1281,Macrophage,133C,Control,60,Macrophage_Outlier_C
1282,Macrophage,133C,Control,60,Macrophage_Outlier_C
1283,Macrophage,133C,Control,60,Macrophage_Outlier_C
1284,Macrophage,133C,Control,60,Macrophage_Outlier_C
1285,Macrophage,133C,Control,60,Macrophage_Outlier_C
1286,Macrophage,133C,Control,60,Macrophage_Outlier_C
1287,Macrophage,133C,Control,60,Macrophage_Outlier_C
1288,Macrophage,133C,Control,60,Macrophage_Outlier_C
1289,Macrophage,133C,Control,60,Macrophage_Outlier_C
1290,Macrophage,133C,Control,60,Macrophage_Outlier_C
1291,Macrophage,133C,Control,60,Macrophage_Outlier_C
1292,Macrophage,133C,Control,60,Macrophage_Outlier_C
1293,Macrophage,133C,Control,60,Macrophage_Outlier_C
1294,Macrophage,133C,Control,60,Macrophage_Outlier_C
1295,Macrophage,133C,Control,60,Macrophage_Outlier_C
1296,Macrophage,133C,Control,60,Macrophage_Outlier_C
1297,Macrophage,133C,Control,60,Macrophage_Outlier_C
1298,Macrophage,133C,Control,60,Macrophage_Outlier_C
1299,Macrophage,133C,Control,60,Macrophage_Outlier_C
1300,Macrophage,133C,Control,60,Macrophage_Outlier_C
1301,Macrophage,133C,Control,60,Macrophage_Outlier_C
1302,Macrophage,133C,Control,60,Macrophage_Outlier_C
1303,Macrophage,133C,Control,60,Macrophage_Outlier_C
1304,Macrophage,133C,Control,60,Macrophage_Outlier_C
1305,Macrophage,133C,Control,60,Macrophage_Outlier_C
1306,Macrophage,133C,Control,60,Macrophage_Outlier_C
1307,Macrophage,133C,Control,60,Macrophage_Outlier_C
1308,Macrophage,133C,Control,60,Macrophage_Outlier_C
1309,Macrophage,133C,Control,60,Macrophage_Outlier_C
1310,Macrophage,133C,Control,60,Macrophage_Outlier_C
1311,cMonocyte,133C,Control,58,Monocyte
1312,cMonocyte,133C,Control,58,Monocyte
1313,cMonocyte,133C,Control,58,Monocyte
1314,cMonocyte,133C,Control,58,Monocyte
1315,cMonocyte,133C,Control,58,Monocyte
1316,ATII,133C,Control,61,ATII_High-Surfactants
1317,ATII,133C,Control,61,ATII_High-Surfactants
1318,ATII,133C,Control,61,ATII_High-Surfactants
1319,ATII,133C,Control,61,ATII_High-Surfactants
1320,ATII,133C,Control,61,ATII_High-Surfactants
1321,ATII,133C,Control,61,ATII_High-Surfactants
1322,ATII,133C,Control,61,ATII_High-Surfactants
1323,ATII,133C,Control,61,ATII_High-Surfactants
1324,ATII,133C,Control,61,ATII_High-Surfactants
1325,ATII,133C,Control,61,ATII_High-Surfactants
1326,ATII,133C,Control,61,ATII_High-Surfactants
1327,ATII,133C,Control,61,ATII_High-Surfactants
1328,ATII,133C,Control,61,ATII_High-Surfactants
1329,ATII,133C,Control,61,ATII_High-Surfactants
1330,ATII,133C,Control,60,ATII_High-Surfactants
1331,ATII,133C,Control,60,ATII_High-Surfactants
1332,ATII,133C,Control,60,ATII_High-Surfactants
1333,ATII,133C,Control,60,ATII_High-Surfactants
1334,ATII,133C,Control,60,ATII_High-Surfactants
1335,ATII,133C,Control,60,ATII_High-Surfactants
1336,ATII,133C,Control,60,ATII_High-Surfactants
1337,ATII,133C,Control,60,ATII_High-Surfactants
1338,ATII,133C,Control,60,ATII_High-Surfactants
1339,ATII,133C,Control,60,ATII_High-Surfactants
1340,ATII,133C,Control,60,ATII_High-Surfactants
1341,Macrophage_Alveolar,133C,Control,60,Macrophage_Alveolar_Outlier_C
1342,Macrophage_Alveolar,133C,Control,60,Macrophage_Alveolar_Outlier_C
1343,Macrophage_Alveolar,133C,Control,60,Macrophage_Alveolar_Outlier_C
1344,Macrophage_Alveolar,133C,Control,60,Macrophage_Alveolar_Outlier_C
1345,Macrophage_Alveolar,133C,Control,60,Macrophage_Alveolar_Outlier_C
1346,Macrophage_Alveolar,133C,Control,60,Macrophage_Alveolar_Outlier_C
1347,Macrophage_Alveolar,133C,Control,60,Macrophage_Alveolar_Outlier_C
1348,Macrophage_Alveolar,133C,Control,60,Macrophage_Alveolar_Outlier_C
1349,Macrophage_Alveolar,133C,Control,60,Macrophage_Alveolar_Outlier_C
1350,Macrophage_Alveolar,133C,Control,60,Macrophage_Alveolar_Outlier_C
1351,Macrophage_Alveolar,133C,Control,60,Macrophage_Alveolar_Outlier_C
1352,Macrophage_Alveolar,133C,Control,60,Macrophage_Alveolar_Outlier_C
1353,Macrophage_Alveolar,133C,Control,60,Macrophage_Alveolar_Outlier_C
1354,Macrophage_Alveolar,133C,Control,60,Macrophage_Alveolar_Outlier_C
1355,Macrophage_Alveolar,133C,Control,60,Macrophage_Alveolar_Outlier_C
1356,Macrophage_Alveolar,133C,Control,59,Macrophage_Alveolar_Outlier_C
1357,Macrophage_Alveolar,133C,Control,59,Macrophage_Alveolar_Outlier_C
1358,Macrophage_Alveolar,133C,Control,59,Macrophage_Alveolar_Outlier_C
1359,Macrophage_Alveolar,133C,Control,59,Macrophage_Alveolar_Outlier_C
1360,T_Cytotoxic,133C,Control,55,T_Cytotoxic_C
1361,T_Cytotoxic,133C,Control,55,T_Cytotoxic_C
1362,T_Cytotoxic,133C,Control,55,T_Cytotoxic_C
1363,T_Cytotoxic,133C,Control,55,T_Cytotoxic_C
1364,T_Cytotoxic,133C,Control,54,T_Cytotoxic_C
1365,Ciliated,133C,Control,80,Ciliated
1366,NK,133C,Control,80,NK
1367,T,133C,Control,73,T
1368,T,133C,Control,73,T
1369,cDC2,133C,Control,56,Dendritic_A
1370,cDC2,133C,Control,55,Dendritic_A
1371,Macrophage_Alveolar,135I,IPF,59,Macrophage_Alveolar
1372,Macrophage_Alveolar,135I,IPF,58,Macrophage_Alveolar
1373,Macrophage_Alveolar,135I,IPF,58,Macrophage_Alveolar
1374,Macrophage_Alveolar,135I,IPF,58,Macrophage_Alveolar
1375,Macrophage_Alveolar,135I,IPF,58,Macrophage_Alveolar
1376,Macrophage_Alveolar,135I,IPF,58,Macrophage_Alveolar
1377,Macrophage,135I,IPF,60,Macrophage
1378,Macrophage,135I,IPF,60,Macrophage
1379,Macrophage,135I,IPF,60,Macrophage
1380,Macrophage,135I,IPF,60,Macrophage
1381,Macrophage,135I,IPF,60,Macrophage
1382,Macrophage,135I,IPF,60,Macrophage
1383,Macrophage,135I,IPF,60,Macrophage
1384,Macrophage,135I,IPF,60,Macrophage
1385,Macrophage,135I,IPF,60,Macrophage
1386,Macrophage,135I,IPF,60,Macrophage
1387,Macrophage,135I,IPF,60,Macrophage
1388,Macrophage,135I,IPF,60,Macrophage
1389,Macrophage,135I,IPF,60,Macrophage
1390,Macrophage,135I,IPF,60,Macrophage
1391,Macrophage,135I,IPF,60,Macrophage
1392,Macrophage,135I,IPF,60,Macrophage
1393,Macrophage,135I,IPF,60,Macrophage
1394,Macrophage,135I,IPF,60,Macrophage
1395,Macrophage,135I,IPF,60,Macrophage
1396,Macrophage,135I,IPF,60,Macrophage
1397,Macrophage,135I,IPF,60,Macrophage
1398,Macrophage,135I,IPF,60,Macrophage
1399,Macrophage,135I,IPF,60,Macrophage
1400,Macrophage,135I,IPF,60,Macrophage
1401,Macrophage,135I,IPF,60,Macrophage
1402,Macrophage,135I,IPF,60,Macrophage
1403,Macrophage,135I,IPF,60,Macrophage
1404,Macrophage,135I,IPF,60,Macrophage
1405,Macrophage,135I,IPF,60,Macrophage
1406,Macrophage,135I,IPF,60,Macrophage
1407,Macrophage,135I,IPF,60,Macrophage
1408,Macrophage,135I,IPF,60,Macrophage
1409,Macrophage,135I,IPF,60,Macrophage
1410,Macrophage,135I,IPF,60,Macrophage
1411,Macrophage,135I,IPF,60,Macrophage
1412,Macrophage,135I,IPF,60,Macrophage
1413,Macrophage,135I,IPF,60,Macrophage
1414,Macrophage,135I,IPF,60,Macrophage
1415,Macrophage,135I,IPF,60,Macrophage
1416,Macrophage,135I,IPF,59,Macrophage
1417,Macrophage,135I,IPF,59,Macrophage
1418,Macrophage,135I,IPF,59,Macrophage
1419,Macrophage,135I,IPF,59,Macrophage
1420,Macrophage,135I,IPF,59,Macrophage
1421,Macrophage,135I,IPF,59,Macrophage
1422,Macrophage,135I,IPF,59,Macrophage
1423,Macrophage,135I,IPF,59,Macrophage
1424,Macrophage,135I,IPF,59,Macrophage
1425,Macrophage,135I,IPF,59,Macrophage
1426,Macrophage,135I,IPF,59,Macrophage
1427,Macrophage,135I,IPF,59,Macrophage
1428,Macrophage,135I,IPF,59,Macrophage
1429,Macrophage,135I,IPF,59,Macrophage
1430,Macrophage,135I,IPF,59,Macrophage
1431,Macrophage,135I,IPF,59,Macrophage
1432,Macrophage,135I,IPF,59,Macrophage
1433,Macrophage,135I,IPF,59,Macrophage
1434,Macrophage,135I,IPF,59,Macrophage
1435,Macrophage,135I,IPF,59,Macrophage
1436,Macrophage,135I,IPF,59,Macrophage
1437,Macrophage,135I,IPF,59,Macrophage
1438,NK,135I,IPF,52,NK
1439,NK,135I,IPF,52,NK
1440,NK,135I,IPF,51,NK
1441,cMonocyte,135I,IPF,56,Monocyte
1442,cMonocyte,135I,IPF,56,Monocyte
1443,cMonocyte,135I,IPF,55,Monocyte
1444,cMonocyte,135I,IPF,55,Monocyte
1445,Ciliated,135I,IPF,58,Ciliated
1446,Ciliated,135I,IPF,58,Ciliated
1447,Ciliated,135I,IPF,57,Ciliated
1448,Ciliated,135I,IPF,57,Ciliated
1449,Ciliated,135I,IPF,57,Ciliated
1450,Ciliated,135I,IPF,57,Ciliated
1451,ncMonocyte,135I,IPF,48,Monocyte_Non-Classical
1452,ncMonocyte,135I,IPF,47,Monocyte_Non-Classical
1453,B,135I,IPF,55,B
1454,B,135I,IPF,55,B
1455,B,135I,IPF,55,B
1456,B,135I,IPF,54,B
1457,Fibroblast,135I,IPF,72,Fibroblast
1458,T_Cytotoxic,135I,IPF,60,T_Cytotoxic_A
1459,T_Cytotoxic,135I,IPF,59,T_Cytotoxic_A
1460,T_Cytotoxic,135I,IPF,59,T_Cytotoxic_A
1461,T_Cytotoxic,135I,IPF,59,T_Cytotoxic_A
1462,T_Cytotoxic,135I,IPF,59,T_Cytotoxic_A
1463,T_Cytotoxic,135I,IPF,59,T_Cytotoxic_A
1464,cDC2,135I,IPF,59,Dendritic_A
1465,cDC2,135I,IPF,59,Dendritic_A
1466,cDC2,135I,IPF,58,Dendritic_A
1467,T,135I,IPF,51,T
1468,T,135I,IPF,51,T
1469,T_Cytotoxic,1372C,Control,57,T_Cytotoxic_C
1470,T_Cytotoxic,1372C,Control,56,T_Cytotoxic_C
1471,T_Cytotoxic,1372C,Control,56,T_Cytotoxic_C
1472,Macrophage,1372C,Control,60,Macrophage
1473,Macrophage,1372C,Control,60,Macrophage
1474,Macrophage,1372C,Control,60,Macrophage
1475,Macrophage,1372C,Control,60,Macrophage
1476,Macrophage,1372C,Control,59,Macrophage
1477,Macrophage,1372C,Control,59,Macrophage
1478,Macrophage,1372C,Control,59,Macrophage
1479,Macrophage,1372C,Control,59,Macrophage
1480,Macrophage,1372C,Control,59,Macrophage
1481,Macrophage,1372C,Control,59,Macrophage
1482,Macrophage,1372C,Control,59,Macrophage
1483,Macrophage,1372C,Control,59,Macrophage
1484,Macrophage,1372C,Control,59,Macrophage
1485,Macrophage,1372C,Control,59,Macrophage
1486,Macrophage,1372C,Control,59,Macrophage
1487,Macrophage,1372C,Control,59,Macrophage
1488,Macrophage,1372C,Control,59,Macrophage
1489,Macrophage,1372C,Control,59,Macrophage
1490,Macrophage,1372C,Control,59,Macrophage
1491,Macrophage,1372C,Control,59,Macrophage
1492,Macrophage,1372C,Control,59,Macrophage
1493,Macrophage,1372C,Control,59,Macrophage
1494,Macrophage,1372C,Control,59,Macrophage
1495,Macrophage,1372C,Control,59,Macrophage
1496,Macrophage,1372C,Control,59,Macrophage
1497,Macrophage,1372C,Control,59,Macrophage
1498,Macrophage,1372C,Control,59,Macrophage
1499,Macrophage,1372C,Control,59,Macrophage
1500,Macrophage,1372C,Control,59,Macrophage
1501,Macrophage,1372C,Control,59,Macrophage
1502,Macrophage_Alveolar,1372C,Control,61,Macrophage_Alveolar
1503,Macrophage_Alveolar,1372C,Control,61,Macrophage_Alveolar
1504,Macrophage_Alveolar,1372C,Control,61,Macrophage_Alveolar
1505,Macrophage_Alveolar,1372C,Control,61,Macrophage_Alveolar
1506,Macrophage_Alveolar,1372C,Control,60,Macrophage_Alveolar
1507,Macrophage_Alveolar,1372C,Control,60,Macrophage_Alveolar
1508,Macrophage_Alveolar,1372C,Control,60,Macrophage_Alveolar
1509,Macrophage_Alveolar,1372C,Control,60,Macrophage_Alveolar
1510,Macrophage_Alveolar,1372C,Control,60,Macrophage_Alveolar
1511,Macrophage_Alveolar,1372C,Control,60,Macrophage_Alveolar
1512,Macrophage_Alveolar,1372C,Control,60,Macrophage_Alveolar
1513,Macrophage_Alveolar,1372C,Control,60,Macrophage_Alveolar
1514,Macrophage_Alveolar,1372C,Control,60,Macrophage_Alveolar
1515,Macrophage_Alveolar,1372C,Control,60,Macrophage_Alveolar
1516,cMonocyte,1372C,Control,63,Monocyte
1517,cMonocyte,1372C,Control,62,Monocyte
1518,cMonocyte,1372C,Control,62,Monocyte
1519,cMonocyte,1372C,Control,62,Monocyte
1520,cMonocyte,1372C,Control,62,Monocyte
1521,cMonocyte,1372C,Control,62,Monocyte
1522,cMonocyte,1372C,Control,62,Monocyte
1523,cMonocyte,1372C,Control,62,Monocyte
1524,cMonocyte,1372C,Control,62,Monocyte
1525,cMonocyte,1372C,Control,62,Monocyte
1526,ATII,1372C,Control,60,ATII_High-Surfactants
1527,ATII,1372C,Control,59,ATII_High-Surfactants
1528,Fibroblast,1372C,Control,64,Fibroblast
1529,Fibroblast,1372C,Control,63,Fibroblast
1530,Fibroblast,1372C,Control,63,Fibroblast
1531,Ciliated,1372C,Control,69,Ciliated
1532,Ciliated,1372C,Control,69,Ciliated
1533,cDC2,1372C,Control,50,Dendritic_A
1534,cDC2,1372C,Control,50,Dendritic_A
1535,NK,137C,Control,57,NK
1536,NK,137C,Control,57,NK
1537,Macrophage,137C,Control,60,Macrophage
1538,Macrophage,137C,Control,60,Macrophage
1539,Macrophage,137C,Control,60,Macrophage
1540,Macrophage,137C,Control,60,Macrophage
1541,Macrophage,137C,Control,60,Macrophage
1542,Macrophage,137C,Control,60,Macrophage
1543,Macrophage,137C,Control,59,Macrophage
1544,Macrophage,137C,Control,59,Macrophage
1545,Macrophage_Alveolar,137C,Control,55,Macrophage_Alveolar
1546,Macrophage_Alveolar,137C,Control,54,Macrophage_Alveolar
1547,Macrophage_Alveolar,137C,Control,54,Macrophage_Alveolar
1548,Macrophage_Alveolar,137C,Control,54,Macrophage_Alveolar
1549,B,138I,IPF,82,B
1550,Macrophage,138I,IPF,61,Macrophage_MT-tRNAs
1551,Macrophage,138I,IPF,61,Macrophage_MT-tRNAs
1552,Macrophage,138I,IPF,61,Macrophage_MT-tRNAs
1553,Macrophage,138I,IPF,61,Macrophage_MT-tRNAs
1554,Macrophage,138I,IPF,61,Macrophage_MT-tRNAs
1555,Macrophage,138I,IPF,61,Macrophage_MT-tRNAs
1556,Macrophage,138I,IPF,61,Macrophage_MT-tRNAs
1557,Macrophage,138I,IPF,61,Macrophage_MT-tRNAs
1558,Macrophage,138I,IPF,61,Macrophage_MT-tRNAs
1559,Macrophage,138I,IPF,61,Macrophage_MT-tRNAs
1560,Macrophage,138I,IPF,61,Macrophage_MT-tRNAs
1561,Macrophage,138I,IPF,61,Macrophage_MT-tRNAs
1562,Macrophage,138I,IPF,61,Macrophage_MT-tRNAs
1563,Macrophage,138I,IPF,61,Macrophage_MT-tRNAs
1564,Macrophage,138I,IPF,61,Macrophage_MT-tRNAs
1565,Macrophage,138I,IPF,61,Macrophage_MT-tRNAs
1566,Macrophage,138I,IPF,61,Macrophage_MT-tRNAs
1567,Macrophage,138I,IPF,61,Macrophage_MT-tRNAs
1568,Macrophage,138I,IPF,61,Macrophage_MT-tRNAs
1569,Macrophage,138I,IPF,61,Macrophage_MT-tRNAs
1570,Macrophage,138I,IPF,61,Macrophage_MT-tRNAs
1571,Macrophage,138I,IPF,61,Macrophage_MT-tRNAs
1572,Macrophage,138I,IPF,61,Macrophage_MT-tRNAs
1573,Macrophage,138I,IPF,61,Macrophage_MT-tRNAs
1574,Macrophage,138I,IPF,61,Macrophage_MT-tRNAs
1575,Macrophage,138I,IPF,61,Macrophage_MT-tRNAs
1576,Macrophage,138I,IPF,61,Macrophage_MT-tRNAs
1577,Macrophage,138I,IPF,61,Macrophage_MT-tRNAs
1578,Macrophage,138I,IPF,61,Macrophage_MT-tRNAs
1579,Macrophage,138I,IPF,60,Macrophage_MT-tRNAs
1580,Macrophage,138I,IPF,60,Macrophage_MT-tRNAs
1581,cMonocyte,138I,IPF,68,Monocyte_MT-tRNAs
1582,cMonocyte,138I,IPF,67,Monocyte_MT-tRNAs
1583,cMonocyte,138I,IPF,67,Monocyte_MT-tRNAs
1584,NK,138I,IPF,46,NK
1585,NK,138I,IPF,46,NK
1586,Myofibroblast,138I,IPF,77,Myofibroblast
1587,T,138I,IPF,61,T
1588,T,138I,IPF,60,T
1589,T,138I,IPF,60,T
1590,T,138I,IPF,60,T
1591,Fibroblast,138I,IPF,63,Fibroblast
1592,Fibroblast,138I,IPF,62,Fibroblast
1593,Fibroblast,138I,IPF,62,Fibroblast
1594,T_Cytotoxic,138I,IPF,64,T_Cytotoxic_A
1595,Ciliated,138I,IPF,85,Ciliated_MT-tRNAs
1596,cDC2,138I,IPF,57,Dendritic_MT-tRNAs
1597,cDC2,138I,IPF,56,Dendritic_MT-tRNAs
1598,Macrophage_Alveolar,145I,IPF,61,Macrophage_Alveolar
1599,Macrophage_Alveolar,145I,IPF,61,Macrophage_Alveolar
1600,Macrophage_Alveolar,145I,IPF,61,Macrophage_Alveolar
1601,Macrophage_Alveolar,145I,IPF,61,Macrophage_Alveolar
1602,Macrophage_Alveolar,145I,IPF,61,Macrophage_Alveolar
1603,Macrophage_Alveolar,145I,IPF,61,Macrophage_Alveolar
1604,Macrophage_Alveolar,145I,IPF,61,Macrophage_Alveolar
1605,Macrophage_Alveolar,145I,IPF,61,Macrophage_Alveolar
1606,Macrophage_Alveolar,145I,IPF,61,Macrophage_Alveolar
1607,Macrophage_Alveolar,145I,IPF,61,Macrophage_Alveolar
1608,Macrophage_Alveolar,145I,IPF,61,Macrophage_Alveolar
1609,Macrophage_Alveolar,145I,IPF,61,Macrophage_Alveolar
1610,Macrophage_Alveolar,145I,IPF,61,Macrophage_Alveolar
1611,Macrophage_Alveolar,145I,IPF,61,Macrophage_Alveolar
1612,Macrophage_Alveolar,145I,IPF,61,Macrophage_Alveolar
1613,Macrophage_Alveolar,145I,IPF,61,Macrophage_Alveolar
1614,Macrophage_Alveolar,145I,IPF,61,Macrophage_Alveolar
1615,Macrophage_Alveolar,145I,IPF,60,Macrophage_Alveolar
1616,Macrophage_Alveolar,145I,IPF,60,Macrophage_Alveolar
1617,Macrophage_Alveolar,145I,IPF,60,Macrophage_Alveolar
1618,Macrophage_Alveolar,145I,IPF,60,Macrophage_Alveolar
1619,Macrophage_Alveolar,145I,IPF,60,Macrophage_Alveolar
1620,cDC2,145I,IPF,64,Dendritic_A
1621,cDC2,145I,IPF,64,Dendritic_A
1622,cDC2,145I,IPF,64,Dendritic_A
1623,cDC2,145I,IPF,64,Dendritic_A
1624,Macrophage,145I,IPF,61,Macrophage
1625,Macrophage,145I,IPF,61,Macrophage
1626,Macrophage,145I,IPF,61,Macrophage
1627,Macrophage,145I,IPF,61,Macrophage
1628,Macrophage,145I,IPF,61,Macrophage
1629,Macrophage,145I,IPF,61,Macrophage
1630,Macrophage,145I,IPF,61,Macrophage
1631,Macrophage,145I,IPF,61,Macrophage
1632,Macrophage,145I,IPF,61,Macrophage
1633,Macrophage,145I,IPF,61,Macrophage
1634,Macrophage,145I,IPF,61,Macrophage
1635,Macrophage,145I,IPF,61,Macrophage
1636,Macrophage,145I,IPF,61,Macrophage
1637,Macrophage,145I,IPF,60,Macrophage
1638,Macrophage,145I,IPF,60,Macrophage
1639,Macrophage,145I,IPF,60,Macrophage
1640,Macrophage,145I,IPF,60,Macrophage
1641,Macrophage,145I,IPF,60,Macrophage
1642,Macrophage,145I,IPF,60,Macrophage
1643,Macrophage,145I,IPF,60,Macrophage
1644,Macrophage,145I,IPF,60,Macrophage
1645,Macrophage,145I,IPF,60,Macrophage
1646,T,145I,IPF,59,T
1647,T,145I,IPF,58,T
1648,T,145I,IPF,58,T
1649,T,145I,IPF,58,T
1650,cMonocyte,145I,IPF,57,Monocyte
1651,cMonocyte,145I,IPF,57,Monocyte
1652,cMonocyte,145I,IPF,57,Monocyte
1653,cMonocyte,145I,IPF,56,Monocyte
1654,Ciliated,145I,IPF,60,Ciliated
1655,Ciliated,145I,IPF,60,Ciliated
1656,Ciliated,145I,IPF,60,Ciliated
1657,Ciliated,145I,IPF,60,Ciliated
1658,T_Cytotoxic,145I,IPF,59,T_Cytotoxic_C
1659,T_Cytotoxic,145I,IPF,59,T_Cytotoxic_C
1660,T_Cytotoxic,145I,IPF,59,T_Cytotoxic_C
1661,T_Cytotoxic,145I,IPF,59,T_Cytotoxic_C
1662,T_Cytotoxic,145I,IPF,58,T_Cytotoxic_C
1663,T_Cytotoxic,145I,IPF,58,T_Cytotoxic_C
1664,T_Cytotoxic,145I,IPF,58,T_Cytotoxic_C
1665,T_Cytotoxic,145I,IPF,58,T_Cytotoxic_C
1666,T_Cytotoxic,145I,IPF,58,T_Cytotoxic_C
1667,T_Cytotoxic,145I,IPF,58,T_Cytotoxic_C
1668,T_Cytotoxic,145I,IPF,58,T_Cytotoxic_C
1669,ncMonocyte,145I,IPF,53,Monocyte_Non-Classical
1670,ncMonocyte,145I,IPF,52,Monocyte_Non-Classical
1671,B,145I,IPF,56,B
1672,B,145I,IPF,56,B
1673,Macrophage_Alveolar,152CO,COPD,60,Macrophage_Alveolar
1674,Macrophage_Alveolar,152CO,COPD,60,Macrophage_Alveolar
1675,Macrophage_Alveolar,152CO,COPD,60,Macrophage_Alveolar
1676,Macrophage_Alveolar,152CO,COPD,60,Macrophage_Alveolar
1677,Macrophage_Alveolar,152CO,COPD,60,Macrophage_Alveolar
1678,Macrophage_Alveolar,152CO,COPD,60,Macrophage_Alveolar
1679,Macrophage_Alveolar,152CO,COPD,60,Macrophage_Alveolar
1680,Macrophage_Alveolar,152CO,COPD,60,Macrophage_Alveolar
1681,Macrophage_Alveolar,152CO,COPD,60,Macrophage_Alveolar
1682,Macrophage_Alveolar,152CO,COPD,60,Macrophage_Alveolar
1683,Macrophage_Alveolar,152CO,COPD,60,Macrophage_Alveolar
1684,Macrophage_Alveolar,152CO,COPD,60,Macrophage_Alveolar
1685,Macrophage_Alveolar,152CO,COPD,60,Macrophage_Alveolar
1686,Macrophage_Alveolar,152CO,COPD,60,Macrophage_Alveolar
1687,Macrophage_Alveolar,152CO,COPD,60,Macrophage_Alveolar
1688,Macrophage_Alveolar,152CO,COPD,60,Macrophage_Alveolar
1689,Macrophage_Alveolar,152CO,COPD,60,Macrophage_Alveolar
1690,Macrophage_Alveolar,152CO,COPD,60,Macrophage_Alveolar
1691,Macrophage_Alveolar,152CO,COPD,60,Macrophage_Alveolar
1692,Macrophage_Alveolar,152CO,COPD,60,Macrophage_Alveolar
1693,Macrophage_Alveolar,152CO,COPD,60,Macrophage_Alveolar
1694,Macrophage_Alveolar,152CO,COPD,60,Macrophage_Alveolar
1695,Macrophage_Alveolar,152CO,COPD,59,Macrophage_Alveolar
1696,Macrophage_Alveolar,152CO,COPD,59,Macrophage_Alveolar
1697,Macrophage_Alveolar,152CO,COPD,59,Macrophage_Alveolar
1698,Macrophage_Alveolar,152CO,COPD,59,Macrophage_Alveolar
1699,Macrophage_Alveolar,152CO,COPD,59,Macrophage_Alveolar
1700,Macrophage_Alveolar,152CO,COPD,59,Macrophage_Alveolar
1701,Macrophage_Alveolar,152CO,COPD,59,Macrophage_Alveolar
1702,Macrophage_Alveolar,152CO,COPD,59,Macrophage_Alveolar
1703,Macrophage_Alveolar,152CO,COPD,59,Macrophage_Alveolar
1704,Macrophage_Alveolar,152CO,COPD,59,Macrophage_Alveolar
1705,Macrophage_Alveolar,152CO,COPD,59,Macrophage_Alveolar
1706,Macrophage_Alveolar,152CO,COPD,59,Macrophage_Alveolar
1707,Macrophage_Alveolar,152CO,COPD,59,Macrophage_Alveolar
1708,Macrophage_Alveolar,152CO,COPD,59,Macrophage_Alveolar
1709,NK,152CO,COPD,60,NK
1710,NK,152CO,COPD,60,NK
1711,NK,152CO,COPD,59,NK
1712,NK,152CO,COPD,59,NK
1713,NK,152CO,COPD,59,NK
1714,NK,152CO,COPD,59,NK
1715,T,152CO,COPD,64,T
1716,T,152CO,COPD,64,T
1717,T,152CO,COPD,64,T
1718,T,152CO,COPD,63,T
1719,T,152CO,COPD,63,T
1720,T,152CO,COPD,63,T
1721,T,152CO,COPD,63,T
1722,T,152CO,COPD,63,T
1723,cMonocyte,152CO,COPD,52,Monocyte
1724,cMonocyte,152CO,COPD,52,Monocyte
1725,Macrophage,152CO,COPD,61,Macrophage
1726,Macrophage,152CO,COPD,60,Macrophage
1727,Macrophage,152CO,COPD,60,Macrophage
1728,Macrophage,152CO,COPD,60,Macrophage
1729,Macrophage,152CO,COPD,60,Macrophage
1730,Macrophage,152CO,COPD,60,Macrophage
1731,Macrophage,152CO,COPD,60,Macrophage
1732,Macrophage,152CO,COPD,60,Macrophage
1733,Macrophage,152CO,COPD,60,Macrophage
1734,cDC2,152CO,COPD,67,Dendritic_A
1735,cDC2,152CO,COPD,67,Dendritic_A
1736,Myofibroblast,152CO,COPD,50,Myofibroblast
1737,Myofibroblast,152CO,COPD,49,Myofibroblast
1738,ncMonocyte,152CO,COPD,58,Monocyte_Non-Classical
1739,ncMonocyte,152CO,COPD,58,Monocyte_Non-Classical
1740,ATII,152CO,COPD,68,ATII_High-Surfactants
1741,ATII,152CO,COPD,68,ATII_High-Surfactants
1742,T_Cytotoxic,152CO,COPD,56,T_Cytotoxic_A
1743,T_Cytotoxic,152CO,COPD,56,T_Cytotoxic_A
1744,Macrophage,153CO,COPD,61,Macrophage
1745,Macrophage,153CO,COPD,60,Macrophage
1746,Macrophage,153CO,COPD,60,Macrophage
1747,Macrophage,153CO,COPD,60,Macrophage
1748,Macrophage,153CO,COPD,60,Macrophage
1749,Macrophage,153CO,COPD,60,Macrophage
1750,Macrophage,153CO,COPD,60,Macrophage
1751,Macrophage,153CO,COPD,60,Macrophage
1752,Macrophage_Alveolar,153CO,COPD,61,Macrophage_Alveolar
1753,Macrophage_Alveolar,153CO,COPD,61,Macrophage_Alveolar
1754,Macrophage_Alveolar,153CO,COPD,61,Macrophage_Alveolar
1755,Macrophage_Alveolar,153CO,COPD,61,Macrophage_Alveolar
1756,Macrophage_Alveolar,153CO,COPD,61,Macrophage_Alveolar
1757,Macrophage_Alveolar,153CO,COPD,61,Macrophage_Alveolar
1758,Macrophage_Alveolar,153CO,COPD,61,Macrophage_Alveolar
1759,Macrophage_Alveolar,153CO,COPD,61,Macrophage_Alveolar
1760,Macrophage_Alveolar,153CO,COPD,61,Macrophage_Alveolar
1761,Macrophage_Alveolar,153CO,COPD,61,Macrophage_Alveolar
1762,Macrophage_Alveolar,153CO,COPD,61,Macrophage_Alveolar
1763,Macrophage_Alveolar,153CO,COPD,61,Macrophage_Alveolar
1764,Macrophage_Alveolar,153CO,COPD,61,Macrophage_Alveolar
1765,Macrophage_Alveolar,153CO,COPD,60,Macrophage_Alveolar
1766,Macrophage_Alveolar,153CO,COPD,60,Macrophage_Alveolar
1767,Macrophage_Alveolar,153CO,COPD,60,Macrophage_Alveolar
1768,Macrophage_Alveolar,153CO,COPD,60,Macrophage_Alveolar
1769,Macrophage_Alveolar,153CO,COPD,60,Macrophage_Alveolar
1770,Macrophage_Alveolar,153CO,COPD,60,Macrophage_Alveolar
1771,Macrophage_Alveolar,153CO,COPD,60,Macrophage_Alveolar
1772,Macrophage_Alveolar,153CO,COPD,60,Macrophage_Alveolar
1773,Macrophage_Alveolar,153CO,COPD,60,Macrophage_Alveolar
1774,Macrophage_Alveolar,153CO,COPD,60,Macrophage_Alveolar
1775,Macrophage_Alveolar,153CO,COPD,60,Macrophage_Alveolar
1776,Macrophage_Alveolar,153CO,COPD,60,Macrophage_Alveolar
1777,Macrophage_Alveolar,153CO,COPD,60,Macrophage_Alveolar
1778,Macrophage_Alveolar,153CO,COPD,60,Macrophage_Alveolar
1779,Macrophage_Alveolar,153CO,COPD,60,Macrophage_Alveolar
1780,Macrophage_Alveolar,153CO,COPD,60,Macrophage_Alveolar
1781,Macrophage_Alveolar,153CO,COPD,60,Macrophage_Alveolar
1782,Macrophage_Alveolar,153CO,COPD,60,Macrophage_Alveolar
1783,Macrophage_Alveolar,153CO,COPD,60,Macrophage_Alveolar
1784,Macrophage_Alveolar,153CO,COPD,60,Macrophage_Alveolar
1785,Macrophage_Alveolar,153CO,COPD,60,Macrophage_Alveolar
1786,Macrophage_Alveolar,153CO,COPD,60,Macrophage_Alveolar
1787,T,153CO,COPD,63,T
1788,NK,153CO,COPD,56,NK
1789,NK,153CO,COPD,56,NK
1790,Macrophage,157I,IPF,60,Macrophage
1791,Macrophage,157I,IPF,60,Macrophage
1792,Macrophage,157I,IPF,60,Macrophage
1793,Macrophage,157I,IPF,60,Macrophage
1794,Macrophage,157I,IPF,60,Macrophage
1795,Macrophage,157I,IPF,60,Macrophage
1796,Macrophage,157I,IPF,60,Macrophage
1797,Macrophage,157I,IPF,60,Macrophage
1798,Macrophage,157I,IPF,60,Macrophage
1799,Macrophage,157I,IPF,60,Macrophage
1800,Macrophage,157I,IPF,60,Macrophage
1801,Macrophage,157I,IPF,60,Macrophage
1802,Macrophage,157I,IPF,60,Macrophage
1803,Macrophage,157I,IPF,60,Macrophage
1804,Macrophage,157I,IPF,60,Macrophage
1805,Macrophage,157I,IPF,60,Macrophage
1806,Macrophage,157I,IPF,60,Macrophage
1807,Macrophage,157I,IPF,60,Macrophage
1808,Macrophage,157I,IPF,60,Macrophage
1809,Macrophage,157I,IPF,60,Macrophage
1810,Macrophage,157I,IPF,60,Macrophage
1811,Macrophage,157I,IPF,60,Macrophage
1812,Macrophage,157I,IPF,60,Macrophage
1813,Macrophage,157I,IPF,60,Macrophage
1814,Macrophage,157I,IPF,60,Macrophage
1815,Macrophage,157I,IPF,60,Macrophage
1816,Macrophage,157I,IPF,60,Macrophage
1817,Macrophage,157I,IPF,60,Macrophage
1818,Macrophage,157I,IPF,60,Macrophage
1819,Macrophage,157I,IPF,60,Macrophage
1820,Macrophage,157I,IPF,60,Macrophage
1821,Macrophage,157I,IPF,60,Macrophage
1822,Macrophage,157I,IPF,60,Macrophage
1823,Macrophage,157I,IPF,60,Macrophage
1824,Macrophage,157I,IPF,60,Macrophage
1825,Macrophage,157I,IPF,60,Macrophage
1826,Macrophage,157I,IPF,59,Macrophage
1827,Macrophage,157I,IPF,59,Macrophage
1828,Macrophage,157I,IPF,59,Macrophage
1829,Macrophage,157I,IPF,59,Macrophage
1830,Macrophage,157I,IPF,59,Macrophage
1831,Macrophage,157I,IPF,59,Macrophage
1832,Macrophage,157I,IPF,59,Macrophage
1833,Macrophage,157I,IPF,59,Macrophage
1834,Macrophage,157I,IPF,59,Macrophage
1835,Macrophage,157I,IPF,59,Macrophage
1836,Macrophage,157I,IPF,59,Macrophage
1837,Macrophage,157I,IPF,59,Macrophage
1838,Macrophage,157I,IPF,59,Macrophage
1839,Macrophage,157I,IPF,59,Macrophage
1840,Macrophage,157I,IPF,59,Macrophage
1841,Macrophage,157I,IPF,59,Macrophage
1842,Macrophage,157I,IPF,59,Macrophage
1843,Macrophage,157I,IPF,59,Macrophage
1844,Macrophage_Alveolar,157I,IPF,59,Macrophage_Alveolar
1845,Macrophage_Alveolar,157I,IPF,59,Macrophage_Alveolar
1846,Macrophage_Alveolar,157I,IPF,59,Macrophage_Alveolar
1847,Macrophage_Alveolar,157I,IPF,59,Macrophage_Alveolar
1848,Macrophage_Alveolar,157I,IPF,59,Macrophage_Alveolar
1849,Macrophage_Alveolar,157I,IPF,59,Macrophage_Alveolar
1850,Macrophage_Alveolar,157I,IPF,59,Macrophage_Alveolar
1851,Macrophage_Alveolar,157I,IPF,59,Macrophage_Alveolar
1852,Macrophage_Alveolar,157I,IPF,59,Macrophage_Alveolar
1853,Macrophage_Alveolar,157I,IPF,59,Macrophage_Alveolar
1854,Macrophage_Alveolar,157I,IPF,59,Macrophage_Alveolar
1855,Macrophage_Alveolar,157I,IPF,59,Macrophage_Alveolar
1856,Macrophage_Alveolar,157I,IPF,59,Macrophage_Alveolar
1857,Macrophage_Alveolar,157I,IPF,58,Macrophage_Alveolar
1858,T,157I,IPF,55,T
1859,T,157I,IPF,54,T
1860,T,157I,IPF,54,T
1861,T,157I,IPF,54,T
1862,T,157I,IPF,54,T
1863,cMonocyte,157I,IPF,54,Monocyte
1864,cMonocyte,157I,IPF,54,Monocyte
1865,B,157I,IPF,57,B
1866,B,157I,IPF,57,B
1867,B,157I,IPF,57,B
1868,B,157I,IPF,57,B
1869,B,157I,IPF,57,B
1870,B,157I,IPF,56,B
1871,B,157I,IPF,56,B
1872,Ciliated,157I,IPF,63,Ciliated
1873,Ciliated,157I,IPF,62,Ciliated
1874,Ciliated,157I,IPF,62,Ciliated
1875,Ciliated,157I,IPF,62,Ciliated
1876,Ciliated,157I,IPF,62,Ciliated
1877,Ciliated,157I,IPF,62,Ciliated
1878,T_Cytotoxic,157I,IPF,60,T_Cytotoxic_A
1879,T_Cytotoxic,157I,IPF,59,T_Cytotoxic_A
1880,T_Cytotoxic,157I,IPF,59,T_Cytotoxic_A
1881,T_Cytotoxic,157I,IPF,59,T_Cytotoxic_A
1882,T_Cytotoxic,157I,IPF,59,T_Cytotoxic_A
1883,NK,157I,IPF,59,NK
1884,NK,157I,IPF,59,NK
1885,NK,157I,IPF,59,NK
1886,NK,157I,IPF,58,NK
1887,T_Regulatory,157I,IPF,75,T_Regulatory_B
1888,cDC2,157I,IPF,59,Dendritic_A
1889,cDC2,157I,IPF,58,Dendritic_A
1890,cDC2,157I,IPF,58,Dendritic_A
1891,cDC2,157I,IPF,58,Dendritic_A
1892,cDC2,157I,IPF,58,Dendritic_A
1893,ncMonocyte,157I,IPF,88,Monocyte_Non-Classical
1894,Macrophage,158I,IPF,60,Macrophage
1895,Macrophage,158I,IPF,60,Macrophage
1896,Macrophage,158I,IPF,60,Macrophage
1897,Macrophage,158I,IPF,60,Macrophage
1898,Macrophage,158I,IPF,60,Macrophage
1899,Macrophage,158I,IPF,60,Macrophage
1900,Macrophage,158I,IPF,60,Macrophage
1901,Macrophage,158I,IPF,60,Macrophage
1902,Macrophage,158I,IPF,60,Macrophage
1903,Macrophage,158I,IPF,60,Macrophage
1904,Macrophage,158I,IPF,60,Macrophage
1905,Macrophage,158I,IPF,60,Macrophage
1906,Macrophage,158I,IPF,60,Macrophage
1907,Macrophage,158I,IPF,60,Macrophage
1908,Macrophage,158I,IPF,60,Macrophage
1909,Macrophage,158I,IPF,60,Macrophage
1910,Macrophage,158I,IPF,60,Macrophage
1911,Macrophage,158I,IPF,60,Macrophage
1912,Macrophage,158I,IPF,60,Macrophage
1913,Macrophage,158I,IPF,60,Macrophage
1914,Macrophage,158I,IPF,60,Macrophage
1915,Macrophage,158I,IPF,60,Macrophage
1916,Macrophage,158I,IPF,60,Macrophage
1917,Macrophage,158I,IPF,60,Macrophage
1918,Macrophage,158I,IPF,60,Macrophage
1919,Macrophage,158I,IPF,60,Macrophage
1920,Macrophage,158I,IPF,60,Macrophage
1921,Macrophage,158I,IPF,60,Macrophage
1922,Macrophage,158I,IPF,60,Macrophage
1923,Macrophage,158I,IPF,60,Macrophage
1924,Macrophage,158I,IPF,60,Macrophage
1925,Macrophage,158I,IPF,60,Macrophage
1926,Macrophage,158I,IPF,60,Macrophage
1927,Macrophage,158I,IPF,60,Macrophage
1928,Macrophage,158I,IPF,59,Macrophage
1929,Macrophage,158I,IPF,59,Macrophage
1930,Macrophage,158I,IPF,59,Macrophage
1931,Macrophage,158I,IPF,59,Macrophage
1932,Macrophage,158I,IPF,59,Macrophage
1933,Macrophage,158I,IPF,59,Macrophage
1934,Macrophage,158I,IPF,59,Macrophage
1935,Macrophage_Alveolar,158I,IPF,60,Macrophage_Alveolar
1936,Macrophage_Alveolar,158I,IPF,60,Macrophage_Alveolar
1937,Macrophage_Alveolar,158I,IPF,60,Macrophage_Alveolar
1938,Macrophage_Alveolar,158I,IPF,60,Macrophage_Alveolar
1939,Macrophage_Alveolar,158I,IPF,60,Macrophage_Alveolar
1940,Macrophage_Alveolar,158I,IPF,60,Macrophage_Alveolar
1941,Macrophage_Alveolar,158I,IPF,60,Macrophage_Alveolar
1942,Macrophage_Alveolar,158I,IPF,60,Macrophage_Alveolar
1943,Macrophage_Alveolar,158I,IPF,60,Macrophage_Alveolar
1944,Macrophage_Alveolar,158I,IPF,60,Macrophage_Alveolar
1945,Macrophage_Alveolar,158I,IPF,60,Macrophage_Alveolar
1946,Macrophage_Alveolar,158I,IPF,60,Macrophage_Alveolar
1947,Macrophage_Alveolar,158I,IPF,60,Macrophage_Alveolar
1948,Macrophage_Alveolar,158I,IPF,60,Macrophage_Alveolar
1949,Macrophage_Alveolar,158I,IPF,60,Macrophage_Alveolar
1950,Macrophage_Alveolar,158I,IPF,60,Macrophage_Alveolar
1951,Macrophage_Alveolar,158I,IPF,60,Macrophage_Alveolar
1952,Macrophage_Alveolar,158I,IPF,59,Macrophage_Alveolar
1953,Macrophage_Alveolar,158I,IPF,59,Macrophage_Alveolar
1954,Macrophage_Alveolar,158I,IPF,59,Macrophage_Alveolar
1955,Macrophage_Alveolar,158I,IPF,59,Macrophage_Alveolar
1956,Macrophage_Alveolar,158I,IPF,59,Macrophage_Alveolar
1957,Macrophage_Alveolar,158I,IPF,59,Macrophage_Alveolar
1958,T,158I,IPF,59,T
1959,T,158I,IPF,59,T
1960,T,158I,IPF,59,T
1961,T,158I,IPF,59,T
1962,T,158I,IPF,59,T
1963,T,158I,IPF,58,T
1964,T,158I,IPF,58,T
1965,cDC2,158I,IPF,47,Dendritic_A
1966,cDC2,158I,IPF,46,Dendritic_A
1967,ncMonocyte,158I,IPF,48,Monocyte_Non-Classical
1968,ncMonocyte,158I,IPF,47,Monocyte_Non-Classical
1969,T_Cytotoxic,158I,IPF,62,T_Cytotoxic_A
1970,T_Cytotoxic,158I,IPF,62,T_Cytotoxic_C
1971,T_Cytotoxic,158I,IPF,62,T_Cytotoxic_C
1972,T_Cytotoxic,158I,IPF,62,T_Cytotoxic_C
1973,T_Cytotoxic,158I,IPF,62,T_Cytotoxic_C
1974,T_Cytotoxic,158I,IPF,62,T_Cytotoxic_C
1975,T_Cytotoxic,158I,IPF,62,T_Cytotoxic_C
1976,T_Cytotoxic,158I,IPF,62,T_Cytotoxic_C
1977,T_Cytotoxic,158I,IPF,61,T_Cytotoxic_C
1978,T_Cytotoxic,158I,IPF,61,T_Cytotoxic_C
1979,T_Cytotoxic,158I,IPF,61,T_Cytotoxic_C
1980,T_Cytotoxic,158I,IPF,61,T_Cytotoxic_A
1981,T_Cytotoxic,158I,IPF,61,T_Cytotoxic_C
1982,T_Cytotoxic,158I,IPF,61,T_Cytotoxic_C
1983,Ciliated,158I,IPF,58,Ciliated
1984,Ciliated,158I,IPF,58,Ciliated
1985,Ciliated,158I,IPF,58,Ciliated
1986,Ciliated,158I,IPF,57,Ciliated
1987,ATII,158I,IPF,62,ATII_High-Surfactants
1988,ATII,158I,IPF,61,ATII_High-Surfactants
1989,NK,158I,IPF,85,NK
1990,cMonocyte,158I,IPF,54,Monocyte
1991,cMonocyte,158I,IPF,53,Monocyte
1992,cMonocyte,158I,IPF,53,Monocyte
1993,Macrophage,160C,Control,61,Macrophage
1994,Macrophage,160C,Control,61,Macrophage
1995,Macrophage,160C,Control,61,Macrophage
1996,Macrophage,160C,Control,61,Macrophage
1997,Macrophage,160C,Control,61,Macrophage
1998,Macrophage,160C,Control,61,Macrophage
1999,Macrophage,160C,Control,61,Macrophage
2000,Macrophage,160C,Control,61,Macrophage
2001,Macrophage,160C,Control,61,Macrophage
2002,Macrophage,160C,Control,61,Macrophage
2003,Macrophage,160C,Control,61,Macrophage
2004,Macrophage,160C,Control,61,Macrophage
2005,Macrophage,160C,Control,61,Macrophage
2006,Macrophage,160C,Control,61,Macrophage
2007,Macrophage,160C,Control,61,Macrophage
2008,Macrophage,160C,Control,61,Macrophage
2009,Macrophage,160C,Control,61,Macrophage
2010,Macrophage,160C,Control,61,Macrophage
2011,Macrophage,160C,Control,61,Macrophage
2012,Macrophage,160C,Control,61,Macrophage
2013,Macrophage,160C,Control,61,Macrophage
2014,Macrophage,160C,Control,61,Macrophage
2015,Macrophage,160C,Control,61,Macrophage
2016,Macrophage,160C,Control,61,Macrophage
2017,Macrophage,160C,Control,61,Macrophage
2018,Macrophage,160C,Control,61,Macrophage
2019,Macrophage,160C,Control,60,Macrophage
2020,Macrophage,160C,Control,60,Macrophage
2021,Macrophage,160C,Control,60,Macrophage
2022,Macrophage,160C,Control,60,Macrophage
2023,Macrophage,160C,Control,60,Macrophage
2024,Macrophage,160C,Control,60,Macrophage
2025,Macrophage,160C,Control,60,Macrophage
2026,Macrophage,160C,Control,60,Macrophage
2027,Macrophage,160C,Control,60,Macrophage
2028,Macrophage,160C,Control,60,Macrophage
2029,Macrophage,160C,Control,60,Macrophage
2030,Macrophage,160C,Control,60,Macrophage
2031,Macrophage,160C,Control,60,Macrophage
2032,Macrophage,160C,Control,60,Macrophage
2033,Macrophage,160C,Control,60,Macrophage
2034,Macrophage,160C,Control,60,Macrophage
2035,Macrophage,160C,Control,60,Macrophage
2036,Macrophage,160C,Control,60,Macrophage
2037,Macrophage_Alveolar,160C,Control,61,Macrophage_Alveolar
2038,Macrophage_Alveolar,160C,Control,60,Macrophage_Alveolar
2039,Macrophage_Alveolar,160C,Control,60,Macrophage_Alveolar
2040,Macrophage_Alveolar,160C,Control,60,Macrophage_Alveolar
2041,Macrophage_Alveolar,160C,Control,60,Macrophage_Alveolar
2042,Macrophage_Alveolar,160C,Control,60,Macrophage_Alveolar
2043,Macrophage_Alveolar,160C,Control,60,Macrophage_Alveolar
2044,Macrophage_Alveolar,160C,Control,60,Macrophage_Alveolar
2045,Macrophage_Alveolar,160C,Control,60,Macrophage_Alveolar
2046,Macrophage_Alveolar,160C,Control,60,Macrophage_Alveolar
2047,Macrophage_Alveolar,160C,Control,60,Macrophage_Alveolar
2048,Macrophage_Alveolar,160C,Control,60,Macrophage_Alveolar
2049,Macrophage_Alveolar,160C,Control,60,Macrophage_Alveolar
2050,Macrophage_Alveolar,160C,Control,60,Macrophage_Alveolar
2051,Macrophage_Alveolar,160C,Control,60,Macrophage_Alveolar
2052,Macrophage_Alveolar,160C,Control,60,Macrophage_Alveolar
2053,Macrophage_Alveolar,160C,Control,60,Macrophage_Alveolar
2054,Macrophage_Alveolar,160C,Control,60,Macrophage_Alveolar
2055,Macrophage_Alveolar,160C,Control,60,Macrophage_Alveolar
2056,T_Cytotoxic,160C,Control,51,T_Cytotoxic_C
2057,T_Cytotoxic,160C,Control,50,T_Cytotoxic_C
2058,cMonocyte,160C,Control,86,Monocyte
2059,NK,160C,Control,79,NK
2060,Macrophage,166I,IPF,60,Macrophage
2061,Macrophage,166I,IPF,60,Macrophage
2062,Macrophage,166I,IPF,60,Macrophage
2063,Macrophage,166I,IPF,60,Macrophage
2064,Macrophage,166I,IPF,60,Macrophage
2065,Macrophage,166I,IPF,60,Macrophage
2066,Macrophage,166I,IPF,60,Macrophage
2067,Macrophage,166I,IPF,60,Macrophage
2068,Macrophage,166I,IPF,60,Macrophage
2069,Macrophage,166I,IPF,60,Macrophage
2070,Macrophage,166I,IPF,60,Macrophage
2071,Macrophage,166I,IPF,60,Macrophage
2072,Macrophage,166I,IPF,60,Macrophage
2073,Macrophage,166I,IPF,60,Macrophage
2074,Macrophage,166I,IPF,60,Macrophage
2075,Macrophage,166I,IPF,60,Macrophage
2076,Macrophage,166I,IPF,60,Macrophage
2077,Macrophage,166I,IPF,59,Macrophage
2078,Macrophage,166I,IPF,59,Macrophage
2079,Macrophage,166I,IPF,59,Macrophage
2080,Macrophage,166I,IPF,59,Macrophage
2081,Macrophage,166I,IPF,59,Macrophage
2082,Macrophage,166I,IPF,59,Macrophage
2083,Macrophage,166I,IPF,59,Macrophage
2084,Macrophage,166I,IPF,59,Macrophage
2085,Macrophage,166I,IPF,59,Macrophage
2086,Macrophage,166I,IPF,59,Macrophage
2087,Macrophage,166I,IPF,59,Macrophage
2088,Macrophage,166I,IPF,59,Macrophage
2089,Macrophage,166I,IPF,59,Macrophage
2090,Macrophage,166I,IPF,59,Macrophage
2091,Macrophage,166I,IPF,59,Macrophage
2092,Macrophage,166I,IPF,59,Macrophage
2093,Macrophage,166I,IPF,59,Macrophage
2094,Macrophage,166I,IPF,59,Macrophage
2095,Macrophage,166I,IPF,59,Macrophage
2096,Macrophage,166I,IPF,59,Macrophage
2097,Macrophage,166I,IPF,59,Macrophage
2098,Macrophage,166I,IPF,59,Macrophage
2099,Macrophage,166I,IPF,59,Macrophage
2100,Macrophage,166I,IPF,59,Macrophage
2101,Macrophage,166I,IPF,59,Macrophage
2102,Ciliated,166I,IPF,68,Ciliated
2103,Ciliated,166I,IPF,67,Ciliated
2104,Ciliated,166I,IPF,67,Ciliated
2105,cMonocyte,166I,IPF,63,Monocyte
2106,cMonocyte,166I,IPF,63,Monocyte
2107,cMonocyte,166I,IPF,63,Monocyte
2108,cMonocyte,166I,IPF,62,Monocyte
2109,cMonocyte,166I,IPF,62,Monocyte
2110,cMonocyte,166I,IPF,62,Monocyte
2111,Macrophage_Alveolar,166I,IPF,60,Macrophage_Alveolar
2112,Macrophage_Alveolar,166I,IPF,60,Macrophage_Alveolar
2113,Macrophage_Alveolar,166I,IPF,60,Macrophage_Alveolar
2114,Macrophage_Alveolar,166I,IPF,60,Macrophage_Alveolar
2115,Macrophage_Alveolar,166I,IPF,59,Macrophage_Alveolar
2116,Macrophage_Alveolar,166I,IPF,59,Macrophage_Alveolar
2117,Macrophage_Alveolar,166I,IPF,59,Macrophage_Alveolar
2118,Macrophage_Alveolar,166I,IPF,59,Macrophage_Alveolar
2119,Macrophage_Alveolar,166I,IPF,59,Macrophage_Alveolar
2120,Macrophage_Alveolar,166I,IPF,59,Macrophage_Alveolar
2121,Macrophage_Alveolar,166I,IPF,59,Macrophage_Alveolar
2122,Macrophage_Alveolar,166I,IPF,59,Macrophage_Alveolar
2123,Macrophage_Alveolar,166I,IPF,59,Macrophage_Alveolar
2124,Macrophage_Alveolar,166I,IPF,59,Macrophage_Alveolar
2125,Macrophage_Alveolar,166I,IPF,59,Macrophage_Alveolar
2126,Macrophage_Alveolar,166I,IPF,59,Macrophage_Alveolar
2127,Macrophage_Alveolar,166I,IPF,59,Macrophage_Alveolar
2128,Macrophage_Alveolar,166I,IPF,59,Macrophage_Alveolar
2129,Macrophage_Alveolar,166I,IPF,59,Macrophage_Alveolar
2130,Macrophage_Alveolar,166I,IPF,59,Macrophage_Alveolar
2131,Macrophage_Alveolar,166I,IPF,59,Macrophage_Alveolar
2132,Macrophage_Alveolar,166I,IPF,59,Macrophage_Alveolar
2133,Macrophage_Alveolar,166I,IPF,59,Macrophage_Alveolar
2134,ncMonocyte,166I,IPF,88,Monocyte_Non-Classical
2135,T_Cytotoxic,166I,IPF,53,T_Cytotoxic_A
2136,T_Cytotoxic,166I,IPF,53,T_Cytotoxic_A
2137,T_Cytotoxic,166I,IPF,53,T_Cytotoxic_A
2138,NK,166I,IPF,49,NK
2139,NK,166I,IPF,49,NK
2140,Macrophage_Alveolar,174I,IPF,62,Macrophage_Alveolar
2141,Macrophage_Alveolar,174I,IPF,62,Macrophage_Alveolar
2142,Macrophage_Alveolar,174I,IPF,62,Macrophage_Alveolar
2143,Macrophage_Alveolar,174I,IPF,62,Macrophage_Alveolar
2144,Macrophage_Alveolar,174I,IPF,62,Macrophage_Alveolar
2145,Macrophage_Alveolar,174I,IPF,62,Macrophage_Alveolar
2146,Macrophage_Alveolar,174I,IPF,61,Macrophage_Alveolar
2147,Macrophage_Alveolar,174I,IPF,61,Macrophage_Alveolar
2148,Macrophage_Alveolar,174I,IPF,61,Macrophage_Alveolar
2149,Macrophage_Alveolar,174I,IPF,61,Macrophage_Alveolar
2150,Macrophage_Alveolar,174I,IPF,61,Macrophage_Alveolar
2151,Macrophage_Alveolar,174I,IPF,61,Macrophage_Alveolar
2152,Macrophage_Alveolar,174I,IPF,61,Macrophage_Alveolar
2153,Macrophage_Alveolar,174I,IPF,61,Macrophage_Alveolar
2154,Macrophage_Alveolar,174I,IPF,61,Macrophage_Alveolar
2155,Macrophage_Alveolar,174I,IPF,61,Macrophage_Alveolar
2156,Macrophage_Alveolar,174I,IPF,61,Macrophage_Alveolar
2157,Macrophage_Alveolar,174I,IPF,61,Macrophage_Alveolar
2158,Macrophage_Alveolar,174I,IPF,61,Macrophage_Alveolar
2159,Macrophage_Alveolar,174I,IPF,61,Macrophage_Alveolar
2160,Macrophage_Alveolar,174I,IPF,61,Macrophage_Alveolar
2161,Macrophage_Alveolar,174I,IPF,61,Macrophage_Alveolar
2162,Macrophage_Alveolar,174I,IPF,61,Macrophage_Alveolar
2163,Macrophage_Alveolar,174I,IPF,61,Macrophage_Alveolar
2164,B,174I,IPF,58,B
2165,B,174I,IPF,57,B
2166,B,174I,IPF,57,B
2167,B,174I,IPF,57,B
2168,B,174I,IPF,57,B
2169,B,174I,IPF,57,B
2170,B,174I,IPF,57,B
2171,B,174I,IPF,57,B
2172,B,174I,IPF,57,B
2173,cMonocyte,174I,IPF,57,Monocyte
2174,cMonocyte,174I,IPF,56,Monocyte
2175,cMonocyte,174I,IPF,56,Monocyte
2176,cMonocyte,174I,IPF,56,Monocyte
2177,T_Cytotoxic,174I,IPF,52,T_Cytotoxic_A
2178,T_Cytotoxic,174I,IPF,52,T_Cytotoxic_A
2179,T_Cytotoxic,174I,IPF,51,T_Cytotoxic_A
2180,Macrophage,174I,IPF,61,Macrophage
2181,Macrophage,174I,IPF,61,Macrophage
2182,Macrophage,174I,IPF,61,Macrophage
2183,Macrophage,174I,IPF,60,Macrophage
2184,Macrophage,174I,IPF,60,Macrophage
2185,Macrophage,174I,IPF,60,Macrophage
2186,Macrophage,174I,IPF,60,Macrophage
2187,Macrophage,174I,IPF,60,Macrophage
2188,Macrophage,174I,IPF,60,Macrophage
2189,Macrophage,174I,IPF,60,Macrophage
2190,Macrophage,174I,IPF,60,Macrophage
2191,Macrophage,174I,IPF,60,Macrophage
2192,Macrophage,174I,IPF,60,Macrophage
2193,Macrophage,174I,IPF,60,Macrophage
2194,Macrophage,174I,IPF,60,Macrophage
2195,Macrophage,174I,IPF,60,Macrophage
2196,Macrophage,174I,IPF,60,Macrophage
2197,Macrophage,174I,IPF,60,Macrophage
2198,Macrophage,174I,IPF,60,Macrophage
2199,Macrophage,174I,IPF,60,Macrophage
2200,Macrophage,174I,IPF,60,Macrophage
2201,Macrophage,174I,IPF,60,Macrophage
2202,Macrophage,174I,IPF,60,Macrophage
2203,Macrophage,174I,IPF,60,Macrophage
2204,Macrophage,174I,IPF,60,Macrophage
2205,T,174I,IPF,59,T
2206,T,174I,IPF,58,T
2207,T,174I,IPF,58,T
2208,T,174I,IPF,58,T
2209,T,174I,IPF,58,T
2210,T,174I,IPF,58,T
2211,T,174I,IPF,58,T
2212,cDC2,174I,IPF,57,Dendritic_A
2213,cDC2,174I,IPF,57,Dendritic_A
2214,cDC2,174I,IPF,57,Dendritic_A
2215,cDC2,174I,IPF,56,Dendritic_A
2216,cDC2,174I,IPF,56,Dendritic_A
2217,cDC2,174I,IPF,56,Dendritic_A
2218,Ciliated,174I,IPF,65,Ciliated
2219,Ciliated,174I,IPF,65,Ciliated
2220,Ciliated,174I,IPF,64,Ciliated
2221,ncMonocyte,174I,IPF,63,Monocyte_Non-Classical
2222,NK,174I,IPF,58,NK
2223,NK,174I,IPF,57,NK
2224,NK,174I,IPF,57,NK
2225,Macrophage,177I,IPF,60,Macrophage
2226,Macrophage,177I,IPF,60,Macrophage
2227,Macrophage,177I,IPF,60,Macrophage
2228,Macrophage,177I,IPF,59,Macrophage
2229,Macrophage,177I,IPF,59,Macrophage
2230,Macrophage,177I,IPF,59,Macrophage
2231,Macrophage,177I,IPF,59,Macrophage
2232,Macrophage,177I,IPF,59,Macrophage
2233,Macrophage,177I,IPF,59,Macrophage
2234,Macrophage,177I,IPF,59,Macrophage
2235,Macrophage,177I,IPF,59,Macrophage
2236,Macrophage,177I,IPF,59,Macrophage
2237,Macrophage,177I,IPF,59,Macrophage
2238,Macrophage,177I,IPF,59,Macrophage
2239,Macrophage,177I,IPF,59,Macrophage
2240,Macrophage,177I,IPF,59,Macrophage
2241,Macrophage,177I,IPF,59,Macrophage
2242,Macrophage,177I,IPF,59,Macrophage
2243,Macrophage,177I,IPF,59,Macrophage
2244,Macrophage,177I,IPF,59,Macrophage
2245,Macrophage,177I,IPF,59,Macrophage
2246,Macrophage,177I,IPF,59,Macrophage
2247,Macrophage,177I,IPF,59,Macrophage
2248,Macrophage_Alveolar,177I,IPF,60,Macrophage_Alveolar
2249,Macrophage_Alveolar,177I,IPF,60,Macrophage_Alveolar
2250,Macrophage_Alveolar,177I,IPF,60,Macrophage_Alveolar
2251,Macrophage_Alveolar,177I,IPF,60,Macrophage_Alveolar
2252,Macrophage_Alveolar,177I,IPF,60,Macrophage_Alveolar
2253,Macrophage_Alveolar,177I,IPF,60,Macrophage_Alveolar
2254,Macrophage_Alveolar,177I,IPF,60,Macrophage_Alveolar
2255,Macrophage_Alveolar,177I,IPF,60,Macrophage_Alveolar
2256,Macrophage_Alveolar,177I,IPF,60,Macrophage_Alveolar
2257,Macrophage_Alveolar,177I,IPF,60,Macrophage_Alveolar
2258,Macrophage_Alveolar,177I,IPF,60,Macrophage_Alveolar
2259,Macrophage_Alveolar,177I,IPF,60,Macrophage_Alveolar
2260,Macrophage_Alveolar,177I,IPF,60,Macrophage_Alveolar
2261,Macrophage_Alveolar,177I,IPF,60,Macrophage_Alveolar
2262,Macrophage_Alveolar,177I,IPF,60,Macrophage_Alveolar
2263,Macrophage_Alveolar,177I,IPF,60,Macrophage_Alveolar
2264,Macrophage_Alveolar,177I,IPF,60,Macrophage_Alveolar
2265,Macrophage_Alveolar,177I,IPF,60,Macrophage_Alveolar
2266,Macrophage_Alveolar,177I,IPF,60,Macrophage_Alveolar
2267,Macrophage_Alveolar,177I,IPF,60,Macrophage_Alveolar
2268,Macrophage_Alveolar,177I,IPF,60,Macrophage_Alveolar
2269,Macrophage_Alveolar,177I,IPF,60,Macrophage_Alveolar
2270,Macrophage_Alveolar,177I,IPF,60,Macrophage_Alveolar
2271,Macrophage_Alveolar,177I,IPF,60,Macrophage_Alveolar
2272,Macrophage_Alveolar,177I,IPF,60,Macrophage_Alveolar
2273,Macrophage_Alveolar,177I,IPF,60,Macrophage_Alveolar
2274,Macrophage_Alveolar,177I,IPF,60,Macrophage_Alveolar
2275,Macrophage_Alveolar,177I,IPF,60,Macrophage_Alveolar
2276,Macrophage_Alveolar,177I,IPF,60,Macrophage_Alveolar
2277,Macrophage_Alveolar,177I,IPF,60,Macrophage_Alveolar
2278,Macrophage_Alveolar,177I,IPF,60,Macrophage_Alveolar
2279,Macrophage_Alveolar,177I,IPF,60,Macrophage_Alveolar
2280,Macrophage_Alveolar,177I,IPF,60,Macrophage_Alveolar
2281,Macrophage_Alveolar,177I,IPF,60,Macrophage_Alveolar
2282,Macrophage_Alveolar,177I,IPF,60,Macrophage_Alveolar
2283,Macrophage_Alveolar,177I,IPF,60,Macrophage_Alveolar
2284,Macrophage_Alveolar,177I,IPF,60,Macrophage_Alveolar
2285,Macrophage_Alveolar,177I,IPF,60,Macrophage_Alveolar
2286,Macrophage_Alveolar,177I,IPF,60,Macrophage_Alveolar
2287,Macrophage_Alveolar,177I,IPF,60,Macrophage_Alveolar
2288,Macrophage_Alveolar,177I,IPF,59,Macrophage_Alveolar
2289,Macrophage_Alveolar,177I,IPF,59,Macrophage_Alveolar
2290,Macrophage_Alveolar,177I,IPF,59,Macrophage_Alveolar
2291,Macrophage_Alveolar,177I,IPF,59,Macrophage_Alveolar
2292,Macrophage_Alveolar,177I,IPF,59,Macrophage_Alveolar
2293,Macrophage_Alveolar,177I,IPF,59,Macrophage_Alveolar
2294,Macrophage_Alveolar,177I,IPF,59,Macrophage_Alveolar
2295,Macrophage_Alveolar,177I,IPF,59,Macrophage_Alveolar
2296,Macrophage_Alveolar,177I,IPF,59,Macrophage_Alveolar
2297,Macrophage_Alveolar,177I,IPF,59,Macrophage_Alveolar
2298,Macrophage_Alveolar,177I,IPF,59,Macrophage_Alveolar
2299,cDC2,177I,IPF,65,Dendritic_A
2300,cDC2,177I,IPF,64,Dendritic_A
2301,cDC2,177I,IPF,64,Dendritic_A
2302,cMonocyte,177I,IPF,63,Monocyte
2303,cMonocyte,177I,IPF,63,Monocyte
2304,cMonocyte,177I,IPF,63,Monocyte
2305,cMonocyte,177I,IPF,62,Monocyte
2306,cMonocyte,177I,IPF,62,Monocyte
2307,ncMonocyte,177I,IPF,69,Monocyte_Non-Classical
2308,ncMonocyte,177I,IPF,69,Monocyte_Non-Classical
2309,ncMonocyte,177I,IPF,69,Monocyte_Non-Classical
2310,NK,177I,IPF,69,NK
2311,NK,177I,IPF,68,NK
2312,NK,177I,IPF,68,NK
2313,T_Cytotoxic,177I,IPF,75,T_Cytotoxic_C
2314,T_Cytotoxic,177I,IPF,74,T_Cytotoxic_C
2315,T,177I,IPF,61,T
2316,T,177I,IPF,61,T
2317,T,177I,IPF,60,T
2318,Ciliated,177I,IPF,54,Ciliated
2319,Ciliated,177I,IPF,54,Ciliated
2320,Macrophage_Alveolar,178CO,COPD,60,Macrophage_Alveolar
2321,Macrophage_Alveolar,178CO,COPD,60,Macrophage_Alveolar
2322,Macrophage_Alveolar,178CO,COPD,60,Macrophage_Alveolar
2323,Macrophage_Alveolar,178CO,COPD,60,Macrophage_Alveolar
2324,Macrophage_Alveolar,178CO,COPD,60,Macrophage_Alveolar
2325,Macrophage_Alveolar,178CO,COPD,60,Macrophage_Alveolar
2326,Macrophage_Alveolar,178CO,COPD,60,Macrophage_Alveolar
2327,Macrophage_Alveolar,178CO,COPD,60,Macrophage_Alveolar
2328,Macrophage_Alveolar,178CO,COPD,60,Macrophage_Alveolar
2329,Macrophage_Alveolar,178CO,COPD,60,Macrophage_Alveolar
2330,Macrophage_Alveolar,178CO,COPD,60,Macrophage_Alveolar
2331,Macrophage_Alveolar,178CO,COPD,60,Macrophage_Alveolar
2332,Macrophage_Alveolar,178CO,COPD,60,Macrophage_Alveolar
2333,Macrophage_Alveolar,178CO,COPD,60,Macrophage_Alveolar
2334,Macrophage_Alveolar,178CO,COPD,60,Macrophage_Alveolar
2335,Macrophage_Alveolar,178CO,COPD,60,Macrophage_Alveolar
2336,Macrophage_Alveolar,178CO,COPD,60,Macrophage_Alveolar
2337,Macrophage_Alveolar,178CO,COPD,60,Macrophage_Alveolar
2338,Macrophage_Alveolar,178CO,COPD,60,Macrophage_Alveolar
2339,Macrophage_Alveolar,178CO,COPD,60,Macrophage_Alveolar
2340,Macrophage_Alveolar,178CO,COPD,60,Macrophage_Alveolar
2341,Macrophage_Alveolar,178CO,COPD,60,Macrophage_Alveolar
2342,Macrophage_Alveolar,178CO,COPD,60,Macrophage_Alveolar
2343,Macrophage_Alveolar,178CO,COPD,60,Macrophage_Alveolar
2344,Macrophage_Alveolar,178CO,COPD,60,Macrophage_Alveolar
2345,Macrophage_Alveolar,178CO,COPD,60,Macrophage_Alveolar
2346,Macrophage_Alveolar,178CO,COPD,60,Macrophage_Alveolar
2347,Macrophage_Alveolar,178CO,COPD,60,Macrophage_Alveolar
2348,Macrophage_Alveolar,178CO,COPD,60,Macrophage_Alveolar
2349,Macrophage_Alveolar,178CO,COPD,60,Macrophage_Alveolar
2350,Macrophage_Alveolar,178CO,COPD,60,Macrophage_Alveolar
2351,Macrophage_Alveolar,178CO,COPD,60,Macrophage_Alveolar
2352,Macrophage_Alveolar,178CO,COPD,60,Macrophage_Alveolar
2353,Macrophage_Alveolar,178CO,COPD,60,Macrophage_Alveolar
2354,Macrophage_Alveolar,178CO,COPD,60,Macrophage_Alveolar
2355,Macrophage_Alveolar,178CO,COPD,60,Macrophage_Alveolar
2356,Macrophage_Alveolar,178CO,COPD,60,Macrophage_Alveolar
2357,Macrophage_Alveolar,178CO,COPD,60,Macrophage_Alveolar
2358,Macrophage_Alveolar,178CO,COPD,60,Macrophage_Alveolar
2359,Macrophage_Alveolar,178CO,COPD,60,Macrophage_Alveolar
2360,Macrophage_Alveolar,178CO,COPD,60,Macrophage_Alveolar
2361,Macrophage_Alveolar,178CO,COPD,60,Macrophage_Alveolar
2362,Macrophage_Alveolar,178CO,COPD,60,Macrophage_Alveolar
2363,Macrophage_Alveolar,178CO,COPD,60,Macrophage_Alveolar
2364,Macrophage_Alveolar,178CO,COPD,60,Macrophage_Alveolar
2365,Macrophage_Alveolar,178CO,COPD,60,Macrophage_Alveolar
2366,Macrophage_Alveolar,178CO,COPD,60,Macrophage_Alveolar
2367,Macrophage_Alveolar,178CO,COPD,60,Macrophage_Alveolar
2368,Macrophage_Alveolar,178CO,COPD,60,Macrophage_Alveolar
2369,Macrophage_Alveolar,178CO,COPD,60,Macrophage_Alveolar
2370,Macrophage_Alveolar,178CO,COPD,60,Macrophage_Alveolar
2371,Macrophage_Alveolar,178CO,COPD,60,Macrophage_Alveolar
2372,Macrophage_Alveolar,178CO,COPD,60,Macrophage_Alveolar
2373,Macrophage_Alveolar,178CO,COPD,60,Macrophage_Alveolar
2374,Macrophage_Alveolar,178CO,COPD,60,Macrophage_Alveolar
2375,Macrophage_Alveolar,178CO,COPD,60,Macrophage_Alveolar
2376,Macrophage_Alveolar,178CO,COPD,60,Macrophage_Alveolar
2377,Macrophage_Alveolar,178CO,COPD,60,Macrophage_Alveolar
2378,Macrophage_Alveolar,178CO,COPD,60,Macrophage_Alveolar
2379,Macrophage_Alveolar,178CO,COPD,60,Macrophage_Alveolar
2380,Macrophage_Alveolar,178CO,COPD,60,Macrophage_Alveolar
2381,Macrophage_Alveolar,178CO,COPD,60,Macrophage_Alveolar
2382,Macrophage_Alveolar,178CO,COPD,60,Macrophage_Alveolar
2383,Macrophage_Alveolar,178CO,COPD,60,Macrophage_Alveolar
2384,Macrophage_Alveolar,178CO,COPD,60,Macrophage_Alveolar
2385,Macrophage_Alveolar,178CO,COPD,60,Macrophage_Alveolar
2386,Macrophage_Alveolar,178CO,COPD,60,Macrophage_Alveolar
2387,Macrophage_Alveolar,178CO,COPD,60,Macrophage_Alveolar
2388,Macrophage_Alveolar,178CO,COPD,60,Macrophage_Alveolar
2389,Macrophage_Alveolar,178CO,COPD,60,Macrophage_Alveolar
2390,Macrophage_Alveolar,178CO,COPD,60,Macrophage_Alveolar
2391,Macrophage_Alveolar,178CO,COPD,60,Macrophage_Alveolar
2392,Macrophage_Alveolar,178CO,COPD,60,Macrophage_Alveolar
2393,Macrophage_Alveolar,178CO,COPD,60,Macrophage_Alveolar
2394,Macrophage_Alveolar,178CO,COPD,60,Macrophage_Alveolar
2395,Macrophage_Alveolar,178CO,COPD,60,Macrophage_Alveolar
2396,Macrophage_Alveolar,178CO,COPD,60,Macrophage_Alveolar
2397,Macrophage_Alveolar,178CO,COPD,60,Macrophage_Alveolar
2398,Macrophage_Alveolar,178CO,COPD,60,Macrophage_Alveolar
2399,Macrophage_Alveolar,178CO,COPD,60,Macrophage_Alveolar
2400,Macrophage_Alveolar,178CO,COPD,60,Macrophage_Alveolar
2401,Macrophage_Alveolar,178CO,COPD,60,Macrophage_Alveolar
2402,Macrophage_Alveolar,178CO,COPD,60,Macrophage_Alveolar
2403,Macrophage_Alveolar,178CO,COPD,60,Macrophage_Alveolar
2404,Macrophage_Alveolar,178CO,COPD,60,Macrophage_Alveolar
2405,Macrophage_Alveolar,178CO,COPD,60,Macrophage_Alveolar
2406,Macrophage_Alveolar,178CO,COPD,60,Macrophage_Alveolar
2407,Macrophage_Alveolar,178CO,COPD,60,Macrophage_Alveolar
2408,Macrophage_Alveolar,178CO,COPD,60,Macrophage_Alveolar
2409,Macrophage_Alveolar,178CO,COPD,60,Macrophage_Alveolar
2410,Macrophage_Alveolar,178CO,COPD,60,Macrophage_Alveolar
2411,Macrophage_Alveolar,178CO,COPD,60,Macrophage_Alveolar
2412,Macrophage_Alveolar,178CO,COPD,60,Macrophage_Alveolar
2413,Macrophage_Alveolar,178CO,COPD,60,Macrophage_Alveolar
2414,Macrophage_Alveolar,178CO,COPD,60,Macrophage_Alveolar
2415,Macrophage_Alveolar,178CO,COPD,59,Macrophage_Alveolar
2416,Macrophage_Alveolar,178CO,COPD,59,Macrophage_Alveolar
2417,Macrophage_Alveolar,178CO,COPD,59,Macrophage_Alveolar
2418,Macrophage_Alveolar,178CO,COPD,59,Macrophage_Alveolar
2419,Macrophage_Alveolar,178CO,COPD,59,Macrophage_Alveolar
2420,Macrophage_Alveolar,178CO,COPD,59,Macrophage_Alveolar
2421,Macrophage_Alveolar,178CO,COPD,59,Macrophage_Alveolar
2422,Macrophage_Alveolar,178CO,COPD,59,Macrophage_Alveolar
2423,Macrophage_Alveolar,178CO,COPD,59,Macrophage_Alveolar
2424,Macrophage_Alveolar,178CO,COPD,59,Macrophage_Alveolar
2425,Macrophage_Alveolar,178CO,COPD,59,Macrophage_Alveolar
2426,T_Cytotoxic,178CO,COPD,61,T_Cytotoxic_C
2427,T_Cytotoxic,178CO,COPD,60,T_Cytotoxic_C
2428,T_Cytotoxic,178CO,COPD,60,T_Cytotoxic_A
2429,T_Cytotoxic,178CO,COPD,60,T_Cytotoxic_C
2430,T_Cytotoxic,178CO,COPD,60,T_Cytotoxic_C
2431,T_Cytotoxic,178CO,COPD,60,T_Cytotoxic_C
2432,Macrophage,178CO,COPD,58,Macrophage
2433,Macrophage,178CO,COPD,57,Macrophage
2434,Macrophage,178CO,COPD,57,Macrophage
2435,Macrophage,178CO,COPD,57,Macrophage
2436,Macrophage,178CO,COPD,57,Macrophage
2437,Macrophage,178CO,COPD,57,Macrophage
2438,Macrophage,178CO,COPD,57,Macrophage
2439,cMonocyte,178CO,COPD,63,Monocyte
2440,cMonocyte,178CO,COPD,63,Monocyte
2441,ncMonocyte,178CO,COPD,63,Monocyte_Non-Classical
2442,ncMonocyte,178CO,COPD,62,Monocyte_Non-Classical
2443,T,178CO,COPD,57,T
2444,T,178CO,COPD,57,T
2445,T,178CO,COPD,57,T
2446,NK,178CO,COPD,53,NK
2447,NK,178CO,COPD,52,NK
2448,NK,178CO,COPD,52,NK
2449,cDC2,178CO,COPD,50,Dendritic_A
2450,cDC2,178CO,COPD,49,Dendritic_A
2451,cDC1,178CO,COPD,62,Dendritic_B
2452,cDC1,178CO,COPD,62,Dendritic_B
2453,B,178CO,COPD,82,B
2454,T,179I,IPF,62,T
2455,T,179I,IPF,62,T
2456,T,179I,IPF,62,T
2457,Macrophage_Alveolar,179I,IPF,59,Macrophage_Alveolar
2458,Macrophage_Alveolar,179I,IPF,59,Macrophage_Alveolar
2459,Macrophage_Alveolar,179I,IPF,59,Macrophage_Alveolar
2460,Macrophage_Alveolar,179I,IPF,59,Macrophage_Alveolar
2461,Macrophage_Alveolar,179I,IPF,59,Macrophage_Alveolar
2462,Macrophage_Alveolar,179I,IPF,59,Macrophage_Alveolar
2463,Macrophage_Alveolar,179I,IPF,59,Macrophage_Alveolar
2464,Macrophage_Alveolar,179I,IPF,59,Macrophage_Alveolar
2465,Macrophage_Alveolar,179I,IPF,59,Macrophage_Alveolar
2466,Macrophage_Alveolar,179I,IPF,59,Macrophage_Alveolar
2467,Macrophage_Alveolar,179I,IPF,59,Macrophage_Alveolar
2468,Macrophage_Alveolar,179I,IPF,58,Macrophage_Alveolar
2469,Macrophage,179I,IPF,61,Macrophage
2470,Macrophage,179I,IPF,61,Macrophage
2471,Macrophage,179I,IPF,61,Macrophage
2472,Macrophage,179I,IPF,60,Macrophage
2473,Macrophage,179I,IPF,60,Macrophage
2474,Macrophage,179I,IPF,60,Macrophage
2475,Macrophage,179I,IPF,60,Macrophage
2476,Macrophage,179I,IPF,60,Macrophage
2477,Macrophage,179I,IPF,60,Macrophage
2478,Macrophage,179I,IPF,60,Macrophage
2479,Macrophage,179I,IPF,60,Macrophage
2480,Macrophage,179I,IPF,60,Macrophage
2481,Macrophage,179I,IPF,60,Macrophage
2482,Macrophage,179I,IPF,60,Macrophage
2483,Macrophage,179I,IPF,60,Macrophage
2484,Macrophage,179I,IPF,60,Macrophage
2485,Macrophage,179I,IPF,60,Macrophage
2486,Macrophage,179I,IPF,60,Macrophage
2487,Macrophage,179I,IPF,60,Macrophage
2488,Macrophage,179I,IPF,60,Macrophage
2489,Macrophage,179I,IPF,60,Macrophage
2490,Macrophage,179I,IPF,60,Macrophage
2491,Macrophage,179I,IPF,60,Macrophage
2492,Macrophage,179I,IPF,60,Macrophage
2493,Macrophage,179I,IPF,60,Macrophage
2494,Macrophage,179I,IPF,60,Macrophage
2495,Macrophage,179I,IPF,60,Macrophage
2496,Macrophage,179I,IPF,60,Macrophage
2497,Macrophage,179I,IPF,60,Macrophage
2498,Macrophage,179I,IPF,60,Macrophage
2499,Macrophage,179I,IPF,60,Macrophage
2500,Macrophage,179I,IPF,60,Macrophage
2501,Macrophage,179I,IPF,60,Macrophage
2502,Macrophage,179I,IPF,60,Macrophage
2503,Macrophage,179I,IPF,60,Macrophage
2504,Macrophage,179I,IPF,60,Macrophage
2505,Macrophage,179I,IPF,60,Macrophage
2506,Macrophage,179I,IPF,60,Macrophage
2507,T_Cytotoxic,179I,IPF,67,T_Cytotoxic_C
2508,T_Cytotoxic,179I,IPF,67,T_Cytotoxic_C
2509,B,179I,IPF,62,B
2510,B,179I,IPF,61,B
2511,cMonocyte,179I,IPF,61,Monocyte
2512,cMonocyte,179I,IPF,61,Monocyte
2513,NK,179I,IPF,64,NK
2514,NK,179I,IPF,64,NK
2515,NK,179I,IPF,63,NK
2516,NK,179I,IPF,63,NK
2517,cDC2,179I,IPF,58,Dendritic_A
2518,cDC2,179I,IPF,58,Dendritic_A
2519,cDC2,179I,IPF,57,Dendritic_A
2520,cDC2,179I,IPF,57,Dendritic_A
2521,NK,184CO,COPD,60,NK
2522,NK,184CO,COPD,60,NK
2523,NK,184CO,COPD,60,NK
2524,NK,184CO,COPD,60,NK
2525,NK,184CO,COPD,60,NK
2526,NK,184CO,COPD,60,NK
2527,NK,184CO,COPD,60,NK
2528,NK,184CO,COPD,60,NK
2529,NK,184CO,COPD,60,NK
2530,NK,184CO,COPD,59,NK
2531,NK,184CO,COPD,59,NK
2532,T,184CO,COPD,60,T
2533,T,184CO,COPD,60,T
2534,T,184CO,COPD,60,T
2535,T,184CO,COPD,60,T
2536,T,184CO,COPD,60,T
2537,T,184CO,COPD,60,T
2538,T,184CO,COPD,59,T
2539,T,184CO,COPD,59,T
2540,T,184CO,COPD,59,T
2541,T,184CO,COPD,59,T
2542,T,184CO,COPD,59,T
2543,T,184CO,COPD,59,T
2544,T,184CO,COPD,59,T
2545,T,184CO,COPD,59,T
2546,Ciliated,184CO,COPD,51,Ciliated
2547,Ciliated,184CO,COPD,51,Ciliated
2548,T_Cytotoxic,184CO,COPD,57,T_Cytotoxic_A
2549,T_Cytotoxic,184CO,COPD,57,T_Cytotoxic_A
2550,T_Cytotoxic,184CO,COPD,57,T_Cytotoxic_A
2551,T_Cytotoxic,184CO,COPD,57,T_Cytotoxic_A
2552,T_Cytotoxic,184CO,COPD,57,T_Cytotoxic_A
2553,T_Cytotoxic,184CO,COPD,57,T_Cytotoxic_A
2554,T_Cytotoxic,184CO,COPD,57,T_Cytotoxic_A
2555,T_Cytotoxic,184CO,COPD,57,T_Cytotoxic_A
2556,T_Cytotoxic,184CO,COPD,57,T_Cytotoxic_A
2557,T_Cytotoxic,184CO,COPD,57,T_Cytotoxic_A
2558,ncMonocyte,184CO,COPD,58,Monocyte_Non-Classical
2559,ncMonocyte,184CO,COPD,58,Monocyte_Non-Classical
2560,ncMonocyte,184CO,COPD,58,Monocyte_Non-Classical
2561,ncMonocyte,184CO,COPD,58,Monocyte_Non-Classical
2562,ncMonocyte,184CO,COPD,58,Monocyte_Non-Classical
2563,ncMonocyte,184CO,COPD,58,Monocyte_Non-Classical
2564,ncMonocyte,184CO,COPD,58,Monocyte_Non-Classical
2565,ncMonocyte,184CO,COPD,58,Monocyte_Non-Classical
2566,ncMonocyte,184CO,COPD,57,Monocyte_Non-Classical
2567,ncMonocyte,184CO,COPD,57,Monocyte_Non-Classical
2568,Macrophage_Alveolar,184CO,COPD,61,Macrophage_Alveolar
2569,Macrophage_Alveolar,184CO,COPD,61,Macrophage_Alveolar
2570,Macrophage_Alveolar,184CO,COPD,61,Macrophage_Alveolar
2571,Macrophage_Alveolar,184CO,COPD,61,Macrophage_Alveolar
2572,Macrophage_Alveolar,184CO,COPD,61,Macrophage_Alveolar
2573,Macrophage_Alveolar,184CO,COPD,61,Macrophage_Alveolar
2574,Macrophage_Alveolar,184CO,COPD,61,Macrophage_Alveolar
2575,Macrophage_Alveolar,184CO,COPD,61,Macrophage_Alveolar
2576,Macrophage_Alveolar,184CO,COPD,61,Macrophage_Alveolar
2577,Macrophage_Alveolar,184CO,COPD,60,Macrophage_Alveolar
2578,Macrophage_Alveolar,184CO,COPD,60,Macrophage_Alveolar
2579,Macrophage_Alveolar,184CO,COPD,60,Macrophage_Alveolar
2580,Macrophage_Alveolar,184CO,COPD,60,Macrophage_Alveolar
2581,Macrophage_Alveolar,184CO,COPD,60,Macrophage_Alveolar
2582,Macrophage_Alveolar,184CO,COPD,60,Macrophage_Alveolar
2583,Macrophage_Alveolar,184CO,COPD,60,Macrophage_Alveolar
2584,Macrophage_Alveolar,184CO,COPD,60,Macrophage_Alveolar
2585,B,184CO,COPD,55,B
2586,B,184CO,COPD,55,B
2587,cMonocyte,184CO,COPD,63,Monocyte
2588,cMonocyte,184CO,COPD,63,Monocyte
2589,cMonocyte,184CO,COPD,63,Monocyte
2590,cMonocyte,184CO,COPD,63,Monocyte
2591,cMonocyte,184CO,COPD,63,Monocyte
2592,cMonocyte,184CO,COPD,62,Monocyte
2593,cMonocyte,184CO,COPD,62,Monocyte
2594,cMonocyte,184CO,COPD,62,Monocyte
2595,cMonocyte,184CO,COPD,62,Monocyte
2596,cMonocyte,184CO,COPD,62,Monocyte
2597,cMonocyte,184CO,COPD,62,Monocyte
2598,cMonocyte,184CO,COPD,62,Monocyte
2599,Macrophage,184CO,COPD,60,Macrophage
2600,Macrophage,184CO,COPD,60,Macrophage
2601,Macrophage,184CO,COPD,60,Macrophage
2602,Macrophage,184CO,COPD,60,Macrophage
2603,Macrophage,184CO,COPD,60,Macrophage
2604,Macrophage,184CO,COPD,60,Macrophage
2605,Macrophage,184CO,COPD,60,Macrophage
2606,Macrophage,184CO,COPD,59,Macrophage
2607,Macrophage,184CO,COPD,59,Macrophage
2608,Macrophage,184CO,COPD,59,Macrophage
2609,Macrophage,184CO,COPD,59,Macrophage
2610,Macrophage,184CO,COPD,59,Macrophage
2611,Macrophage,184CO,COPD,59,Macrophage
2612,T_Regulatory,184CO,COPD,69,T_Regulatory_A
2613,cDC2,184CO,COPD,63,Dendritic_A
2614,cDC2,184CO,COPD,62,Dendritic_A
2615,cDC2,184CO,COPD,62,Dendritic_A
2616,cDC2,184CO,COPD,62,Dendritic_A
2617,cDC2,184CO,COPD,62,Dendritic_A
2618,cDC2,184CO,COPD,62,Dendritic_A
2619,ncMonocyte,186CO,COPD,66,Monocyte_Non-Classical
2620,NK,186CO,COPD,65,NK
2621,NK,186CO,COPD,64,NK
2622,NK,186CO,COPD,64,NK
2623,Macrophage,186CO,COPD,63,Macrophage
2624,Macrophage,186CO,COPD,63,Macrophage
2625,Macrophage,186CO,COPD,63,Macrophage
2626,Macrophage,186CO,COPD,63,Macrophage
2627,Macrophage,186CO,COPD,63,Macrophage
2628,Macrophage,186CO,COPD,63,Macrophage
2629,Macrophage,186CO,COPD,62,Macrophage
2630,Macrophage,186CO,COPD,62,Macrophage
2631,Macrophage,186CO,COPD,62,Macrophage
2632,Macrophage,186CO,COPD,62,Macrophage
2633,Macrophage,186CO,COPD,62,Macrophage
2634,Macrophage_Alveolar,186CO,COPD,60,Macrophage_Alveolar
2635,Macrophage_Alveolar,186CO,COPD,60,Macrophage_Alveolar
2636,Macrophage_Alveolar,186CO,COPD,60,Macrophage_Alveolar
2637,Macrophage_Alveolar,186CO,COPD,60,Macrophage_Alveolar
2638,Macrophage_Alveolar,186CO,COPD,60,Macrophage_Alveolar
2639,Macrophage_Alveolar,186CO,COPD,60,Macrophage_Alveolar
2640,Macrophage_Alveolar,186CO,COPD,60,Macrophage_Alveolar
2641,Macrophage_Alveolar,186CO,COPD,60,Macrophage_Alveolar
2642,Macrophage_Alveolar,186CO,COPD,60,Macrophage_Alveolar
2643,Macrophage_Alveolar,186CO,COPD,60,Macrophage_Alveolar
2644,Macrophage_Alveolar,186CO,COPD,60,Macrophage_Alveolar
2645,Macrophage_Alveolar,186CO,COPD,59,Macrophage_Alveolar
2646,Macrophage_Alveolar,186CO,COPD,59,Macrophage_Alveolar
2647,Macrophage_Alveolar,186CO,COPD,59,Macrophage_Alveolar
2648,Macrophage_Alveolar,186CO,COPD,59,Macrophage_Alveolar
2649,Macrophage_Alveolar,186CO,COPD,59,Macrophage_Alveolar
2650,Macrophage_Alveolar,186CO,COPD,59,Macrophage_Alveolar
2651,Macrophage_Alveolar,186CO,COPD,59,Macrophage_Alveolar
2652,Macrophage_Alveolar,186CO,COPD,59,Macrophage_Alveolar
2653,Macrophage_Alveolar,186CO,COPD,59,Macrophage_Alveolar
2654,Macrophage_Alveolar,186CO,COPD,59,Macrophage_Alveolar
2655,Macrophage_Alveolar,186CO,COPD,59,Macrophage_Alveolar
2656,Macrophage_Alveolar,186CO,COPD,59,Macrophage_Alveolar
2657,Macrophage_Alveolar,186CO,COPD,59,Macrophage_Alveolar
2658,Macrophage_Alveolar,186CO,COPD,59,Macrophage_Alveolar
2659,Macrophage_Alveolar,186CO,COPD,59,Macrophage_Alveolar
2660,Macrophage_Alveolar,186CO,COPD,59,Macrophage_Alveolar
2661,Macrophage_Alveolar,186CO,COPD,59,Macrophage_Alveolar
2662,Macrophage_Alveolar,186CO,COPD,59,Macrophage_Alveolar
2663,cMonocyte,186CO,COPD,67,Monocyte
2664,cMonocyte,186CO,COPD,66,Monocyte
2665,T,186CO,COPD,70,T
2666,T,186CO,COPD,70,T
2667,T,186CO,COPD,69,T
2668,T_Cytotoxic,186CO,COPD,57,T_Cytotoxic_A
2669,T_Cytotoxic,186CO,COPD,56,T_Cytotoxic_A
2670,T_Cytotoxic,186CO,COPD,56,T_Cytotoxic_A
2671,T_Cytotoxic,186CO,COPD,56,T_Cytotoxic_A
2672,T_Cytotoxic,186CO,COPD,56,T_Cytotoxic_A
2673,Macrophage_Alveolar,192C,Control,58,Macrophage_Alveolar
2674,Macrophage_Alveolar,192C,Control,58,Macrophage_Alveolar
2675,Macrophage_Alveolar,192C,Control,57,Macrophage_Alveolar
2676,Macrophage_Alveolar,192C,Control,57,Macrophage_Alveolar
2677,Macrophage_Alveolar,192C,Control,57,Macrophage_Alveolar
2678,Macrophage,192C,Control,60,Macrophage_Outlier_A
2679,Macrophage,192C,Control,60,Macrophage_Outlier_A
2680,Macrophage,192C,Control,60,Macrophage_Outlier_A
2681,Macrophage,192C,Control,60,Macrophage_Outlier_A
2682,Macrophage,192C,Control,60,Macrophage_Outlier_A
2683,Macrophage,192C,Control,60,Macrophage_Outlier_A
2684,Macrophage,192C,Control,60,Macrophage_Outlier_A
2685,Macrophage,192C,Control,60,Macrophage_Outlier_A
2686,Macrophage,192C,Control,60,Macrophage_Outlier_A
2687,Macrophage,192C,Control,60,Macrophage_Outlier_A
2688,Macrophage,192C,Control,60,Macrophage_Outlier_A
2689,Macrophage,192C,Control,60,Macrophage_Outlier_A
2690,Macrophage,192C,Control,60,Macrophage_Outlier_A
2691,Macrophage,192C,Control,60,Macrophage_Outlier_A
2692,Macrophage,192C,Control,60,Macrophage_Outlier_A
2693,Macrophage,192C,Control,60,Macrophage_Outlier_A
2694,Macrophage,192C,Control,60,Macrophage_Outlier_A
2695,Macrophage,192C,Control,60,Macrophage_Outlier_A
2696,Macrophage,192C,Control,60,Macrophage_Outlier_A
2697,Macrophage,192C,Control,60,Macrophage_Outlier_A
2698,Macrophage,192C,Control,60,Macrophage_Outlier_A
2699,Macrophage,192C,Control,60,Macrophage_Outlier_A
2700,Macrophage,192C,Control,60,Macrophage_Outlier_A
2701,Macrophage,192C,Control,60,Macrophage_Outlier_A
2702,Macrophage,192C,Control,59,Macrophage_Outlier_A
2703,Macrophage,192C,Control,59,Macrophage_Outlier_A
2704,Macrophage,192C,Control,59,Macrophage_Outlier_A
2705,Macrophage,192C,Control,59,Macrophage_Outlier_A
2706,Macrophage,192C,Control,59,Macrophage_Outlier_A
2707,Macrophage,192C,Control,59,Macrophage_Outlier_A
2708,Macrophage,192C,Control,59,Macrophage_Outlier_A
2709,Macrophage,192C,Control,59,Macrophage_Outlier_A
2710,Macrophage,192C,Control,59,Macrophage_Outlier_A
2711,Macrophage,192C,Control,59,Macrophage_Outlier_A
2712,Macrophage,192C,Control,59,Macrophage_Outlier_A
2713,Macrophage,192C,Control,59,Macrophage_Outlier_A
2714,Macrophage,192C,Control,59,Macrophage_Outlier_A
2715,Macrophage,192C,Control,59,Macrophage_Outlier_A
2716,Macrophage,192C,Control,59,Macrophage_Outlier_A
2717,Macrophage,192C,Control,59,Macrophage_Outlier_A
2718,Macrophage,192C,Control,59,Macrophage_Outlier_A
2719,Macrophage,192C,Control,59,Macrophage_Outlier_A
2720,Macrophage,192C,Control,59,Macrophage_Outlier_A
2721,Macrophage,192C,Control,59,Macrophage_Outlier_A
2722,Macrophage,192C,Control,59,Macrophage_Outlier_A
2723,Macrophage,192C,Control,59,Macrophage_Outlier_A
2724,Macrophage,192C,Control,59,Macrophage_Outlier_A
2725,ATII,192C,Control,87,ATII_Low-Surfactants
2726,Fibroblast,192C,Control,56,Fibroblast
2727,Fibroblast,192C,Control,55,Fibroblast
2728,T,192C,Control,67,T
2729,NK,192C,Control,68,NK
2730,NK,192C,Control,67,NK
2731,Ciliated,192C,Control,64,Ciliated
2732,Macrophage_Alveolar,192CO,COPD,60,Macrophage_Alveolar
2733,Macrophage_Alveolar,192CO,COPD,60,Macrophage_Alveolar
2734,Macrophage_Alveolar,192CO,COPD,60,Macrophage_Alveolar
2735,Macrophage_Alveolar,192CO,COPD,60,Macrophage_Alveolar
2736,Macrophage_Alveolar,192CO,COPD,60,Macrophage_Alveolar
2737,Macrophage_Alveolar,192CO,COPD,60,Macrophage_Alveolar
2738,Macrophage_Alveolar,192CO,COPD,60,Macrophage_Alveolar
2739,Macrophage_Alveolar,192CO,COPD,60,Macrophage_Alveolar
2740,Macrophage_Alveolar,192CO,COPD,60,Macrophage_Alveolar
2741,Macrophage_Alveolar,192CO,COPD,60,Macrophage_Alveolar
2742,Macrophage_Alveolar,192CO,COPD,60,Macrophage_Alveolar
2743,Macrophage_Alveolar,192CO,COPD,60,Macrophage_Alveolar
2744,Macrophage_Alveolar,192CO,COPD,60,Macrophage_Alveolar
2745,Macrophage_Alveolar,192CO,COPD,60,Macrophage_Alveolar
2746,Macrophage_Alveolar,192CO,COPD,60,Macrophage_Alveolar
2747,Macrophage_Alveolar,192CO,COPD,60,Macrophage_Alveolar
2748,Macrophage_Alveolar,192CO,COPD,60,Macrophage_Alveolar
2749,Macrophage_Alveolar,192CO,COPD,59,Macrophage_Alveolar
2750,Macrophage_Alveolar,192CO,COPD,59,Macrophage_Alveolar
2751,Macrophage_Alveolar,192CO,COPD,59,Macrophage_Alveolar
2752,Macrophage_Alveolar,192CO,COPD,59,Macrophage_Alveolar
2753,Macrophage_Alveolar,192CO,COPD,59,Macrophage_Alveolar
2754,Macrophage_Alveolar,192CO,COPD,59,Macrophage_Alveolar
2755,Macrophage_Alveolar,192CO,COPD,59,Macrophage_Alveolar
2756,Macrophage_Alveolar,192CO,COPD,59,Macrophage_Alveolar
2757,Macrophage_Alveolar,192CO,COPD,59,Macrophage_Alveolar
2758,Macrophage_Alveolar,192CO,COPD,59,Macrophage_Alveolar
2759,Macrophage_Alveolar,192CO,COPD,59,Macrophage_Alveolar
2760,Macrophage_Alveolar,192CO,COPD,59,Macrophage_Alveolar
2761,Macrophage_Alveolar,192CO,COPD,59,Macrophage_Alveolar
2762,Macrophage_Alveolar,192CO,COPD,59,Macrophage_Alveolar
2763,Macrophage_Alveolar,192CO,COPD,59,Macrophage_Alveolar
2764,Macrophage_Alveolar,192CO,COPD,59,Macrophage_Alveolar
2765,Macrophage_Alveolar,192CO,COPD,59,Macrophage_Alveolar
2766,Macrophage_Alveolar,192CO,COPD,59,Macrophage_Alveolar
2767,Macrophage_Alveolar,192CO,COPD,59,Macrophage_Alveolar
2768,Macrophage_Alveolar,192CO,COPD,59,Macrophage_Alveolar
2769,Macrophage_Alveolar,192CO,COPD,59,Macrophage_Alveolar
2770,Macrophage_Alveolar,192CO,COPD,59,Macrophage_Alveolar
2771,Macrophage_Alveolar,192CO,COPD,59,Macrophage_Alveolar
2772,Macrophage_Alveolar,192CO,COPD,59,Macrophage_Alveolar
2773,Macrophage_Alveolar,192CO,COPD,59,Macrophage_Alveolar
2774,Macrophage_Alveolar,192CO,COPD,59,Macrophage_Alveolar
2775,T_Cytotoxic,192CO,COPD,59,T_Cytotoxic_C
2776,T_Cytotoxic,192CO,COPD,59,T_Cytotoxic_C
2777,T_Cytotoxic,192CO,COPD,59,T_Cytotoxic_A
2778,T_Cytotoxic,192CO,COPD,59,T_Cytotoxic_A
2779,T_Cytotoxic,192CO,COPD,59,T_Cytotoxic_A
2780,T_Cytotoxic,192CO,COPD,59,T_Cytotoxic_A
2781,T_Cytotoxic,192CO,COPD,59,T_Cytotoxic_A
2782,T_Cytotoxic,192CO,COPD,59,T_Cytotoxic_A
2783,T_Cytotoxic,192CO,COPD,59,T_Cytotoxic_C
2784,T_Cytotoxic,192CO,COPD,59,T_Cytotoxic_A
2785,T_Cytotoxic,192CO,COPD,59,T_Cytotoxic_C
2786,T_Cytotoxic,192CO,COPD,59,T_Cytotoxic_A
2787,T_Cytotoxic,192CO,COPD,58,T_Cytotoxic_C
2788,T_Cytotoxic,192CO,COPD,58,T_Cytotoxic_A
2789,T_Cytotoxic,192CO,COPD,58,T_Cytotoxic_A
2790,T_Cytotoxic,192CO,COPD,58,T_Cytotoxic_A
2791,T_Cytotoxic,192CO,COPD,58,T_Cytotoxic_A
2792,T_Cytotoxic,192CO,COPD,58,T_Cytotoxic_C
2793,T_Cytotoxic,192CO,COPD,58,T_Cytotoxic_A
2794,NK,192CO,COPD,64,NK
2795,NK,192CO,COPD,63,NK
2796,NK,192CO,COPD,63,NK
2797,NK,192CO,COPD,63,NK
2798,cDC2,192CO,COPD,61,Dendritic_A
2799,cDC2,192CO,COPD,61,Dendritic_A
2800,cDC2,192CO,COPD,60,Dendritic_A
2801,Macrophage,192CO,COPD,59,Macrophage
2802,Macrophage,192CO,COPD,59,Macrophage
2803,Macrophage,192CO,COPD,59,Macrophage
2804,Macrophage,192CO,COPD,59,Macrophage
2805,Macrophage,192CO,COPD,59,Macrophage
2806,Macrophage,192CO,COPD,58,Macrophage
2807,Macrophage,192CO,COPD,58,Macrophage
2808,ncMonocyte,192CO,COPD,51,Monocyte_Non-Classical
2809,ncMonocyte,192CO,COPD,50,Monocyte_Non-Classical
2810,ncMonocyte,192CO,COPD,50,Monocyte_Non-Classical
2811,T,192CO,COPD,62,T
2812,T,192CO,COPD,62,T
2813,T,192CO,COPD,62,T
2814,T,192CO,COPD,62,T
2815,T,192CO,COPD,62,T
2816,T,192CO,COPD,62,T
2817,T,192CO,COPD,61,T
2818,T,192CO,COPD,61,T
2819,T,192CO,COPD,61,T
2820,T,192CO,COPD,61,T
2821,T,192CO,COPD,61,T
2822,T,192CO,COPD,61,T
2823,T,192CO,COPD,61,T
2824,T,192CO,COPD,61,T
2825,T,192CO,COPD,61,T
2826,T,192CO,COPD,61,T
2827,T,192CO,COPD,61,T
2828,T,192CO,COPD,61,T
2829,T,192CO,COPD,61,T
2830,T,192CO,COPD,61,T
2831,T,192CO,COPD,61,T
2832,T,192CO,COPD,61,T
2833,Ciliated,192CO,COPD,47,Ciliated
2834,Ciliated,192CO,COPD,46,Ciliated
2835,cMonocyte,192CO,COPD,53,Monocyte
2836,cMonocyte,192CO,COPD,52,Monocyte
2837,cMonocyte,192CO,COPD,52,Monocyte
2838,B,192CO,COPD,64,B
2839,B,192CO,COPD,64,B
2840,B,192CO,COPD,63,B
2841,ncMonocyte,193CO,COPD,61,Monocyte_Non-Classical
2842,ncMonocyte,193CO,COPD,61,Monocyte_Non-Classical
2843,ncMonocyte,193CO,COPD,61,Monocyte_Non-Classical
2844,ncMonocyte,193CO,COPD,61,Monocyte_Non-Classical
2845,ncMonocyte,193CO,COPD,61,Monocyte_Non-Classical
2846,ncMonocyte,193CO,COPD,61,Monocyte_Non-Classical
2847,ncMonocyte,193CO,COPD,61,Monocyte_Non-Classical
2848,ncMonocyte,193CO,COPD,61,Monocyte_Non-Classical
2849,ncMonocyte,193CO,COPD,61,Monocyte_Non-Classical
2850,ncMonocyte,193CO,COPD,61,Monocyte_Non-Classical
2851,ncMonocyte,193CO,COPD,61,Monocyte_Non-Classical
2852,ncMonocyte,193CO,COPD,60,Monocyte_Non-Classical
2853,ncMonocyte,193CO,COPD,60,Monocyte_Non-Classical
2854,T,193CO,COPD,58,T
2855,T,193CO,COPD,58,T
2856,T,193CO,COPD,58,T
2857,T,193CO,COPD,58,T
2858,T,193CO,COPD,58,T
2859,T,193CO,COPD,58,T
2860,T,193CO,COPD,57,T
2861,T,193CO,COPD,57,T
2862,T,193CO,COPD,57,T
2863,T,193CO,COPD,57,T
2864,T,193CO,COPD,57,T
2865,Macrophage_Alveolar,193CO,COPD,60,Macrophage_Alveolar
2866,Macrophage_Alveolar,193CO,COPD,60,Macrophage_Alveolar
2867,Macrophage_Alveolar,193CO,COPD,60,Macrophage_Alveolar
2868,Macrophage_Alveolar,193CO,COPD,60,Macrophage_Alveolar
2869,Macrophage_Alveolar,193CO,COPD,60,Macrophage_Alveolar
2870,Macrophage_Alveolar,193CO,COPD,60,Macrophage_Alveolar
2871,Macrophage_Alveolar,193CO,COPD,60,Macrophage_Alveolar
2872,Macrophage_Alveolar,193CO,COPD,60,Macrophage_Alveolar
2873,Macrophage_Alveolar,193CO,COPD,60,Macrophage_Alveolar
2874,Macrophage_Alveolar,193CO,COPD,60,Macrophage_Alveolar
2875,Macrophage_Alveolar,193CO,COPD,60,Macrophage_Alveolar
2876,Macrophage_Alveolar,193CO,COPD,60,Macrophage_Alveolar
2877,Macrophage_Alveolar,193CO,COPD,60,Macrophage_Alveolar
2878,Macrophage_Alveolar,193CO,COPD,60,Macrophage_Alveolar
2879,Macrophage_Alveolar,193CO,COPD,60,Macrophage_Alveolar
2880,Macrophage_Alveolar,193CO,COPD,60,Macrophage_Alveolar
2881,Macrophage_Alveolar,193CO,COPD,60,Macrophage_Alveolar
2882,Macrophage_Alveolar,193CO,COPD,60,Macrophage_Alveolar
2883,Macrophage_Alveolar,193CO,COPD,60,Macrophage_Alveolar
2884,Macrophage_Alveolar,193CO,COPD,60,Macrophage_Alveolar
2885,Macrophage_Alveolar,193CO,COPD,60,Macrophage_Alveolar
2886,Macrophage_Alveolar,193CO,COPD,60,Macrophage_Alveolar
2887,Macrophage_Alveolar,193CO,COPD,60,Macrophage_Alveolar
2888,Macrophage_Alveolar,193CO,COPD,59,Macrophage_Alveolar
2889,Macrophage_Alveolar,193CO,COPD,59,Macrophage_Alveolar
2890,Macrophage_Alveolar,193CO,COPD,59,Macrophage_Alveolar
2891,Macrophage_Alveolar,193CO,COPD,59,Macrophage_Alveolar
2892,cMonocyte,193CO,COPD,58,Monocyte
2893,cMonocyte,193CO,COPD,58,Monocyte
2894,cMonocyte,193CO,COPD,58,Monocyte
2895,cMonocyte,193CO,COPD,58,Monocyte
2896,cMonocyte,193CO,COPD,58,Monocyte
2897,cMonocyte,193CO,COPD,58,Monocyte
2898,cMonocyte,193CO,COPD,58,Monocyte
2899,cMonocyte,193CO,COPD,58,Monocyte
2900,T_Cytotoxic,193CO,COPD,63,T_Cytotoxic_A
2901,T_Cytotoxic,193CO,COPD,62,T_Cytotoxic_A
2902,T_Cytotoxic,193CO,COPD,62,T_Cytotoxic_A
2903,T_Cytotoxic,193CO,COPD,62,T_Cytotoxic_A
2904,T_Cytotoxic,193CO,COPD,62,T_Cytotoxic_A
2905,T_Cytotoxic,193CO,COPD,62,T_Cytotoxic_A
2906,T_Cytotoxic,193CO,COPD,62,T_Cytotoxic_A
2907,T_Cytotoxic,193CO,COPD,62,T_Cytotoxic_A
2908,T_Cytotoxic,193CO,COPD,62,T_Cytotoxic_A
2909,T_Cytotoxic,193CO,COPD,62,T_Cytotoxic_A
2910,T_Cytotoxic,193CO,COPD,62,T_Cytotoxic_A
2911,T_Cytotoxic,193CO,COPD,62,T_Cytotoxic_A
2912,T_Cytotoxic,193CO,COPD,62,T_Cytotoxic_A
2913,NK,193CO,COPD,62,NK
2914,NK,193CO,COPD,62,NK
2915,NK,193CO,COPD,62,NK
2916,NK,193CO,COPD,62,NK
2917,NK,193CO,COPD,62,NK
2918,NK,193CO,COPD,62,NK
2919,NK,193CO,COPD,62,NK
2920,NK,193CO,COPD,61,NK
2921,NK,193CO,COPD,61,NK
2922,NK,193CO,COPD,61,NK
2923,NK,193CO,COPD,61,NK
2924,NK,193CO,COPD,61,NK
2925,NK,193CO,COPD,61,NK
2926,NK,193CO,COPD,61,NK
2927,NK,193CO,COPD,61,NK
2928,NK,193CO,COPD,61,NK
2929,NK,193CO,COPD,61,NK
2930,NK,193CO,COPD,61,NK
2931,NK,193CO,COPD,61,NK
2932,Macrophage,193CO,COPD,59,Macrophage
2933,Macrophage,193CO,COPD,59,Macrophage
2934,Macrophage,193CO,COPD,59,Macrophage
2935,Macrophage,193CO,COPD,59,Macrophage
2936,Macrophage,193CO,COPD,59,Macrophage
2937,Ciliated,193CO,COPD,54,Ciliated
2938,Ciliated,193CO,COPD,54,Ciliated
2939,Ciliated,193CO,COPD,54,Ciliated
2940,cDC2,193CO,COPD,71,Dendritic_A
2941,cDC2,193CO,COPD,71,Dendritic_A
2942,B,193CO,COPD,61,B
2943,B,193CO,COPD,60,B
2944,cDC1,194CO,COPD,65,Dendritic_B
2945,Macrophage,194CO,COPD,60,Macrophage_MT-tRNAs
2946,Macrophage,194CO,COPD,60,Macrophage_MT-tRNAs
2947,Macrophage,194CO,COPD,60,Macrophage_MT-tRNAs
2948,Macrophage,194CO,COPD,60,Macrophage_MT-tRNAs
2949,Macrophage,194CO,COPD,60,Macrophage_MT-tRNAs
2950,Macrophage,194CO,COPD,60,Macrophage_MT-tRNAs
2951,Macrophage,194CO,COPD,60,Macrophage_MT-tRNAs
2952,Macrophage,194CO,COPD,60,Macrophage_MT-tRNAs
2953,Macrophage,194CO,COPD,60,Macrophage_MT-tRNAs
2954,Macrophage,194CO,COPD,60,Macrophage_MT-tRNAs
2955,Macrophage,194CO,COPD,60,Macrophage_MT-tRNAs
2956,Macrophage,194CO,COPD,60,Macrophage_MT-tRNAs
2957,Macrophage,194CO,COPD,60,Macrophage_MT-tRNAs
2958,Macrophage,194CO,COPD,60,Macrophage_MT-tRNAs
2959,Macrophage,194CO,COPD,60,Macrophage_MT-tRNAs
2960,Macrophage,194CO,COPD,60,Macrophage_MT-tRNAs
2961,Macrophage,194CO,COPD,59,Macrophage_MT-tRNAs
2962,Macrophage,194CO,COPD,59,Macrophage_MT-tRNAs
2963,Macrophage,194CO,COPD,59,Macrophage_MT-tRNAs
2964,T_Cytotoxic,194CO,COPD,59,T_Cytotoxic_A
2965,T_Cytotoxic,194CO,COPD,59,T_Cytotoxic_A
2966,T_Cytotoxic,194CO,COPD,59,T_Cytotoxic_C
2967,T_Cytotoxic,194CO,COPD,59,T_Cytotoxic_A
2968,T_Cytotoxic,194CO,COPD,58,T_Cytotoxic_A
2969,B,194CO,COPD,54,B
2970,B,194CO,COPD,53,B
2971,T,194CO,COPD,59,T
2972,T,194CO,COPD,59,T
2973,T,194CO,COPD,59,T
2974,T,194CO,COPD,59,T
2975,T,194CO,COPD,59,T
2976,cDC2,194CO,COPD,61,Dendritic_MT-tRNAs
2977,cDC2,194CO,COPD,61,Dendritic_MT-tRNAs
2978,cDC2,194CO,COPD,61,Dendritic_MT-tRNAs
2979,NK,194CO,COPD,56,NK
2980,NK,194CO,COPD,56,NK
2981,NK,194CO,COPD,56,NK
2982,NK,194CO,COPD,55,NK
2983,cMonocyte,194CO,COPD,58,Monocyte_MT-tRNAs
2984,cMonocyte,194CO,COPD,58,Monocyte_MT-tRNAs
2985,cMonocyte,194CO,COPD,58,Monocyte_MT-tRNAs
2986,cMonocyte,194CO,COPD,58,Monocyte_MT-tRNAs
2987,cMonocyte,194CO,COPD,57,Monocyte_MT-tRNAs
2988,Ciliated,194CO,COPD,78,Ciliated_MT-tRNAs
2989,Macrophage,207CO,COPD,62,Macrophage
2990,Macrophage,207CO,COPD,62,Macrophage
2991,Macrophage,207CO,COPD,62,Macrophage
2992,Macrophage,207CO,COPD,61,Macrophage
2993,Macrophage,207CO,COPD,61,Macrophage
2994,Macrophage,207CO,COPD,61,Macrophage
2995,Macrophage,207CO,COPD,61,Macrophage
2996,Macrophage,207CO,COPD,61,Macrophage
2997,cMonocyte,207CO,COPD,63,Monocyte_Outlier_B
2998,cMonocyte,207CO,COPD,63,Monocyte_Outlier_B
2999,cMonocyte,207CO,COPD,63,Monocyte_Outlier_B
3000,cMonocyte,207CO,COPD,63,Monocyte_Outlier_B
3001,cMonocyte,207CO,COPD,63,Monocyte_Outlier_B
3002,cMonocyte,207CO,COPD,63,Monocyte_Outlier_B
3003,B,207CO,COPD,65,B
3004,B,207CO,COPD,65,B
3005,B,207CO,COPD,65,B
3006,B,207CO,COPD,65,B
3007,B,207CO,COPD,65,B
3008,B,207CO,COPD,65,B
3009,Macrophage_Alveolar,207CO,COPD,60,Macrophage_Alveolar
3010,Macrophage_Alveolar,207CO,COPD,60,Macrophage_Alveolar
3011,Macrophage_Alveolar,207CO,COPD,60,Macrophage_Alveolar
3012,Macrophage_Alveolar,207CO,COPD,60,Macrophage_Alveolar
3013,Macrophage_Alveolar,207CO,COPD,60,Macrophage_Alveolar
3014,Macrophage_Alveolar,207CO,COPD,59,Macrophage_Alveolar
3015,Macrophage_Alveolar,207CO,COPD,59,Macrophage_Alveolar
3016,Macrophage_Alveolar,207CO,COPD,59,Macrophage_Alveolar
3017,T_Cytotoxic,207CO,COPD,61,T_Cytotoxic_B
3018,T_Cytotoxic,207CO,COPD,61,T_Cytotoxic_B
3019,T_Cytotoxic,207CO,COPD,61,T_Cytotoxic_B
3020,T,207CO,COPD,61,T
3021,T,207CO,COPD,60,T
3022,T,207CO,COPD,60,T
3023,T,207CO,COPD,60,T
3024,NK,207CO,COPD,58,NK
3025,NK,207CO,COPD,58,NK
3026,NK,207CO,COPD,58,NK
3027,NK,207CO,COPD,57,NK
3028,Fibroblast,207CO,COPD,65,Fibroblast
3029,ncMonocyte,207CO,COPD,79,Monocyte_Non-Classical
3030,Macrophage,208C,Control,62,Macrophage
3031,Macrophage,208C,Control,62,Macrophage
3032,Macrophage,208C,Control,62,Macrophage
3033,Macrophage,208C,Control,62,Macrophage
3034,Macrophage,208C,Control,61,Macrophage
3035,Macrophage,208C,Control,61,Macrophage
3036,Macrophage,208C,Control,61,Macrophage
3037,Macrophage,208C,Control,61,Macrophage
3038,Macrophage,208C,Control,61,Macrophage
3039,Macrophage,208C,Control,61,Macrophage
3040,Macrophage,208C,Control,61,Macrophage
3041,Macrophage,208C,Control,61,Macrophage
3042,Macrophage,208C,Control,61,Macrophage
3043,Macrophage,208C,Control,61,Macrophage
3044,Macrophage,208C,Control,61,Macrophage
3045,Macrophage,208C,Control,61,Macrophage
3046,Macrophage,208C,Control,61,Macrophage
3047,Macrophage,208C,Control,61,Macrophage
3048,Macrophage,208C,Control,61,Macrophage
3049,Macrophage,208C,Control,61,Macrophage
3050,Macrophage,208C,Control,61,Macrophage
3051,Macrophage,208C,Control,61,Macrophage
3052,Macrophage,208C,Control,61,Macrophage
3053,Macrophage_Alveolar,208C,Control,57,Macrophage_Alveolar
3054,Macrophage_Alveolar,208C,Control,57,Macrophage_Alveolar
3055,Macrophage_Alveolar,208C,Control,57,Macrophage_Alveolar
3056,Macrophage_Alveolar,208C,Control,57,Macrophage_Alveolar
3057,Macrophage_Alveolar,208C,Control,56,Macrophage_Alveolar
3058,Macrophage_Alveolar,208C,Control,56,Macrophage_Alveolar
3059,Macrophage_Alveolar,209I,IPF,60,Macrophage_Alveolar
3060,Macrophage_Alveolar,209I,IPF,59,Macrophage_Alveolar
3061,Macrophage_Alveolar,209I,IPF,59,Macrophage_Alveolar
3062,Macrophage_Alveolar,209I,IPF,59,Macrophage_Alveolar
3063,Macrophage_Alveolar,209I,IPF,59,Macrophage_Alveolar
3064,Macrophage_Alveolar,209I,IPF,59,Macrophage_Alveolar
3065,Macrophage_Alveolar,209I,IPF,59,Macrophage_Alveolar
3066,Macrophage_Alveolar,209I,IPF,59,Macrophage_Alveolar
3067,Macrophage_Alveolar,209I,IPF,59,Macrophage_Alveolar
3068,Macrophage_Alveolar,209I,IPF,59,Macrophage_Alveolar
3069,Macrophage,209I,IPF,61,Macrophage
3070,Macrophage,209I,IPF,61,Macrophage
3071,Macrophage,209I,IPF,61,Macrophage
3072,Macrophage,209I,IPF,61,Macrophage
3073,Macrophage,209I,IPF,61,Macrophage
3074,Macrophage,209I,IPF,61,Macrophage
3075,Macrophage,209I,IPF,61,Macrophage
3076,Macrophage,209I,IPF,61,Macrophage
3077,Macrophage,209I,IPF,60,Macrophage
3078,Macrophage,209I,IPF,60,Macrophage
3079,Macrophage,209I,IPF,60,Macrophage
3080,Macrophage,209I,IPF,60,Macrophage
3081,Macrophage,209I,IPF,60,Macrophage
3082,Macrophage,209I,IPF,60,Macrophage
3083,Macrophage,209I,IPF,60,Macrophage
3084,Macrophage,209I,IPF,60,Macrophage
3085,Macrophage,209I,IPF,60,Macrophage
3086,Macrophage,209I,IPF,60,Macrophage
3087,Macrophage,209I,IPF,60,Macrophage
3088,Macrophage,209I,IPF,60,Macrophage
3089,Macrophage,209I,IPF,60,Macrophage
3090,Macrophage,209I,IPF,60,Macrophage
3091,Macrophage,209I,IPF,60,Macrophage
3092,Macrophage,209I,IPF,60,Macrophage
3093,Macrophage,209I,IPF,60,Macrophage
3094,Macrophage,209I,IPF,60,Macrophage
3095,Macrophage,209I,IPF,60,Macrophage
3096,Macrophage,209I,IPF,60,Macrophage
3097,Macrophage,209I,IPF,60,Macrophage
3098,Macrophage,209I,IPF,60,Macrophage
3099,Macrophage,209I,IPF,60,Macrophage
3100,Macrophage,209I,IPF,60,Macrophage
3101,Macrophage,209I,IPF,60,Macrophage
3102,Macrophage,209I,IPF,60,Macrophage
3103,Macrophage,209I,IPF,60,Macrophage
3104,Macrophage,209I,IPF,60,Macrophage
3105,Macrophage,209I,IPF,60,Macrophage
3106,Ciliated,209I,IPF,63,Ciliated
3107,Ciliated,209I,IPF,63,Ciliated
3108,Ciliated,209I,IPF,63,Ciliated
3109,Ciliated,209I,IPF,63,Ciliated
3110,Ciliated,209I,IPF,63,Ciliated
3111,Ciliated,209I,IPF,63,Ciliated
3112,Ciliated,209I,IPF,62,Ciliated
3113,Ciliated,209I,IPF,62,Ciliated
3114,Ciliated,209I,IPF,62,Ciliated
3115,Ciliated,209I,IPF,62,Ciliated
3116,cMonocyte,209I,IPF,63,Monocyte
3117,cMonocyte,209I,IPF,62,Monocyte
3118,cMonocyte,209I,IPF,62,Monocyte
3119,B,209I,IPF,65,B
3120,B,209I,IPF,64,B
3121,cDC2,209I,IPF,79,Dendritic_A
3122,T_Cytotoxic,209I,IPF,62,T_Cytotoxic_A
3123,T_Cytotoxic,209I,IPF,61,T_Cytotoxic_A
3124,Macrophage,210I,IPF,60,Macrophage
3125,Macrophage,210I,IPF,60,Macrophage
3126,Macrophage,210I,IPF,60,Macrophage
3127,Macrophage,210I,IPF,60,Macrophage
3128,Macrophage,210I,IPF,60,Macrophage
3129,Macrophage,210I,IPF,60,Macrophage
3130,Macrophage,210I,IPF,60,Macrophage
3131,Macrophage,210I,IPF,60,Macrophage
3132,Macrophage,210I,IPF,60,Macrophage
3133,Macrophage,210I,IPF,60,Macrophage
3134,Macrophage,210I,IPF,60,Macrophage
3135,Macrophage,210I,IPF,60,Macrophage
3136,Macrophage,210I,IPF,60,Macrophage
3137,Macrophage,210I,IPF,60,Macrophage
3138,Macrophage,210I,IPF,60,Macrophage
3139,Macrophage,210I,IPF,60,Macrophage
3140,Macrophage,210I,IPF,60,Macrophage
3141,Macrophage,210I,IPF,60,Macrophage
3142,Macrophage,210I,IPF,60,Macrophage
3143,Macrophage,210I,IPF,60,Macrophage
3144,Macrophage,210I,IPF,60,Macrophage
3145,Macrophage,210I,IPF,60,Macrophage
3146,Macrophage,210I,IPF,59,Macrophage
3147,cDC2,210I,IPF,51,Dendritic_A
3148,cDC2,210I,IPF,51,Dendritic_A
3149,cDC2,210I,IPF,51,Dendritic_A
3150,B,210I,IPF,55,B
3151,B,210I,IPF,55,B
3152,B,210I,IPF,54,B
3153,Macrophage_Alveolar,210I,IPF,61,Macrophage_Alveolar
3154,Macrophage_Alveolar,210I,IPF,61,Macrophage_Alveolar
3155,Macrophage_Alveolar,210I,IPF,61,Macrophage_Alveolar
3156,Macrophage_Alveolar,210I,IPF,61,Macrophage_Alveolar
3157,Macrophage_Alveolar,210I,IPF,61,Macrophage_Alveolar
3158,Macrophage_Alveolar,210I,IPF,61,Macrophage_Alveolar
3159,Macrophage_Alveolar,210I,IPF,60,Macrophage_Alveolar
3160,Macrophage_Alveolar,210I,IPF,60,Macrophage_Alveolar
3161,Ciliated,210I,IPF,56,Ciliated
3162,Ciliated,210I,IPF,55,Ciliated
3163,T,210I,IPF,85,T
3164,T_Cytotoxic,210I,IPF,70,T_Cytotoxic_A
3165,Macrophage,212I,IPF,60,Macrophage_Outlier_D
3166,Macrophage,212I,IPF,60,Macrophage_Outlier_D
3167,Macrophage,212I,IPF,60,Macrophage_Outlier_D
3168,Macrophage,212I,IPF,60,Macrophage_Outlier_D
3169,Macrophage,212I,IPF,60,Macrophage_Outlier_D
3170,Macrophage,212I,IPF,60,Macrophage_Outlier_D
3171,Macrophage,212I,IPF,60,Macrophage_Outlier_D
3172,Macrophage,212I,IPF,60,Macrophage_Outlier_D
3173,Macrophage,212I,IPF,60,Macrophage_Outlier_D
3174,Macrophage,212I,IPF,60,Macrophage_Outlier_D
3175,Macrophage,212I,IPF,60,Macrophage_Outlier_D
3176,Macrophage,212I,IPF,60,Macrophage_Outlier_D
3177,Macrophage,212I,IPF,60,Macrophage_Outlier_D
3178,Macrophage,212I,IPF,60,Macrophage_Outlier_D
3179,Macrophage,212I,IPF,60,Macrophage_Outlier_D
3180,Macrophage,212I,IPF,60,Macrophage_Outlier_D
3181,Macrophage,212I,IPF,60,Macrophage_Outlier_D
3182,Macrophage,212I,IPF,60,Macrophage_Outlier_D
3183,Macrophage,212I,IPF,59,Macrophage_Outlier_D
3184,Macrophage,212I,IPF,59,Macrophage_Outlier_D
3185,Macrophage,212I,IPF,59,Macrophage_Outlier_D
3186,Macrophage,212I,IPF,59,Macrophage_Outlier_D
3187,Macrophage,212I,IPF,59,Macrophage_Outlier_D
3188,Macrophage,212I,IPF,59,Macrophage_Outlier_D
3189,Macrophage,212I,IPF,59,Macrophage_Outlier_D
3190,Macrophage,212I,IPF,59,Macrophage_Outlier_D
3191,Macrophage,212I,IPF,59,Macrophage_Outlier_D
3192,Macrophage,212I,IPF,59,Macrophage_Outlier_D
3193,Macrophage,212I,IPF,59,Macrophage_Outlier_D
3194,Macrophage,212I,IPF,59,Macrophage_Outlier_D
3195,Ciliated,212I,IPF,60,Ciliated
3196,Ciliated,212I,IPF,59,Ciliated
3197,Ciliated,212I,IPF,59,Ciliated
3198,Ciliated,212I,IPF,59,Ciliated
3199,Ciliated,212I,IPF,59,Ciliated
3200,Ciliated,212I,IPF,59,Ciliated
3201,Ciliated,212I,IPF,59,Ciliated
3202,Ciliated,212I,IPF,59,Ciliated
3203,Ciliated,212I,IPF,59,Ciliated
3204,Ciliated,212I,IPF,59,Ciliated
3205,Ciliated,212I,IPF,59,Ciliated
3206,Ciliated,212I,IPF,59,Ciliated
3207,Ciliated,212I,IPF,59,Ciliated
3208,Ciliated,212I,IPF,59,Ciliated
3209,T_Cytotoxic,212I,IPF,63,T_Cytotoxic_C
3210,T_Cytotoxic,212I,IPF,63,T_Cytotoxic_C
3211,T_Cytotoxic,212I,IPF,63,T_Cytotoxic_C
3212,T_Cytotoxic,212I,IPF,62,T_Cytotoxic_C
3213,Macrophage_Alveolar,212I,IPF,60,Macrophage_Alveolar
3214,Macrophage_Alveolar,212I,IPF,60,Macrophage_Alveolar
3215,Macrophage_Alveolar,212I,IPF,60,Macrophage_Alveolar
3216,Macrophage_Alveolar,212I,IPF,60,Macrophage_Alveolar
3217,Macrophage_Alveolar,212I,IPF,60,Macrophage_Alveolar
3218,Macrophage_Alveolar,212I,IPF,60,Macrophage_Alveolar
3219,Macrophage_Alveolar,212I,IPF,59,Macrophage_Alveolar
3220,Macrophage_Alveolar,212I,IPF,59,Macrophage_Alveolar
3221,Macrophage_Alveolar,212I,IPF,59,Macrophage_Alveolar
3222,Macrophage_Alveolar,212I,IPF,59,Macrophage_Alveolar
3223,B,212I,IPF,52,B
3224,B,212I,IPF,52,B
3225,B,212I,IPF,51,B
3226,T,212I,IPF,73,T
3227,cMonocyte,212I,IPF,56,Monocyte_Outlier_B
3228,cMonocyte,212I,IPF,56,Monocyte_Outlier_B
3229,NK,212I,IPF,77,NK
3230,Macrophage,214I,IPF,63,Macrophage
3231,Macrophage,214I,IPF,63,Macrophage
3232,Macrophage,214I,IPF,62,Macrophage
3233,Macrophage,214I,IPF,62,Macrophage
3234,Macrophage,214I,IPF,62,Macrophage
3235,Macrophage,214I,IPF,62,Macrophage
3236,Macrophage,214I,IPF,62,Macrophage
3237,Macrophage,214I,IPF,62,Macrophage
3238,Macrophage,214I,IPF,62,Macrophage
3239,Ciliated,214I,IPF,67,Ciliated
3240,Ciliated,214I,IPF,67,Ciliated_CellCycle
3241,Ciliated,214I,IPF,67,Ciliated
3242,Ciliated,214I,IPF,66,Ciliated_CellCycle
3243,NK,217CO,COPD,64,NK
3244,NK,217CO,COPD,64,NK
3245,NK,217CO,COPD,64,NK
3246,NK,217CO,COPD,64,NK
3247,NK,217CO,COPD,63,NK
3248,T,217CO,COPD,59,T
3249,T,217CO,COPD,59,T
3250,T,217CO,COPD,59,T
3251,T,217CO,COPD,59,T
3252,T,217CO,COPD,59,T
3253,B,217CO,COPD,89,B
3254,T_Cytotoxic,217CO,COPD,60,T_Cytotoxic_C
3255,T_Cytotoxic,217CO,COPD,60,T_Cytotoxic_C
3256,T_Cytotoxic,217CO,COPD,59,T_Cytotoxic_C
3257,T_Cytotoxic,217CO,COPD,59,T_Cytotoxic_C
3258,T_Cytotoxic,217CO,COPD,59,T_Cytotoxic_C
3259,cMonocyte,217CO,COPD,58,Monocyte_Outlier_B
3260,cMonocyte,217CO,COPD,58,Monocyte_Outlier_B
3261,cMonocyte,217CO,COPD,58,Monocyte_Outlier_B
3262,cMonocyte,217CO,COPD,58,Monocyte_Outlier_B
3263,cMonocyte,217CO,COPD,58,Monocyte_Outlier_B
3264,cMonocyte,217CO,COPD,58,Monocyte_Outlier_B
3265,cMonocyte,217CO,COPD,58,Monocyte_Outlier_B
3266,cMonocyte,217CO,COPD,58,Monocyte_Outlier_B
3267,cMonocyte,217CO,COPD,57,Monocyte_Outlier_B
3268,cMonocyte,217CO,COPD,57,Monocyte_Outlier_B
3269,cMonocyte,217CO,COPD,57,Monocyte_Outlier_B
3270,cMonocyte,217CO,COPD,57,Monocyte_Outlier_B
3271,Ciliated,217CO,COPD,77,Ciliated
3272,Macrophage,217CO,COPD,58,Macrophage_Outlier_D
3273,Macrophage,217CO,COPD,57,Macrophage_Outlier_D
3274,Macrophage,217CO,COPD,57,Macrophage_Outlier_D
3275,Macrophage_Alveolar,217CO,COPD,56,Macrophage_Alveolar
3276,Macrophage_Alveolar,217CO,COPD,55,Macrophage_Alveolar
3277,Macrophage_Alveolar,217CO,COPD,55,Macrophage_Alveolar
3278,Macrophage_Alveolar,217CO,COPD,55,Macrophage_Alveolar
3279,ncMonocyte,217CO,COPD,46,Monocyte_Non-Classical
3280,ncMonocyte,217CO,COPD,45,Monocyte_Non-Classical
3281,Macrophage,218C,Control,60,Macrophage_Outlier_F
3282,Macrophage,218C,Control,60,Macrophage_Outlier_F
3283,Macrophage,218C,Control,60,Macrophage_Outlier_F
3284,Macrophage,218C,Control,60,Macrophage_Outlier_F
3285,Macrophage,218C,Control,60,Macrophage_Outlier_F
3286,Macrophage,218C,Control,60,Macrophage_Outlier_F
3287,Macrophage,218C,Control,60,Macrophage_Outlier_F
3288,Macrophage,218C,Control,60,Macrophage_Outlier_F
3289,Macrophage,218C,Control,60,Macrophage_Outlier_F
3290,Macrophage,218C,Control,60,Macrophage_Outlier_F
3291,Macrophage,218C,Control,60,Macrophage_Outlier_F
3292,Macrophage,218C,Control,60,Macrophage_Outlier_F
3293,Macrophage,218C,Control,60,Macrophage_Outlier_F
3294,Macrophage,218C,Control,60,Macrophage_Outlier_F
3295,Macrophage,218C,Control,60,Macrophage_Outlier_F
3296,Macrophage,218C,Control,60,Macrophage_Outlier_F
3297,Macrophage,218C,Control,60,Macrophage_Outlier_F
3298,Macrophage,218C,Control,60,Macrophage_Outlier_F
3299,Macrophage,218C,Control,60,Macrophage_Outlier_F
3300,Macrophage,218C,Control,60,Macrophage_Outlier_F
3301,Macrophage,218C,Control,60,Macrophage_Outlier_F
3302,Macrophage,218C,Control,60,Macrophage_Outlier_F
3303,Macrophage,218C,Control,60,Macrophage_Outlier_F
3304,Macrophage,218C,Control,60,Macrophage_Outlier_F
3305,Macrophage,218C,Control,60,Macrophage_Outlier_F
3306,Macrophage,218C,Control,60,Macrophage_Outlier_F
3307,Macrophage,218C,Control,60,Macrophage_Outlier_F
3308,Macrophage,218C,Control,60,Macrophage_Outlier_F
3309,Macrophage,218C,Control,60,Macrophage_Outlier_F
3310,Macrophage,218C,Control,60,Macrophage_Outlier_F
3311,Macrophage,218C,Control,60,Macrophage_Outlier_F
3312,Macrophage,218C,Control,60,Macrophage_Outlier_F
3313,Macrophage,218C,Control,60,Macrophage_Outlier_F
3314,Macrophage,218C,Control,60,Macrophage_Outlier_F
3315,Macrophage,218C,Control,60,Macrophage_Outlier_F
3316,Macrophage,218C,Control,60,Macrophage_Outlier_F
3317,Macrophage,218C,Control,60,Macrophage_Outlier_F
3318,Macrophage,218C,Control,60,Macrophage_Outlier_F
3319,Macrophage,218C,Control,60,Macrophage_Outlier_F
3320,Macrophage,218C,Control,60,Macrophage_Outlier_F
3321,Macrophage,218C,Control,60,Macrophage_Outlier_F
3322,Macrophage,218C,Control,60,Macrophage_Outlier_F
3323,Macrophage,218C,Control,60,Macrophage_Outlier_F
3324,Macrophage,218C,Control,60,Macrophage_Outlier_F
3325,Macrophage,218C,Control,60,Macrophage_Outlier_F
3326,Macrophage,218C,Control,60,Macrophage_Outlier_F
3327,Macrophage,218C,Control,60,Macrophage_Outlier_F
3328,Macrophage,218C,Control,60,Macrophage_Outlier_F
3329,Macrophage,218C,Control,60,Macrophage_Outlier_F
3330,Macrophage,218C,Control,60,Macrophage_Outlier_F
3331,Macrophage,218C,Control,60,Macrophage_Outlier_F
3332,Macrophage,218C,Control,60,Macrophage_Outlier_F
3333,Macrophage,218C,Control,60,Macrophage_Outlier_F
3334,Macrophage,218C,Control,60,Macrophage_Outlier_F
3335,Macrophage,218C,Control,60,Macrophage_Outlier_F
3336,Macrophage,218C,Control,60,Macrophage_Outlier_F
3337,Macrophage,218C,Control,60,Macrophage_Outlier_F
3338,Macrophage,218C,Control,60,Macrophage_Outlier_F
3339,Macrophage,218C,Control,60,Macrophage_Outlier_F
3340,Macrophage,218C,Control,60,Macrophage_Outlier_F
3341,Macrophage,218C,Control,59,Macrophage_Outlier_F
3342,Ciliated,218C,Control,54,Ciliated_CellCycle_MT-tRNAs
3343,Ciliated,218C,Control,53,Ciliated_CellCycle_MT-tRNAs
3344,Ciliated,218C,Control,53,Ciliated_CellCycle_MT-tRNAs
3345,Macrophage_Alveolar,218C,Control,54,Macrophage_Alveolar
3346,Macrophage_Alveolar,218C,Control,53,Macrophage_Alveolar_Outlier_D
3347,Macrophage_Alveolar,218C,Control,53,Macrophage_Alveolar_Outlier_D
3348,B,218C,Control,60,B
3349,T_Cytotoxic,218C,Control,56,T_Cytotoxic_A
3350,T_Cytotoxic,218C,Control,55,T_Cytotoxic_A
3351,T,218C,Control,68,T
3352,T,218C,Control,67,T
3353,T,218C,Control,67,T
3354,NK,218C,Control,63,NK
3355,NK,218C,Control,63,NK
3356,NK,218C,Control,63,NK
3357,Macrophage_Alveolar,221I,IPF,58,Macrophage_Alveolar
3358,Macrophage_Alveolar,221I,IPF,58,Macrophage_Alveolar
3359,Macrophage_Alveolar,221I,IPF,58,Macrophage_Alveolar
3360,Macrophage_Alveolar,221I,IPF,58,Macrophage_Alveolar
3361,Macrophage_Alveolar,221I,IPF,58,Macrophage_Alveolar
3362,Macrophage_Alveolar,221I,IPF,57,Macrophage_Alveolar
3363,Macrophage_Alveolar,221I,IPF,57,Macrophage_Alveolar
3364,Macrophage_Alveolar,221I,IPF,57,Macrophage_Alveolar
3365,Macrophage_Alveolar,221I,IPF,57,Macrophage_Alveolar
3366,Macrophage_Alveolar,221I,IPF,57,Macrophage_Alveolar
3367,Macrophage,221I,IPF,60,Macrophage
3368,Macrophage,221I,IPF,60,Macrophage
3369,Macrophage,221I,IPF,60,Macrophage
3370,Macrophage,221I,IPF,60,Macrophage
3371,Macrophage,221I,IPF,60,Macrophage
3372,Macrophage,221I,IPF,60,Macrophage
3373,Macrophage,221I,IPF,60,Macrophage
3374,Macrophage,221I,IPF,60,Macrophage
3375,Macrophage,221I,IPF,60,Macrophage
3376,Macrophage,221I,IPF,60,Macrophage
3377,Macrophage,221I,IPF,60,Macrophage
3378,Macrophage,221I,IPF,60,Macrophage
3379,Macrophage,221I,IPF,60,Macrophage
3380,Macrophage,221I,IPF,60,Macrophage
3381,Macrophage,221I,IPF,60,Macrophage
3382,Macrophage,221I,IPF,60,Macrophage
3383,Macrophage,221I,IPF,60,Macrophage
3384,Macrophage,221I,IPF,60,Macrophage
3385,Macrophage,221I,IPF,60,Macrophage
3386,Macrophage,221I,IPF,60,Macrophage
3387,Macrophage,221I,IPF,60,Macrophage
3388,Macrophage,221I,IPF,60,Macrophage
3389,Macrophage,221I,IPF,60,Macrophage
3390,Macrophage,221I,IPF,60,Macrophage
3391,Macrophage,221I,IPF,60,Macrophage
3392,Macrophage,221I,IPF,60,Macrophage
3393,Macrophage,221I,IPF,60,Macrophage
3394,Macrophage,221I,IPF,60,Macrophage
3395,Macrophage,221I,IPF,60,Macrophage
3396,Macrophage,221I,IPF,60,Macrophage
3397,Macrophage,221I,IPF,60,Macrophage
3398,Macrophage,221I,IPF,60,Macrophage
3399,Macrophage,221I,IPF,59,Macrophage
3400,Macrophage,221I,IPF,59,Macrophage
3401,Macrophage,221I,IPF,59,Macrophage
3402,Macrophage,221I,IPF,59,Macrophage
3403,Macrophage,221I,IPF,59,Macrophage
3404,Macrophage,221I,IPF,59,Macrophage
3405,Macrophage,221I,IPF,59,Macrophage
3406,Macrophage,221I,IPF,59,Macrophage
3407,Macrophage,221I,IPF,59,Macrophage
3408,Macrophage,221I,IPF,59,Macrophage
3409,Macrophage,221I,IPF,59,Macrophage
3410,Macrophage,221I,IPF,59,Macrophage
3411,Macrophage,221I,IPF,59,Macrophage
3412,Macrophage,221I,IPF,59,Macrophage
3413,Ciliated,221I,IPF,65,Ciliated
3414,Ciliated,221I,IPF,65,Ciliated
3415,Ciliated,221I,IPF,65,Ciliated
3416,Ciliated,221I,IPF,65,Ciliated
3417,Ciliated,221I,IPF,65,Ciliated
3418,Ciliated,221I,IPF,65,Ciliated
3419,NK,221I,IPF,68,NK
3420,NK,221I,IPF,67,NK
3421,NK,221I,IPF,67,NK
3422,NK,221I,IPF,67,NK
3423,B,221I,IPF,58,B
3424,B,221I,IPF,58,B
3425,B,221I,IPF,58,B
3426,B,221I,IPF,57,B
3427,B,221I,IPF,57,B
3428,cDC2,221I,IPF,56,Dendritic_A
3429,cDC2,221I,IPF,56,Dendritic_A
3430,cMonocyte,221I,IPF,61,Monocyte
3431,cMonocyte,221I,IPF,60,Monocyte
3432,cMonocyte,221I,IPF,60,Monocyte
3433,cMonocyte,221I,IPF,60,Monocyte
3434,ncMonocyte,221I,IPF,51,Monocyte_Non-Classical
3435,ncMonocyte,221I,IPF,51,Monocyte_Non-Classical
3436,T_Cytotoxic,221I,IPF,81,T_Cytotoxic_A
3437,T,221I,IPF,48,T
3438,T,221I,IPF,48,T
3439,Macrophage,222I,IPF,61,Macrophage
3440,Macrophage,222I,IPF,61,Macrophage
3441,Macrophage,222I,IPF,61,Macrophage
3442,Macrophage,222I,IPF,60,Macrophage
3443,Macrophage,222I,IPF,60,Macrophage
3444,Macrophage,222I,IPF,60,Macrophage
3445,Macrophage,222I,IPF,60,Macrophage
3446,Macrophage,222I,IPF,60,Macrophage
3447,Macrophage,222I,IPF,60,Macrophage
3448,Macrophage,222I,IPF,60,Macrophage
3449,Macrophage,222I,IPF,60,Macrophage
3450,Macrophage,222I,IPF,60,Macrophage
3451,Macrophage,222I,IPF,60,Macrophage
3452,Macrophage,222I,IPF,60,Macrophage
3453,Macrophage,222I,IPF,60,Macrophage
3454,Macrophage,222I,IPF,60,Macrophage
3455,Macrophage,222I,IPF,60,Macrophage
3456,Macrophage,222I,IPF,60,Macrophage
3457,Macrophage,222I,IPF,60,Macrophage
3458,Macrophage,222I,IPF,60,Macrophage
3459,Macrophage,222I,IPF,60,Macrophage
3460,Macrophage,222I,IPF,60,Macrophage
3461,Macrophage,222I,IPF,60,Macrophage
3462,Macrophage,222I,IPF,60,Macrophage
3463,Macrophage,222I,IPF,60,Macrophage
3464,Macrophage,222I,IPF,60,Macrophage
3465,Macrophage,222I,IPF,60,Macrophage
3466,Macrophage,222I,IPF,60,Macrophage
3467,Macrophage,222I,IPF,60,Macrophage
3468,Macrophage,222I,IPF,60,Macrophage
3469,Macrophage,222I,IPF,60,Macrophage
3470,Macrophage,222I,IPF,60,Macrophage
3471,Macrophage,222I,IPF,60,Macrophage
3472,Macrophage,222I,IPF,60,Macrophage
3473,Macrophage,222I,IPF,60,Macrophage
3474,Macrophage,222I,IPF,60,Macrophage
3475,Macrophage,222I,IPF,60,Macrophage
3476,Macrophage,222I,IPF,60,Macrophage
3477,Macrophage,222I,IPF,60,Macrophage
3478,Macrophage,222I,IPF,60,Macrophage
3479,Macrophage,222I,IPF,60,Macrophage
3480,Macrophage,222I,IPF,60,Macrophage
3481,Macrophage,222I,IPF,60,Macrophage
3482,Macrophage,222I,IPF,60,Macrophage
3483,Macrophage,222I,IPF,60,Macrophage
3484,Macrophage,222I,IPF,60,Macrophage
3485,Macrophage,222I,IPF,60,Macrophage
3486,Macrophage,222I,IPF,60,Macrophage
3487,Macrophage,222I,IPF,60,Macrophage
3488,Macrophage,222I,IPF,60,Macrophage
3489,Macrophage,222I,IPF,60,Macrophage
3490,Macrophage,222I,IPF,60,Macrophage
3491,Macrophage,222I,IPF,60,Macrophage
3492,Macrophage,222I,IPF,60,Macrophage
3493,Macrophage,222I,IPF,60,Macrophage
3494,Macrophage,222I,IPF,60,Macrophage
3495,Macrophage,222I,IPF,60,Macrophage
3496,Macrophage,222I,IPF,60,Macrophage
3497,Macrophage,222I,IPF,60,Macrophage
3498,Macrophage,222I,IPF,60,Macrophage
3499,Macrophage,222I,IPF,60,Macrophage
3500,Macrophage,222I,IPF,60,Macrophage
3501,Macrophage_Alveolar,222I,IPF,59,Macrophage_Alveolar
3502,Macrophage_Alveolar,222I,IPF,59,Macrophage_Alveolar
3503,Macrophage_Alveolar,222I,IPF,59,Macrophage_Alveolar
3504,Macrophage_Alveolar,222I,IPF,59,Macrophage_Alveolar
3505,Macrophage_Alveolar,222I,IPF,59,Macrophage_Alveolar
3506,Macrophage_Alveolar,222I,IPF,59,Macrophage_Alveolar
3507,Macrophage_Alveolar,222I,IPF,59,Macrophage_Alveolar
3508,Macrophage_Alveolar,222I,IPF,59,Macrophage_Alveolar
3509,Macrophage_Alveolar,222I,IPF,59,Macrophage_Alveolar
3510,Macrophage_Alveolar,222I,IPF,59,Macrophage_Alveolar
3511,Macrophage_Alveolar,222I,IPF,59,Macrophage_Alveolar
3512,Macrophage_Alveolar,222I,IPF,59,Macrophage_Alveolar
3513,Macrophage_Alveolar,222I,IPF,58,Macrophage_Alveolar
3514,Macrophage_Alveolar,222I,IPF,58,Macrophage_Alveolar
3515,cMonocyte,222I,IPF,58,Monocyte
3516,cMonocyte,222I,IPF,58,Monocyte
3517,cMonocyte,222I,IPF,58,Monocyte
3518,cMonocyte,222I,IPF,58,Monocyte
3519,cMonocyte,222I,IPF,58,Monocyte
3520,cMonocyte,222I,IPF,58,Monocyte
3521,cMonocyte,222I,IPF,58,Monocyte
3522,cMonocyte,222I,IPF,58,Monocyte
3523,B,222I,IPF,63,B
3524,B,222I,IPF,63,B
3525,B,222I,IPF,63,B
3526,B,222I,IPF,63,B
3527,B,222I,IPF,62,B
3528,B,222I,IPF,62,B
3529,cDC2,222I,IPF,65,Dendritic_A
3530,cDC2,222I,IPF,65,Dendritic_A
3531,cDC2,222I,IPF,65,Dendritic_A
3532,T_Cytotoxic,222I,IPF,61,T_Cytotoxic_A
3533,T_Cytotoxic,222I,IPF,61,T_Cytotoxic_A
3534,T_Cytotoxic,222I,IPF,60,T_Cytotoxic_A
3535,T_Cytotoxic,222I,IPF,60,T_Cytotoxic_A
3536,T_Cytotoxic,222I,IPF,60,T_Cytotoxic_A
3537,T_Cytotoxic,222I,IPF,60,T_Cytotoxic_A
3538,T_Cytotoxic,222I,IPF,60,T_Cytotoxic_A
3539,T_Cytotoxic,222I,IPF,60,T_Cytotoxic_A
3540,T_Cytotoxic,222I,IPF,60,T_Cytotoxic_A
3541,T,222I,IPF,59,T
3542,T,222I,IPF,58,T
3543,T,222I,IPF,58,T
3544,T,222I,IPF,58,T
3545,T,222I,IPF,58,T
3546,T,222I,IPF,58,T
3547,T,222I,IPF,58,T
3548,T,222I,IPF,58,T
3549,Ciliated,222I,IPF,62,Ciliated
3550,Ciliated,222I,IPF,62,Ciliated
3551,Ciliated,222I,IPF,61,Ciliated
3552,Ciliated,222I,IPF,61,Ciliated
3553,Ciliated,222I,IPF,61,Ciliated
3554,Ciliated,222I,IPF,61,Ciliated
3555,Ciliated,222I,IPF,61,Ciliated
3556,Ciliated,222I,IPF,61,Ciliated
3557,Ciliated,222I,IPF,61,Ciliated
3558,ncMonocyte,222I,IPF,63,Monocyte_Non-Classical
3559,ncMonocyte,222I,IPF,63,Monocyte_Non-Classical
3560,ncMonocyte,222I,IPF,62,Monocyte_Non-Classical
3561,NK,222I,IPF,59,NK
3562,NK,222I,IPF,59,NK
3563,NK,222I,IPF,58,NK
3564,NK,222I,IPF,58,NK
3565,NK,222I,IPF,58,NK
3566,NK,222I,IPF,58,NK
3567,Macrophage_Alveolar,225I,IPF,61,Macrophage_Alveolar
3568,Macrophage_Alveolar,225I,IPF,61,Macrophage_Alveolar
3569,Macrophage_Alveolar,225I,IPF,61,Macrophage_Alveolar
3570,Macrophage_Alveolar,225I,IPF,61,Macrophage_Alveolar
3571,Macrophage_Alveolar,225I,IPF,61,Macrophage_Alveolar
3572,Macrophage_Alveolar,225I,IPF,61,Macrophage_Alveolar
3573,Macrophage_Alveolar,225I,IPF,61,Macrophage_Alveolar
3574,Macrophage_Alveolar,225I,IPF,61,Macrophage_Alveolar
3575,Macrophage_Alveolar,225I,IPF,61,Macrophage_Alveolar
3576,Macrophage_Alveolar,225I,IPF,61,Macrophage_Alveolar
3577,Macrophage_Alveolar,225I,IPF,61,Macrophage_Alveolar
3578,Macrophage_Alveolar,225I,IPF,61,Macrophage_Alveolar
3579,Macrophage_Alveolar,225I,IPF,61,Macrophage_Alveolar
3580,Macrophage_Alveolar,225I,IPF,60,Macrophage_Alveolar
3581,Macrophage_Alveolar,225I,IPF,60,Macrophage_Alveolar
3582,Macrophage_Alveolar,225I,IPF,60,Macrophage_Alveolar
3583,Macrophage_Alveolar,225I,IPF,60,Macrophage_Alveolar
3584,Macrophage_Alveolar,225I,IPF,60,Macrophage_Alveolar
3585,Macrophage_Alveolar,225I,IPF,60,Macrophage_Alveolar
3586,Macrophage_Alveolar,225I,IPF,60,Macrophage_Alveolar
3587,Macrophage_Alveolar,225I,IPF,60,Macrophage_Alveolar
3588,Macrophage_Alveolar,225I,IPF,60,Macrophage_Alveolar
3589,Macrophage_Alveolar,225I,IPF,60,Macrophage_Alveolar
3590,Macrophage_Alveolar,225I,IPF,60,Macrophage_Alveolar
3591,Macrophage_Alveolar,225I,IPF,60,Macrophage_Alveolar
3592,Macrophage_Alveolar,225I,IPF,60,Macrophage_Alveolar
3593,Macrophage_Alveolar,225I,IPF,60,Macrophage_Alveolar
3594,Macrophage_Alveolar,225I,IPF,60,Macrophage_Alveolar
3595,Macrophage_Alveolar,225I,IPF,60,Macrophage_Alveolar
3596,Macrophage_Alveolar,225I,IPF,60,Macrophage_Alveolar
3597,Macrophage_Alveolar,225I,IPF,60,Macrophage_Alveolar
3598,Macrophage_Alveolar,225I,IPF,60,Macrophage_Alveolar
3599,Macrophage_Alveolar,225I,IPF,60,Macrophage_Alveolar
3600,Macrophage_Alveolar,225I,IPF,60,Macrophage_Alveolar
3601,Macrophage_Alveolar,225I,IPF,60,Macrophage_Alveolar
3602,Macrophage_Alveolar,225I,IPF,60,Macrophage_Alveolar
3603,Macrophage_Alveolar,225I,IPF,60,Macrophage_Alveolar
3604,Macrophage_Alveolar,225I,IPF,60,Macrophage_Alveolar
3605,Macrophage_Alveolar,225I,IPF,60,Macrophage_Alveolar
3606,Macrophage_Alveolar,225I,IPF,60,Macrophage_Alveolar
3607,Macrophage_Alveolar,225I,IPF,60,Macrophage_Alveolar
3608,Macrophage_Alveolar,225I,IPF,60,Macrophage_Alveolar
3609,Macrophage_Alveolar,225I,IPF,60,Macrophage_Alveolar
3610,Macrophage_Alveolar,225I,IPF,60,Macrophage_Alveolar
3611,Macrophage_Alveolar,225I,IPF,60,Macrophage_Alveolar
3612,Macrophage_Alveolar,225I,IPF,60,Macrophage_Alveolar
3613,Macrophage_Alveolar,225I,IPF,60,Macrophage_Alveolar
3614,Macrophage_Alveolar,225I,IPF,60,Macrophage_Alveolar
3615,Macrophage,225I,IPF,60,Macrophage
3616,Macrophage,225I,IPF,60,Macrophage
3617,Macrophage,225I,IPF,60,Macrophage
3618,Macrophage,225I,IPF,60,Macrophage
3619,Macrophage,225I,IPF,60,Macrophage
3620,Macrophage,225I,IPF,60,Macrophage
3621,Macrophage,225I,IPF,60,Macrophage
3622,Macrophage,225I,IPF,60,Macrophage
3623,Macrophage,225I,IPF,60,Macrophage
3624,Macrophage,225I,IPF,60,Macrophage
3625,Macrophage,225I,IPF,60,Macrophage
3626,Macrophage,225I,IPF,60,Macrophage
3627,Macrophage,225I,IPF,60,Macrophage
3628,Macrophage,225I,IPF,60,Macrophage
3629,Macrophage,225I,IPF,60,Macrophage
3630,Macrophage,225I,IPF,60,Macrophage
3631,Macrophage,225I,IPF,60,Macrophage
3632,Macrophage,225I,IPF,60,Macrophage
3633,Macrophage,225I,IPF,60,Macrophage
3634,Macrophage,225I,IPF,60,Macrophage
3635,Macrophage,225I,IPF,60,Macrophage
3636,Macrophage,225I,IPF,60,Macrophage
3637,Macrophage,225I,IPF,60,Macrophage
3638,Macrophage,225I,IPF,60,Macrophage
3639,Macrophage,225I,IPF,60,Macrophage
3640,Macrophage,225I,IPF,60,Macrophage
3641,Macrophage,225I,IPF,60,Macrophage
3642,Macrophage,225I,IPF,60,Macrophage
3643,Macrophage,225I,IPF,60,Macrophage
3644,Macrophage,225I,IPF,60,Macrophage
3645,Macrophage,225I,IPF,60,Macrophage
3646,Macrophage,225I,IPF,60,Macrophage
3647,Macrophage,225I,IPF,60,Macrophage
3648,Macrophage,225I,IPF,60,Macrophage
3649,Macrophage,225I,IPF,60,Macrophage
3650,Macrophage,225I,IPF,60,Macrophage
3651,Macrophage,225I,IPF,60,Macrophage
3652,Macrophage,225I,IPF,60,Macrophage
3653,Macrophage,225I,IPF,60,Macrophage
3654,Macrophage,225I,IPF,60,Macrophage
3655,Macrophage,225I,IPF,60,Macrophage
3656,Macrophage,225I,IPF,60,Macrophage
3657,Macrophage,225I,IPF,60,Macrophage
3658,Macrophage,225I,IPF,60,Macrophage
3659,Macrophage,225I,IPF,60,Macrophage
3660,Macrophage,225I,IPF,60,Macrophage
3661,Macrophage,225I,IPF,60,Macrophage
3662,Macrophage,225I,IPF,60,Macrophage
3663,Macrophage,225I,IPF,60,Macrophage
3664,Macrophage,225I,IPF,60,Macrophage
3665,Macrophage,225I,IPF,60,Macrophage
3666,Macrophage,225I,IPF,60,Macrophage
3667,Macrophage,225I,IPF,60,Macrophage
3668,Macrophage,225I,IPF,60,Macrophage
3669,Macrophage,225I,IPF,60,Macrophage
3670,Macrophage,225I,IPF,60,Macrophage
3671,Macrophage,225I,IPF,60,Macrophage
3672,Macrophage,225I,IPF,60,Macrophage
3673,Macrophage,225I,IPF,60,Macrophage
3674,Macrophage,225I,IPF,60,Macrophage
3675,Macrophage,225I,IPF,59,Macrophage
3676,Macrophage,225I,IPF,59,Macrophage
3677,Macrophage,225I,IPF,59,Macrophage
3678,Macrophage,225I,IPF,59,Macrophage
3679,Macrophage,225I,IPF,59,Macrophage
3680,Macrophage,225I,IPF,59,Macrophage
3681,Macrophage,225I,IPF,59,Macrophage
3682,Macrophage,225I,IPF,59,Macrophage
3683,Macrophage,225I,IPF,59,Macrophage
3684,Macrophage,225I,IPF,59,Macrophage
3685,Macrophage,225I,IPF,59,Macrophage
3686,Macrophage,225I,IPF,59,Macrophage
3687,Macrophage,225I,IPF,59,Macrophage
3688,Macrophage,225I,IPF,59,Macrophage
3689,Macrophage,225I,IPF,59,Macrophage
3690,Macrophage,225I,IPF,59,Macrophage
3691,Macrophage,225I,IPF,59,Macrophage
3692,Macrophage,225I,IPF,59,Macrophage
3693,Macrophage,225I,IPF,59,Macrophage
3694,Macrophage,225I,IPF,59,Macrophage
3695,Macrophage,225I,IPF,59,Macrophage
3696,Macrophage,225I,IPF,59,Macrophage
3697,Macrophage,225I,IPF,59,Macrophage
3698,Macrophage,225I,IPF,59,Macrophage
3699,Macrophage,225I,IPF,59,Macrophage
3700,Macrophage,225I,IPF,59,Macrophage
3701,Macrophage,225I,IPF,59,Macrophage
3702,cDC2,225I,IPF,57,Dendritic_A
3703,cDC2,225I,IPF,57,Dendritic_A
3704,cDC2,225I,IPF,57,Dendritic_A
3705,cDC2,225I,IPF,57,Dendritic_A
3706,cDC2,225I,IPF,57,Dendritic_A
3707,cDC2,225I,IPF,56,Dendritic_A
3708,ncMonocyte,225I,IPF,64,Monocyte_Non-Classical
3709,ncMonocyte,225I,IPF,64,Monocyte_Non-Classical
3710,ncMonocyte,225I,IPF,64,Monocyte_Non-Classical
3711,Myofibroblast,225I,IPF,58,Myofibroblast
3712,Myofibroblast,225I,IPF,58,Myofibroblast
3713,Myofibroblast,225I,IPF,57,Myofibroblast
3714,Myofibroblast,225I,IPF,57,Myofibroblast
3715,Myofibroblast,225I,IPF,57,Myofibroblast
3716,Myofibroblast,225I,IPF,57,Myofibroblast
3717,Myofibroblast,225I,IPF,57,Myofibroblast
3718,Myofibroblast,225I,IPF,57,Myofibroblast
3719,Myofibroblast,225I,IPF,57,Myofibroblast
3720,Myofibroblast,225I,IPF,57,Myofibroblast
3721,T_Cytotoxic,225I,IPF,56,T_Cytotoxic_C
3722,T_Cytotoxic,225I,IPF,56,T_Cytotoxic_C
3723,T,225I,IPF,69,T
3724,T,225I,IPF,69,T
3725,Ciliated,225I,IPF,64,Ciliated
3726,Ciliated,225I,IPF,63,Ciliated
3727,Ciliated,225I,IPF,63,Ciliated
3728,Ciliated,225I,IPF,63,Ciliated
3729,Ciliated,225I,IPF,63,Ciliated
3730,Ciliated,225I,IPF,63,Ciliated
3731,Ciliated,225I,IPF,63,Ciliated
3732,Ciliated,225I,IPF,63,Ciliated
3733,Ciliated,225I,IPF,63,Ciliated
3734,cMonocyte,225I,IPF,65,Monocyte
3735,cMonocyte,225I,IPF,65,Monocyte
3736,cMonocyte,225I,IPF,65,Monocyte
3737,cMonocyte,225I,IPF,65,Monocyte
3738,cMonocyte,225I,IPF,65,Monocyte
3739,cMonocyte,225I,IPF,65,Monocyte
3740,NK,225I,IPF,56,NK
3741,NK,225I,IPF,56,NK
3742,NK,225I,IPF,56,NK
3743,NK,225I,IPF,55,NK
3744,NK,225I,IPF,55,NK
3745,ATII,225I,IPF,60,ATII_High-Surfactants
3746,Macrophage,226C,Control,60,Macrophage_Outlier_B
3747,Macrophage,226C,Control,60,Macrophage_Outlier_B
3748,Macrophage,226C,Control,60,Macrophage_Outlier_B
3749,Macrophage,226C,Control,60,Macrophage_Outlier_B
3750,Macrophage,226C,Control,60,Macrophage_Outlier_B
3751,Macrophage,226C,Control,60,Macrophage_Outlier_B
3752,Macrophage,226C,Control,60,Macrophage_Outlier_B
3753,Macrophage,226C,Control,60,Macrophage_Outlier_B
3754,Macrophage,226C,Control,60,Macrophage_Outlier_B
3755,Macrophage,226C,Control,60,Macrophage_Outlier_B
3756,Macrophage,226C,Control,60,Macrophage_Outlier_B
3757,Macrophage,226C,Control,60,Macrophage_Outlier_B
3758,Macrophage,226C,Control,60,Macrophage_Outlier_B
3759,Macrophage,226C,Control,60,Macrophage_Outlier_B
3760,Macrophage,226C,Control,60,Macrophage_Outlier_B
3761,Macrophage,226C,Control,60,Macrophage_Outlier_B
3762,Macrophage,226C,Control,60,Macrophage_Outlier_B
3763,Macrophage,226C,Control,60,Macrophage_Outlier_B
3764,Macrophage,226C,Control,60,Macrophage_Outlier_B
3765,Macrophage,226C,Control,60,Macrophage_Outlier_B
3766,Macrophage,226C,Control,60,Macrophage_Outlier_B
3767,Macrophage,226C,Control,60,Macrophage_Outlier_B
3768,Macrophage,226C,Control,60,Macrophage_Outlier_B
3769,Macrophage,226C,Control,60,Macrophage_Outlier_B
3770,Macrophage,226C,Control,60,Macrophage_Outlier_B
3771,Macrophage,226C,Control,60,Macrophage_Outlier_B
3772,Macrophage,226C,Control,60,Macrophage_Outlier_B
3773,Macrophage,226C,Control,60,Macrophage_Outlier_B
3774,Macrophage,226C,Control,60,Macrophage_Outlier_B
3775,Macrophage,226C,Control,60,Macrophage_Outlier_B
3776,Macrophage,226C,Control,60,Macrophage_Outlier_B
3777,Macrophage,226C,Control,60,Macrophage_Outlier_B
3778,Macrophage,226C,Control,60,Macrophage_Outlier_B
3779,Macrophage,226C,Control,60,Macrophage_Outlier_B
3780,Macrophage,226C,Control,60,Macrophage_Outlier_B
3781,Macrophage,226C,Control,60,Macrophage_Outlier_B
3782,Macrophage,226C,Control,60,Macrophage_Outlier_B
3783,Macrophage,226C,Control,60,Macrophage_Outlier_B
3784,Macrophage,226C,Control,60,Macrophage_Outlier_B
3785,Macrophage,226C,Control,60,Macrophage_Outlier_B
3786,Macrophage,226C,Control,60,Macrophage_Outlier_B
3787,Macrophage,226C,Control,60,Macrophage_Outlier_B
3788,Macrophage,226C,Control,60,Macrophage_Outlier_B
3789,Macrophage,226C,Control,60,Macrophage_Outlier_B
3790,Macrophage,226C,Control,60,Macrophage_Outlier_B
3791,Macrophage,226C,Control,60,Macrophage_Outlier_B
3792,Macrophage,226C,Control,60,Macrophage_Outlier_B
3793,Macrophage,226C,Control,60,Macrophage_Outlier_B
3794,Macrophage,226C,Control,60,Macrophage_Outlier_B
3795,Macrophage,226C,Control,60,Macrophage_Outlier_B
3796,Macrophage,226C,Control,60,Macrophage_Outlier_B
3797,Macrophage,226C,Control,60,Macrophage_Outlier_B
3798,Macrophage,226C,Control,60,Macrophage_Outlier_B
3799,Macrophage,226C,Control,60,Macrophage_Outlier_B
3800,Macrophage,226C,Control,60,Macrophage_Outlier_B
3801,Macrophage,226C,Control,60,Macrophage_Outlier_B
3802,Macrophage,226C,Control,60,Macrophage_Outlier_B
3803,Macrophage,226C,Control,60,Macrophage_Outlier_B
3804,Macrophage,226C,Control,60,Macrophage_Outlier_B
3805,Macrophage,226C,Control,60,Macrophage_Outlier_B
3806,Macrophage,226C,Control,60,Macrophage_Outlier_B
3807,Macrophage,226C,Control,60,Macrophage_Outlier_B
3808,Macrophage,226C,Control,60,Macrophage_Outlier_B
3809,Macrophage,226C,Control,60,Macrophage_Outlier_B
3810,Macrophage,226C,Control,60,Macrophage_Outlier_B
3811,Macrophage,226C,Control,60,Macrophage_Outlier_B
3812,Macrophage,226C,Control,60,Macrophage_Outlier_B
3813,Macrophage,226C,Control,60,Macrophage_Outlier_B
3814,Macrophage,226C,Control,60,Macrophage_Outlier_B
3815,Macrophage,226C,Control,60,Macrophage_Outlier_B
3816,Macrophage,226C,Control,60,Macrophage_Outlier_B
3817,Macrophage,226C,Control,60,Macrophage_Outlier_B
3818,Macrophage,226C,Control,60,Macrophage_Outlier_B
3819,Macrophage,226C,Control,60,Macrophage_Outlier_B
3820,Macrophage,226C,Control,60,Macrophage_Outlier_B
3821,Macrophage,226C,Control,60,Macrophage_Outlier_B
3822,Macrophage,226C,Control,60,Macrophage_Outlier_B
3823,Macrophage,226C,Control,60,Macrophage_Outlier_B
3824,Macrophage,226C,Control,60,Macrophage_Outlier_B
3825,Macrophage,226C,Control,60,Macrophage_Outlier_B
3826,Macrophage,226C,Control,60,Macrophage_Outlier_B
3827,Macrophage,226C,Control,60,Macrophage_Outlier_B
3828,Macrophage,226C,Control,60,Macrophage_Outlier_B
3829,Macrophage,226C,Control,60,Macrophage_Outlier_B
3830,Macrophage,226C,Control,60,Macrophage_Outlier_B
3831,Macrophage,226C,Control,60,Macrophage_Outlier_B
3832,Macrophage,226C,Control,60,Macrophage_Outlier_B
3833,Macrophage,226C,Control,60,Macrophage_Outlier_B
3834,Macrophage,226C,Control,60,Macrophage_Outlier_B
3835,Macrophage,226C,Control,60,Macrophage_Outlier_B
3836,Macrophage,226C,Control,60,Macrophage_Outlier_B
3837,Macrophage,226C,Control,60,Macrophage_Outlier_B
3838,Macrophage,226C,Control,60,Macrophage_Outlier_B
3839,Macrophage,226C,Control,60,Macrophage_Outlier_B
3840,Macrophage,226C,Control,60,Macrophage_Outlier_B
3841,Macrophage,226C,Control,60,Macrophage_Outlier_B
3842,Macrophage,226C,Control,60,Macrophage_Outlier_B
3843,Macrophage,226C,Control,60,Macrophage_Outlier_B
3844,Macrophage,226C,Control,60,Macrophage_Outlier_B
3845,Macrophage,226C,Control,60,Macrophage_Outlier_B
3846,Macrophage,226C,Control,60,Macrophage_Outlier_B
3847,Macrophage,226C,Control,60,Macrophage_Outlier_B
3848,Macrophage,226C,Control,60,Macrophage_Outlier_B
3849,Macrophage,226C,Control,60,Macrophage_Outlier_B
3850,Macrophage,226C,Control,60,Macrophage_Outlier_B
3851,Macrophage,226C,Control,60,Macrophage_Outlier_B
3852,Macrophage,226C,Control,60,Macrophage_Outlier_B
3853,Macrophage,226C,Control,60,Macrophage_Outlier_B
3854,Macrophage,226C,Control,60,Macrophage_Outlier_B
3855,Macrophage,226C,Control,60,Macrophage_Outlier_B
3856,Macrophage,226C,Control,60,Macrophage_Outlier_B
3857,Macrophage,226C,Control,60,Macrophage_Outlier_B
3858,Macrophage,226C,Control,60,Macrophage_Outlier_B
3859,Macrophage,226C,Control,60,Macrophage_Outlier_B
3860,Macrophage,226C,Control,60,Macrophage_Outlier_B
3861,Macrophage,226C,Control,60,Macrophage_Outlier_B
3862,Macrophage,226C,Control,60,Macrophage_Outlier_B
3863,Macrophage,226C,Control,60,Macrophage_Outlier_B
3864,Macrophage,226C,Control,60,Macrophage_Outlier_B
3865,Macrophage,226C,Control,60,Macrophage_Outlier_B
3866,Macrophage,226C,Control,60,Macrophage_Outlier_B
3867,Macrophage,226C,Control,60,Macrophage_Outlier_B
3868,Macrophage,226C,Control,60,Macrophage_Outlier_B
3869,Macrophage,226C,Control,60,Macrophage_Outlier_B
3870,Macrophage,226C,Control,60,Macrophage_Outlier_B
3871,Macrophage,226C,Control,60,Macrophage_Outlier_B
3872,Macrophage,226C,Control,60,Macrophage_Outlier_B
3873,Macrophage,226C,Control,60,Macrophage_Outlier_B
3874,Macrophage,226C,Control,60,Macrophage_Outlier_B
3875,Macrophage,226C,Control,60,Macrophage_Outlier_B
3876,Macrophage,226C,Control,60,Macrophage_Outlier_B
3877,Macrophage,226C,Control,60,Macrophage_Outlier_B
3878,Macrophage,226C,Control,60,Macrophage_Outlier_B
3879,Macrophage,226C,Control,59,Macrophage_Outlier_B
3880,Macrophage,226C,Control,59,Macrophage_Outlier_B
3881,Macrophage,226C,Control,59,Macrophage_Outlier_B
3882,Macrophage,226C,Control,59,Macrophage_Outlier_B
3883,Macrophage,226C,Control,59,Macrophage_Outlier_B
3884,Macrophage,226C,Control,59,Macrophage_Outlier_B
3885,Macrophage,226C,Control,59,Macrophage_Outlier_B
3886,Macrophage,226C,Control,59,Macrophage_Outlier_B
3887,Macrophage,226C,Control,59,Macrophage_Outlier_B
3888,Macrophage,226C,Control,59,Macrophage_Outlier_B
3889,Macrophage,226C,Control,59,Macrophage_Outlier_B
3890,Macrophage,226C,Control,59,Macrophage_Outlier_B
3891,Macrophage,226C,Control,59,Macrophage_Outlier_B
3892,Macrophage,226C,Control,59,Macrophage_Outlier_B
3893,Macrophage,226C,Control,59,Macrophage_Outlier_B
3894,Macrophage,226C,Control,59,Macrophage_Outlier_B
3895,Macrophage,226C,Control,59,Macrophage_Outlier_B
3896,Macrophage,226C,Control,59,Macrophage_Outlier_B
3897,T,226C,Control,64,T
3898,T,226C,Control,64,T
3899,T,226C,Control,64,T
3900,T,226C,Control,63,T
3901,NK,226C,Control,87,NK
3902,ATII,226C,Control,67,ATII_High-Surfactants
3903,ATII,226C,Control,66,ATII_High-Surfactants
3904,cDC2,226C,Control,71,Dendritic_A
3905,cDC2,226C,Control,70,Dendritic_A
3906,T_Cytotoxic,226C,Control,67,T_Cytotoxic_A
3907,T_Cytotoxic,226C,Control,67,T_Cytotoxic_A
3908,T_Cytotoxic,226C,Control,66,T_Cytotoxic_A
3909,T_Cytotoxic,226C,Control,66,T_Cytotoxic_A
3910,B,226C,Control,51,B
3911,B,226C,Control,50,B
3912,B,226C,Control,50,B
3913,Macrophage_Alveolar,226C,Control,57,Macrophage_Alveolar
3914,Macrophage_Alveolar,226C,Control,56,Macrophage_Alveolar
3915,Macrophage_Alveolar,226C,Control,56,Macrophage_Alveolar
3916,Macrophage_Alveolar,226C,Control,56,Macrophage_Alveolar
3917,Ciliated,226C,Control,52,Ciliated
3918,Ciliated,226C,Control,52,Ciliated
3919,cMonocyte,226C,Control,68,Monocyte
3920,Macrophage,228I,IPF,60,Macrophage_Outlier_HSPs
3921,Macrophage,228I,IPF,60,Macrophage_Outlier_HSPs
3922,Macrophage,228I,IPF,60,Macrophage_Outlier_HSPs
3923,Macrophage,228I,IPF,60,Macrophage_Outlier_HSPs
3924,Macrophage,228I,IPF,60,Macrophage_Outlier_HSPs
3925,Macrophage,228I,IPF,60,Macrophage_Outlier_HSPs
3926,Macrophage,228I,IPF,60,Macrophage_Outlier_HSPs
3927,Macrophage,228I,IPF,60,Macrophage_Outlier_HSPs
3928,Macrophage,228I,IPF,60,Macrophage_Outlier_HSPs
3929,Macrophage,228I,IPF,60,Macrophage_Outlier_HSPs
3930,Macrophage,228I,IPF,60,Macrophage_Outlier_HSPs
3931,Macrophage,228I,IPF,60,Macrophage_Outlier_HSPs
3932,Macrophage,228I,IPF,60,Macrophage_Outlier_HSPs
3933,Macrophage,228I,IPF,60,Macrophage_Outlier_HSPs
3934,Macrophage,228I,IPF,60,Macrophage_Outlier_HSPs
3935,Macrophage,228I,IPF,60,Macrophage_Outlier_HSPs
3936,Macrophage,228I,IPF,60,Macrophage_Outlier_HSPs
3937,Macrophage,228I,IPF,60,Macrophage_Outlier_HSPs
3938,Macrophage,228I,IPF,60,Macrophage_Outlier_HSPs
3939,Macrophage,228I,IPF,60,Macrophage_Outlier_HSPs
3940,Macrophage,228I,IPF,60,Macrophage_Outlier_HSPs
3941,Macrophage,228I,IPF,60,Macrophage_Outlier_HSPs
3942,Macrophage,228I,IPF,60,Macrophage_Outlier_HSPs
3943,Macrophage,228I,IPF,60,Macrophage_Outlier_HSPs
3944,Macrophage,228I,IPF,60,Macrophage_Outlier_HSPs
3945,Macrophage,228I,IPF,60,Macrophage_Outlier_HSPs
3946,Macrophage,228I,IPF,59,Macrophage_Outlier_HSPs
3947,Macrophage,228I,IPF,59,Macrophage_Outlier_HSPs
3948,Macrophage,228I,IPF,59,Macrophage_Outlier_HSPs
3949,Macrophage,228I,IPF,59,Macrophage_Outlier_HSPs
3950,Macrophage,228I,IPF,59,Macrophage_Outlier_HSPs
3951,Macrophage,228I,IPF,59,Macrophage_Outlier_HSPs
3952,Macrophage,228I,IPF,59,Macrophage_Outlier_HSPs
3953,Macrophage,228I,IPF,59,Macrophage_Outlier_HSPs
3954,Macrophage_Alveolar,228I,IPF,61,Macrophage_Alveolar
3955,Macrophage_Alveolar,228I,IPF,61,Macrophage_Alveolar
3956,Macrophage_Alveolar,228I,IPF,61,Macrophage_Alveolar
3957,Myofibroblast,228I,IPF,62,Myofibroblast
3958,Myofibroblast,228I,IPF,62,Myofibroblast
3959,Myofibroblast,228I,IPF,61,Myofibroblast
3960,B,228I,IPF,85,B
3961,NK,228I,IPF,62,NK
3962,NK,228I,IPF,62,NK
3963,Ciliated,228I,IPF,60,Ciliated
3964,T_Cytotoxic,228I,IPF,67,T_Cytotoxic_B
3965,T_Cytotoxic,228I,IPF,67,T_Cytotoxic_B
3966,Macrophage_Alveolar,235CO,COPD,60,Macrophage_Alveolar_Outlier_A
3967,Macrophage_Alveolar,235CO,COPD,60,Macrophage_Alveolar_Outlier_A
3968,Macrophage_Alveolar,235CO,COPD,60,Macrophage_Alveolar_Outlier_A
3969,Macrophage_Alveolar,235CO,COPD,60,Macrophage_Alveolar_Outlier_A
3970,Macrophage_Alveolar,235CO,COPD,60,Macrophage_Alveolar_Outlier_A
3971,Macrophage_Alveolar,235CO,COPD,60,Macrophage_Alveolar_Outlier_A
3972,Macrophage_Alveolar,235CO,COPD,60,Macrophage_Alveolar_Outlier_A
3973,Macrophage_Alveolar,235CO,COPD,60,Macrophage_Alveolar_Outlier_A
3974,Macrophage_Alveolar,235CO,COPD,60,Macrophage_Alveolar_Outlier_A
3975,Macrophage_Alveolar,235CO,COPD,60,Macrophage_Alveolar_Outlier_A
3976,Macrophage_Alveolar,235CO,COPD,60,Macrophage_Alveolar_Outlier_A
3977,Macrophage_Alveolar,235CO,COPD,60,Macrophage_Alveolar_Outlier_A
3978,Macrophage_Alveolar,235CO,COPD,60,Macrophage_Alveolar_Outlier_A
3979,Macrophage_Alveolar,235CO,COPD,60,Macrophage_Alveolar_Outlier_A
3980,Macrophage_Alveolar,235CO,COPD,60,Macrophage_Alveolar_Outlier_A
3981,Macrophage_Alveolar,235CO,COPD,60,Macrophage_Alveolar_Outlier_A
3982,Macrophage_Alveolar,235CO,COPD,60,Macrophage_Alveolar_Outlier_A
3983,Macrophage_Alveolar,235CO,COPD,59,Macrophage_Alveolar_Outlier_A
3984,Macrophage_Alveolar,235CO,COPD,59,Macrophage_Alveolar_Outlier_A
3985,Macrophage_Alveolar,235CO,COPD,59,Macrophage_Alveolar_Outlier_A
3986,Macrophage_Alveolar,235CO,COPD,59,Macrophage_Alveolar_Outlier_A
3987,Macrophage_Alveolar,235CO,COPD,59,Macrophage_Alveolar_Outlier_A
3988,Macrophage_Alveolar,235CO,COPD,59,Macrophage_Alveolar_Outlier_A
3989,Macrophage_Alveolar,235CO,COPD,59,Macrophage_Alveolar_Outlier_A
3990,Macrophage_Alveolar,235CO,COPD,59,Macrophage_Alveolar_Outlier_A
3991,Macrophage_Alveolar,235CO,COPD,59,Macrophage_Alveolar_Outlier_A
3992,Macrophage_Alveolar,235CO,COPD,59,Macrophage_Alveolar_Outlier_A
3993,Macrophage_Alveolar,235CO,COPD,59,Macrophage_Alveolar_Outlier_A
3994,Macrophage_Alveolar,235CO,COPD,59,Macrophage_Alveolar_Outlier_A
3995,Macrophage_Alveolar,235CO,COPD,59,Macrophage_Alveolar_Outlier_A
3996,B,235CO,COPD,54,B
3997,B,235CO,COPD,53,B
3998,B,235CO,COPD,53,B
3999,B,235CO,COPD,53,B
4000,Macrophage,235CO,COPD,60,Macrophage
4001,Macrophage,235CO,COPD,60,Macrophage
4002,Macrophage,235CO,COPD,60,Macrophage
4003,Macrophage,235CO,COPD,60,Macrophage
4004,Macrophage,235CO,COPD,60,Macrophage
4005,Macrophage,235CO,COPD,60,Macrophage
4006,Macrophage,235CO,COPD,60,Macrophage
4007,cMonocyte,235CO,COPD,54,Monocyte
4008,cMonocyte,235CO,COPD,54,Monocyte
4009,Myofibroblast,235CO,COPD,76,Myofibroblast
4010,T_Cytotoxic,235CO,COPD,69,T_Cytotoxic_A
4011,T_Cytotoxic,235CO,COPD,69,T_Cytotoxic_A
4012,T_Cytotoxic,235CO,COPD,69,T_Cytotoxic_A
4013,NK,235CO,COPD,62,NK
4014,NK,235CO,COPD,61,NK
4015,NK,235CO,COPD,61,NK
4016,ATII,235CO,COPD,59,ATII_Low-Surfactants
4017,ATII,235CO,COPD,58,ATII_Low-Surfactants
4018,ATII,235CO,COPD,58,ATII_Low-Surfactants
4019,T,235CO,COPD,57,T
4020,T,235CO,COPD,57,T
4021,Ciliated,235CO,COPD,71,Ciliated
4022,Macrophage_Alveolar,237CO,COPD,55,Macrophage_Alveolar
4023,Macrophage_Alveolar,237CO,COPD,54,Macrophage_Alveolar
4024,Macrophage_Alveolar,237CO,COPD,54,Macrophage_Alveolar
4025,Macrophage,237CO,COPD,58,Macrophage
4026,Macrophage,237CO,COPD,58,Macrophage
4027,Macrophage,237CO,COPD,58,Macrophage
4028,Macrophage,237CO,COPD,58,Macrophage
4029,Macrophage,237CO,COPD,58,Macrophage
4030,Macrophage,237CO,COPD,58,Macrophage
4031,Macrophage,237CO,COPD,57,Macrophage
4032,Macrophage,237CO,COPD,57,Macrophage
4033,Macrophage,237CO,COPD,57,Macrophage
4034,Macrophage,237CO,COPD,57,Macrophage
4035,Macrophage,237CO,COPD,57,Macrophage
4036,Macrophage,237CO,COPD,57,Macrophage
4037,B,237CO,COPD,59,B
4038,B,237CO,COPD,59,B
4039,B,237CO,COPD,59,B
4040,B,237CO,COPD,59,B
4041,B,237CO,COPD,59,B
4042,B,237CO,COPD,58,B
4043,B,237CO,COPD,58,B
4044,B,237CO,COPD,58,B
4045,B,237CO,COPD,58,B
4046,ncMonocyte,237CO,COPD,58,Monocyte_Non-Classical
4047,ncMonocyte,237CO,COPD,58,Monocyte_Non-Classical
4048,ncMonocyte,237CO,COPD,58,Monocyte_Non-Classical
4049,ncMonocyte,237CO,COPD,58,Monocyte_Non-Classical
4050,cDC2,237CO,COPD,61,Dendritic_A
4051,cDC2,237CO,COPD,60,Dendritic_A
4052,cDC2,237CO,COPD,60,Dendritic_A
4053,NK,237CO,COPD,74,NK
4054,NK,237CO,COPD,73,NK
4055,cMonocyte,237CO,COPD,64,Monocyte
4056,cMonocyte,237CO,COPD,64,Monocyte
4057,cMonocyte,237CO,COPD,64,Monocyte
4058,cMonocyte,237CO,COPD,64,Monocyte
4059,cMonocyte,237CO,COPD,64,Monocyte
4060,cMonocyte,237CO,COPD,63,Monocyte
4061,cMonocyte,237CO,COPD,63,Monocyte
4062,T,237CO,COPD,62,T
4063,T,237CO,COPD,61,T
4064,T,237CO,COPD,61,T
4065,ATII,237CO,COPD,71,ATII_Low-Surfactants
4066,T_Cytotoxic,237CO,COPD,84,T_Cytotoxic_A
4067,T_Cytotoxic,238CO,COPD,57,T_Cytotoxic_A
4068,T_Cytotoxic,238CO,COPD,57,T_Cytotoxic_A
4069,Macrophage,238CO,COPD,57,Macrophage
4070,Macrophage,238CO,COPD,57,Macrophage
4071,Macrophage,238CO,COPD,57,Macrophage
4072,Macrophage,238CO,COPD,57,Macrophage
4073,Macrophage,238CO,COPD,57,Macrophage
4074,Macrophage,238CO,COPD,57,Macrophage
4075,Macrophage,238CO,COPD,57,Macrophage
4076,Macrophage_Alveolar,238CO,COPD,63,Macrophage_Alveolar
4077,Macrophage_Alveolar,238CO,COPD,63,Macrophage_Alveolar
4078,Macrophage_Alveolar,238CO,COPD,63,Macrophage_Alveolar
4079,Macrophage_Alveolar,238CO,COPD,63,Macrophage_Alveolar
4080,Macrophage_Alveolar,238CO,COPD,63,Macrophage_Alveolar
4081,Macrophage_Alveolar,238CO,COPD,63,Macrophage_Alveolar
4082,Macrophage_Alveolar,238CO,COPD,63,Macrophage_Alveolar
4083,Macrophage_Alveolar,238CO,COPD,63,Macrophage_Alveolar
4084,Macrophage_Alveolar,238CO,COPD,63,Macrophage_Alveolar
4085,Macrophage_Alveolar,238CO,COPD,63,Macrophage_Alveolar
4086,T,238CO,COPD,64,T
4087,T,238CO,COPD,64,T
4088,T,238CO,COPD,64,T
4089,cDC2,238CO,COPD,71,Dendritic_A
4090,ncMonocyte,238CO,COPD,61,Monocyte_Non-Classical
4091,B,238CO,COPD,48,B
4092,B,238CO,COPD,47,B
4093,Macrophage_Alveolar,23CO,COPD,61,Macrophage_Alveolar
4094,Macrophage_Alveolar,23CO,COPD,61,Macrophage_Alveolar
4095,Macrophage_Alveolar,23CO,COPD,61,Macrophage_Alveolar
4096,Macrophage_Alveolar,23CO,COPD,61,Macrophage_Alveolar
4097,Macrophage_Alveolar,23CO,COPD,61,Macrophage_Alveolar
4098,Macrophage_Alveolar,23CO,COPD,61,Macrophage_Alveolar
4099,Macrophage_Alveolar,23CO,COPD,61,Macrophage_Alveolar
4100,Macrophage_Alveolar,23CO,COPD,61,Macrophage_Alveolar
4101,Macrophage_Alveolar,23CO,COPD,61,Macrophage_Alveolar
4102,Macrophage_Alveolar,23CO,COPD,61,Macrophage_Alveolar
4103,Macrophage_Alveolar,23CO,COPD,61,Macrophage_Alveolar
4104,Macrophage_Alveolar,23CO,COPD,61,Macrophage_Alveolar
4105,Macrophage_Alveolar,23CO,COPD,61,Macrophage_Alveolar
4106,Macrophage_Alveolar,23CO,COPD,60,Macrophage_Alveolar
4107,Macrophage_Alveolar,23CO,COPD,60,Macrophage_Alveolar
4108,cMonocyte,23CO,COPD,67,Monocyte
4109,cMonocyte,23CO,COPD,66,Monocyte
4110,cMonocyte,23CO,COPD,66,Monocyte
4111,Macrophage,23CO,COPD,55,Macrophage
4112,Macrophage,23CO,COPD,55,Macrophage
4113,Macrophage,23CO,COPD,55,Macrophage
4114,Macrophage,23CO,COPD,54,Macrophage
4115,T,23CO,COPD,70,T
4116,T,23CO,COPD,70,T
4117,Macrophage_Alveolar,253C,Control,62,Macrophage_Alveolar
4118,Macrophage_Alveolar,253C,Control,62,Macrophage_Alveolar
4119,Macrophage,253C,Control,57,Macrophage
4120,Macrophage,253C,Control,57,Macrophage
4121,Macrophage,253C,Control,56,Macrophage
4122,Macrophage,253C,Control,56,Macrophage
4123,cMonocyte,253C,Control,63,Monocyte
4124,cMonocyte,253C,Control,63,Monocyte
4125,cMonocyte,253C,Control,62,Monocyte
4126,cMonocyte,253C,Control,62,Monocyte
4127,cMonocyte,253C,Control,62,Monocyte
4128,Macrophage_Alveolar,296C,Control,61,Macrophage_Alveolar
4129,Macrophage_Alveolar,296C,Control,61,Macrophage_Alveolar
4130,Macrophage_Alveolar,296C,Control,61,Macrophage_Alveolar
4131,Macrophage_Alveolar,296C,Control,61,Macrophage_Alveolar
4132,Macrophage_Alveolar,296C,Control,61,Macrophage_Alveolar
4133,Macrophage_Alveolar,296C,Control,61,Macrophage_Alveolar
4134,Macrophage_Alveolar,296C,Control,61,Macrophage_Alveolar
4135,Macrophage_Alveolar,296C,Control,61,Macrophage_Alveolar
4136,Macrophage_Alveolar,296C,Control,61,Macrophage_Alveolar
4137,Macrophage_Alveolar,296C,Control,61,Macrophage_Alveolar
4138,Macrophage_Alveolar,296C,Control,61,Macrophage_Alveolar
4139,Macrophage_Alveolar,296C,Control,61,Macrophage_Alveolar
4140,Macrophage_Alveolar,296C,Control,61,Macrophage_Alveolar
4141,Macrophage_Alveolar,296C,Control,61,Macrophage_Alveolar
4142,Macrophage_Alveolar,296C,Control,61,Macrophage_Alveolar
4143,Macrophage_Alveolar,296C,Control,61,Macrophage_Alveolar
4144,Macrophage_Alveolar,296C,Control,60,Macrophage_Alveolar
4145,Macrophage_Alveolar,296C,Control,60,Macrophage_Alveolar
4146,Macrophage_Alveolar,296C,Control,60,Macrophage_Alveolar
4147,Macrophage_Alveolar,296C,Control,60,Macrophage_Alveolar
4148,Macrophage_Alveolar,296C,Control,60,Macrophage_Alveolar
4149,cMonocyte,296C,Control,61,Monocyte
4150,cMonocyte,296C,Control,61,Monocyte
4151,cMonocyte,296C,Control,61,Monocyte
4152,cMonocyte,296C,Control,61,Monocyte
4153,cMonocyte,296C,Control,61,Monocyte
4154,cMonocyte,296C,Control,61,Monocyte
4155,cMonocyte,296C,Control,61,Monocyte
4156,cMonocyte,296C,Control,61,Monocyte
4157,cMonocyte,296C,Control,60,Monocyte
4158,Macrophage,296C,Control,58,Macrophage
4159,Macrophage,296C,Control,58,Macrophage
4160,Macrophage,296C,Control,58,Macrophage
4161,Macrophage,296C,Control,58,Macrophage
4162,Macrophage,296C,Control,58,Macrophage
4163,Macrophage,296C,Control,58,Macrophage
4164,Macrophage,296C,Control,58,Macrophage
4165,Macrophage,296C,Control,58,Macrophage
4166,Macrophage,296C,Control,58,Macrophage
4167,Macrophage,296C,Control,57,Macrophage
4168,Macrophage,296C,Control,57,Macrophage
4169,NK,296C,Control,83,NK
4170,ATII,296C,Control,88,ATII_Low-Surfactants
4171,T,296C,Control,58,T
4172,T,296C,Control,57,T
4173,T_Cytotoxic,296C,Control,82,T_Cytotoxic_C
4174,Ciliated,29I,IPF,85,Ciliated
4175,Macrophage,29I,IPF,58,Macrophage
4176,Macrophage,29I,IPF,58,Macrophage
4177,Macrophage,29I,IPF,58,Macrophage
4178,Macrophage,29I,IPF,58,Macrophage
4179,Macrophage,29I,IPF,58,Macrophage
4180,Macrophage,29I,IPF,58,Macrophage
4181,Macrophage,29I,IPF,58,Macrophage
4182,Macrophage,29I,IPF,57,Macrophage
4183,Macrophage_Alveolar,29I,IPF,57,Macrophage_Alveolar
4184,Macrophage_Alveolar,29I,IPF,57,Macrophage_Alveolar
4185,Macrophage_Alveolar,29I,IPF,57,Macrophage_Alveolar
4186,Macrophage_Alveolar,29I,IPF,56,Macrophage_Alveolar
4187,Macrophage_Alveolar,29I,IPF,56,Macrophage_Alveolar
4188,Macrophage_Alveolar,29I,IPF,56,Macrophage_Alveolar
4189,Macrophage_Alveolar,29I,IPF,56,Macrophage_Alveolar
4190,Macrophage_Alveolar,29I,IPF,56,Macrophage_Alveolar
4191,Macrophage,388C,Control,58,Macrophage_Outlier_A
4192,Macrophage,388C,Control,58,Macrophage_Outlier_A
4193,Macrophage,388C,Control,58,Macrophage_Outlier_A
4194,Macrophage,388C,Control,58,Macrophage_Outlier_A
4195,Macrophage,388C,Control,58,Macrophage_Outlier_A
4196,Macrophage,388C,Control,58,Macrophage_Outlier_A
4197,Macrophage,388C,Control,58,Macrophage_Outlier_A
4198,Macrophage,388C,Control,58,Macrophage_Outlier_A
4199,Macrophage,388C,Control,58,Macrophage_Outlier_A
4200,Macrophage,388C,Control,58,Macrophage_Outlier_A
4201,Macrophage,388C,Control,58,Macrophage_Outlier_A
4202,Macrophage,388C,Control,58,Macrophage_Outlier_A
4203,Macrophage,388C,Control,58,Macrophage_Outlier_A
4204,Macrophage,388C,Control,57,Macrophage_Outlier_A
4205,Macrophage_Alveolar,388C,Control,60,Macrophage_Alveolar_Outlier_D
4206,Macrophage_Alveolar,388C,Control,60,Macrophage_Alveolar_Outlier_D
4207,Macrophage_Alveolar,388C,Control,60,Macrophage_Alveolar_Outlier_D
4208,Macrophage_Alveolar,388C,Control,60,Macrophage_Alveolar_Outlier_D
4209,Macrophage_Alveolar,388C,Control,60,Macrophage_Alveolar_Outlier_D
4210,Macrophage_Alveolar,388C,Control,60,Macrophage_Alveolar_Outlier_D
4211,Macrophage_Alveolar,388C,Control,60,Macrophage_Alveolar_Outlier_D
4212,Macrophage_Alveolar,388C,Control,60,Macrophage_Alveolar_Outlier_D
4213,Macrophage_Alveolar,388C,Control,60,Macrophage_Alveolar_Outlier_D
4214,Macrophage_Alveolar,388C,Control,59,Macrophage_Alveolar_Outlier_D
4215,Macrophage_Alveolar,388C,Control,59,Macrophage_Alveolar_Outlier_D
4216,Macrophage_Alveolar,388C,Control,59,Macrophage_Alveolar_Outlier_D
4217,Macrophage_Alveolar,388C,Control,59,Macrophage_Alveolar_Outlier_D
4218,Macrophage_Alveolar,388C,Control,59,Macrophage_Alveolar_Outlier_D
4219,Macrophage_Alveolar,388C,Control,59,Macrophage_Alveolar_Outlier_D
4220,Macrophage_Alveolar,388C,Control,59,Macrophage_Alveolar_Outlier_D
4221,Macrophage_Alveolar,396C,Control,59,Macrophage_Alveolar
4222,Macrophage_Alveolar,396C,Control,59,Macrophage_Alveolar
4223,Macrophage_Alveolar,396C,Control,59,Macrophage_Alveolar
4224,Macrophage_Alveolar,396C,Control,59,Macrophage_Alveolar
4225,Macrophage_Alveolar,396C,Control,59,Macrophage_Alveolar
4226,Macrophage_Alveolar,396C,Control,59,Macrophage_Alveolar
4227,Macrophage_Alveolar,396C,Control,59,Macrophage_Alveolar
4228,Macrophage_Alveolar,396C,Control,58,Macrophage_Alveolar
4229,Macrophage_Alveolar,396C,Control,58,Macrophage_Alveolar
4230,Macrophage_Alveolar,396C,Control,58,Macrophage_Alveolar
4231,Macrophage,396C,Control,62,Macrophage
4232,Macrophage,396C,Control,62,Macrophage
4233,Macrophage,396C,Control,61,Macrophage
4234,Macrophage,396C,Control,61,Macrophage
4235,Macrophage,396C,Control,61,Macrophage
4236,Macrophage,396C,Control,61,Macrophage
4237,ATII,396C,Control,57,ATII_Low-Surfactants
4238,ATII,396C,Control,57,ATII_Low-Surfactants
4239,ATII,396C,Control,56,ATII_Low-Surfactants
4240,Macrophage_Alveolar,439C,Control,61,Macrophage_Alveolar
4241,Macrophage_Alveolar,439C,Control,61,Macrophage_Alveolar
4242,Macrophage_Alveolar,439C,Control,61,Macrophage_Alveolar
4243,Macrophage_Alveolar,439C,Control,61,Macrophage_Alveolar
4244,Macrophage_Alveolar,439C,Control,61,Macrophage_Alveolar
4245,Macrophage_Alveolar,439C,Control,61,Macrophage_Alveolar
4246,Macrophage_Alveolar,439C,Control,61,Macrophage_Alveolar
4247,Macrophage_Alveolar,439C,Control,61,Macrophage_Alveolar
4248,Macrophage_Alveolar,439C,Control,61,Macrophage_Alveolar
4249,Macrophage_Alveolar,439C,Control,61,Macrophage_Alveolar
4250,Macrophage_Alveolar,439C,Control,61,Macrophage_Alveolar
4251,Macrophage_Alveolar,439C,Control,61,Macrophage_Alveolar
4252,Macrophage_Alveolar,439C,Control,61,Macrophage_Alveolar
4253,Macrophage_Alveolar,439C,Control,61,Macrophage_Alveolar
4254,Macrophage_Alveolar,439C,Control,60,Macrophage_Alveolar
4255,Macrophage_Alveolar,439C,Control,60,Macrophage_Alveolar
4256,Macrophage_Alveolar,439C,Control,60,Macrophage_Alveolar
4257,Macrophage_Alveolar,439C,Control,60,Macrophage_Alveolar
4258,Macrophage_Alveolar,439C,Control,60,Macrophage_Alveolar
4259,Macrophage_Alveolar,439C,Control,60,Macrophage_Alveolar
4260,Macrophage_Alveolar,439C,Control,60,Macrophage_Alveolar
4261,Macrophage_Alveolar,439C,Control,60,Macrophage_Alveolar
4262,Macrophage_Alveolar,439C,Control,60,Macrophage_Alveolar
4263,Macrophage_Alveolar,439C,Control,60,Macrophage_Alveolar
4264,Macrophage_Alveolar,439C,Control,60,Macrophage_Alveolar
4265,Macrophage_Alveolar,439C,Control,60,Macrophage_Alveolar
4266,Macrophage_Alveolar,439C,Control,60,Macrophage_Alveolar
4267,Macrophage_Alveolar,439C,Control,60,Macrophage_Alveolar
4268,Macrophage_Alveolar,439C,Control,60,Macrophage_Alveolar
4269,Macrophage_Alveolar,439C,Control,60,Macrophage_Alveolar
4270,Macrophage_Alveolar,439C,Control,60,Macrophage_Alveolar
4271,Macrophage_Alveolar,439C,Control,60,Macrophage_Alveolar
4272,Macrophage_Alveolar,439C,Control,60,Macrophage_Alveolar
4273,Macrophage_Alveolar,439C,Control,60,Macrophage_Alveolar
4274,Macrophage_Alveolar,439C,Control,60,Macrophage_Alveolar
4275,Macrophage_Alveolar,439C,Control,60,Macrophage_Alveolar
4276,Macrophage_Alveolar,439C,Control,60,Macrophage_Alveolar
4277,Macrophage_Alveolar,439C,Control,60,Macrophage_Alveolar
4278,Macrophage_Alveolar,439C,Control,60,Macrophage_Alveolar
4279,Macrophage_Alveolar,439C,Control,60,Macrophage_Alveolar
4280,Macrophage_Alveolar,439C,Control,60,Macrophage_Alveolar
4281,NK,439C,Control,64,NK
4282,NK,439C,Control,64,NK
4283,NK,439C,Control,64,NK
4284,NK,439C,Control,64,NK
4285,NK,439C,Control,63,NK
4286,T,439C,Control,60,T
4287,T,439C,Control,60,T
4288,T,439C,Control,60,T
4289,T,439C,Control,60,T
4290,T,439C,Control,60,T
4291,T,439C,Control,60,T
4292,T,439C,Control,60,T
4293,T,439C,Control,60,T
4294,T,439C,Control,60,T
4295,T,439C,Control,60,T
4296,T,439C,Control,60,T
4297,T,439C,Control,60,T
4298,T,439C,Control,60,T
4299,T,439C,Control,60,T
4300,T,439C,Control,59,T
4301,T,439C,Control,59,T
4302,T,439C,Control,59,T
4303,T,439C,Control,59,T
4304,T,439C,Control,59,T
4305,T,439C,Control,59,T
4306,T,439C,Control,59,T
4307,T,439C,Control,59,T
4308,T,439C,Control,59,T
4309,cMonocyte,439C,Control,57,Monocyte
4310,cMonocyte,439C,Control,57,Monocyte
4311,cMonocyte,439C,Control,57,Monocyte
4312,cMonocyte,439C,Control,57,Monocyte
4313,cMonocyte,439C,Control,57,Monocyte
4314,cMonocyte,439C,Control,56,Monocyte
4315,cMonocyte,439C,Control,56,Monocyte
4316,Macrophage,439C,Control,60,Macrophage
4317,Macrophage,439C,Control,60,Macrophage
4318,Macrophage,439C,Control,60,Macrophage
4319,Macrophage,439C,Control,60,Macrophage
4320,Macrophage,439C,Control,60,Macrophage
4321,Macrophage,439C,Control,60,Macrophage
4322,Macrophage,439C,Control,60,Macrophage
4323,Macrophage,439C,Control,60,Macrophage
4324,Macrophage,439C,Control,59,Macrophage
4325,Macrophage,439C,Control,59,Macrophage
4326,Macrophage,439C,Control,59,Macrophage
4327,Macrophage,439C,Control,59,Macrophage
4328,Macrophage,439C,Control,59,Macrophage
4329,Macrophage,439C,Control,59,Macrophage
4330,Macrophage,439C,Control,59,Macrophage
4331,Macrophage,439C,Control,59,Macrophage
4332,Macrophage,439C,Control,59,Macrophage
4333,Macrophage,439C,Control,59,Macrophage
4334,Macrophage,439C,Control,59,Macrophage
4335,T_Cytotoxic,439C,Control,59,T_Cytotoxic_A
4336,T_Cytotoxic,439C,Control,59,T_Cytotoxic_A
4337,T_Cytotoxic,439C,Control,59,T_Cytotoxic_A
4338,T_Cytotoxic,439C,Control,59,T_Cytotoxic_A
4339,T_Cytotoxic,439C,Control,59,T_Cytotoxic_A
4340,T_Cytotoxic,439C,Control,59,T_Cytotoxic_A
4341,T_Cytotoxic,439C,Control,58,T_Cytotoxic_A
4342,T_Cytotoxic,439C,Control,58,T_Cytotoxic_A
4343,T_Cytotoxic,439C,Control,58,T_Cytotoxic_A
4344,T_Cytotoxic,439C,Control,58,T_Cytotoxic_A
4345,ncMonocyte,439C,Control,65,Monocyte_Non-Classical
4346,ncMonocyte,439C,Control,65,Monocyte_Non-Classical
4347,ncMonocyte,439C,Control,65,Monocyte_Non-Classical
4348,ncMonocyte,439C,Control,65,Monocyte_Non-Classical
4349,ncMonocyte,439C,Control,65,Monocyte_Non-Classical
4350,ncMonocyte,439C,Control,64,Monocyte_Non-Classical
4351,cDC2,439C,Control,60,Dendritic_A
4352,ATII,454C,Control,89,ATII_Low-Surfactants
4353,Macrophage,454C,Control,59,Macrophage
4354,Macrophage,454C,Control,59,Macrophage
4355,Macrophage,454C,Control,59,Macrophage
4356,Macrophage,454C,Control,58,Macrophage
4357,Macrophage,454C,Control,58,Macrophage
4358,Macrophage,454C,Control,58,Macrophage
4359,Macrophage,454C,Control,58,Macrophage
4360,Macrophage,454C,Control,58,Macrophage
4361,cMonocyte,454C,Control,68,Monocyte
4362,Macrophage_Alveolar,454C,Control,61,Macrophage_Alveolar
4363,ncMonocyte,454C,Control,84,Monocyte_Non-Classical
4364,T_Cytotoxic,454C,Control,48,T_Cytotoxic_C
4365,T_Cytotoxic,454C,Control,47,T_Cytotoxic_C
4366,cDC2,454C,Control,61,Dendritic_A
4367,Macrophage_Alveolar,465C,Control,59,Macrophage_Alveolar
4368,Macrophage_Alveolar,465C,Control,59,Macrophage_Alveolar
4369,Macrophage_Alveolar,465C,Control,59,Macrophage_Alveolar
4370,Macrophage_Alveolar,465C,Control,59,Macrophage_Alveolar
4371,Macrophage_Alveolar,465C,Control,59,Macrophage_Alveolar
4372,Macrophage_Alveolar,465C,Control,59,Macrophage_Alveolar
4373,Macrophage_Alveolar,465C,Control,59,Macrophage_Alveolar
4374,Macrophage_Alveolar,465C,Control,59,Macrophage_Alveolar
4375,Macrophage_Alveolar,465C,Control,59,Macrophage_Alveolar
4376,Macrophage_Alveolar,465C,Control,59,Macrophage_Alveolar
4377,Macrophage_Alveolar,465C,Control,58,Macrophage_Alveolar
4378,Macrophage_Alveolar,465C,Control,58,Macrophage_Alveolar
4379,Macrophage_Alveolar,465C,Control,58,Macrophage_Alveolar
4380,Macrophage_Alveolar,465C,Control,58,Macrophage_Alveolar
4381,T_Cytotoxic,465C,Control,57,T_Cytotoxic_B
4382,T_Cytotoxic,465C,Control,57,T_Cytotoxic_C
4383,T_Cytotoxic,465C,Control,56,T_Cytotoxic_C
4384,T_Cytotoxic,465C,Control,56,T_Cytotoxic_A
4385,T_Cytotoxic,465C,Control,56,T_Cytotoxic_A
4386,T_Cytotoxic,465C,Control,56,T_Cytotoxic_B
4387,T_Cytotoxic,465C,Control,56,T_Cytotoxic_C
4388,T_Cytotoxic,465C,Control,56,T_Cytotoxic_C
4389,NK,465C,Control,73,NK
4390,NK,465C,Control,73,NK
4391,Macrophage,465C,Control,61,Macrophage
4392,Macrophage,465C,Control,61,Macrophage
4393,Macrophage,465C,Control,61,Macrophage
4394,T,465C,Control,58,T
4395,T,465C,Control,58,T
4396,T,465C,Control,58,T
4397,T,465C,Control,58,T
4398,T,465C,Control,58,T
4399,T,465C,Control,57,T
4400,T,465C,Control,57,T
4401,T,465C,Control,57,T
4402,T,465C,Control,57,T
4403,B,465C,Control,63,B
4404,B,465C,Control,63,B
4405,B,465C,Control,63,B
4406,Macrophage_Alveolar,47I,IPF,61,Macrophage_Alveolar
4407,Macrophage_Alveolar,47I,IPF,61,Macrophage_Alveolar
4408,Macrophage_Alveolar,47I,IPF,61,Macrophage_Alveolar
4409,Macrophage_Alveolar,47I,IPF,61,Macrophage_Alveolar
4410,Macrophage_Alveolar,47I,IPF,61,Macrophage_Alveolar
4411,Macrophage_Alveolar,47I,IPF,61,Macrophage_Alveolar
4412,Macrophage_Alveolar,47I,IPF,61,Macrophage_Alveolar
4413,Macrophage_Alveolar,47I,IPF,61,Macrophage_Alveolar
4414,Macrophage_Alveolar,47I,IPF,61,Macrophage_Alveolar
4415,Macrophage_Alveolar,47I,IPF,61,Macrophage_Alveolar
4416,Macrophage_Alveolar,47I,IPF,60,Macrophage_Alveolar
4417,Macrophage_Alveolar,47I,IPF,60,Macrophage_Alveolar
4418,Macrophage_Alveolar,47I,IPF,60,Macrophage_Alveolar
4419,Macrophage_Alveolar,47I,IPF,60,Macrophage_Alveolar
4420,Macrophage,47I,IPF,61,Macrophage
4421,Macrophage,47I,IPF,61,Macrophage
4422,Macrophage,47I,IPF,61,Macrophage
4423,Macrophage,47I,IPF,61,Macrophage
4424,Macrophage,47I,IPF,61,Macrophage
4425,Macrophage,47I,IPF,61,Macrophage
4426,Macrophage,47I,IPF,61,Macrophage
4427,Macrophage,47I,IPF,61,Macrophage
4428,Macrophage,47I,IPF,61,Macrophage
4429,Macrophage,47I,IPF,61,Macrophage
4430,Macrophage,47I,IPF,61,Macrophage
4431,Macrophage,47I,IPF,61,Macrophage
4432,Macrophage,47I,IPF,61,Macrophage
4433,Macrophage,47I,IPF,61,Macrophage
4434,Macrophage,47I,IPF,61,Macrophage
4435,Macrophage,47I,IPF,60,Macrophage
4436,NK,47I,IPF,77,NK
4437,B,47I,IPF,87,B
4438,T_Cytotoxic,47I,IPF,52,T_Cytotoxic_C
4439,T_Cytotoxic,47I,IPF,51,T_Cytotoxic_C
4440,Ciliated,47I,IPF,66,Ciliated
4441,Macrophage_Alveolar,483C,Control,61,Macrophage_Alveolar
4442,Macrophage_Alveolar,483C,Control,60,Macrophage_Alveolar
4443,Macrophage_Alveolar,483C,Control,60,Macrophage_Alveolar
4444,Macrophage_Alveolar,483C,Control,60,Macrophage_Alveolar
4445,Macrophage_Alveolar,483C,Control,60,Macrophage_Alveolar
4446,Macrophage_Alveolar,483C,Control,60,Macrophage_Alveolar
4447,Macrophage_Alveolar,483C,Control,60,Macrophage_Alveolar
4448,Macrophage_Alveolar,483C,Control,60,Macrophage_Alveolar
4449,Macrophage_Alveolar,483C,Control,60,Macrophage_Alveolar
4450,Macrophage_Alveolar,483C,Control,60,Macrophage_Alveolar
4451,Macrophage_Alveolar,483C,Control,60,Macrophage_Alveolar
4452,Macrophage_Alveolar,483C,Control,60,Macrophage_Alveolar
4453,Macrophage_Alveolar,483C,Control,60,Macrophage_Alveolar
4454,Macrophage_Alveolar,483C,Control,60,Macrophage_Alveolar
4455,Macrophage_Alveolar,483C,Control,60,Macrophage_Alveolar
4456,Macrophage_Alveolar,483C,Control,60,Macrophage_Alveolar
4457,Macrophage_Alveolar,483C,Control,60,Macrophage_Alveolar
4458,Macrophage_Alveolar,483C,Control,60,Macrophage_Alveolar
4459,Macrophage_Alveolar,483C,Control,60,Macrophage_Alveolar
4460,cMonocyte,483C,Control,77,Monocyte
4461,Macrophage,483C,Control,58,Macrophage
4462,Macrophage,483C,Control,58,Macrophage
4463,Macrophage,483C,Control,58,Macrophage
4464,Macrophage,483C,Control,58,Macrophage
4465,Macrophage,483C,Control,58,Macrophage
4466,Macrophage,483C,Control,58,Macrophage
4467,Macrophage,483C,Control,57,Macrophage
4468,Macrophage,483C,Control,57,Macrophage
4469,Macrophage,483C,Control,57,Macrophage
4470,Macrophage,483C,Control,57,Macrophage
4471,Macrophage,483C,Control,57,Macrophage
4472,Macrophage,483C,Control,57,Macrophage
4473,Macrophage,484C,Control,56,Macrophage
4474,Macrophage,484C,Control,55,Macrophage
4475,Macrophage,484C,Control,55,Macrophage
4476,Macrophage,484C,Control,55,Macrophage
4477,Macrophage,484C,Control,55,Macrophage
4478,T_Cytotoxic,484C,Control,63,T_Cytotoxic_A
4479,T_Cytotoxic,484C,Control,63,T_Cytotoxic_A
4480,T_Cytotoxic,484C,Control,62,T_Cytotoxic_A
4481,T_Cytotoxic,484C,Control,62,T_Cytotoxic_A
4482,Macrophage_Alveolar,484C,Control,55,Macrophage_Alveolar
4483,Macrophage_Alveolar,484C,Control,55,Macrophage_Alveolar
4484,Macrophage_Alveolar,484C,Control,55,Macrophage_Alveolar
4485,Macrophage_Alveolar,484C,Control,54,Macrophage_Alveolar
4486,Macrophage_Alveolar,484C,Control,54,Macrophage_Alveolar
4487,cDC2,484C,Control,45,Dendritic_A
4488,cDC2,484C,Control,45,Dendritic_A
4489,Myofibroblast,49I,IPF,78,Myofibroblast
4490,Macrophage,49I,IPF,60,Macrophage
4491,Macrophage,49I,IPF,60,Macrophage
4492,Macrophage,49I,IPF,60,Macrophage
4493,Macrophage,49I,IPF,60,Macrophage
4494,Macrophage,49I,IPF,60,Macrophage
4495,Macrophage,49I,IPF,60,Macrophage
4496,Macrophage,49I,IPF,60,Macrophage
4497,Macrophage,49I,IPF,60,Macrophage
4498,Macrophage,49I,IPF,59,Macrophage
4499,Macrophage,49I,IPF,59,Macrophage
4500,Macrophage,49I,IPF,59,Macrophage
4501,Macrophage,49I,IPF,59,Macrophage
4502,Macrophage,49I,IPF,59,Macrophage
4503,Macrophage,49I,IPF,59,Macrophage
4504,Macrophage,49I,IPF,59,Macrophage
4505,Macrophage,49I,IPF,59,Macrophage
4506,Macrophage,49I,IPF,59,Macrophage
4507,Macrophage,49I,IPF,59,Macrophage
4508,Macrophage,49I,IPF,59,Macrophage
4509,Macrophage,49I,IPF,59,Macrophage
4510,Macrophage,49I,IPF,59,Macrophage
4511,Macrophage,49I,IPF,59,Macrophage
4512,Macrophage,49I,IPF,59,Macrophage
4513,Macrophage,49I,IPF,59,Macrophage
4514,Macrophage,49I,IPF,59,Macrophage
4515,Macrophage,49I,IPF,59,Macrophage
4516,Macrophage,49I,IPF,59,Macrophage
4517,Macrophage,49I,IPF,59,Macrophage
4518,Macrophage,49I,IPF,59,Macrophage
4519,Macrophage,49I,IPF,59,Macrophage
4520,Macrophage,49I,IPF,59,Macrophage
4521,Macrophage,49I,IPF,59,Macrophage
4522,B,49I,IPF,60,B
4523,B,49I,IPF,60,B
4524,B,49I,IPF,59,B
4525,B,49I,IPF,59,B
4526,B,49I,IPF,59,B
4527,B,49I,IPF,59,B
4528,Macrophage_Alveolar,49I,IPF,63,Macrophage_Alveolar
4529,Macrophage_Alveolar,49I,IPF,63,Macrophage_Alveolar
4530,Macrophage_Alveolar,49I,IPF,63,Macrophage_Alveolar
4531,Macrophage_Alveolar,49I,IPF,63,Macrophage_Alveolar
4532,Macrophage_Alveolar,49I,IPF,63,Macrophage_Alveolar
4533,Macrophage_Alveolar,49I,IPF,62,Macrophage_Alveolar
4534,Macrophage_Alveolar,49I,IPF,62,Macrophage_Alveolar
4535,Macrophage_Alveolar,49I,IPF,62,Macrophage_Alveolar
4536,Macrophage_Alveolar,49I,IPF,62,Macrophage_Alveolar
4537,Ciliated,49I,IPF,64,Ciliated
4538,Ciliated,49I,IPF,63,Ciliated
4539,Ciliated,49I,IPF,63,Ciliated
4540,Ciliated,49I,IPF,63,Ciliated
4541,NK,49I,IPF,74,NK
4542,NK,49I,IPF,74,NK
4543,T,49I,IPF,57,T
4544,T,49I,IPF,57,T
4545,T,49I,IPF,56,T
4546,T,49I,IPF,56,T
4547,T_Cytotoxic,49I,IPF,60,T_Cytotoxic_C
4548,T_Cytotoxic,49I,IPF,60,T_Cytotoxic_C
4549,T_Cytotoxic,49I,IPF,60,T_Cytotoxic_C
4550,T_Cytotoxic,49I,IPF,60,T_Cytotoxic_C
4551,T_Cytotoxic,49I,IPF,59,T_Cytotoxic_C
4552,cMonocyte,49I,IPF,85,Monocyte
4553,cDC2,49I,IPF,55,Dendritic_A
4554,cDC2,49I,IPF,55,Dendritic_A
4555,ncMonocyte,49I,IPF,65,Monocyte_Non-Classical
4556,NK,59I,IPF,55,NK
4557,NK,59I,IPF,55,NK
4558,NK,59I,IPF,54,NK
4559,Macrophage,59I,IPF,67,Macrophage
4560,Macrophage,59I,IPF,67,Macrophage
4561,Macrophage,59I,IPF,66,Macrophage
4562,Macrophage,59I,IPF,66,Macrophage
4563,T,59I,IPF,63,T
4564,T,59I,IPF,63,T
4565,B,59I,IPF,63,B
4566,Macrophage_Alveolar,59I,IPF,77,Macrophage_Alveolar
4567,Macrophage,8CO,COPD,63,Macrophage
4568,Macrophage_Alveolar,8CO,COPD,86,Macrophage_Alveolar
4569,cMonocyte,8CO,COPD,48,Monocyte
4570,cMonocyte,8CO,COPD,47,Monocyte
