celltype,module,n_IPF,n_Control,n_COPD,beta_IPF,se,ci_lo,ci_hi,p_IPF,se_hc3,ci_lo_hc3,ci_hi_hc3,p_IPF_hc3,p_IPF_perm,beta_COPD,p_COPD,IPF_minus_COPD,se_IPF_minus_COPD,p_IPF_vs_COPD,p_IPF_vs_COPD_hc3,fdr_IPF,fdr_IPF_hc3,fdr_IPF_perm,fdr_COPD,fdr_IPF_vs_COPD,fdr_IPF_vs_COPD_hc3,IPF_specific_direct
B,Muscle contraction,22,7,13,-0.45788196861179015,0.14915305722096492,-0.7650684402193859,-0.15069549700419432,0.00510174483564325,0.24503741399564716,-0.9625459696027958,0.04678203237921558,0.0734372486016057,0.005398920215956809,-0.5716931335883152,0.0007381865635340769,0.05265818207165862,0.10420243411429585,0.6163137334531532,0.6238325222943486,0.06453707217088711,0.3676682400736407,0.0708258348330334,0.04244572740320942,0.8792532486367084,0.9034195340686042,False
B,Respiration,22,7,13,-0.29164201252409017,0.24687873743210134,-0.8000982901205614,0.2168142650723811,0.24859316957499886,0.21966182738009873,-0.7440440145816434,0.160759989533463,0.1962781956281483,0.2579484103179364,-0.49182324135212885,0.039818674445965506,0.15466941417540286,0.15483280230350663,0.32430999595713483,0.3520722852557134,0.5818442222378147,0.5579593651002418,0.5987242918388799,0.23317743028440652,0.6468634719841646,0.7295191496289557,False
B,Chromatin modification (1),22,7,13,-0.4570882275651004,0.3831023986058769,-1.246102387146165,0.33192593201596415,0.2440218438999954,0.31007587316134944,-1.095701442619541,0.18152498748934015,0.1529319392422984,0.2463507298540292,-0.882251610421236,0.018052887552149344,0.38979311721598975,0.23916823966146727,0.11163204298498901,0.1340394269874739,0.5814024147546657,0.48364725785376866,0.5879880627648055,0.1596986206536288,0.40117765447730425,0.46853542246280794,False
B,Heme metabolism,22,7,13,0.21325890978139514,0.10366617155258352,-0.00024556714748774633,0.426763386710278,0.050244489259169973,0.1281447938931934,-0.050660233576261954,0.47717805313905226,0.10855807780499835,0.04979004199160168,0.2836924137273592,0.008284995978376524,-0.022790140328263264,0.06821056496075381,0.7401795872472812,0.74663985932327,0.25942562821571435,0.44488684259386224,0.2591440895494371,0.12063127447653053,0.9264250865651739,0.9242340306838718,False
B,VEGF signaling,22,7,13,-0.27358298594801345,0.31144092166078685,-0.9150075710134234,0.36784159911739656,0.38806855206391055,0.3406305957436107,-0.9751248301293028,0.42795885823327595,0.42944906589864035,0.3619276144771046,-0.4771399826026431,0.061756697931251624,0.17967136780718457,0.16614221955721384,0.28650366880077177,0.22971420816797883,0.7292692991568172,0.8401626131425777,0.7043668189439035,0.30932041988224473,0.6224446558171222,0.5984781019863364,False
B,Protein processing in ER,22,7,13,-0.05975562383654351,0.07753066550569059,-0.21943301846613347,0.09992177079304645,0.448087022372805,0.0980810766457038,-0.26175738248392155,0.1422461348108345,0.5478578694983779,0.44631073785242953,-0.12536567125210046,0.19841113350465922,0.027123675056113808,0.06421508543955431,0.6751864566661827,0.6832756790503108,0.8065073800129485,0.8786440972990783,0.8008270686288275,0.5178722429051595,0.8916633206941995,0.9114772717232472,False
B,Lipid met,22,7,13,0.35978389034455965,0.26892295054277116,-0.1940732940184458,0.9136410747075652,0.19298242504764682,0.4506864680496102,-0.5684222658078297,1.287990046496949,0.4322137249075381,0.19356128774245152,0.10218678426272332,0.6891954082690628,0.253734333134252,0.17004907201679592,0.1441447189875828,0.1781422926426698,0.5465146983362161,0.8401626131425777,0.5381429208663763,0.8431645952227895,0.4541545940704664,0.5454386384192504,False
B,Cholesterol met (darkred),22,7,13,0.00250609415461451,0.10182405855068997,-0.20720448002834052,0.21221666833756953,0.9805598480376896,0.07714847505258843,-0.15638416450231732,0.16139635281154632,0.9743440037845976,0.979004199160168,0.06951165425444672,0.3995972283344186,-0.07802415511527339,0.05471644567049904,0.16225938547056093,0.06825622005297761,0.9922402964158187,0.9922158780507477,0.991001799640072,0.6962678978554263,0.48467089166531185,0.33401980025925215,False
B,Cell cycle,22,7,13,0.39674821534331806,0.8816529262056925,-1.4190499763250632,2.2125464070116996,0.6565847644500166,0.8490862561025198,-1.351977663712781,2.1454740943994173,0.6443575223274381,0.6058788242351529,-0.14117029744320558,0.8498112345600611,0.5810844706841711,0.49660073695661994,0.2494331374623848,0.28201078281729575,0.8518766431069446,0.9035789295819134,0.8322428778493005,0.9396951151385291,0.5832849121205811,0.6359066671370395,False
B,ECM organization,22,7,13,-0.02061298082975003,0.2790795904308366,-0.5953881566086582,0.5541621949491581,0.9417091339011711,0.43340520700360646,-0.9132277136177009,0.8720017519582008,0.9624444004077257,0.937612477504499,-0.48400104568235613,0.06639480919177163,0.43300457239133366,0.17163800602041418,0.01607261282378924,0.02092701683774736,0.9902287330629412,0.9922158780507477,0.991001799640072,0.3116491043695403,0.13202503390969733,0.15403796290649366,False
B,Apoptosis,22,7,13,0.01140432144846798,0.196894519075239,-0.39410753141280624,0.4169161743097422,0.9542720618130669,0.21273617721128857,-0.42673403708353824,0.4495426799804742,0.957673721088821,0.9560087982403519,0.11923418148448803,0.5951929242183409,-0.23748571919384312,0.14923080997262408,0.12002878792825107,0.1659202623933266,0.9902287330629412,0.9922158780507477,0.991001799640072,0.7927385892863953,0.42131167988559465,0.5156981128441233,False
B,Interferon signaling,22,7,13,0.10504201003895841,0.24589811685646662,-0.40139464167636996,0.6114786617542868,0.6729071484769018,0.2224801866714511,-0.3531645116346454,0.5632485317125622,0.6409214574469215,0.6742651469706059,0.026666343628784228,0.9383722523456846,0.24778026221558858,0.22979153840543043,0.2878873736550839,0.38128032293595393,0.8555050681641013,0.9035789295819134,0.8487019014107627,0.9778481684951422,0.6224446558171222,0.7476571599357476,False
B,Nrf2 signaling,22,7,13,-0.017499517916837327,0.33904658630904383,-0.7157790335997114,0.6807799977660367,0.9592465401222534,0.2692095734529226,-0.571947013213402,0.5369479773797273,0.9486883611584359,0.9554089182163568,-0.10379277275975624,0.734159122219696,0.13149840134609203,0.20347751874185313,0.5221026976905283,0.5898939656557259,0.9902287330629412,0.9922158780507477,0.991001799640072,0.8615759178447763,0.8224905511563118,0.893907643616406,False
B,Amino acid met,22,7,13,0.30759630205626165,0.26546122172780323,-0.2391313183531404,0.8543239224656637,0.25751771606129736,0.2566800212549588,-0.2210460974398618,0.8362387015523851,0.24201233511994685,0.2679464107178564,-0.040408151517129676,0.8650927571606499,0.3343910748895138,0.15843820480683732,0.04163186136271684,0.04648845241823517,0.5922907469409839,0.624216174932885,0.6107247019064654,0.9520159528562177,0.2098097276932803,0.2634119222392198,False
B,mRNA splicing,22,7,13,-0.48647508816636065,0.2340990396614839,-0.9686110855117099,-0.00433909082101136,0.04812319772846006,0.25951882162197637,-1.020964106461927,0.04801393012920563,0.07258881380933911,0.05018996200759848,-0.4647194861115221,0.1649690127201126,-0.10210136768779837,0.22005903620688808,0.6453856436776039,0.71233718883556,0.2591662111839833,0.3676682400736407,0.2591440895494371,0.49924832796876184,0.88225389199308,0.9219649997384033,False
B,Fatty acid met,22,7,13,0.0051858322713478015,0.22856289972640895,-0.4655482714442775,0.4759199359869731,0.9820785868803704,0.3252955996632699,-0.6647729962761589,0.6751446608188546,0.9874072837079129,0.98000399920016,-0.46567070725668414,0.028311070328016667,0.33289141129934874,0.1368616000420906,0.019958599728775173,0.013295684381018084,0.9922402964158187,0.9922158780507477,0.991001799640072,0.19175844135580972,0.15012447233015944,0.11761566952439075,False
B,Adaptive immunity,22,7,13,0.40351532857967326,0.588322219032697,-0.8081569629595358,1.6151876201188824,0.4991038980686298,0.47838136386314134,-0.5817295332151693,1.388760190374516,0.406946845747657,0.5140971805638872,0.27692869214119153,0.6530997011588976,0.49828002172501384,0.40995291872280565,0.231890809113893,0.24397840750869831,0.8102276250963018,0.8308337468017433,0.8019984238446428,0.8252254636517078,0.561419853644162,0.5984781019863364,False
B,Translation,22,7,13,0.0665737043815416,0.4758577289618194,-0.9134736340409546,1.046621042804038,0.889858034727325,0.5294463563567533,-1.0238414781499525,1.1569888869130356,0.900941821184023,0.8848230353929214,-0.3965488768902959,0.3995458626857049,0.4936129219705579,0.3121110842081235,0.122268803908568,0.10194682511096448,0.9686821063480727,0.9883935700597479,0.9721868392278992,0.6962678978554263,0.42131167988559465,0.38003207216069196,False
B,Cholesterol met (salmon),22,7,13,-0.12305806251768873,0.27859914783709616,-0.6968437482524036,0.45072762321702614,0.6625013033063396,0.3189958485384723,-0.7800423107509239,0.5339261857155465,0.7029324888525113,0.670865826834633,-0.792865326544496,0.017914683600223292,0.4000979512603673,0.2146580826645523,0.07028801414937422,0.07154868542722476,0.8535381038078435,0.952771907913822,0.8487019014107627,0.1596986206536288,0.2939316955337467,0.3405520218541285,False
B,Heat stress response,22,7,13,0.004979304358377394,0.23598991719330634,-0.48105102816229517,0.49100963687904997,0.9833336696527792,0.43431967533629773,-0.8895188112160232,0.8994774199327779,0.9909437678340308,0.9844031193761248,0.13122548760844369,0.5370308157091943,-0.15571975304193408,0.1412669892337068,0.2774464508598746,0.276089205575915,0.9922402964158187,0.9922158780507477,0.991001799640072,0.779754873839292,0.6224446558171222,0.628717992895648,False
B,OxPhos,22,7,13,-0.34434266439393174,0.3083884147720311,-0.9794804938394042,0.29079516505154074,0.2747878744784283,0.29759405554735197,-0.9572490948639094,0.2685637660760459,0.258172823752935,0.2871425714857029,-0.25360513501073206,0.40299382358810815,0.018164388190106073,0.20108578319221806,0.92851100449075,0.9428819627064264,0.6152330286994899,0.6391668647803558,0.6262678498783002,0.6969066122200367,0.9681753145448037,0.9744720324414987,False
B,Innate immunity,22,7,13,-0.11527779180679831,0.31676021729440773,-0.7676576713031428,0.5371020876895461,0.7189718629040551,0.3355382497853702,-0.8063317531631341,0.5757761695495375,0.7340492305485693,0.7246550689862028,-0.34319025959525107,0.20221746235209365,0.22694728168090328,0.17731671693169182,0.20854814170432245,0.1863524091316432,0.8726505565021858,0.9539546258743501,0.8755390431347692,0.5178722429051595,0.5308733917521815,0.5476566848713372,False
B,Chromatin modification (2),22,7,13,-0.2794333111193387,0.1668461849865798,-0.6230594614790081,0.06419283924033076,0.10644038520950647,0.186394582553898,-0.6633201399134487,0.10445351767477135,0.1463577890267181,0.10757848430313938,-0.32992250603530654,0.10386307131643295,-0.012612976144434407,0.13272205189529074,0.9248014313290492,0.9400485319391901,0.39602084497066375,0.46871545093366684,0.40025524306903326,0.40488993903016235,0.9681753145448037,0.9744720324414987,False
B,Composite,22,7,13,0.04077187368716943,0.23051991782922293,-0.43399278425963733,0.5155365316339762,0.8610362338207971,0.3631202815546727,-0.707088345461311,0.7886320928356498,0.9114965167302372,0.8640271945610878,0.3471948517516815,0.1025485627127816,-0.22662412772060217,0.13911926660964294,0.11180083401572953,0.14726094003275728,,,,,,,False
Ciliated,Muscle contraction,30,8,7,-0.022711862194825988,0.06642844946497672,-0.15771071388251448,0.1122869894928625,0.7345307924731573,0.09034475555314038,-0.206314495613347,0.16089077122369502,0.8030250387950728,0.7330533893221356,-0.014823043443770306,0.8232133181119924,-0.00043796130106642066,0.048175255740359864,0.9927917211254746,0.9919137127735823,0.8765862759231547,0.9671423333910203,0.8755390431347692,0.9191216658531953,0.9927917211254746,0.9919137127735823,False
Ciliated,Respiration,30,8,7,0.4867275040228085,0.287631075165994,-0.09780916919243487,1.071264177238052,0.0997555141712781,0.7248245853935146,-0.9862932798616533,1.9597482879072703,0.5064324194032286,0.09778044391121776,0.42434785195409963,0.16386107292311086,0.04309696779885175,0.21868352078396494,0.8447671488317687,0.8713348243369508,0.38827915515897476,0.8659056769450054,0.38584223453816696,0.49924832796876184,0.9596618617452899,0.9668857148915705,False
Ciliated,Chromatin modification (1),30,8,7,-0.6178675474872557,0.45457797127155086,-1.5416811336606524,0.3059460386861411,0.18302752607083866,0.9996771902144097,-2.649456028390654,1.413720933416143,0.5406495281091557,0.17116576684663068,-0.6504981126521798,0.15833578615679644,0.04327638852829796,0.33072525960013355,0.8965475109162233,0.8884280133509846,0.5430981759989478,0.8768226321257461,0.5155349882404471,0.49924832796876184,0.9596618617452899,0.9668857148915705,False
Ciliated,Heme metabolism,30,8,7,-0.15480862411734866,0.13071938206226327,-0.4204623705747883,0.11084512234009095,0.24451459904008205,0.12956295550829874,-0.4181122290600646,0.10849498082536732,0.24041322247776992,0.2461507698460308,-0.16161847640030505,0.22072101730552324,0.01765846723958303,0.09495110061385816,0.8534048217638003,0.8389875182305043,0.5814024147546657,0.624216174932885,0.5879880627648055,0.5400620636198973,0.9596618617452899,0.9600354686219702,False
Ciliated,VEGF signaling,30,8,7,-0.15686473459074257,0.2393383585461651,-0.6432587996153021,0.3295293304338169,0.5166143337350867,0.16105816424053918,-0.48417430454936966,0.17044483536788452,0.33695363544666296,0.5062987402519497,0.1524380894239734,0.5171597769962536,-0.26618231082569,0.17048331517807885,0.12632163747352756,0.09061597626893335,0.8102276250963018,0.7544183165310242,0.8019984238446428,0.779754873839292,0.42131167988559465,0.36476427292528657,False
Ciliated,Protein processing in ER,30,8,7,0.22446356506606752,0.0716135771860213,0.07892726603717509,0.36999986409495994,0.0035381157845671275,0.06409612959068914,0.09420455763687258,0.35472257249526246,0.0013137312475983878,0.005598880223955209,0.21962851646989484,0.005712046418053569,-0.0189398221839899,0.054956625707583195,0.7321763906469784,0.7490603717059947,0.05523602388088209,0.027554331733562552,0.0708258348330334,0.11943369783202917,0.9264250865651739,0.9242340306838718,False
Ciliated,Lipid met,30,8,7,0.11684604171855775,0.251871719086501,-0.39501887644739886,0.6287109598845143,0.6456681364077094,0.21459986864187958,-0.3192733630292057,0.5529654464663212,0.5896624677516017,0.6320735852829434,0.15439440843380012,0.5269460501450487,-0.04837081922372559,0.17680161326873636,0.7858089480343441,0.6732731972339394,0.8464786258194997,0.8965986109384838,0.8322428778493005,0.779754873839292,0.9357548230672632,0.9108990315518004,False
Ciliated,Cholesterol met (darkred),30,8,7,0.20727812327755527,0.07774485358852912,0.049281571444557026,0.3652746751105535,0.011658090948365212,0.11357667742839528,-0.023537455812850716,0.43809370236796125,0.07679660282052692,0.009198160367926415,0.22181427221950195,0.005510866258297694,-0.019166795477535747,0.05524669676296495,0.7304617644679476,0.6543627537538504,0.09831656699787995,0.37024675422870784,0.08619016937353272,0.11943369783202917,0.9264250865651739,0.9078227219713422,False
Ciliated,Cell cycle,30,8,7,0.43149974810648306,0.3630636847192434,-0.3063344316968586,1.1693339279098247,0.24287346259029371,0.3506349869699126,-0.2810762789378116,1.1440757751507777,0.22690971946478666,0.24075184963007398,0.43464313890927386,0.22802421134318526,0.07435740013127179,0.25948657250527407,0.7759314663443987,0.7089391380670741,0.5814024147546657,0.6090773872393167,0.5879880627648055,0.5520586169361328,0.9343677343414225,0.9219649997384033,False
Ciliated,ECM organization,30,8,7,-0.27373730329009544,0.17981869041130524,-0.6391728495511733,0.09169824297098234,0.13718228715664488,0.2246013510359289,-0.7301821657182035,0.18270755913801257,0.2313206374918226,0.14777044591081784,0.0010092627797785511,0.9958328953955264,-0.3178625529975622,0.1403594923224701,0.02902549184728069,0.062400975021250034,0.45667261382409413,0.6096262633899076,0.47644142057664424,0.9988212470496449,0.1854406423576266,0.31200487510625013,False
Ciliated,Apoptosis,30,8,7,0.2595974696075688,0.12603526940331725,0.0034629853822978895,0.5157319538328398,0.047147056708544154,0.16367879390999515,-0.07303786060776529,0.5922327998229029,0.12199334451869433,0.04859028194361128,0.16879364842390288,0.22037317908964651,0.04221285855657625,0.09909039166021699,0.6723889374607669,0.7243992210265014,0.2591662111839833,0.4457043529939476,0.2591440895494371,0.5400620636198973,0.8916633206941995,0.9242340306838718,False
Ciliated,Interferon signaling,30,8,7,-0.12380879725690097,0.17710247510864727,-0.4837243298830273,0.23610673536922538,0.48925708227146114,0.15877977023916065,-0.44648811351616413,0.1988705190023622,0.44093148404529525,0.500499900019996,0.058466495619530545,0.7431858180271985,-0.15930971507060576,0.12952481853306536,0.22589902049943142,0.18810816567319844,0.8102276250963018,0.8401626131425777,0.8019984238446428,0.8615759178447763,0.552731645902864,0.5476566848713372,False
Ciliated,Nrf2 signaling,30,8,7,0.2709684538025188,0.2992069833876412,-0.3370932953365328,0.8790302029415704,0.37150915752155483,0.6620418421619598,-1.0744624448697118,1.6163993524747493,0.6848924126208373,0.3453309338132374,0.27777627545193234,0.3369712479896585,-0.03661134200562849,0.20890506187839022,0.861764600662738,0.7774014298601194,0.7230139757919489,0.9417270673536513,0.6891377629985814,0.6906764643178763,0.9596618617452899,0.9242340306838718,False
Ciliated,Amino acid met,30,8,7,0.13222064660438543,0.45513366501556823,-0.7927222451291529,1.0571635383379239,0.7731911592963339,0.6213900746114147,-1.1305959206691896,1.3950372138779603,0.8327676250298177,0.7752449510097981,0.39249123050909973,0.38006633409132157,-0.3518961400303451,0.32319492051733983,0.28275670078954207,0.15923059646010976,0.9014625036957256,0.9709226227306169,0.9038570166151101,0.6957570286545585,0.6224446558171222,0.5022501168142106,False
Ciliated,mRNA splicing,30,8,7,0.18721366796674008,0.14681556321987704,-0.11115145426924342,0.48557879020272354,0.2108966719548957,0.29338521180166743,-0.40901681783221444,0.7834441537656947,0.527673300440801,0.2011597680463907,0.27210750269085726,0.06320895536724132,-0.09148707387741217,0.10407848500499771,0.38464059458480787,0.27393964024210277,0.560046521454867,0.8728120240410059,0.5494922292137316,0.30932041988224473,0.7251421045451295,0.628717992895648,False
Ciliated,Fatty acid met,30,8,7,-0.10617695048186018,0.2743004734353011,-0.6636225815240016,0.45126868056028124,0.7011074069684196,0.1857436198910107,-0.48365340214616404,0.2712995011824437,0.571331494441639,0.651869626074785,-0.3493780356010809,0.21453381136679467,0.15847834319076637,0.20246535624889062,0.4383877450082767,0.4055017497806923,0.8726505565021858,0.8922646178625597,0.8413761692106022,0.5363345284169866,0.7837552877219048,0.75828331106758,False
Ciliated,Adaptive immunity,30,8,7,-0.1798645768265173,0.5780031334314409,-1.3545082711109997,0.9947791174579652,0.757561724488831,0.713064206718839,-1.6289853957218725,1.269256242068838,0.8023728457792394,0.747250549890022,-0.014464342854541234,0.9796390228617556,-0.24861844551331985,0.41164717928113653,0.5492804503378976,0.42437304250721686,0.8956220387648328,0.9671423333910203,0.884151873329038,0.9988212470496449,0.8311480498533977,0.7648115219750623,False
Ciliated,Translation,30,8,7,-0.3638571641771299,0.6359127883282853,-1.6561874366622082,0.9284731083079486,0.5709636276703892,1.301437416423094,-3.0086962079236,2.28098187956934,0.781492816254474,0.556488702259548,0.04161083883536487,0.9523390858387473,-0.45545434126936823,0.505649717983186,0.37312275152727536,0.4324736580757591,0.8207602147761845,0.9559256444506027,0.8045236666952323,0.9778481684951422,0.7151519404272778,0.7710770647862372,False
Ciliated,Cholesterol met (salmon),30,8,7,0.04671429483620984,0.19932103025000983,-0.35835477448092357,0.4517833641533432,0.8161056179838125,0.14168249229498905,-0.24121917219673164,0.33464776186915135,0.7436410313821902,0.8202359528094381,-0.14649194122270992,0.47751227802502166,0.10881204094087822,0.14931891677645515,0.47041672736693424,0.48025526679983327,0.9300663123869575,0.9539546258743501,0.9321696198876817,0.7680267408794055,0.8095131807858462,0.8004254446663888,False
Ciliated,Heat stress response,30,8,7,0.08992219979840525,0.13555184169530246,-0.18555228621477776,0.3653966858115883,0.5115612099790472,0.11019688756134789,-0.134024819892046,0.3138692194888565,0.42017256497625066,0.506498700259948,0.13113843393789376,0.33984250065076255,-0.04287945169178163,0.09921909710179637,0.6679392591145892,0.6106562376327568,0.8102276250963018,0.8401626131425777,0.8019984238446428,0.6906764643178763,0.8916633206941995,0.8951978503575001,False
Ciliated,OxPhos,30,8,7,-0.002468735762434726,0.25198199158892703,-0.5145577546159752,0.5096202830911059,0.9922402964158187,0.19386872691229237,-0.39645739155835713,0.3915199200334877,0.9899143951833287,0.991001799640072,-0.6035096861445228,0.036696255689015196,0.5655026667615719,0.20406753002469963,0.008434831257325125,0.07515894859935601,0.9922402964158187,0.9922158780507477,0.991001799640072,0.22811185968847286,0.09222214680584913,0.3405520218541285,False
Ciliated,Innate immunity,30,8,7,-0.5381236431050883,0.3499559085199094,-1.249319616697968,0.17307233048779136,0.1333799017859984,0.38140468618256607,-1.3132312224276559,0.23698393621747915,0.16735923788352067,0.13637272545490903,0.16375270693151286,0.6449645740514414,-0.6663411873368664,0.257784563032985,0.01349480558695884,0.00886941282873959,0.4560150696196973,0.5040700855301277,0.4546432818699418,0.8195682432697874,0.12451516445047058,0.0920339726419547,False
Ciliated,Chromatin modification (2),30,8,7,0.14510320600128881,0.2666693384055631,-0.3968340927768055,0.687040504779383,0.5899017987740733,0.1274158536850758,-0.1138369630502363,0.40404337505281396,0.2627405293958775,0.5318936212757448,-0.10910438567520175,0.706153672348588,0.2991385795829842,0.20999738983270103,0.16206107746220738,0.23673450750355166,0.8243770191428826,0.6391668647803558,0.8019984238446428,0.8459948070113155,0.48467089166531185,0.5984781019863364,False
Ciliated,Composite,30,8,7,-0.5029130372932176,0.25024228410827903,-1.0114665451713922,0.005640470584957091,0.05245214291826009,0.15619348984686127,-0.8203363994256743,-0.18548967516076093,0.0028212637926821054,0.057588482303539294,-0.37212135654749323,0.1413430176576884,-0.19514861183111598,0.18126023145858033,0.288100236536065,0.2284210359403787,,,,,,,False
Fibroblast,Muscle contraction,10,4,1,-0.15093481139795878,0.21109532133033385,-0.6212844983266024,0.31941487553068487,0.4909596883201465,0.402312366169083,-1.047342625093821,0.7454730022979033,0.7153700104392019,0.53249350129974,,,,,,,0.8102276250963018,0.952771907913822,0.8019984238446428,,,,False
Fibroblast,Respiration,10,4,1,-0.17028250511243845,0.3420916944856506,-0.9325103005377351,0.5919452903128581,0.6294105013116966,0.690065861662195,-1.7078450619113603,1.3672800516864836,0.8100837408277239,0.5954809038192361,,,,,,,0.8425442160415832,0.9671423333910203,0.8322428778493005,,,,False
Fibroblast,Chromatin modification (1),10,4,1,1.0228444113551505,0.46747263797913796,-0.01874953556668113,2.0644383582769823,0.05351389902556297,0.33694910974685505,0.2720750087859959,1.773613813924305,0.012556418468067687,0.04939012197560488,,,,,,,0.2707803290693486,0.127070954896845,0.2591440895494371,,,,False
Fibroblast,Heme metabolism,10,4,1,0.020299782281270235,0.14754765819947344,-0.30845688747256766,0.3490564520351081,0.8933021964473699,0.1593393196721086,-0.33473034652921574,0.3753299110917562,0.9011494996723693,0.8944211157768446,,,,,,,0.9686821063480727,0.9883935700597479,0.9721868392278992,,,,False
Fibroblast,VEGF signaling,10,4,1,0.22140923425726028,0.16092966578856394,-0.13716440652340534,0.5799828750379259,0.1989087147284034,0.07491826848284217,0.0544809295271009,0.38833753898741963,0.014402383251621947,0.1911617676464707,,,,,,,0.5469989655031093,0.13495566528371677,0.5381429208663763,,,,False
Fibroblast,Protein processing in ER,10,4,1,0.05330554412019204,0.07513933223760154,-0.11411532135071267,0.22072640959109674,0.49427061083158014,0.06760021635914,-0.0973171243522859,0.20392821259266997,0.4486701078187185,0.5090981803639272,,,,,,,0.8102276250963018,0.8471159498368341,0.8019984238446428,,,,False
Fibroblast,Lipid met,10,4,1,-0.30242410414475,0.4822825048236702,-1.377016490775627,0.7721682824861271,0.5446645116590659,0.7032258142104257,-1.8693088625066807,1.2644606542171808,0.6762773807245744,0.5368926214757048,,,,,,,0.8103764872404929,0.9349627176137558,0.8019984238446428,,,,False
Fibroblast,Cholesterol met (darkred),10,4,1,-0.023526398694820067,0.10235426337533945,-0.25158590958784965,0.20453311219820952,0.8228397000885826,0.2750123700781921,-0.6362921452428674,0.5892393478532272,0.9335153226605706,0.8260347930413917,,,,,,,0.9330357736828625,0.9922158780507477,0.9329767974976433,,,,False
Fibroblast,Cell cycle,10,4,1,-0.5933112137950192,0.4444779103541008,-1.5836697147046632,0.3970472871146249,0.2115187822040005,1.2172731256276637,-3.3055647584847847,2.118942330894747,0.6364757873093582,0.22115576884623075,,,,,,,0.560046521454867,0.9035789295819134,0.5709429542662896,,,,False
Fibroblast,ECM organization,10,4,1,-0.15995680136557436,0.28835858497914985,-0.8024597678614037,0.48254616513025506,0.591279657012977,0.9933579384821558,-2.373296218026657,2.053382615295508,0.8752793047380169,0.6172765446910617,,,,,,,0.8243770191428826,0.9883935700597479,0.8322428778493005,,,,False
Fibroblast,Apoptosis,10,4,1,0.17036341404735633,0.40863593107584384,-0.7401341803003165,1.0808610083950292,0.6855542902784396,0.2675128753163766,-0.4256924168516222,0.7664192449463348,0.5385323426877602,0.6734653069386123,,,,,,,0.8672261772022262,0.8768226321257461,0.8487019014107627,,,,False
Fibroblast,Interferon signaling,10,4,1,0.37245996507912943,0.23010812429492947,-0.14025288682008957,0.8851728169783484,0.13659662369831743,0.23288640369608482,-0.146443279095477,0.8913632092537358,0.14083281693929364,0.1347730453909218,,,,,,,0.45667261382409413,0.46574975950252245,0.4546432818699418,,,,False
Fibroblast,Nrf2 signaling,10,4,1,-0.3503953558833088,0.29685719842035674,-1.011834413175504,0.31104370140888643,0.26517594270731454,0.2044414031133125,-0.805919189114668,0.10512847734805036,0.11731574572657333,0.27294541091781643,,,,,,,0.6044100315761313,0.44488684259386224,0.6111078669221908,,,,False
Fibroblast,Amino acid met,10,4,1,-0.259261058873488,0.5344259055155219,-1.450036182460568,0.931514064713592,0.638042549645105,1.6851842955566512,-4.014085660560383,3.495563542813407,0.8807905926089099,0.6050789842031594,,,,,,,0.8464786258194997,0.9883935700597479,0.8322428778493005,,,,False
Fibroblast,mRNA splicing,10,4,1,-0.08239440766392571,0.26519190223301303,-0.6732787882614475,0.5084899729335961,0.7624100892222069,0.33920100327777164,-0.8381813416998521,0.6733925263720008,0.8129870272191111,0.7548490301939612,,,,,,,0.8971616398754342,0.9671423333910203,0.884151873329038,,,,False
Fibroblast,Fatty acid met,10,4,1,-0.4817178984166586,0.2241974581330204,-0.9812609653994073,0.017825168566090177,0.05719627952688438,0.38934467787468297,-1.3492319020033203,0.3857961051700032,0.24425850323460715,0.0619876024795041,,,,,,,0.2837384062804264,0.624216174932885,0.2915816836632673,,,,False
Fibroblast,Adaptive immunity,10,4,1,0.256504946772202,0.49557017732705483,-0.847694219215936,1.36070411276034,0.6159962021375242,0.3407670863620496,-0.5027714378292427,1.0157813313736466,0.4689624498328987,0.6166766646670666,,,,,,,0.8414370806279755,0.8481079227836247,0.8322428778493005,,,,False
Fibroblast,Translation,10,4,1,-0.692072073820362,0.6818017771062878,-2.2112211027441675,0.8270769551034435,0.33400525445799056,1.0741634362936594,-3.085457359609347,1.7013132119686234,0.5338866176779847,0.34293141371725655,,,,,,,0.6814784627247711,0.8768226321257461,0.6891377629985814,,,,False
Fibroblast,Cholesterol met (salmon),10,4,1,-0.5770652244410741,0.46571329592678323,-1.6147391129821207,0.4606086640999725,0.2436026742696477,0.4137995934283605,-1.4990681754949282,0.3449377266127799,0.19335501653508005,0.2439512097580484,,,,,,,0.5814024147546657,0.5558956725383551,0.5879880627648055,,,,False
Fibroblast,Heat stress response,10,4,1,0.01626930021610513,0.3080219884594445,-0.6700464595364508,0.7025850599686612,0.9589166665088271,0.9296521324053353,-2.05512473482811,2.0876633352603204,0.9863816464963887,0.9600079984003199,,,,,,,0.9902287330629412,0.9922158780507477,0.991001799640072,,,,False
Fibroblast,OxPhos,10,4,1,0.15584229362881655,0.4598273181816953,-0.8687168192164733,1.1804014064741064,0.7416830043415488,0.5282231130954261,-1.0211121471762419,1.3327967344338751,0.7740044629880887,0.7510497900419916,,,,,,,0.880966197645126,0.9552347762731046,0.884151873329038,,,,False
Fibroblast,Innate immunity,10,4,1,-0.3243232543667964,0.4352849500016434,-1.2941985631503607,0.6455520544167681,0.47336958346665886,0.9448209884659605,-2.4295156069398782,1.7808690982062856,0.7385068492162029,0.4923015396920616,,,,,,,0.8102276250963018,0.9539546258743501,0.8019984238446428,,,,False
Fibroblast,Chromatin modification (2),10,4,1,-0.6633313497642115,0.4278655588461739,-1.6166752248561909,0.2900125253277679,0.15210761123886346,0.2291022903532903,-1.1738030639794177,-0.15285963554900528,0.015960217093483865,0.15436912617476506,,,,,,,0.4810403205429057,0.14260153924720095,0.4821652953359946,,,,False
Fibroblast,Composite,10,4,1,-0.23485434673075767,0.326184571404659,-0.9616388631959694,0.491930169734454,0.48800938154088613,0.7428564524675655,-1.890041669922435,1.4203329764609198,0.7583885552880398,0.4993001399720056,,,,,,,,,,,,,False
Macrophage,Muscle contraction,32,27,17,-0.4242934296257926,0.13153914229662747,-0.6879037615436774,-0.16068309770790773,0.0021181447577774772,0.10710253842308974,-0.6389317130296108,-0.20965514622197431,0.00021626835124206217,0.0027994401119776045,0.21971372988401494,0.12090016876573906,-0.5758459450325185,0.12411881889753883,1.552863819641668e-05,7.299540286331557e-05,0.04465755197647515,0.006079543651582414,0.05733519962674132,0.44850062606645136,0.0005072247590772079,0.0017205189071744253,True
Macrophage,Respiration,32,27,17,-0.2536203951261833,0.153066437158898,-0.5603723900111286,0.05313159975876208,0.10322801962809926,0.14100567416005064,-0.5362020808408019,0.028961290588435273,0.07756157302024315,0.10217956408718257,0.10083066224045671,0.5655170472795732,-0.3524250725076698,0.15487222569189732,0.02589081638034665,0.08190223308497017,0.3921331108529462,0.37024675422870784,0.38584223453816696,0.783547716110252,0.17514375786705086,0.34884284462116927,False
Macrophage,Chromatin modification (1),32,27,17,0.30816784981338335,0.17146730563582677,-0.035460309550740754,0.6517960091775075,0.07778853437858854,0.15368299035431932,0.0001802547135336674,0.616155444913233,0.04987066857446473,0.08398320335932813,0.10191861216168804,0.5726972428982099,0.18067623897947835,0.15948696150473654,0.261084640278489,0.29145745447743465,0.3226311343898836,0.2858925253816852,0.3427056524179035,0.7887447057879537,0.6004946726405247,0.6361352697100048,False
Macrophage,Heme metabolism,32,27,17,0.05736256348576541,0.04647539551216662,-0.03577621044169186,0.1505013374132227,0.2223551170065121,0.052306667986104546,-0.047462341623024755,0.16218746859455557,0.27756913255771526,0.22395520895820836,0.11564718059378662,0.022497117292192625,-0.04142678713214888,0.043963372559958934,0.3492332043000147,0.38599874355595437,0.5625584460264756,0.653074646276577,0.5723299784487547,0.16691409603884852,0.6865268118718238,0.7476571599357476,False
Macrophage,VEGF signaling,32,27,17,-0.7796948547599986,0.13203927450623612,-1.0443074740235045,-0.5150822354964926,2.2894203128101048e-07,0.13661175658220986,-1.0534709328745429,-0.5059187766454543,4.754617790000145e-07,0.0001999600079984003,-0.0918705734773685,0.47178364650140364,-0.711385688952458,0.11261731756134837,2.046381123090279e-08,8.277270107401452e-10,5.792233391409565e-05,0.00012029183008700368,0.010117976404719056,0.7680267408794055,1.7389033810013011e-06,1.903772124702334e-07,True
Macrophage,Protein processing in ER,32,27,17,-0.05751622827708282,0.01707057039431297,-0.09172641582357585,-0.023306040730589776,0.0013828102361391078,0.012095861087009168,-0.08175687558789371,-0.03327558096627192,1.4717854599024137e-05,0.0013997200559888023,0.0185932680071976,0.37227902945364205,-0.06547344693234905,0.01836396991407068,0.0006550878808608766,0.0016973770368894742,0.03180463543119948,0.0009309043033882767,0.03219356128774245,0.6957570286545585,0.0107621580427144,0.02602644789897194,True
Macrophage,Lipid met,32,27,17,0.08620007182042563,0.09276598812428487,-0.09970712274671029,0.27210726638756155,0.35683519574285677,0.10538676697738812,-0.12499972876831783,0.2973998724091691,0.416920892177889,0.34593081383723256,-0.0007722448507628335,0.9938358986722373,0.1088965487898664,0.08833354784612744,0.22172121724822114,0.2894861107115918,0.7108606655349824,0.8401626131425777,0.6891377629985814,0.9988212470496449,0.548342795345063,0.6361352697100048,False
Macrophage,Cholesterol met (darkred),32,27,17,0.08300669328225749,0.09102658010883609,-0.09941464972550698,0.265428036290022,0.36580367591664287,0.12078498671570823,-0.15905182924500633,0.3250652158095213,0.49482750468657677,0.35492901419716055,0.27367256616520885,0.002473496560469864,-0.2100291676379832,0.0773293625460927,0.008291490314163158,0.003026827215705976,0.7230139757919489,0.8659056769450054,0.697277598743817,0.08127202984400982,0.09222214680584913,0.040951191741904376,False
Macrophage,Cell cycle,32,27,17,0.1552099968460673,0.1452864392117019,-0.13595053373879945,0.446370527430934,0.2900502359157042,0.13399543396776867,-0.11332285358160465,0.42374284727373923,0.25173726148156067,0.29254149170165966,-0.2000049246676205,0.261933181019148,0.42243722117905114,0.15684775585240818,0.008821248824907308,0.035119623671700656,0.6272026468946424,0.634029959467533,0.6325897213719649,0.6085316326707478,0.09222214680584913,0.22769198342294664,False
Macrophage,ECM organization,32,27,17,-0.19608153519579147,0.11689215048420726,-0.4303386395811168,0.03817556918953385,0.09912805505657751,0.1019811649296724,-0.4004563567668514,0.008293286375268438,0.05969924632586848,0.10117976404719056,-0.3571950598417863,0.00839174083314995,0.08491533573665572,0.11681774017389068,0.4696744568649184,0.5116654738408382,0.38827915515897476,0.32135977277541966,0.38584223453816696,0.12063127447653053,0.8095131807858462,0.8466407121107394,False
Macrophage,Apoptosis,32,27,17,0.3848888192053326,0.08176373159812085,0.2210306394338646,0.5487469989768006,1.7390272174854643e-05,0.07831632852144454,0.22793938958557272,0.5418382488250925,8.390090527869502e-06,0.0001999600079984003,0.005742884557890265,0.9492441206719193,0.36712956504338823,0.07972400546826967,1.764260031572897e-05,0.0004705325907623162,0.0010999347150595562,0.0007075643011836614,0.010117976404719056,0.9778481684951422,0.0005072247590772079,0.009018541322944395,True
Macrophage,Interferon signaling,32,27,17,-0.43610298455218055,0.09021246407739728,-0.616892802574148,-0.2553131665302131,1.1144905429336533e-05,0.08215660124984515,-0.6007484926996992,-0.2714574764046619,2.046113122680694e-06,0.0001999600079984003,0.03195180399107682,0.7232380389707103,-0.4958947531059436,0.07969643636626242,3.024179793045741e-08,1.7983621098666605e-08,0.0010999347150595562,0.0002588333100191078,0.010117976404719056,0.8615759178447763,1.7389033810013011e-06,2.0681164263466595e-06,True
Macrophage,Nrf2 signaling,32,27,17,0.2514687184165269,0.10440316832420596,0.04224009357754341,0.46069734325551037,0.01939015845537996,0.11807104152674747,0.014849063587332567,0.48808837324572124,0.037677193109560865,0.01879624075184963,-0.06913574013761073,0.5575731980415698,0.30866791353184514,0.10405122900446304,0.004101424935609865,0.021430023709836966,0.14016314540603228,0.2508507857031289,0.1398661444181752,0.779754873839292,0.05240709639945938,0.15403796290649366,False
Macrophage,Amino acid met,32,27,17,-0.21439016703537217,0.15440462060180363,-0.5238239414681565,0.09504360739741213,0.17058414049902137,0.14449473068396543,-0.5039640782753432,0.07518374420459878,0.1435908349454417,0.17536492701459708,-0.21243162812080657,0.18634203677710437,0.06771198324134889,0.14117973179181834,0.6329749864855994,0.6341032667636135,0.5137831850744334,0.46574975950252245,0.5219685474669772,0.5178722429051595,0.881259376588126,0.9055842038070611,False
Macrophage,mRNA splicing,32,27,17,-0.020111302930718666,0.08123662343851094,-0.18291313434469125,0.14269052848325392,0.8053932727466134,0.06446970868913955,-0.14931148630935967,0.10908888044792234,0.7562583355444055,0.7998400319936013,-0.062303225950812856,0.51522466290955,0.05561221773705053,0.08448251187505032,0.5124941966527736,0.6414064966215329,0.9271246222575783,0.9539546258743501,0.9240161100200052,0.779754873839292,0.8224905511563118,0.9055842038070611,False
Macrophage,Fatty acid met,32,27,17,0.04349050661474964,0.11958403899368356,-0.19616126289518765,0.2831422761246869,0.7174901042732438,0.13725410673334082,-0.2315728699692136,0.31855388319871286,0.7525485204719473,0.7238552289542092,-0.2525795831261568,0.04055259657120113,0.2703028271396645,0.10736756867469212,0.01407562728570537,0.021431368752207813,0.8726505565021858,0.9539546258743501,0.8755390431347692,0.23317743028440652,0.12451516445047058,0.15403796290649366,False
Macrophage,Adaptive immunity,32,27,17,0.4301208962224896,0.1808031665501443,0.0677832534955144,0.7924585389494648,0.020860422130699986,0.1770866753516179,0.07523126829406124,0.785010524150918,0.018441701220065627,0.021795640871825634,0.4361259211602101,0.02216109818962398,-0.04470878227082503,0.16536305107408317,0.7876619688467866,0.8053371104420314,0.14660241108519712,0.15552501362255347,0.15317492057144125,0.16691409603884852,0.9357548230672632,0.9450384459268736,False
Macrophage,Translation,32,27,17,0.4580227206676116,0.1325770424281478,0.1923323904055783,0.723713050929645,0.0010681279967722614,0.11443064148188135,0.22869859055741681,0.6873468507778064,0.00018915997358413564,0.0011997600479904018,0.21597941554686423,0.09507335490054385,0.25459923930131617,0.11321476895938622,0.027628406284210257,0.017504542345144893,0.030026264798153568,0.0059821841645982905,0.03219356128774245,0.37701502805388076,0.18155809843909596,0.14911276812530835,False
Macrophage,Cholesterol met (salmon),32,27,17,0.42698461096323537,0.12103158795025745,0.1844318885183205,0.6695373334081502,0.0008541038315117992,0.10270971842529661,0.22114973555992268,0.6328194863665481,0.00011362519792645571,0.0013997200559888023,0.08953644987663194,0.4609507714615459,0.31233817243777257,0.10711104046027797,0.004741473533397608,0.005865560172199485,0.030026264798153568,0.004106739296484757,0.03219356128774245,0.7572762674011111,0.05739678487797104,0.07100414945294115,True
Macrophage,Heat stress response,32,27,17,0.2525721926564686,0.08295612960517593,0.08632439387935753,0.4188199914335796,0.00357069786592401,0.08524745644632994,0.08173247227653241,0.42341191303640474,0.00449652669301502,0.003199360127974405,0.3990083565820669,5.212104313022463e-06,-0.15147862728889866,0.07177770729632142,0.03834932463588422,0.049600123594527167,0.05523602388088209,0.0663685691904737,0.05733519962674132,0.0011987839919951665,0.20512429456403186,0.2716197244462202,False
Macrophage,OxPhos,32,27,17,0.10371862105954074,0.1604895337284194,-0.21790959178140554,0.425346833900487,0.520796005934208,0.17864357101940925,-0.25429109551005036,0.4617283376291318,0.5638884276428668,0.5262947410517896,0.17789321100762073,0.2727456528949138,-0.05512981776568303,0.14272467225349236,0.7004541364709171,0.7200395100574503,0.8102276250963018,0.8876152301290892,0.8019984238446428,0.6211039620379225,0.9101946406119262,0.9242340306838718,False
Macrophage,Innate immunity,32,27,17,-0.34515713951205806,0.13812717810995376,-0.6219701902337615,-0.06834408879035458,0.015476294799816255,0.1554277000696484,-0.6566412110152668,-0.03367306800884923,0.030509612680156412,0.01839632073585283,0.02555988032942514,0.8747726709143718,-0.3404116473675235,0.14330835241460055,0.02023416800971714,0.0530335475061931,0.11865159346525796,0.229477431694355,0.1398661444181752,0.9524455730759087,0.15012447233015944,0.2836678122424282,False
Macrophage,Chromatin modification (2),32,27,17,0.01236569261880946,0.18944317293696747,-0.3672869098352636,0.39201829507288255,0.948192613444724,0.22342854116251998,-0.43539510973584283,0.4601264949734617,0.9560640312089618,0.9502099580083984,-0.19388546353489017,0.3989598187780855,0.27327284833754817,0.20261880349056377,0.1817182367451314,0.308406520857844,0.9902287330629412,0.9922158780507477,0.991001799640072,0.6962678978554263,0.5092238198760963,0.6629299046477021,False
Macrophage,Composite,32,27,17,-0.05691870744858209,0.10247324461951876,-0.26227967875504116,0.14844226385787695,0.5808396575618928,0.12295227312806734,-0.3033205690044276,0.18948315410726346,0.6452386680696349,0.5850829834033193,0.16300674422616926,0.14868230683312675,-0.18359644911187872,0.09900712734313216,0.06783848543899988,0.10641047494637694,,,,,,,False
Macrophage_Alveolar,Muscle contraction,29,26,16,-0.45536818910701377,0.14824925443707865,-0.7529909862763158,-0.15774539193771175,0.0034107181117009836,0.1361972432021986,-0.7287955641215065,-0.18194081409252105,0.0015564949750859957,0.003999200159968006,0.24495859126781655,0.08456481433831138,-0.6488876900014373,0.12654220222642834,2.7700829020026114e-06,3.9825819870804267e-07,0.05523602388088209,0.028128087764054066,0.05951750826305327,0.34410556527186587,0.00012742381349212012,2.2899846425712454e-05,True
Macrophage_Alveolar,Respiration,29,26,16,-0.2859037710438199,0.21356264023136703,-0.7146486615181122,0.14284111943047234,0.18659417096098818,0.17971371208749332,-0.6466941027338844,0.07488656064624455,0.11781588321655642,0.1833633273345331,0.18055589641806036,0.3813207330652022,-0.4701125078228523,0.18532143726242342,0.013561312006621041,0.0072154538720452886,0.5430981759989478,0.44488684259386224,0.5332289863866306,0.6957570286545585,0.12451516445047058,0.08297771952852082,False
Macrophage_Alveolar,Chromatin modification (1),29,26,16,-0.21808397040122882,0.247287245319954,-0.7145338307116791,0.2783658899092215,0.3819656781566414,0.2698951405101775,-0.7599210741765733,0.3237531333741156,0.4228251107841464,0.3763247350529894,0.25559431028176693,0.28640130944816067,-0.5039676789156734,0.2151358508592068,0.022177259832981015,0.008593364236676492,0.7265963652152653,0.8401626131425777,0.7105235669284053,0.6273552492673996,0.1569917043476484,0.0920339726419547,False
Macrophage_Alveolar,Heme metabolism,29,26,16,-0.029548105513976453,0.05955676303063602,-0.14911329638682752,0.09001708535887461,0.6219317552467645,0.06065741813862129,-0.15132295371833396,0.09222674269038106,0.6282527932176244,0.6340731853629274,0.10667921025576445,0.08286435725474593,-0.13063278550338125,0.05479988259722762,0.020018513137028803,0.03958088692574347,0.8414370806279755,0.8980110547121977,0.8322428778493005,0.34410556527186587,0.15012447233015944,0.23956852612949997,False
Macrophage_Alveolar,VEGF signaling,29,26,16,-0.574045043218124,0.12050859227876168,-0.8159761372605742,-0.33211394917567383,1.6177910412619517e-05,0.13011973894625986,-0.8352713193243686,-0.31281876711187934,5.322183110928574e-05,0.0001999600079984003,0.2645130147370907,0.0564951718527119,-0.777166749701556,0.12326092272630093,2.7298458927276466e-08,5.911278798335502e-07,0.0010999347150595562,0.0026930246541298584,0.010117976404719056,0.3021834773517148,1.7389033810013011e-06,2.719188247234331e-05,True
Macrophage_Alveolar,Protein processing in ER,29,26,16,-0.07620179500116453,0.019486165500375165,-0.11532190460540606,-0.03708168539692299,0.00027299156177276615,0.022575128403867953,-0.12152325639756587,-0.030880333604763187,0.0014158352274162578,0.0003999200159968006,0.046937722631294074,0.021106214697313854,-0.1175801744280816,0.017972476808822184,1.0467414311994456e-08,5.059514404764542e-08,0.011511144188084974,0.027554331733562552,0.016863294007865095,0.16691409603884852,1.7389033810013011e-06,3.878961043652816e-06,True
Macrophage_Alveolar,Lipid met,29,26,16,0.31087887492249944,0.10123852660114183,0.10763405198735909,0.5141236978576398,0.003419215750827563,0.11380365199384532,0.08240851017698417,0.5393492396680147,0.008633199230561587,0.0033993201359728054,0.2239139061291811,0.029631380090857116,0.037942178244555425,0.09111085664825903,0.678439483136891,0.6648763085043675,0.05523602388088209,0.09610085607966336,0.05733519962674132,0.19472049773991817,0.8916633206941995,0.9102473271190745,False
Macrophage_Alveolar,Cholesterol met (darkred),29,26,16,0.06716210437832795,0.08867729257943954,-0.11086498899970379,0.2451891977563597,0.4523094934673678,0.11222757626318015,-0.15814415630951528,0.2924683650661712,0.552191349685982,0.45610877824435114,0.1063375373291599,0.20002945360804847,-0.01792427375604172,0.0743152231926129,0.8101536703819374,0.7724108996534097,0.8065073800129485,0.8786440972990783,0.8019984238446428,0.5178722429051595,0.9506905315706409,0.9242340306838718,False
Macrophage_Alveolar,Cell cycle,29,26,16,-0.05290959066735989,0.2030303341841811,-0.4605099944573223,0.35469081312260253,0.7954507876419484,0.20723951296264972,-0.4689602734593338,0.363141092124614,0.7995132231201824,0.7956408718256349,0.21472103804727877,0.2853531894710916,-0.22710162435194267,0.1803363251214624,0.21234935670087263,0.19731287622752006,0.9231607764835457,0.9671423333910203,0.9233813787701176,0.6273552492673996,0.5308733917521815,0.5672745191541202,False
Macrophage_Alveolar,ECM organization,29,26,16,-0.2956350839781971,0.15510475239850607,-0.6070208675922941,0.015750699635899923,0.06228884403163589,0.1950887936570806,-0.6872921798946471,0.09602201193825288,0.13584824765432219,0.06938612277544491,-0.06345507387553877,0.6784501175526072,-0.30070021510357037,0.13784704270654952,0.03272068408468198,0.025939168496379946,0.28792555104387924,0.46574975950252245,0.30266705279633727,0.8389436937478476,0.18814393348692138,0.18078814406567842,False
Macrophage_Alveolar,Apoptosis,29,26,16,-0.021392199049092897,0.10296840635539845,-0.2281099005034768,0.185325502405291,0.836247688267656,0.1158531418896333,-0.25397708644681843,0.21119268834863264,0.854236445525339,0.8336332733453309,0.15845733327304587,0.11522176723644463,-0.18658295367671965,0.0898034721214404,0.04163287759346584,0.03563874523141774,0.9403140672520754,0.9868576288489076,0.9373743029171943,0.4344427289242994,0.2098097276932803,0.22769198342294664,False
Macrophage_Alveolar,Interferon signaling,29,26,16,-0.3635781900312375,0.08485435797430736,-0.533930421941027,-0.19322595812144788,8.112497165577861e-05,0.08540880565517932,-0.5350435221066349,-0.1921128579558401,8.891936736707096e-05,0.0001999600079984003,0.028844351321845294,0.7416976597648693,-0.3734142876084808,0.07883312576220422,1.1946875606552867e-05,2.4625272221400043e-05,0.004104923565782397,0.003749433323978159,0.010117976404719056,0.8615759178447763,0.0004579635649178599,0.0008091160872745728,True
Macrophage_Alveolar,Nrf2 signaling,29,26,16,-0.0030693823619498475,0.09637754212121051,-0.19655537174742294,0.19041660702352325,0.9747179898506008,0.091361400081918,-0.18648504639974028,0.1803462816758406,0.9733304150186515,0.9752049590081984,0.031332918404987684,0.745384383405202,-0.04132621464216085,0.08692105749324139,0.6360393761462128,0.6287853019605412,0.9922402964158187,0.9922158780507477,0.991001799640072,0.8615759178447763,0.881259376588126,0.903878871568278,False
Macrophage_Alveolar,Amino acid met,29,26,16,-0.5448159331270814,0.18361679946814824,-0.9134420396966733,-0.1761898265574896,0.004567152018632419,0.18826859963114456,-0.9227809182066572,-0.16685094804750566,0.005586489924588768,0.002999400119976005,0.15964212308053816,0.3629823661225657,-0.6684620122086642,0.15765304651385004,7.10728302016071e-05,7.480516987714893e-05,0.06081523477442116,0.07066909754604792,0.05733519962674132,0.6908025197483859,0.0018163056607077368,0.0017205189071744253,True
Macrophage_Alveolar,mRNA splicing,29,26,16,-0.0676651131700061,0.10754123755947732,-0.28356315633409257,0.1482329299940804,0.532025566442018,0.09423670718271289,-0.2568531970780263,0.12152297073801406,0.4760131424319158,0.528494301139772,0.3197983990789003,0.002968275044286509,-0.35652677498095015,0.09376062572128972,0.00031530038325315726,0.0005236181312585649,0.8103764872404929,0.8481079227836247,0.8019984238446428,0.08533790752323714,0.005578391396017398,0.009264013091497686,False
Macrophage_Alveolar,Fatty acid met,29,26,16,0.08153230243360428,0.1358066871267685,-0.19111099854245672,0.35417560340966525,0.5509278885587541,0.15049978270437675,-0.22060861875976245,0.383673223626971,0.5903541952218053,0.5388922215556888,-0.044330746990966785,0.749575045877334,0.08408213502550146,0.12511138007359443,0.5038925114285407,0.5357691601554098,0.8103764872404929,0.8965986109384838,0.8019984238446428,0.8615759178447763,0.8224905511563118,0.8664662708531544,False
Macrophage_Alveolar,Adaptive immunity,29,26,16,-0.29067570233683987,0.21828593674207913,-0.7289030062284272,0.1475516015547474,0.18890371339093837,0.21362347221658753,-0.7195427181173769,0.13819131344369717,0.1795943727627324,0.1921615676864627,0.5575224973441631,0.011318584701263151,-0.7862264530261027,0.19355101071582761,0.00013157986968588317,5.2781480192142277e-05,0.5430981759989478,0.5222686932065667,0.5381429208663763,0.1446263600716958,0.003026337002775313,0.0015174675555240905,False
Macrophage_Alveolar,Translation,29,26,16,-0.15961053711376996,0.16547846173165567,-0.491822411223072,0.17260133699553212,0.33932693487536314,0.1561763071732254,-0.4731475567025979,0.153926482475058,0.31160939991094805,0.3395320935812837,0.39895412588113954,0.00996921337515994,-0.5334332360288345,0.1360078743972633,0.00021162048041527043,1.1596271964188043e-06,0.686797716187735,0.7167016197951805,0.6891377629985814,0.13487759272275213,0.00405605920795935,4.445237586272083e-05,False
Macrophage_Alveolar,Cholesterol met (salmon),29,26,16,0.31931005877886326,0.14444176101988496,0.029331123599503683,0.6092889939582229,0.031571608251515254,0.15053423602975094,0.01709996964864191,0.6215201479090846,0.038788433230643356,0.033793241351729654,0.2578703181679558,0.07744215975353042,-0.0031851949672647706,0.13005284043762022,0.9805344277790754,0.9808895545635679,0.1948199240886185,0.25162752839366076,0.21223072458678993,0.34410556527186587,0.9891356069701198,0.9894938489018447,False
Macrophage_Alveolar,Heat stress response,29,26,16,0.037259967922517484,0.07599811624639574,-0.11531261682832286,0.18983255267335783,0.6260420884658335,0.07342455549410207,-0.11014597803009626,0.18466591387513123,0.6140201817840054,0.6310737852429514,0.17392767268052606,0.019840964280790217,-0.15396913785224048,0.06590443421779718,0.022524896710749552,0.01956299109357889,0.8424928105417866,0.8965986109384838,0.8322428778493005,0.1629793494493482,0.1569917043476484,0.15403796290649366,False
Macrophage_Alveolar,OxPhos,29,26,16,-0.09183710670204961,0.20062850811259836,-0.49461564345158104,0.31094143004748187,0.6490784719722646,0.26460053874910533,-0.6230448539115799,0.43937064050748076,0.7299606624334689,0.6524695060987803,0.2587302245584523,0.1894739052503569,-0.3227066731453001,0.17653652371934772,0.07207138500460274,0.08037172905411064,0.8464786258194997,0.9539546258743501,0.8413761692106022,0.5178722429051595,0.29600747412604694,0.3487829751404801,False
Macrophage_Alveolar,Innate immunity,29,26,16,-0.40513510826253674,0.1547410130090535,-0.7157906545817442,-0.0944795619433293,0.011609908265868238,0.156510655640906,-0.7193433604087103,-0.09092685611636325,0.012526838274577639,0.012397520495900819,0.13104330488981655,0.42454497157201326,-0.5152139916993725,0.14752756476036494,0.0008594602276125485,0.0016672006239825232,0.09831656699787995,0.127070954896845,0.10455242284876358,0.7232988404560226,0.013178390156725745,0.02602644789897194,True
Macrophage_Alveolar,Chromatin modification (2),29,26,16,-0.30281297905455407,0.2056167857662083,-0.715605901063302,0.10997994295419389,0.14697554493980072,0.15507940870365075,-0.6141478830781797,0.00852192496907156,0.05636214272332062,0.14877024595080984,-0.13911143851878607,0.4753013993427428,-0.12488182895939368,0.17527357235715493,0.478668663421196,0.4101662127861319,0.4706938337945517,0.3099917849782634,0.47644142057664424,0.7680267408794055,0.8095131807858462,0.75828331106758,False
Macrophage_Alveolar,Composite,29,26,16,-0.12921637467094804,0.09614787939276237,-0.3222412968901422,0.06380854754824611,0.18491834731517137,0.10744416685373832,-0.34491954026161975,0.0864867909197237,0.23467047310864558,0.1925614877024595,0.201630876179868,0.037952285366237064,-0.3143146431411534,0.08612226431677988,0.0005199173725517173,0.00010631033092959912,,,,,,,False
NK,Muscle contraction,23,15,15,0.34419272499041176,0.13922580495035822,0.06125184732470662,0.627133602656117,0.018591058952575165,0.15366615200411543,0.03190553131206625,0.6564799186687573,0.03174588976008864,0.020195960807838434,-0.17277398091598767,0.2030887834975441,0.4830565637348995,0.11858364973568501,0.00017260432715170647,9.059332730737954e-05,0.1383393504412211,0.229477431694355,0.14598794526808925,0.5178722429051595,0.0036089995677174988,0.0018942241164270268,False
NK,Respiration,23,15,15,0.578084795137733,0.3573622392014586,-0.14816265331691636,1.3043322435923823,0.11498083030382603,0.4648817420060783,-0.3666685725361758,1.5228381628116419,0.2221864061276072,0.11697660467906419,0.7331071945980017,0.028057022405581052,-0.22105285708380373,0.2866500430648536,0.4443921783393896,0.4430084529819467,0.41021781138726604,0.6090773872393167,0.4227868711971891,0.19175844135580972,0.7862323155235355,0.7778011006553261,False
NK,Chromatin modification (1),23,15,15,0.8253117022248229,0.3653613816761173,0.08280804039679812,1.5678153640528476,0.0304167924710307,0.33958534608563434,0.13519124719753528,1.5154321572521106,0.020512513288060842,0.03219356128774245,0.49114712757795875,0.15584908402247485,0.21740873356471124,0.30170253575537764,0.4746467478923136,0.4466829247922814,0.19238621237926917,0.16740857618965785,0.20884541040509846,0.49924832796876184,0.8095131807858462,0.7783111568350357,False
NK,Heme metabolism,23,15,15,0.30650791773027364,0.11386013112936354,0.07511629141242915,0.5378995440481181,0.010941304655389785,0.12132127697780835,0.05995341872870846,0.5530624167318388,0.016345630980904458,0.013597280543891222,0.2564297408355225,0.016207093664330454,0.06626362812567799,0.09113540793071309,0.4707023931081708,0.41372393984238826,0.09831656699787995,0.14260153924720095,0.10750349930013998,0.1596986206536288,0.8095131807858462,0.75828331106758,False
NK,VEGF signaling,23,15,15,0.12845792164823314,0.19406762899552318,-0.2659349518142269,0.5228507951106932,0.5124819491758569,0.17078283505186834,-0.21861455717163988,0.47553040046810613,0.4571241012473928,0.5122975404919016,0.01369214059126505,0.936277444726114,0.07381063323098702,0.1508880135664381,0.6269457946800877,0.5838508107310719,0.8102276250963018,0.847289462921366,0.8019984238446428,0.9778481684951422,0.8792532486367084,0.893907643616406,False
NK,Protein processing in ER,23,15,15,-0.0030973679178601422,0.03493894430409214,-0.07410184564120897,0.0679071098054887,0.92987950544713,0.03359963575411829,-0.07138004319424233,0.06518530735852206,0.9270924296058344,0.9296140771845631,0.01892829603011039,0.5911396589655945,-0.016861564439576256,0.030998613409883878,0.5889966195677138,0.6450445334558281,0.9902287330629412,0.9922158780507477,0.988628324755217,0.7927385892863953,0.8654708493008808,0.9055842038070611,False
NK,Lipid met,23,15,15,0.6926822498821927,0.3856969092960995,-0.09114817629561967,1.4765126760600051,0.08139824209478012,0.4167243535918182,-0.15420352960375527,1.5395680293681409,0.10566514431112496,0.08038392321535692,0.2201299969192998,0.5431117722999697,0.34088678566151187,0.3183196078384509,0.2895720790105742,0.24719747690739985,0.33215734274160275,0.44488684259386224,0.3333956159587754,0.779754873839292,0.6224446558171222,0.5984781019863364,False
NK,Cholesterol met (darkred),23,15,15,0.03658711452732041,0.05682347701348755,-0.07889208463368125,0.15206631368832207,0.5239775847758693,0.0684173903861337,-0.10245375142674668,0.1756279804813875,0.5962936947454802,0.5298940211957609,0.07655084794030777,0.148152915705277,-0.030612718046242535,0.04612970330455606,0.5101067910945227,0.45473768462869363,0.8102276250963018,0.8965986109384838,0.8019984238446428,0.49924832796876184,0.8224905511563118,0.7858178443018236,False
NK,Cell cycle,23,15,15,0.8571635580363579,0.29184522633014587,0.2640626992563321,1.4502644168163839,0.005909644264933302,0.3631015516444435,0.11925242338219355,1.5950746926905222,0.02411725424834813,0.0061987602479504095,0.6258101426579863,0.01745359282326171,0.26248567731489525,0.2251162515445238,0.2493753003343708,0.2071498515452438,0.07119714281086312,0.19067704140100242,0.07258548290341932,0.1596986206536288,0.5832849121205811,0.5740297091012779,False
NK,ECM organization,23,15,15,0.3341949672279626,0.11964589657338635,0.09104525085430254,0.5773446836016227,0.008509057927091496,0.11662589929140438,0.09718262374876485,0.5712073107071604,0.007091318950136367,0.007798440311937612,-0.05290235216301892,0.6585917107475702,0.335236857968005,0.10538040508342189,0.0025711501932198445,0.0024638658116023456,0.08398113557870866,0.0854335092564048,0.07892021595680863,0.8252254636517078,0.034786149672974366,0.03541807104178372,True
NK,Apoptosis,23,15,15,0.04120311604807126,0.2921767776971884,-0.5525715361771836,0.6349777682733261,0.8886854278444827,0.2484350712863267,-0.4636776934955221,0.5460839255916646,0.8692567862726207,0.8924215156968607,0.024653560202830202,0.9318691104626425,-0.08441525718500557,0.2540643542500627,0.7411400692521392,0.7359902923323186,0.9686821063480727,0.9883935700597479,0.9721868392278992,0.9778481684951422,0.9264250865651739,0.9242340306838718,False
NK,Interferon signaling,23,15,15,-0.19134827191342257,0.18902111658276835,-0.5754853982338579,0.19278885440701277,0.31853929882308885,0.13454943639215103,-0.46478562525316514,0.08208908142631999,0.16409495999905024,0.3171365726854629,-0.14368570218885202,0.3905816102721808,-0.043430428365516915,0.14688278293148319,0.7687491900858331,0.7400758247465363,0.666036715721004,0.5028833074563211,0.6576684663067387,0.6962678978554263,0.933769918170863,0.9242340306838718,False
NK,Nrf2 signaling,23,15,15,0.380456652793235,0.18648972307368927,0.0014639370325481016,0.7594493685539219,0.04916987405862133,0.17882818203199496,0.017034061747443707,0.7438792438390263,0.04071296669460925,0.052789442111577684,0.35715369867619856,0.03495183563622859,0.00970259008032165,0.14574155057133256,0.9471974141515511,0.9440922995544424,0.2591662111839833,0.2533298402887889,0.26187703635743437,0.22330339434257154,0.9769300684074295,0.9744720324414987,False
NK,Amino acid met,23,15,15,0.21216622018038983,0.31168672928599184,-0.4212574240382652,0.8455898643990449,0.5006689193872795,0.2929601111564589,-0.38320035716643236,0.807532797527212,0.4738877380276761,0.4913017396520696,0.08582113850490622,0.7558087514839723,0.1302206950140714,0.24301980916203794,0.5945408443023442,0.5341603255216405,0.8102276250963018,0.8481079227836247,0.8019984238446428,0.8615759178447763,0.8654708493008808,0.8664662708531544,False
NK,mRNA splicing,23,15,15,0.014400783826333731,0.2008497469477616,-0.39377501160610795,0.42257657925877545,0.943261333116667,0.25272215643703283,-0.49919243097575977,0.5279939986284272,0.954892566986601,0.9468106378724255,0.08720401887567748,0.6609644558613831,-0.07939880738040925,0.17500894655853416,0.6521007027774939,0.6849828032758275,0.9902287330629412,0.9922158780507477,0.991001799640072,0.8252254636517078,0.88225389199308,0.9114772717232472,False
NK,Fatty acid met,23,15,15,0.2990219998739246,0.4176976762828222,-0.5498418093066106,1.1478858090544597,0.47895272456872445,0.38410669284565274,-0.48157671765384064,1.0796207174016899,0.4416665120472839,0.4903019396120776,0.23647245646070209,0.5096545477372222,-0.013877255090559149,0.3152596911096872,0.9650722790200836,0.9580182054546102,0.8102276250963018,0.8401626131425777,0.8019984238446428,0.779754873839292,0.9865183296649743,0.9817494699341428,False
NK,Adaptive immunity,23,15,15,0.6839318979261452,0.32616890062724346,0.0210769405162331,1.3467868553360574,0.04351815923575759,0.4258313647299702,-0.18146155494160754,1.549325350793898,0.11749896425521955,0.04299140171965607,0.9002079487034852,0.003843107163937689,-0.2045255947742951,0.2624224356922298,0.4395844874614162,0.3781434325214093,0.2560487043406202,0.44488684259386224,0.2506498700259948,0.09821273863396315,0.7837552877219048,0.7476571599357476,False
NK,Translation,23,15,15,0.13202097336143198,0.26333639682532656,-0.4031429731903498,0.6671849199132138,0.619362846153256,0.28524633459567733,-0.44766932392363806,0.7117112706465021,0.6464339377641357,0.6174765046990602,0.45435764821759783,0.07615003183095244,-0.3047345705147865,0.22200915993671655,0.1762497807943934,0.2173118355916547,0.8414370806279755,0.9035789295819134,0.8322428778493005,0.34410556527186587,0.5004623405272899,0.5825854567871184,False
NK,Cholesterol met (salmon),23,15,15,0.3623773218893983,0.25389770493395614,-0.15360489489100426,0.8783595386698009,0.16262604168133682,0.3211795993633978,-0.29033815542173147,1.015092799200528,0.26710470961916594,0.16216756648670266,0.14260069526662633,0.5562834453553642,0.12886181902741362,0.2131541431846016,0.5483268468420284,0.5480701715448095,0.495715524643111,0.6435951574633236,0.5003462722089729,0.779754873839292,0.8311480498533977,0.8664662708531544,False
NK,Heat stress response,23,15,15,0.13940536373136483,0.09569067518547134,-0.05506148550721454,0.3338722129699442,0.15433652287218358,0.08069068276151019,-0.024577833263812132,0.3033885607265418,0.0931255710462967,0.15316936612677465,0.10162071769582892,0.2818764448478233,0.007498999687011329,0.08269708519387137,0.9281239530223576,0.9261045975738664,0.48156782099717066,0.4159457641361226,0.4821652953359946,0.6273552492673996,0.9681753145448037,0.9744720324414987,False
NK,OxPhos,23,15,15,0.6088931800594659,0.19539636453707734,0.21179999108834707,1.0059863690305848,0.0037115114860671763,0.2737320674335563,0.052602688993433566,1.1651836711254981,0.032864425073024485,0.003799240151969606,0.5635866223316655,0.0075940362047271105,0.023882739745379244,0.17908738811757993,0.8944677834575461,0.9135615361064042,0.05523602388088209,0.23096387620764428,0.05951750826305327,0.12063127447653053,0.9596618617452899,0.9682910290528709,False
NK,Innate immunity,23,15,15,0.3633217516001489,0.30769963741585693,-0.2619991470572792,0.988642650257577,0.2458895588092855,0.3776885774166613,-0.4042337860868811,1.130877289287179,0.34286104426257985,0.2523495300939812,0.45849959030453646,0.114952444344949,-0.03388426604376504,0.2529383844949056,0.8939923150853478,0.8789342641848671,0.5814024147546657,0.7609109140213395,0.5966769262969835,0.4344427289242994,0.9596618617452899,0.9668857148915705,False
NK,Chromatin modification (2),23,15,15,0.3682233160583664,0.19029753236787922,-0.01850779923296697,0.7549544313496998,0.06134618385950563,0.23366106063010253,-0.10663309144851402,0.8430797235652467,0.12431228780967718,0.0647870425914817,-0.2164348613738139,0.356729852809789,0.4227768983473942,0.20599221605786922,0.045605899556973334,0.05797404644714274,0.28792555104387924,0.4457043529939476,0.2926986031365155,0.6906764643178763,0.2098097276932803,0.3030461518827916,False
NK,Composite,23,15,15,0.15469885203974523,0.15598537976403004,-0.16230157951954396,0.47169928359903446,0.3283243755048598,0.14049869399892517,-0.13082884740588077,0.44022655148537126,0.2786005849598342,0.3265346930613877,0.31800993906991176,0.026913066182928578,-0.1436307257680275,0.12338146622079145,0.2501294445406967,0.20720825078246266,,,,,,,False
T,Muscle contraction,24,10,17,-0.2815204070227631,0.300649223515664,-0.895528035217158,0.3324872211716318,0.3565573754959667,0.32538333137700726,-0.9460418224335634,0.38300100838803713,0.39379734525935894,0.35552889422115574,0.25122503945036545,0.3565089426514474,-0.46514129410197713,0.21086260731908765,0.032425483286249994,0.04101907401686045,0.7108606655349824,0.8233944491786596,0.697277598743817,0.6906764643178763,0.18814393348692138,0.24190735958661294,False
T,Respiration,24,10,17,-0.2037457125143513,0.3767211990285494,-0.9731130409951343,0.5656216159664318,0.5926116802782132,0.40504477938911954,-1.0309575090293615,0.6234660840006587,0.6186232961528444,0.5922815436912617,0.024097146330123775,0.9418606592288058,-0.2059828672709515,0.2568924203225397,0.4267768344670213,0.4384222662587776,0.8243770191428826,0.8965986109384838,0.8322428778493005,0.9778481684951422,0.7730377152241286,0.7756701633809143,False
T,Chromatin modification (1),24,10,17,0.29268930634156864,0.370908566841457,-0.46480704352490565,1.050185656208043,0.43623750401200484,0.3985723826678728,-0.5213040926233848,1.1066827053065222,0.468440289007176,0.4403119376124775,0.22288093795623365,0.5507920850093357,0.043459997381594784,0.28991716362660563,0.8814950189250278,0.8996240999425916,0.7997687573553423,0.8481079227836247,0.8007655611734796,0.779754873839292,0.9596618617452899,0.9668857148915705,False
T,Heme metabolism,24,10,17,-0.12670779396958143,0.13906717947833325,-0.41072086419368214,0.1573052762545193,0.36949207629874425,0.24810593200487177,-0.6334077051480788,0.3799921172089159,0.6132986531046242,0.3705258948210358,-0.06207699985587899,0.622791257423447,0.02633991531051881,0.09799233969338966,0.7892888507610829,0.7685810843304048,0.7230139757919489,0.8965986109384838,0.7055957229606711,0.8092767751830102,0.9357548230672632,0.9242340306838718,False
T,VEGF signaling,24,10,17,-0.44761224676656686,0.24200432996668297,-0.9418510241631597,0.04662653063002603,0.07424460113905736,0.27739652845016116,-1.0141315362939136,0.11890704276078001,0.1170812163605172,0.0631873625274945,-0.07074050769140205,0.7468776472095439,-0.2540162839030049,0.17031570342644656,0.1426715216121144,0.2110101291774609,0.3130647348030252,0.44488684259386224,0.2915816836632673,0.8615759178447763,0.4541545940704664,0.5777658298906667,False
T,Protein processing in ER,24,10,17,-0.04812566405808797,0.03967110121422891,-0.12914486137904627,0.03289353326287033,0.23455114466784097,0.04522883546993001,-0.14049526896890646,0.04424394085273053,0.29579678608757975,0.23475304939012198,0.10753329709998441,0.08000119816251808,-0.09311720004455616,0.0469579778313535,0.05335791553030774,0.05949925850118544,0.5814024147546657,0.6865741915610796,0.5879880627648055,0.34410556527186587,0.24063373670530944,0.3041073212282811,False
T,Lipid met,24,10,17,0.3942833253155678,0.20386678249333093,-0.022068189325317344,0.8106348399564529,0.06259251109649548,0.23939573842488962,-0.09462799742548011,0.8831946480566157,0.10999623461237723,0.05598880223955209,0.15983423583836895,0.3926642104170353,0.22625612162360767,0.1448031847104968,0.1250226533839541,0.14852502797708023,0.28792555104387924,0.44488684259386224,0.2724070570501284,0.6962678978554263,0.42131167988559465,0.48801080621040643,False
T,Cholesterol met (darkred),24,10,17,-0.044728930718956166,0.0555947343095992,-0.158268525314836,0.0688106638769237,0.42740768457666223,0.07002478908715452,-0.18773862872995536,0.09828076729204302,0.5278270343014778,0.42711457708458306,0.02781762906056262,0.6195850681456374,-0.08394211410252525,0.043509156946641425,0.05987597929587167,0.09526774783088779,0.7893003226123763,0.8728120240410059,0.7887590365138651,0.8092767751830102,0.2648360622702016,0.37138274578142694,False
T,Cell cycle,24,10,17,0.9487929254480629,0.4597935267764618,0.009769270126889329,1.8878165807692366,0.047808264389276836,0.41923794759034416,0.09259481244804113,1.8049910384480847,0.031024265483905293,0.04359128174365127,0.5485035399092535,0.14986212655905534,0.4069126632338296,0.2927973395602398,0.17129707715172407,0.20659339168998328,0.2591662111839833,0.229477431694355,0.2506498700259948,0.49924832796876184,0.4924790968112067,0.5740297091012779,False
T,ECM organization,24,10,17,0.18313988644971083,0.15634880583629462,-0.1361669732853439,0.5024467461847656,0.2506759692645131,0.2059155273976701,-0.23739572347929375,0.6036754963787154,0.3808683661595373,0.2549490101979604,-0.07886425560724007,0.6015090239551494,0.20409862118216765,0.11724122805195888,0.08839672927329109,0.09198403404202879,0.5818442222378147,0.8029974719863578,0.5972416627785554,0.7950981351131285,0.34549925877881243,0.36476427292528657,False
T,Apoptosis,24,10,17,0.28524458180201395,0.22756087910762232,-0.17949673373117891,0.7499858973352068,0.21970972616219414,0.24479848974012205,-0.21470063113837845,0.7851897947424064,0.2531107743328887,0.21575684863027395,-0.06792588984330533,0.8192594297762796,0.30036514654762325,0.23106948706241193,0.20011455274687015,0.34735694430526587,0.561480411303385,0.634029959467533,0.5627472443655599,0.9191216658531953,0.523026671952047,0.7262917926382831,False
T,Interferon signaling,24,10,17,-0.9546757370951844,0.26667816970535785,-1.4993052177812638,-0.41004625640910486,0.0011937292196853128,0.2849604901245839,-1.536642697210723,-0.3727087769796458,0.002192177386901831,0.0007998400319936012,-0.7329111751970966,0.015077756804040079,-0.11228998233772347,0.22690676558284847,0.6230454547483308,0.6690926262005978,0.030201349258038416,0.03697472525907755,0.02890850401348302,0.1596986206536288,0.8792532486367084,0.9105994321073225,False
T,Nrf2 signaling,24,10,17,0.12642142291408465,0.2150817815784558,-0.3128341754557946,0.5656770212839639,0.5610767230819903,0.16684094521583243,-0.2143132440834737,0.467156089911643,0.4545201949657271,0.5770845830833833,-0.02361338739433383,0.9021715451314372,0.0981428794502657,0.14935435829951035,0.5143819603821339,0.533751491547087,0.8159490172913337,0.847289462921366,0.8248723136728586,0.9606456267603266,0.8224905511563118,0.8664662708531544,False
T,Amino acid met,24,10,17,-0.16880653981285487,0.2184097743890687,-0.6148588062346174,0.2772457266089076,0.4456351455154465,0.2509887156116459,-0.6813938805489437,0.34378080092323393,0.506371012162685,0.44311137772445514,-0.11790794233133162,0.5393706714529204,0.003939401405379961,0.1490583855336675,0.9790298218316961,0.9783482073857436,0.8065073800129485,0.8659056769450054,0.8007655611734796,0.779754873839292,0.9891356069701198,0.9894938489018447,False
T,mRNA splicing,24,10,17,-0.11635998630657086,0.24931044340161002,-0.6255198379339276,0.3927998653207859,0.6440668356660915,0.22954074887835013,-0.5851447353395846,0.35242476272644285,0.6159133359350083,0.6436712657468506,-0.13517135142056905,0.5453627554147962,0.025293196273220436,0.17344809604057704,0.884696115624801,0.896172521532527,0.8464786258194997,0.8965986109384838,0.839426959968831,0.779754873839292,0.9596618617452899,0.9668857148915705,False
T,Fatty acid met,24,10,17,-0.19077077282025012,0.2780367429798503,-0.758597554847705,0.3770560092072047,0.49789690249850166,0.2726804839850207,-0.7476586146337487,0.3661170689932485,0.48955878007011633,0.5032993401319736,-0.3608974675615238,0.16237733582021358,0.15966665457358403,0.1986999523225729,0.4257860875591279,0.45782430928888845,0.8102276250963018,0.8659056769450054,0.8019984238446428,0.49924832796876184,0.7730377152241286,0.7858178443018236,False
T,Adaptive immunity,24,10,17,0.6487791329315707,0.5028308542738786,-0.3781384709303931,1.6756967367935345,0.20681956246286173,0.527984718161036,-0.42950951431668505,1.7270677801798264,0.22870494777760905,0.20315936812637472,0.5578450539824398,0.20033598121868348,-0.029524556914251487,0.3356584597973845,0.9302901935408766,0.9383358820038719,0.560046521454867,0.6090773872393167,0.5494922292137316,0.5178722429051595,0.9681753145448037,0.9744720324414987,False
T,Translation,24,10,17,0.5684956584286214,0.21386952926789676,0.13171580956268442,1.0052755072945583,0.012476501036771944,0.2161216809542478,0.12711630220623726,1.0098750146510054,0.013328652962589215,0.010997800439912017,0.6091805637092813,0.012603923142165904,-0.010343552106214737,0.18341637579163148,0.9552723164745691,0.9604070901529658,0.10042881001293821,0.12969804613596428,0.09594632797578415,0.15257380645779778,0.9808599678087093,0.9817494699341428,False
T,Cholesterol met (salmon),24,10,17,0.17004273540290651,0.3147628082564538,-0.472788678167277,0.81287414897309,0.5930301086324293,0.4493779094232302,-0.747709391482389,1.087794862288202,0.7078011146659051,0.6036792641471705,-0.16342475046042435,0.5853349264009838,0.14115906279639906,0.2325093281220712,0.5467622113531311,0.6024160206980127,0.8243770191428826,0.952771907913822,0.8322428778493005,0.7927385892863953,0.8311480498533977,0.893907643616406,False
T,Heat stress response,24,10,17,0.046316699038537114,0.1284241831686466,-0.21596047296977486,0.3085938710468491,0.7208852423278926,0.11901699873603651,-0.1967484393117095,0.2893818373887837,0.6999062161468085,0.730253949210158,0.11449860740415102,0.35070920531945393,-0.14398229995724443,0.09494114446205837,0.13622484619036854,0.18058228748592067,0.8726505565021858,0.952771907913822,0.8755390431347692,0.6906764643178763,0.44129175526457415,0.5454386384192504,False
T,OxPhos,24,10,17,0.0352034349809613,0.25406360636349506,-0.4836636704437645,0.5540705404056872,0.8907226003026444,0.26098331244106554,-0.497795595571687,0.5682024655336096,0.8936016262952764,0.8980203959208158,-0.04406901384467116,0.838866778923101,0.1711726945480076,0.16846838234500483,0.3149189972030537,0.3230756003578274,0.9686821063480727,0.9883935700597479,0.9721868392278992,0.9320741988034456,0.6468634719841646,0.6817191567183514,False
T,Innate immunity,24,10,17,0.3375836991948946,0.2674337855811261,-0.2085889549818104,0.8837563533715996,0.21656324381862552,0.24460200848939354,-0.16196024549895532,0.8371276438887445,0.17774415572769892,0.22755448910217957,0.5317229223524622,0.05960294611403346,-0.1501802458635053,0.21521707682467342,0.4888095428823489,0.5621599228287856,0.561480411303385,0.5222686932065667,0.5757128574285143,0.30932041988224473,0.8206291595835055,0.877350262488412,False
T,Chromatin modification (2),24,10,17,0.15857627620717635,0.2612698312224786,-0.3750079037609649,0.6921604561753176,0.5484541718052924,0.2724192064572349,-0.39777796570787477,0.7149305181222274,0.5648460555366931,0.5504899020195961,-0.41751964271285497,0.0852783357412885,0.41379947916876303,0.1855908742230789,0.030694694428386137,0.029350226658268978,0.8103764872404929,0.8876152301290892,0.8045236666952323,0.34410556527186587,0.18814393348692138,0.19854565092358425,False
T,Composite,24,10,17,0.12315601572798623,0.16635797965016685,-0.21659230399747137,0.46290433545344384,0.4648684178273617,0.1945931511349159,-0.2742562170197165,0.5205682484756889,0.5316006656543718,0.4631073785242951,0.3273125120188948,0.04711873375123021,-0.12094880613675685,0.1254327381676355,0.339961467907524,0.3817377588539684,,,,,,,False
T_Cytotoxic,Muscle contraction,28,13,15,0.1818398022473166,0.11321429222515712,-0.047554143366471846,0.41123374786110506,0.11674182774657374,0.12679082005378575,-0.07506280172694413,0.43874240622157734,0.1599214293212851,0.1247750449910018,-0.04908909432671554,0.663768307719852,0.23427990904908663,0.09081103903783025,0.01280810729719372,0.009203397264195471,0.41021781138726604,0.4995076742998165,0.43243953948936237,0.8252254636517078,0.12451516445047058,0.0920339726419547,False
T_Cytotoxic,Respiration,28,13,15,-0.43170037791902716,0.3282670864463411,-1.0968326743371286,0.2334319184990743,0.1965724804292319,0.4398079110315415,-1.3228358524317136,0.4594350965936592,0.3326889157347248,0.20415916816636673,-0.12516985646984785,0.6976513367581362,-0.3277304751276376,0.25915408464870165,0.21175751386764644,0.25085181973339815,0.5465146983362161,0.7515204971507623,0.5494922292137316,0.844525302391428,0.5308733917521815,0.6009991514445998,False
T_Cytotoxic,Chromatin modification (1),28,13,15,-0.26099787271824976,0.37750345895695053,-1.0258925360242417,0.5038967905877421,0.4936430528888815,0.359410482922321,-0.9892326843491088,0.46723693891260937,0.4722955018769512,0.49250149970005996,-0.37170479559590774,0.3245388883855442,0.1141075611340916,0.3022486569906452,0.7073472938724095,0.7370162119419797,0.8102276250963018,0.8481079227836247,0.8019984238446428,0.6856605916881372,0.9139880763519898,0.9242340306838718,False
T_Cytotoxic,Heme metabolism,28,13,15,0.016819394424465613,0.104001872417844,-0.1939084156094849,0.22754720445841614,0.8724046562196077,0.18686751870236878,-0.3618101635552251,0.39544895240415634,0.928767093004749,0.8694261147770446,0.060819745406008784,0.5341101184405475,-0.0024475914343314933,0.07859013537656263,0.9752764623386421,0.9748426325801911,0.9680630615068454,0.9922158780507477,0.9647579256078609,0.779754873839292,0.9891356069701198,0.9894938489018447,False
T_Cytotoxic,VEGF signaling,28,13,15,-0.3521334161366903,0.1269497531325384,-0.6093580491172457,-0.09490878315613493,0.00863047243101354,0.12717051019375974,-0.6098053454108527,-0.09446148686252781,0.008736441461787578,0.008998200359928014,-0.3316181274716977,0.007647288247239644,-0.04730464700915271,0.09658092246455059,0.62638080338452,0.6016686431017231,0.08398113557870866,0.09610085607966336,0.08619016937353272,0.12063127447653053,0.8792532486367084,0.893907643616406,False
T_Cytotoxic,Protein processing in ER,28,13,15,-0.05976331294434899,0.040118597737052834,-0.14105131330646212,0.021524687417764143,0.14478773015158852,0.029610315800768214,-0.11975951164777729,0.0002328857590793154,0.0508504491785606,0.13897220555888823,-0.03389412817761928,0.38112425761164304,-0.017518899701706586,0.031032960180743727,0.5748711302521939,0.5747645637783251,0.469631996517332,0.2858925253816852,0.4566229611220613,0.6957570286545585,0.8530345803742233,0.8872204675772802,False
T_Cytotoxic,Lipid met,28,13,15,0.5367896461579804,0.19562867706412485,0.14040829513829506,0.9331709971776658,0.009307880595711063,0.1760833927599328,0.1800108028832102,0.8935684894327507,0.004231326834240764,0.009798040391921616,0.26652062574940316,0.15905088952162647,0.21905139745260016,0.15084799724854664,0.15258923939747504,0.10244342814766479,0.08721828854499626,0.0663685691904737,0.08853229354129175,0.49924832796876184,0.4679403341522568,0.38003207216069196,False
T_Cytotoxic,Cholesterol met (darkred),28,13,15,0.03608709779194244,0.05230053406452129,-0.06988385014198778,0.14205804572587266,0.49450288185269337,0.07256761053422207,-0.11094884773253011,0.183123043316415,0.6219274456692753,0.4921015796840632,0.10161309344281863,0.046659496819732124,-0.06963652460478344,0.04031330353683319,0.09015114377169656,0.0769943701583247,0.8102276250963018,0.8965986109384838,0.8019984238446428,0.2617483967936192,0.34557938445817016,0.3405520218541285,False
T_Cytotoxic,Cell cycle,28,13,15,0.6548669373688469,0.3927084573167828,-0.14083597901420697,1.450569853751901,0.10384552738002925,0.4756380247958903,-0.3088672436026385,1.6186011183403324,0.1768428236637253,0.10117976404719056,0.3929135842028524,0.2675738099789978,0.16278116095563355,0.28354226032286617,0.5684247355065288,0.6245378518126438,0.3921331108529462,0.5222686932065667,0.38584223453816696,0.615419762951695,0.8489460335487119,0.9034195340686042,False
T_Cytotoxic,ECM organization,28,13,15,0.11618802390737927,0.16417869976874258,-0.21646962015396592,0.44884566796872444,0.483570536699116,0.17293079943372233,-0.2342030585308275,0.466579106345586,0.5058366193366849,0.47470505898820237,-0.1998015799444256,0.18467620709898735,0.30147304432189825,0.12019089430529346,0.015354389426896563,0.010972139351440013,0.8102276250963018,0.8659056769450054,0.8019984238446428,0.5178722429051595,0.1307966506735633,0.1016746820488121,False
T_Cytotoxic,Apoptosis,28,13,15,0.08868665168954108,0.2578089676413826,-0.43368393544674383,0.611057238825826,0.7327926174519925,0.2656931232348088,-0.4496587520874928,0.6270320554665749,0.7404198213073587,0.728254349130174,-0.12099704431597563,0.6344374383600127,0.059770039698218036,0.20460341669293422,0.7713751497933216,0.7795713128377005,0.8765862759231547,0.9539546258743501,0.8755390431347692,0.8151989431441504,0.933769918170863,0.9242340306838718,False
T_Cytotoxic,Interferon signaling,28,13,15,-0.4284068667631883,0.2839743046232732,-1.0037934624847968,0.14697972895842026,0.13989063510865668,0.2729829575284592,-0.9815228778427477,0.12470914431637115,0.1250790872038351,0.1365726854629074,-0.4272740863932019,0.12990535119746893,-0.07041225183041494,0.2245269044645968,0.7551018640611338,0.7871841325932689,0.4596406582141576,0.4457043529939476,0.4546432818699418,0.474257631355839,0.9314500715433695,0.9284735922894967,False
T_Cytotoxic,Nrf2 signaling,28,13,15,0.11376731721585018,0.2631284519402671,-0.4193815689140362,0.6469162033457366,0.6679863421104862,0.3086172717480164,-0.5115506727605871,0.7390853071922875,0.7145003184851452,0.6568686262747451,-0.09356893733308475,0.695827446377095,0.1772162348688895,0.19250302398402763,0.3615990610271041,0.35679786216477066,0.8535381038078435,0.952771907913822,0.8413761692106022,0.844525302391428,0.7005417955316307,0.7327098955169398,False
T_Cytotoxic,Amino acid met,28,13,15,-0.29582132565581626,0.2715271597037123,-0.8459876101551793,0.25434495884354685,0.2829907752349439,0.29103082290967786,-0.8855057855445649,0.2938631342329325,0.31601107926186,0.28314337132573486,-0.22721490863931348,0.3573499967557708,-0.10258717542072582,0.1978756189240274,0.6063915871620983,0.5977578133491017,0.6181122286511471,0.7202775049842395,0.6229154169166167,0.6906764643178763,0.8771702204231611,0.893907643616406,False
T_Cytotoxic,mRNA splicing,28,13,15,0.5043909748112864,0.2112100958178215,0.07643867054956044,0.9323432790730123,0.022153502298073446,0.28166438660865106,-0.06631528243887963,1.0750972320614522,0.08151769882757118,0.022595480903819236,0.12401471284483453,0.5962772867241147,0.2612080550999204,0.1881722285317526,0.1711309031233929,0.27213858390731943,0.15148205625439412,0.38192551487732423,0.1545042342882775,0.7927385892863953,0.4924790968112067,0.628717992895648,False
T_Cytotoxic,Fatty acid met,28,13,15,0.11077868782003486,0.290733353790146,-0.4783030423807344,0.6998604180208041,0.7053587360667302,0.5130833083065927,-0.9288268443768241,1.1503842200168939,0.8302455055569781,0.7058588282343531,-0.32351349284555997,0.25436230953726435,0.29671666612135583,0.22700112933417366,0.19703641816666911,0.207109900647774,0.8726505565021858,0.9709226227306169,0.8755390431347692,0.5969727672813347,0.5209008756130333,0.5740297091012779,False
T_Cytotoxic,Adaptive immunity,28,13,15,0.7231833968963955,0.37923564803095644,-0.045221014855888475,1.4915878086486796,0.06431436080607018,0.3323732763400239,0.04973116946394773,1.3966356243288434,0.03602949637841658,0.0633873225354929,0.05705424537729596,0.8867331449403666,0.5596210393231132,0.32238915547233643,0.08862807073021711,0.15940981968451032,0.29056309435599564,0.24636385361457824,0.2915816836632673,0.953030950169553,0.34549925877881243,0.5022501168142106,False
T_Cytotoxic,Translation,28,13,15,-0.013774522875003414,0.29358863612755826,-0.6086416046276577,0.5810925588776508,0.9628311001323461,0.28936270242884665,-0.6000790496180675,0.5725300038680605,0.9622886930679517,0.9652069586082783,0.2645762506167668,0.3544326627963573,-0.3376434184614747,0.22900771434313433,0.1465270151774727,0.14367466815959415,0.9902287330629412,0.9922158780507477,0.991001799640072,0.6906764643178763,0.45542180392998277,0.48456652492971125,False
T_Cytotoxic,Cholesterol met (salmon),28,13,15,-0.02608277071544851,0.2806742382868937,-0.5947827968987888,0.5426172554678917,0.926461355954807,0.3578935889678449,-0.7512440632485338,0.6990785218176367,0.9422953079609592,0.9270145970805839,-0.16797461853032256,0.5486822064633239,0.04444033743658818,0.22504868171237594,0.8442447829455069,0.8501234658472487,0.9902287330629412,0.9922158780507477,0.988628324755217,0.779754873839292,0.9596618617452899,0.9631940746052572,False
T_Cytotoxic,Heat stress response,28,13,15,0.0939660761713021,0.11049947436707079,-0.129927125959935,0.3178592783025392,0.4005858232490044,0.11099217900902669,-0.1309254403919655,0.3188575927345697,0.40266024295988095,0.40511897620475906,0.0018992422597826839,0.987861534457417,0.04976094493165203,0.10048581268328431,0.6225832978877525,0.6855894261222686,0.7452074506029273,0.8308337468017433,0.7592229702207707,0.9988212470496449,0.8792532486367084,0.9114772717232472,False
T_Cytotoxic,OxPhos,28,13,15,0.3883445483703294,0.22459983449390708,-0.06673794347881051,0.8434270402194692,0.09213680713174238,0.3007567323472106,-0.2210464759168519,0.9977355726575107,0.2046348376790146,0.09238152369526095,0.059683648898955395,0.7905889829060676,0.27608130781839973,0.18085470983552485,0.13305473864573664,0.13444929514150142,0.37000971752906064,0.5752512659198966,0.37099246817303205,0.891350323864684,0.4371798555502775,0.46853542246280794,False
T_Cytotoxic,Innate immunity,28,13,15,0.23610311367708892,0.403537792041872,-0.5815421191055602,1.053748346459738,0.5620433388155921,0.36362756914797667,-0.5006763262801377,0.9728825536343155,0.5201555096114874,0.5654869026194761,0.395441857193188,0.28076705160075577,-0.04817034293425043,0.29341798769904787,0.8702464700514622,0.8774881814783595,0.8159490172913337,0.8728120240410059,0.812887422515497,0.6273552492673996,0.9596618617452899,0.9668857148915705,False
T_Cytotoxic,Chromatin modification (2),28,13,15,0.18112775461485495,0.20452718541777715,-0.23328368696320226,0.5955391961929122,0.38155667306800917,0.16478177791762108,-0.1527518418463654,0.5150073510760753,0.27878285295600913,0.3659268146370726,-0.20389463084741943,0.3013576112754199,0.2936931915759186,0.15796210420175896,0.0687634427282768,0.046956038312208744,0.7265963652152653,0.653074646276577,0.7055957229606711,0.6538891565410054,0.2939316955337467,0.2634119222392198,False
T_Cytotoxic,Composite,28,13,15,0.09802775223669687,0.14355176892947646,-0.19283576002270464,0.38889126449609834,0.4989402317164738,0.17787470244287873,-0.26238062921660954,0.45843613369000324,0.5848740735909573,0.5108978204359128,0.21116998557110006,0.1702009820001129,-0.11654676881452872,0.12278158968885185,0.3469851740477654,0.4464445183893828,,,,,,,False
cDC2,Muscle contraction,22,9,12,-0.8330662688117989,0.28483993794423107,-1.4175095457981226,-0.2486229918254751,0.006905096785326002,0.19817750254727315,-1.2396929162181434,-0.42643962140545455,0.0002577264771720318,0.007798440311937612,-0.3324637662409601,0.24556298571102564,-0.35643399732479086,0.2065321647571874,0.09250697224645713,0.15670430734564297,0.07595606463858602,0.006520479872452405,0.07892021595680863,0.5883279865993323,0.3487967806013957,0.5022501168142106,False
cDC2,Respiration,22,9,12,0.11928184376801204,0.2044204911537656,-0.3001543581751723,0.5387180457111964,0.5643916127509225,0.42703000178049727,-0.7569113453378424,0.9954750328738666,0.7821209818232204,0.5550889822035593,-0.09026795608310109,0.7062217519398807,0.10828868816364531,0.17414499597447852,0.5377664401232228,0.6563415487521095,0.8159490172913337,0.9559256444506027,0.8045236666952323,0.8459948070113155,0.8311480498533977,0.9078227219713422,False
cDC2,Chromatin modification (1),22,9,12,-0.3099751688302894,0.312407292461103,-0.9509819850729617,0.3310316474123829,0.32990213200536517,0.48125547903049437,-1.2974298469283956,0.6774795092678166,0.5249469681215191,0.33153369326134774,-0.6322742900773506,0.15253896503415784,0.2654694765439093,0.3173197078605397,0.40804817225510936,0.5645558210794999,0.6785791820923365,0.8728120240410059,0.6819351576839103,0.49924832796876184,0.7584633468715432,0.877350262488412,False
cDC2,Heme metabolism,22,9,12,0.20766226524917325,0.10044552992612514,0.0015650617027160307,0.41375946879563047,0.04840311304574714,0.1195240463211292,-0.03758082044572275,0.45290535094406925,0.0937111010109051,0.046990601879624075,0.29777984069333596,0.0018067703318999804,-0.07208077035212473,0.0650175838815905,0.2745551785891973,0.3126209030925105,0.2591662111839833,0.4159457641361226,0.2591440895494371,0.06925952938949925,0.6224446558171222,0.6657667380673835,False
cDC2,VEGF signaling,22,9,12,0.16154057901806393,0.11925074305415986,-0.0831417346934106,0.4062228927295385,0.18676351595649687,0.10499839455648113,-0.05389833111436146,0.3769794891504893,0.13556349865213596,0.1827634473105379,0.2797413490185372,0.016707902581732936,-0.1828140152339754,0.08186622176697314,0.0315105659248019,0.03678229194722429,0.5430981759989478,0.46574975950252245,0.5332289863866306,0.1596986206536288,0.18814393348692138,0.22864667967193478,False
cDC2,Protein processing in ER,22,9,12,0.0008940059227858528,0.04947657218137246,-0.10062353472979368,0.10241154657536539,0.9857164546055449,0.06508944780787046,-0.13265850939025353,0.13444652123582523,0.9891423613884115,0.9832033593281344,0.04074598526301468,0.36342219517197694,-0.02606618195860009,0.0324526674853453,0.4268512601454971,0.46446669683605424,0.9922402964158187,0.9922158780507477,0.991001799640072,0.6908025197483859,0.7730377152241286,0.7880643704780022,False
cDC2,Lipid met,22,9,12,0.21131503023886333,0.15899650168360896,-0.11491884392917445,0.5375489044069011,0.19495246991123039,0.22563014207286866,-0.25163978070403076,0.6742698411817574,0.35728970653943576,0.1923615276944611,-0.21974976130813734,0.15994439084570874,0.36495276020980905,0.11233051891415648,0.0024263107533147614,0.004615269113092768,0.5465146983362161,0.7726008184143355,0.5381429208663763,0.49924832796876184,0.034786149672974366,0.05897288311174092,False
cDC2,Cholesterol met (darkred),22,9,12,0.018956169537301764,0.1469802893479534,-0.2826224734679311,0.3205348125425347,0.8983366719275796,0.2943383431930794,-0.5849762251965056,0.6228885642711091,0.9491240840598184,0.8936212757448511,0.07645690789187828,0.5275229597706841,-0.059258551278451255,0.0878503278942343,0.5040515248336322,0.47342904638974376,0.9686821063480727,0.9922158780507477,0.9721868392278992,0.779754873839292,0.8224905511563118,0.7948078880995698,False
cDC2,Cell cycle,22,9,12,0.21260270518729169,0.3302874090864541,-0.4650910799855024,0.8902964903600858,0.5252068399833735,0.7286648390833447,-1.282494047930111,1.7076994583046943,0.7726923663905474,0.5326934613077384,-0.20054652107884527,0.5326835658164552,0.4206554062022295,0.23335607228850774,0.07938135075365645,0.1042022687657932,0.8102276250963018,0.9552347762731046,0.8019984238446428,0.779754873839292,0.32031071356738566,0.38042098120845136,False
cDC2,ECM organization,22,9,12,0.3770426892982601,0.3411573132905348,-0.3229542970316841,1.0770396756282044,0.27882990887051595,0.3283424200078342,-0.2966603079288008,1.050745686525321,0.2609082650785798,0.27074585082983404,0.07992448426668294,0.7779092661988031,0.2740995074757021,0.20615163251615576,0.19157650336155693,0.24001074035506734,0.6181122286511471,0.6391668647803558,0.6111078669221908,0.8813750306685946,0.5183834796842129,0.5984781019863364,False
cDC2,Apoptosis,22,9,12,0.1662722550032585,0.15967210681069197,-0.16134784638161873,0.4938923563881358,0.30695505006130724,0.21065063256404776,-0.26594714120753027,0.5984916512140472,0.43679789550276266,0.30453909218156366,-0.1162514666257601,0.42958864092194393,0.17819854544345892,0.10667889765386909,0.10305431401341614,0.14536995747891338,0.6526019131555524,0.8401626131425777,0.6474654648902152,0.7236994942296966,0.3822982616626728,0.48456652492971125,False
cDC2,Interferon signaling,22,9,12,-0.8260156213530416,0.22527567089199782,-1.2882431175098121,-0.36378812519627113,0.0010614180712749176,0.2684557595786215,-1.3768413411813518,-0.27518990152473155,0.004754323102939565,0.0011997600479904018,-0.45696125322472353,0.028346900026511003,-0.30746230522175516,0.14688324665827857,0.04305546470387364,0.07261511044263401,0.030026264798153568,0.0663685691904737,0.03219356128774245,0.19175844135580972,0.2098097276932803,0.3405520218541285,False
cDC2,Nrf2 signaling,22,9,12,0.019169447557088715,0.3073727493054415,-0.6115073394022603,0.6498462345164377,0.9507311862591022,0.4280947006811324,-0.859208323243952,0.8975472183581295,0.9646133872692727,0.9526094781043791,-0.17160279424852054,0.5054442722769698,0.08573272628642908,0.18700632869359063,0.6492416766223771,0.645720910540687,0.9902287330629412,0.9922158780507477,0.991001799640072,0.779754873839292,0.88225389199308,0.9055842038070611,False
cDC2,Amino acid met,22,9,12,0.6139762490272223,0.25978258431849616,0.08094641487241916,1.1470060831820255,0.02556227112178229,0.5551190754388627,-0.5250340102385576,1.752986508293002,0.27847306078554623,0.03439312137572485,0.23413879225271284,0.4124006165862528,0.32347567868881777,0.2069864720265484,0.1263935039656784,0.23061727477760874,0.16582704086694666,0.653074646276577,0.21223072458678993,0.7078518045883444,0.42131167988559465,0.5984781019863364,False
cDC2,mRNA splicing,22,9,12,0.22022129449760622,0.24628137261886376,-0.2851063414824304,0.7255489304776428,0.37912446812807366,0.23494117770233766,-0.26183818348986754,0.70228077248508,0.35688989542684224,0.3709258148370326,0.20046984451802424,0.32792463080737,0.01851322278010753,0.14820402852243164,0.9012476614651418,0.8824561060624502,0.7265963652152653,0.7726008184143355,0.7055957229606711,0.6856605916881372,0.9596618617452899,0.9668857148915705,False
cDC2,Fatty acid met,22,9,12,-0.22559983646225729,0.3042456043228795,-0.8498602519169274,0.39866057899241286,0.46478822952428134,0.40424813432457135,-1.055048494699634,0.6038488217751194,0.5813932963073098,0.4321135772845431,-0.43094581279762273,0.18472056464318679,0.07825070264130285,0.23373007844799384,0.7396238674242909,0.7570647159552466,0.8102276250963018,0.8965986109384838,0.7922082250216623,0.5178722429051595,0.9264250865651739,0.9242340306838718,False
cDC2,Adaptive immunity,22,9,12,-0.1780771501036868,0.6028063157946442,-1.4149335443781892,1.0587792441708155,0.7699379033871406,1.2839159850310626,-2.8124551487872655,2.456300848579892,0.8907177720253042,0.7536492701459708,-0.3235477410380075,0.6445922526156338,0.2385523064160539,0.5098075413718997,0.6425100957503938,0.7482040964421138,0.9014625036957256,0.9883935700597479,0.884151873329038,0.8195682432697874,0.88225389199308,0.9242340306838718,False
cDC2,Translation,22,9,12,1.0454679474527522,0.3916478796139974,0.24187287634595556,1.8490630185595487,0.012702458183454635,0.5907259843636021,-0.16660165414234207,2.2575375490478464,0.08805418305123082,0.013597280543891222,1.1466057003819812,0.008121913297438148,-0.17560828802233086,0.30072626095335103,0.5627063689186966,0.6591582372574528,0.10042881001293821,0.4050492420356618,0.10750349930013998,0.12063127447653053,0.8458984630803936,0.9078227219713422,False
cDC2,Cholesterol met (salmon),22,9,12,-0.11219691070919541,0.24216437153261117,-0.6090771582240765,0.38468333680568567,0.646856047276023,0.4841767484003269,-1.1056455384471828,0.8812517170287921,0.8184972077497884,0.634873025394921,-0.24342297282390854,0.37106671800598257,0.06132611422312023,0.19702975125680547,0.7573094059939569,0.8233831463615199,0.8464786258194997,0.9676625867322265,0.8322428778493005,0.6957570286545585,0.9314500715433695,0.9564551700159069,False
cDC2,Heat stress response,22,9,12,0.029205448536362658,0.07586237279459272,-0.1264512830161864,0.18486218008891175,0.7032687318927822,0.1864235632325353,-0.3533041074951453,0.4117150045678706,0.876676976914526,0.7172565486902619,-0.015198161364886643,0.882267718132094,0.018884233579825202,0.07468642221470805,0.8017493150262535,0.8328872553682889,0.8726505565021858,0.9883935700597479,0.8755390431347692,0.9526834515041391,0.9456530382360938,0.9600354686219702,False
cDC2,OxPhos,22,9,12,-0.0729352801615227,0.29561930549028115,-0.6794959924271893,0.5336254321041438,0.8069909513100995,0.3306216595357457,-0.7513148906063206,0.6054443302832752,0.8270632097082622,0.8082383523295341,-0.19623056637337732,0.44277132817311043,0.058498309523664804,0.18536456688287073,0.7540441400020845,0.7723606732292679,0.9271246222575783,0.9709226227306169,0.92893095589027,0.7326432048907583,0.9314500715433695,0.9242340306838718,False
cDC2,Innate immunity,22,9,12,0.05632624631401915,0.25387391970217593,-0.4645800094693707,0.5772325020974091,0.8260870091105186,0.5394459142633654,-1.0505253425621612,1.1631778351901993,0.917611807494155,0.8216356728654269,-0.18372199144210943,0.5593893660151442,0.23040415539723583,0.22856238568530593,0.3198027116169949,0.42563423831655645,0.9330357736828625,0.9922158780507477,0.9321696198876817,0.779754873839292,0.6468634719841646,0.7648115219750623,False
cDC2,Chromatin modification (2),22,9,12,0.19948792935780904,0.5329434498127295,-0.8940217045262283,1.2929975632418464,0.7110947989973835,0.6618926474223267,-1.1586036032572464,1.5575794619728647,0.7654260436857434,0.7216556688662268,0.265707457955785,0.5856509716429639,0.02404813370228409,0.35406586992483624,0.9462054934575586,0.9448141879758878,0.8726505565021858,0.9539546258743501,0.8755390431347692,0.7927385892863953,0.9769300684074295,0.9744720324414987,False
cDC2,Composite,22,9,12,-0.10518987715268058,0.14336683122361177,-0.3993543165083657,0.18897456220300457,0.46944832030494127,0.18137421598288714,-0.47733902840905457,0.2669592741036934,0.5667500264285851,0.45670865826834633,-0.09334183416683654,0.48668158610644513,-0.05292075095261657,0.0973586316496967,0.5899157184538565,0.6183075198370488,,,,,,,False
cMonocyte,Muscle contraction,26,17,15,-0.11888109933244341,0.06475122316388018,-0.24985281048729785,0.012090611822411015,0.07399502859402783,0.05667385012446754,-0.23351478138272813,-0.004247417282158675,0.042467968218579136,0.07218556288742252,-0.2241469839679906,0.00012078629319172652,0.10290823143739958,0.04771387317237464,0.03557841978119485,0.020596795911760894,0.3130647348030252,0.2533298402887889,0.30438245684196497,0.01389042371704855,0.19834236460529486,0.15403796290649366,False
cMonocyte,Respiration,26,17,15,0.19813683939230697,0.3144193505725673,-0.43783632609468004,0.834110004879294,0.5322601880759608,0.3291542127872749,-0.46764039810436187,0.8639140768889758,0.550686196515136,0.5266946610677864,0.392263957897922,0.15603089241604937,-0.33497757128242633,0.24085042066315743,0.17009463680642684,0.11588218620426965,0.8103764872404929,0.8786440972990783,0.8019984238446428,0.49924832796876184,0.4924790968112067,0.4164516066715941,False
cMonocyte,Chromatin modification (1),26,17,15,0.7926430352613578,0.40662260233369335,-0.02982881036072238,1.615114880883438,0.05847330336908199,0.5302799721179364,-0.27994944941893896,1.8652355199416546,0.14302436047943437,0.051989602079584085,0.5772653187234857,0.13779060359153078,-0.03865756553281019,0.33848471540173464,0.9095046927814753,0.9041876553016872,0.28449511062264893,0.46574975950252245,0.26187703635743437,0.49518498165706376,0.9639911490310568,0.9672705149738979,False
cMonocyte,Heme metabolism,26,17,15,0.045142910333294865,0.0680114520864619,-0.0924232362605068,0.18270905692709655,0.5107524480093556,0.06960721211524587,-0.09565096558128577,0.18593678624787552,0.520437797667436,0.5160967806438712,0.13524485009605344,0.06578447728482782,-0.08566408446041841,0.06360382912399155,0.1837633784770261,0.2405395662584934,0.8102276250963018,0.8728120240410059,0.8019984238446428,0.3116491043695403,0.5092238198760963,0.5984781019863364,False
cMonocyte,VEGF signaling,26,17,15,0.06627120724950142,0.13173284258663845,-0.2001836173211241,0.33272603182012694,0.61774256043823,0.1295560333510628,-0.19578060504567307,0.3283230195446759,0.6118673823776404,0.6192761447710458,-0.015548583724136929,0.8938069228128956,0.02173517734607942,0.10242135399589439,0.8327546417556525,0.836205291870828,0.8414370806279755,0.8965986109384838,0.8322428778493005,0.9561655453347255,0.9596618617452899,0.9600354686219702,False
cMonocyte,Protein processing in ER,26,17,15,0.062676311148579,0.05762268577815601,-0.05387657216302856,0.17922919446018654,0.2834032352708817,0.038657221419669735,-0.015515299610837557,0.14086792190799555,0.1130039951991243,0.27794441111777646,0.1309808077036437,0.03862030263529462,-0.08938038465206989,0.05456356955645518,0.10732569342998008,0.24566547976319428,0.6181122286511471,0.44488684259386224,0.6168415439719074,0.23317743028440652,0.39182396014119714,0.5984781019863364,False
cMonocyte,Lipid met,26,17,15,0.4109837943538569,0.25570854241509033,-0.1062355525649813,0.9282031412726951,0.11606995445736915,0.2904292478465859,-0.17646480817853838,0.9984323968862522,0.16497752774258756,0.1217756448710258,0.22563956410404368,0.31296273410802283,0.059129601606580096,0.19569908139427417,0.7637236667675887,0.7023536502069943,0.41021781138726604,0.5028833074563211,0.4279060854495767,0.6727236340639744,0.933769918170863,0.9219649997384033,False
cMonocyte,Cholesterol met (darkred),26,17,15,0.021188605349364065,0.15358987584269598,-0.28947624192723054,0.33185345262595867,0.8909852245267821,0.17643989271107005,-0.3356947635695776,0.37807197426830574,0.9050286618062208,0.9030193961207759,0.010401451853001564,0.9349152443629517,-0.019955568299611315,0.11200550600762979,0.8592719021391158,0.7727741348915255,0.9686821063480727,0.9883935700597479,0.9721868392278992,0.9778481684951422,0.9596618617452899,0.9242340306838718,False
cMonocyte,Cell cycle,26,17,15,-0.5200215071836753,0.4669419476504585,-1.4645007448805383,0.4244577305131876,0.2722355635758757,0.5454704645390468,-1.6233396629550392,0.5832966485876885,0.3462870956883921,0.26614677064587083,-0.3071365292674598,0.493624009052278,-0.3900840487477474,0.3936724057323512,0.3262441858702743,0.4094527745136922,0.6149606927205049,0.7618316105144627,0.6107247019064654,0.779754873839292,0.6468634719841646,0.75828331106758,False
cMonocyte,ECM organization,26,17,15,0.1862320493396457,0.17831764472689102,-0.17444943153177772,0.5469135302110691,0.30273838111543394,0.20968139854871173,-0.23788861160544278,0.6103527102847341,0.37989623992392657,0.3021395720855829,0.00023796688367247812,0.9988212470496449,0.11791084858072003,0.14164932505205519,0.4089106739655276,0.406067621689267,0.6490916137474981,0.8029974719863578,0.6474654648902152,0.9988212470496449,0.7584633468715432,0.75828331106758,False
cMonocyte,Apoptosis,26,17,15,-0.2158161088021598,0.13906384075485487,-0.49709927680244276,0.06546705919812318,0.1287592375068601,0.168218951651783,-0.5560710548863241,0.12443883728200456,0.2070826219589676,0.12117576484703059,-0.22478362808092556,0.08020561797159785,-0.025584233783046417,0.11134817611887796,0.819156620122722,0.8231393475746395,0.44624776834569324,0.5757352017100967,0.4279060854495767,0.34410556527186587,0.9563757493818581,0.9564551700159069,False
cMonocyte,Interferon signaling,26,17,15,-0.04503359019068111,0.12841772954898864,-0.3047829657211569,0.21471578533979468,0.7277152670830289,0.1458595939550555,-0.34006246648382066,0.24999528610245847,0.7591579284484589,0.7336532693461307,-0.22438638542476502,0.04854585947952593,0.20101249886117462,0.09818938246147467,0.04561081036810441,0.01105159587487088,0.8765862759231547,0.9539546258743501,0.8755390431347692,0.26584637334026107,0.2098097276932803,0.1016746820488121,False
cMonocyte,Nrf2 signaling,26,17,15,0.13351110725321813,0.20604914545977068,-0.2832626283495938,0.5502848428560301,0.5208090560681634,0.19914394912308753,-0.26929555041831366,0.5363177649247499,0.5065377082524142,0.5108978204359128,0.030062488883780644,0.8779063543134463,-0.02398459780589228,0.17206737136741276,0.8896697308824834,0.88822035314367,0.8102276250963018,0.8659056769450054,0.8019984238446428,0.9524455730759087,0.9596618617452899,0.9668857148915705,False
cMonocyte,Amino acid met,26,17,15,0.3415594811193917,0.2730249233752526,-0.21068555233546404,0.8938045145742475,0.218380379089341,0.27928304729906717,-0.22334380277262866,0.9064627650114121,0.22867358071137706,0.21095780843831233,0.1910460335111343,0.43581570960339755,0.03254554886989053,0.21496670838561188,0.8802365061419548,0.8698701839247548,0.561480411303385,0.6090773872393167,0.5559617243218024,0.7263595160056626,0.9596618617452899,0.9668857148915705,False
cMonocyte,mRNA splicing,26,17,15,-0.21461959444481943,0.17875659342341588,-0.5761889328590657,0.14694974396942684,0.2371386022518367,0.2366741306337411,-0.6933382094852818,0.2640990205956429,0.37007377908319977,0.2383523295340932,-0.15867151600855714,0.34008532694643606,-0.09521914040067872,0.145630117914225,0.5160403738049105,0.5412149455291199,0.5814024147546657,0.7934632721021148,0.5879880627648055,0.6906764643178763,0.8224905511563118,0.8664662708531544,False
cMonocyte,Fatty acid met,26,17,15,0.28138066345218715,0.3709308850792566,-0.4688978697588244,1.0316591966631987,0.4526642211930383,0.37606077608051497,-0.47927405370784804,1.0420353806122225,0.4588089186570242,0.46030793841231754,0.33992561222331097,0.3268461690933874,-0.31081849432404285,0.3034837000326359,0.31040761603298195,0.2745683835776214,0.8065073800129485,0.847289462921366,0.8019984238446428,0.6856605916881372,0.6468634719841646,0.628717992895648,False
cMonocyte,Adaptive immunity,26,17,15,1.2432738628758058,0.5793327021800672,0.07146286649582301,2.4150848592557885,0.0381500137636647,0.6774693729082324,-0.12703728630867417,2.6135850120602857,0.07411494167492362,0.036392721455708855,0.6752926248871112,0.1693818176879091,0.3934162911120769,0.42826701555916397,0.3624542333402785,0.2908612274378093,0.2298084162430278,0.3676682400736407,0.2192228221022462,0.5059456891976506,0.7005417955316307,0.6361352697100048,False
cMonocyte,Translation,26,17,15,0.5969097672003498,0.586323105603685,-0.5890406547119786,1.7828601891126783,0.314925586316823,0.36235300316457636,-0.13601836214869045,1.3298378965493902,0.10752837320025924,0.3085382923415317,0.1562504331730129,0.7566884148028036,0.5144030985991151,0.4432788927671125,0.2510661143475545,0.21783630123344427,0.6639681111513018,0.44488684259386224,0.650501566353396,0.8615759178447763,0.5832849121205811,0.5825854567871184,False
cMonocyte,Cholesterol met (salmon),26,17,15,0.4072591917870902,0.22166431738889314,-0.041099210291570654,0.8556175938657511,0.07379705636435442,0.22120644984592672,-0.04017308576983292,0.8546914693440133,0.07322581775174096,0.07198560287942411,0.2672086029229898,0.19345936801465927,0.029413052067538137,0.17924583772129007,0.8702818406580851,0.8622322644275795,0.3130647348030252,0.3676682400736407,0.30438245684196497,0.5178722429051595,0.9596618617452899,0.9668857148915705,False
cMonocyte,Heat stress response,26,17,15,0.3222151438519927,0.11412837970961529,0.09136870649484616,0.5530615812091392,0.007447590102197606,0.10824199648873625,0.1032750403875749,0.5411552473164105,0.004984200848296443,0.0065986802639472104,0.3821577226176315,0.0006318929379905787,-0.09211341656063365,0.0929290850862057,0.3260808101913199,0.38444750109656,0.0785100123273331,0.0663685691904737,0.07258548290341932,0.04244572740320942,0.6468634719841646,0.7476571599357476,False
cMonocyte,OxPhos,26,17,15,0.22021092751853982,0.3558420097741049,-0.49954747461917454,0.9399693296562541,0.5396168227341964,0.44325765855574306,-0.6763623136789165,1.116784168715996,0.6221182561342802,0.5426914617076585,0.16000169355699828,0.6123197494653914,-0.00252246117541699,0.2773118556544167,0.9927766014808357,0.9917762543997071,0.8103764872404929,0.8965986109384838,0.8029294725850152,0.8047630992973714,0.9927917211254746,0.9919137127735823,False
cMonocyte,Innate immunity,26,17,15,0.17237319562936915,0.28032150758390995,-0.3946305724516215,0.7393769637103598,0.5421839520799969,0.34857421749025996,-0.5326847090470987,0.877431100305837,0.6237207728267713,0.5382923415316937,0.33113830788375076,0.20489727871465008,-0.12292776544180634,0.22795005713423744,0.5919554811309127,0.6110698369831631,0.8103764872404929,0.8965986109384838,0.8019984238446428,0.5178722429051595,0.8654708493008808,0.8951978503575001,False
cMonocyte,Chromatin modification (2),26,17,15,-0.1146593860985399,0.2644541135133472,-0.6495683202683581,0.42024954807127834,0.6669895700552617,0.3126542064291771,-0.7470622105541354,0.5177434383570556,0.7158033963741843,0.6584683063387322,-0.29354586575157743,0.18862692328398065,0.11811396078363254,0.1947457275372222,0.5467697085059507,0.38683131318414765,0.8535381038078435,0.952771907913822,0.8413761692106022,0.5178722429051595,0.8311480498533977,0.7476571599357476,False
cMonocyte,Composite,26,17,15,0.009626736157466925,0.15033767624661906,-0.2944599165259957,0.3137133888409295,0.9492701762003591,0.14955924656959,-0.2928853938863818,0.3121388662013157,0.9490065091544858,0.9484103179364127,-0.0022387888032650155,0.9866052306799454,-0.018872209483331452,0.11726754837191186,0.8727581044343141,0.8698866510669062,,,,,,,False
ncMonocyte,Muscle contraction,14,5,13,0.06126356638182045,0.1216215344875284,-0.19796659803190458,0.3204937307955455,0.621773008647526,0.18882566424229116,-0.3412088098574339,0.4637359426210748,0.7500814712558812,0.6262747450509898,-0.04862037459933542,0.6280674857524727,0.05530744651253959,0.07675341898296088,0.47735711543632636,0.46598588863047086,0.8414370806279755,0.9539546258743501,0.8322428778493005,0.8115478748487007,0.8095131807858462,0.7880643704780022,False
ncMonocyte,Respiration,14,5,13,0.482536959471995,0.28782132136839744,-0.13093966516108996,1.09601358410508,0.11434852012484568,0.3093939791906889,-0.1769206968729296,1.1419946158169196,0.13969579774891563,0.11557688462307539,0.41018330520422597,0.1856652727434629,0.030385334079073845,0.2336386313614266,0.8974888229234652,0.9124024788080156,0.41021781138726604,0.46574975950252245,0.4227868711971891,0.5178722429051595,0.9596618617452899,0.9682910290528709,False
ncMonocyte,Chromatin modification (1),14,5,13,0.6888122048881601,0.528982706988825,-0.43868774553215106,1.8163121553084713,0.212507770986827,0.4451870123823954,-0.2600814503434109,1.637705860119731,0.14264056897338964,0.20895820835832835,0.35162260225744146,0.4907918948951932,0.42799332567721626,0.38937739249384473,0.2813971835493679,0.39735164360062386,0.560046521454867,0.46574975950252245,0.5559617243218024,0.779754873839292,0.6224446558171222,0.75828331106758,False
ncMonocyte,Heme metabolism,14,5,13,0.23574185949385607,0.07518514993626399,0.07548850582936256,0.39599521315834957,0.006805394029945858,0.054147848658014315,0.12032845207869193,0.3511552669090202,0.0005672184570418883,0.005598880223955209,0.24728479050910362,0.001795815552186495,0.03635587137518986,0.055238094602934114,0.5160042173471501,0.5932180894434201,0.07595606463858602,0.01304602451196343,0.0708258348330334,0.06925952938949925,0.8224905511563118,0.893907643616406,False
ncMonocyte,VEGF signaling,14,5,13,-0.07483404159817841,0.1370207249997186,-0.36688680363109966,0.21721872043474283,0.5929929066570403,0.20432001716823475,-0.5103318493401781,0.3606637661438212,0.7192863020218973,0.5860827834433113,-0.2521219582037738,0.081237878301214,0.023601768940618967,0.10767935623250448,0.8281539762254617,0.8455391667471509,0.8243770191428826,0.952771907913822,0.8322428778493005,0.34410556527186587,0.9596618617452899,0.9627426156031916,False
ncMonocyte,Protein processing in ER,14,5,13,0.028059300624841552,0.0757057940415128,-0.1333037796811829,0.189422380930866,0.7160904017407592,0.09118728952101454,-0.16630180618555263,0.22242040743523572,0.7625338033249762,0.7264547090581883,8.615119709779514e-05,0.9987962798754642,0.058022822711478725,0.043768527682086285,0.19605525424452966,0.18260337025340126,0.8726505565021858,0.9539546258743501,0.8755390431347692,0.9988212470496449,0.5209008756130333,0.5454386384192504,False
ncMonocyte,Lipid met,14,5,13,-0.17376344011509198,0.2578517489169391,-0.7233614331658953,0.3758345529357114,0.5106337939277,0.32472153799848846,-0.8658910147154417,0.5183641344852579,0.6004140312170961,0.4931013797240552,-0.18809309585079972,0.3495436920258069,-0.06419100968046229,0.15284239147295237,0.6778222072044066,0.6961114478941891,0.8102276250963018,0.8965986109384838,0.8019984238446428,0.6906764643178763,0.8916633206941995,0.9201473161819742,False
ncMonocyte,Cholesterol met (darkred),14,5,13,0.01369851838726401,0.10692809375915908,-0.21421331846326871,0.24161035523779675,0.8997640118252849,0.10030902121067124,-0.20010509928776712,0.22750213606229516,0.8931921158073091,0.8992201559688062,-0.08724904763930853,0.384178881039691,0.16817672092217167,0.076298685108344,0.0362190404931408,0.08623653692456111,0.9686821063480727,0.9883935700597479,0.9721868392278992,0.6957570286545585,0.19834236460529486,0.3606255180481646,False
ncMonocyte,Cell cycle,14,5,13,0.10664397528831059,0.5250699303297489,-1.012516089100136,1.225804039676757,0.8417829322355334,0.7425677655364062,-1.4761017511116008,1.689389701688222,0.8877159840912768,0.8384323135372925,0.03872223705413297,0.9503066770599023,0.29888084644950885,0.47620263830940823,0.5355164947637948,0.5500177197589589,0.9423499197149998,0.9883935700597479,0.9385990058625443,0.9778481684951422,0.8311480498533977,0.8664662708531544,False
ncMonocyte,ECM organization,14,5,13,0.20713772704097957,0.27714744630171767,-0.383588071431869,0.7978635255138281,0.46638276472003176,0.3937308832198185,-0.6320797850707518,1.046355239152711,0.6065174956340282,0.47290541891621674,-0.341402384996084,0.19121675380376377,0.41912969423074387,0.19700115068654628,0.04265609104725725,0.10021597487029371,0.8102276250963018,0.8965986109384838,0.8019984238446428,0.5178722429051595,0.2098097276932803,0.38003207216069196,False
ncMonocyte,Apoptosis,14,5,13,-0.09957887780893779,0.161096874548565,-0.44294873785657685,0.2437909822387013,0.5457611538984392,0.22109091187217123,-0.5708230014462736,0.371665245828398,0.658865077617459,0.5518896220755849,-0.3569868499510923,0.015981532831941002,0.10953268168228605,0.10742640183105683,0.31696469953995365,0.29317538517069786,0.8103764872404929,0.9158948606440502,0.8045236666952323,0.1596986206536288,0.6468634719841646,0.6361352697100048,False
ncMonocyte,Interferon signaling,14,5,13,-0.06333518256549049,0.35628805633380295,-0.8227451983265507,0.6960748331955696,0.8612866848843709,0.4351704521378339,-0.9908790450157188,0.8642086798847377,0.8862214229577788,0.8610277944411118,-0.1640228333013643,0.5143765013530945,0.23330274320884253,0.19203442430668538,0.23492203185544347,0.14340148132282157,0.9599362611266335,0.9883935700597479,0.9596477180334858,0.779754873839292,0.5628340346536667,0.48456652492971125,False
ncMonocyte,Nrf2 signaling,14,5,13,0.2465756882537559,0.24407287443525744,-0.2736533290447418,0.7668047055522536,0.32839313910308543,0.3079986389008948,-0.4099078706645859,0.9030592471720976,0.4358755959680859,0.3147370525894821,0.03394952343857936,0.8747610101862224,0.2230641073334234,0.16505315572271717,0.18776096074085832,0.2439019429886122,0.6785791820923365,0.8401626131425777,0.6576684663067387,0.9524455730759087,0.5141073925047311,0.5984781019863364,False
ncMonocyte,Amino acid met,14,5,13,0.7069666262821942,0.368168280830059,-0.07776548858255894,1.4916987411469473,0.07404987503294015,0.4298879139349398,-0.2093177725160733,1.6232510250804617,0.12085433139060472,0.06718656268746251,0.4825447422336024,0.15105221859152046,0.2582814107441989,0.2526097787063178,0.3156411966867444,0.3606593990378135,0.3130647348030252,0.4457043529939476,0.2982140414022459,0.49924832796876184,0.6468634719841646,0.7340855024663461,False
ncMonocyte,mRNA splicing,14,5,13,-0.05867519122300734,0.23959775973319555,-0.5693657273234674,0.45201534487745265,0.8098598479008885,0.2809436667027022,-0.6574924419443792,0.5401420594983645,0.8373747161821211,0.8114377124575085,-0.14364847489598084,0.4310731769976888,0.09020575592336537,0.13902070256682586,0.5219065961732493,0.5497457606533905,0.9271246222575783,0.971815610982003,0.92893095589027,0.7236994942296966,0.8224905511563118,0.8664662708531544,False
ncMonocyte,Fatty acid met,14,5,13,0.044896614641333106,0.5634294518996931,-1.1560248345652613,1.2458180638479277,0.9375415437575659,0.37525207344448863,-0.7549342467722858,0.844727476054952,0.906352997050836,0.9300139972005599,0.17161828962566184,0.6844910877321962,-0.13050901358618838,0.32320879364749994,0.6895463248353717,0.7135207389279816,0.9902287330629412,0.9883935700597479,0.988628324755217,0.8418874341091184,0.9011116745007698,0.9219649997384033,False
ncMonocyte,Adaptive immunity,14,5,13,0.19810271832031087,0.5018125511989003,-0.8714854158887769,1.2676908525293986,0.6985659825407241,0.8283998279969798,-1.5675897186056482,1.9637951552462698,0.8142344545940211,0.6934613077384523,-0.2388806843260112,0.5922812303928415,0.3058603812597861,0.3409641692788902,0.3776239160783423,0.41540737910658726,0.8726505565021858,0.9671423333910203,0.8685431230585565,0.7927385892863953,0.7177975264299069,0.75828331106758,False
ncMonocyte,Translation,14,5,13,0.7719210833624239,0.5169067829009429,-0.3298396441485567,1.8736818108734046,0.15608127004651381,0.46398825572305263,-0.21704647344354977,1.7608886401683976,0.11692550655704757,0.16416716656668667,0.14944337004448832,0.7327519455090684,0.7065703314285801,0.3350716571889287,0.04438697160543976,0.07606547799300761,0.48156782099717066,0.44488684259386224,0.5004131703779726,0.8615759178447763,0.2098097276932803,0.3405520218541285,False
ncMonocyte,Cholesterol met (salmon),14,5,13,0.6492707671307281,0.2559940056037803,0.10363246022052386,1.1949090740409323,0.022809974247323495,0.2930726483927891,0.024601203897917645,1.2739403303635384,0.042623618515832684,0.023795240951809637,0.17776635974700683,0.4956196287800376,0.37619531827243957,0.1990839296678458,0.06958970544009081,0.09164651783726269,0.15186640748875907,0.2533298402887889,0.15842620949494313,0.779754873839292,0.2939316955337467,0.36476427292528657,False
ncMonocyte,Heat stress response,14,5,13,0.5593329966452311,0.16497731309153726,0.2076921776286011,0.910973815661861,0.004036822226351635,0.2530790800106757,0.019907706565790217,1.098758286724672,0.043056059811928546,0.00639872025594881,0.540092170626921,0.019561566256484492,0.024772705137253492,0.1683057899899182,0.88407670246164,0.8963810373598713,0.05673977907038687,0.2533298402887889,0.07258548290341932,0.1629793494493482,0.9596618617452899,0.9668857148915705,False
ncMonocyte,OxPhos,14,5,13,-0.4602208457374558,0.5189142143746096,-1.5662603121507255,0.645818620675814,0.3891357920401989,0.5396884304757359,-1.6105395056188319,0.6900978141439201,0.40720705376844335,0.4091181763647271,-0.8237348245836196,0.06227310020845639,0.33107279585142946,0.3276431293003663,0.32124155293021506,0.37143832018053735,0.7292692991568172,0.8308337468017433,0.7610801369137937,0.30932041988224473,0.6468634719841646,0.7476571599357476,False
ncMonocyte,Innate immunity,14,5,13,-0.27456505901023337,0.48763823979270055,-1.3139413636139539,0.7648112455934872,0.5817195399511331,0.7744893748681981,-1.9253500851139291,1.3762199670934625,0.7278905384816651,0.5902819436112777,-0.28323417530144585,0.5224778263678569,0.11677159849231417,0.33814138212504746,0.7325195667605343,0.7718086636126921,0.8243770191428826,0.9539546258743501,0.8322428778493005,0.779754873839292,0.9264250865651739,0.9242340306838718,False
ncMonocyte,Chromatin modification (2),14,5,13,-0.004575975069417142,0.3289578234087355,-0.7057329782822993,0.6965810281434651,0.9890847008131826,0.46128950561454773,-0.9877912821830386,0.9786393320442044,0.9922158780507477,0.9908018396320736,-0.2975640687972512,0.24913215980799716,0.25504608957731867,0.19543172635553016,0.20289269944152444,0.2574086363691439,0.9922402964158187,0.9922158780507477,0.991001799640072,0.5907257397509211,0.5243294479949508,0.6103503748959083,False
ncMonocyte,Composite,14,5,13,-0.028975464658283292,0.2383770244160678,-0.5370640650218026,0.47911313570523606,0.9048663973463166,0.28856877381816715,-0.6440452464757574,0.5860943171591909,0.921347866925464,0.9014197160567886,-0.09662064640812926,0.5879446539709312,0.15896677523465663,0.13630248835607175,0.253700353377748,0.22328182740542304,,,,,,,False
