scenario,r_cross,p_cross,r_splithalf,r_substate,p_substate,r_random_split,attribution
shared,0.8292908746621951,0.004975124378109453,0.8168498351920086,0.6889590299243249,0.01990049751243781,0.7798042476281832,replicated
shared,0.8323430475606208,0.004975124378109453,0.7864092750797264,0.7417523472244756,0.009950248756218905,0.8676365852200141,replicated
shared,0.9174285584265403,0.004975124378109453,0.8498017184951139,0.793096224338761,0.009950248756218905,0.7984496608592749,replicated
shared,0.7921336095110643,0.004975124378109453,0.7568434564972781,0.6870203984434204,0.009950248756218905,0.6359701078046105,replicated
shared,0.7635401484548586,0.009950248756218905,0.7797813162774012,0.48279945934030466,0.01990049751243781,0.6124660809819134,replicated
shared,0.7962989853455443,0.004975124378109453,0.7419166855843216,0.7431018282590943,0.009950248756218905,0.6517279966930632,replicated
shared,0.8644585972724452,0.004975124378109453,0.79239350465463,0.7786873685780917,0.009950248756218905,0.7574921953998947,replicated
shared,0.8609569810857749,0.004975124378109453,0.7925255147182944,0.7022313733873427,0.009950248756218905,0.7542400083796493,replicated
shared,0.7499259453258171,0.004975124378109453,0.8131368345492955,0.6706947608365488,0.009950248756218905,0.6215806270859755,replicated
shared,0.8973858612396176,0.004975124378109453,0.7807590871914765,0.8062209861352737,0.009950248756218905,0.8484577887597682,replicated
shared,0.660681590582599,0.004975124378109453,0.7973840176103668,0.5415516674429053,0.01990049751243781,0.6913984716194709,replicated
shared,0.8820651774581941,0.004975124378109453,0.8407908612510575,0.7251293605327065,0.009950248756218905,0.8600443372518244,replicated
shared,0.8334825723531283,0.004975124378109453,0.8390943219552583,0.7271649784820378,0.009950248756218905,0.8476265893203686,replicated
shared,0.8054219549358345,0.004975124378109453,0.8002440716851812,0.765129430495677,0.009950248756218905,0.7265363735985871,replicated
shared,0.9039547234184421,0.004975124378109453,0.7986839743510379,0.8347535248849545,0.009950248756218905,0.8201152505306225,replicated
shared,0.7888615724213736,0.004975124378109453,0.7868828092784022,0.6648393813696594,0.009950248756218905,0.6660608903628282,replicated
shared,0.6737694710512258,0.004975124378109453,0.8250992851111862,0.6143105628816625,0.009950248756218905,0.6662635012569692,replicated
shared,0.7404071623087984,0.009950248756218905,0.799378759761083,0.6394836788755711,0.009950248756218905,0.7863839110575097,replicated
shared,0.8196490736038816,0.004975124378109453,0.826798402264916,0.6814216925787199,0.009950248756218905,0.7524857199040256,replicated
shared,0.8145889140157369,0.004975124378109453,0.8009272209089949,0.7671142150096728,0.009950248756218905,0.7534949293796902,replicated
shared,0.7880687852905445,0.004975124378109453,0.7848084829181254,0.676683745033108,0.009950248756218905,0.75050264544435,replicated
shared,0.868390126760464,0.004975124378109453,0.7680162242466219,0.8303179472934727,0.009950248756218905,0.7729307501462837,replicated
shared,0.8929104906526627,0.004975124378109453,0.8476601891649367,0.744291514564949,0.009950248756218905,0.7789816144107387,replicated
shared,0.8343313565388727,0.004975124378109453,0.793883013501711,0.665677084773878,0.009950248756218905,0.8471671228989929,replicated
shared,0.8852620003348731,0.004975124378109453,0.8091751058279217,0.6586369021020223,0.009950248756218905,0.8481525750283714,replicated
shared,0.6669576848442195,0.004975124378109453,0.8373202383880178,0.5089863923403668,0.04975124378109453,0.4988593758683213,replicated
shared,0.8002132888451139,0.004975124378109453,0.8007393075656007,0.648508805800463,0.009950248756218905,0.8102698822804904,replicated
shared,0.7777544886493142,0.004975124378109453,0.871152072802134,0.6987166188227967,0.009950248756218905,0.5155582226692951,replicated
shared,0.8553489600017701,0.004975124378109453,0.8268636930801496,0.7476038861396297,0.009950248756218905,0.8471269206853016,replicated
shared,0.6940660205774508,0.009950248756218905,0.8484377768065644,0.6430995106521855,0.009950248756218905,0.6304349590575005,replicated
shared,0.850295334860881,0.004975124378109453,0.8064751289746583,0.7422386021042555,0.009950248756218905,0.8327023783758014,replicated
shared,0.8469936957345637,0.004975124378109453,0.8155479972473252,0.7279073039822883,0.009950248756218905,0.7535468665622604,replicated
shared,0.6778921910468435,0.004975124378109453,0.8220030048145053,0.5220749209220028,0.009950248756218905,0.6027319921370712,replicated
shared,0.838452613448544,0.004975124378109453,0.820210889740022,0.7196133803001383,0.009950248756218905,0.810521862956739,replicated
shared,0.8145653121633049,0.004975124378109453,0.792646733674036,0.7268658363698232,0.009950248756218905,0.6888021340604987,replicated
shared,0.8417110750814482,0.004975124378109453,0.8075193744606637,0.7530586271987234,0.009950248756218905,0.6894533720584524,replicated
shared,0.6820157343088846,0.009950248756218905,0.8425593763371326,0.5638168068564842,0.009950248756218905,0.6619697438057369,replicated
shared,0.8972467728635074,0.004975124378109453,0.855724684077693,0.7960841330654699,0.009950248756218905,0.8177350936091531,replicated
shared,0.6756641246995109,0.009950248756218905,0.840414193726621,0.61990762409411,0.009950248756218905,0.606911376557436,replicated
shared,0.8332352623240992,0.004975124378109453,0.8275650377602471,0.7657515228845462,0.009950248756218905,0.7209700604655016,replicated
shared,0.8589511136009973,0.004975124378109453,0.80069536750706,0.7509450737716241,0.009950248756218905,0.8739883312577995,replicated
shared,0.9146299591286781,0.004975124378109453,0.8040998795951144,0.8146577882788293,0.009950248756218905,0.8329145441193238,replicated
shared,0.8513293196946147,0.004975124378109453,0.7856495663561212,0.7751745247901747,0.009950248756218905,0.7433566852830283,replicated
shared,0.8852626680369221,0.004975124378109453,0.8879620195472903,0.747216692755579,0.009950248756218905,0.8701641785287422,replicated
shared,0.6744373194230752,0.009950248756218905,0.8312978060405238,0.5565144786137168,0.01990049751243781,0.6014291505163726,replicated
shared,0.8987454900380744,0.004975124378109453,0.798545071814105,0.8255383500248816,0.009950248756218905,0.8531798421154814,replicated
shared,0.8722340025284605,0.004975124378109453,0.829972970768625,0.7187004650155415,0.009950248756218905,0.8606542151789507,replicated
shared,0.6875040568162344,0.014925373134328358,0.7555685808262178,0.6726442185144466,0.009950248756218905,0.6487238050541642,replicated
shared,0.8781428918335538,0.004975124378109453,0.8328607230151979,0.731145391516139,0.009950248756218905,0.8396737116034177,replicated
shared,0.8891125424824514,0.004975124378109453,0.8745575382910438,0.7930584453244389,0.009950248756218905,0.8603377985682449,replicated
shared,0.7781468332158863,0.004975124378109453,0.842628780614919,0.689542389779477,0.009950248756218905,0.7253836593026116,replicated
shared,0.649835522684245,0.009950248756218905,0.8229772015323724,0.5489124238250151,0.01990049751243781,0.652545768954271,replicated
shared,0.9054938817002545,0.004975124378109453,0.8523366653950644,0.8499374395051265,0.009950248756218905,0.8664278029714886,replicated
shared,0.8591125710332874,0.004975124378109453,0.7747302394991027,0.7863356143455007,0.009950248756218905,0.7944788060545505,replicated
shared,0.8917516807980089,0.004975124378109453,0.7948605134712264,0.7555245716794206,0.009950248756218905,0.7913866384422983,replicated
shared,0.7448130904620669,0.004975124378109453,0.8440907012737541,0.6699206805758459,0.009950248756218905,0.7115059282436161,replicated
shared,0.818766741123899,0.004975124378109453,0.8143498868929198,0.7101001322140666,0.01990049751243781,0.7670814387990854,replicated
shared,0.8650236435620882,0.004975124378109453,0.7503409681738307,0.7239040200965398,0.009950248756218905,0.864950026609335,replicated
shared,0.8528024429918422,0.004975124378109453,0.7715784784898461,0.7645849098260933,0.009950248756218905,0.8460967831786805,replicated
shared,0.7481636950748018,0.004975124378109453,0.8418377762942866,0.6497634546126108,0.009950248756218905,0.5992199575948389,replicated
shared,0.8191941666977393,0.004975124378109453,0.8521672929205276,0.7277008322456455,0.009950248756218905,0.7838057593938407,replicated
shared,0.8955846878402507,0.004975124378109453,0.8175195917683148,0.7441233652072645,0.009950248756218905,0.8531055182074042,replicated
shared,0.841647634530595,0.004975124378109453,0.8585985366793403,0.6555207982228985,0.009950248756218905,0.7106016800726154,replicated
shared,0.8930383928312289,0.004975124378109453,0.841373962590873,0.8011406779326354,0.009950248756218905,0.8738707653916271,replicated
shared,0.7940944522919434,0.004975124378109453,0.7899079877982582,0.6928482282080182,0.009950248756218905,0.6774359916164506,replicated
shared,0.7842610483410539,0.004975124378109453,0.8086286067436294,0.7142500476030109,0.009950248756218905,0.7927317829569999,replicated
shared,0.828658224635389,0.004975124378109453,0.8171461917126372,0.6568209357018344,0.009950248756218905,0.8261381807918862,replicated
shared,0.7766563515000776,0.004975124378109453,0.8053007504458367,0.690563622483176,0.009950248756218905,0.70744607776102,replicated
shared,0.7780772291701503,0.004975124378109453,0.8663596621487744,0.6875777221299534,0.009950248756218905,0.637643584824563,replicated
shared,0.8179038728540973,0.004975124378109453,0.860556998816247,0.7062152988536428,0.009950248756218905,0.7898739395361892,replicated
shared,0.8078889897312836,0.004975124378109453,0.832002895594968,0.7304816875612201,0.009950248756218905,0.5991602706623712,replicated
shared,0.8302440101701497,0.004975124378109453,0.8274532331990455,0.7822889755881851,0.009950248756218905,0.7635886568803287,replicated
shared,0.7419833215145745,0.004975124378109453,0.7963861368300045,0.7038139489310201,0.009950248756218905,0.6730616858603492,replicated
shared,0.8098674099264045,0.004975124378109453,0.8078045656115376,0.7440380973366186,0.009950248756218905,0.8297395739515951,replicated
shared,0.841548188214503,0.004975124378109453,0.8116253016787365,0.7117479696177975,0.009950248756218905,0.7596074345128448,replicated
shared,0.8516225648041301,0.004975124378109453,0.8199728827406403,0.7905907833684962,0.009950248756218905,0.8207302041414581,replicated
shared,0.7333119563280763,0.004975124378109453,0.7928952335382711,0.6442546807751235,0.009950248756218905,0.709667226669902,replicated
shared,0.8657003929199188,0.004975124378109453,0.7876067336467467,0.7964395088469531,0.009950248756218905,0.7900294066348978,replicated
shared,0.8046484072105196,0.004975124378109453,0.7874344488409151,0.6034547808351034,0.009950248756218905,0.7956484540297354,replicated
shared,0.8136101721038952,0.004975124378109453,0.7845546382620492,0.6091561122058056,0.009950248756218905,0.6430136116593894,replicated
shared,0.9016035660697373,0.004975124378109453,0.8426081965240106,0.7769296560963148,0.009950248756218905,0.8555490289760425,replicated
shared,0.8671185964414068,0.004975124378109453,0.8848835832872761,0.7637114155297386,0.009950248756218905,0.7949412433091662,replicated
shared,0.6728988920613224,0.004975124378109453,0.7838496601830076,0.49352896419061243,0.029850746268656716,0.6756341061890045,replicated
shared,0.8337382208868823,0.004975124378109453,0.7754100634256902,0.7758718536707909,0.009950248756218905,0.6652225756042818,replicated
shared,0.8761753724238683,0.004975124378109453,0.7784756968718372,0.7552868904442631,0.009950248756218905,0.7074784705994255,replicated
shared,0.8308335109866879,0.004975124378109453,0.796505145871482,0.7225211987942951,0.009950248756218905,0.7179417298826735,replicated
shared,0.8303416053979907,0.004975124378109453,0.8269968209738138,0.6901222806820744,0.009950248756218905,0.7263977771880791,replicated
shared,0.7999789306377509,0.004975124378109453,0.7768559755999974,0.7278293881643894,0.009950248756218905,0.798446386232865,replicated
shared,0.8939710206291028,0.004975124378109453,0.8176420409530014,0.7434128492597007,0.009950248756218905,0.7048894851670552,replicated
shared,0.8513237960799753,0.004975124378109453,0.8041729253960626,0.7834692233241309,0.009950248756218905,0.8419718083410438,replicated
shared,0.9205940455824295,0.004975124378109453,0.8161402600001191,0.8321555291968159,0.009950248756218905,0.794855665121712,replicated
shared,0.8060716559448867,0.004975124378109453,0.8780813958149561,0.7145701706050231,0.009950248756218905,0.8482578286344533,replicated
shared,0.8226824800641828,0.004975124378109453,0.7848782001077286,0.7371869438974737,0.009950248756218905,0.8326376701747682,replicated
shared,0.824557991672227,0.004975124378109453,0.7849367314791861,0.7086700771181211,0.009950248756218905,0.7644136820926696,replicated
shared,0.8658038900589978,0.004975124378109453,0.8038563989825566,0.7270773947589126,0.009950248756218905,0.8647086479726822,replicated
shared,0.7892990991342128,0.004975124378109453,0.7888184497069151,0.6214955488057837,0.029850746268656716,0.7898083396180983,replicated
shared,0.7088811076303774,0.004975124378109453,0.8180918736972598,0.6953850651763385,0.009950248756218905,0.7519605115759408,replicated
shared,0.7847846912291144,0.004975124378109453,0.8448616404333089,0.7374123310959784,0.009950248756218905,0.8305224250523687,replicated
shared,0.7885213007131902,0.004975124378109453,0.8676046714318663,0.6898634401848058,0.009950248756218905,0.6826509631506072,replicated
shared,0.8083020032701481,0.004975124378109453,0.832904693575327,0.7302200640338583,0.009950248756218905,0.6874808874140355,replicated
shared,0.8019808187855977,0.004975124378109453,0.8315719744740881,0.717021010475506,0.009950248756218905,0.8086385655239744,replicated
shared,0.7906878578444424,0.004975124378109453,0.8238897341015556,0.670227879367846,0.009950248756218905,0.6509591037342157,replicated
shared,0.7697382235267368,0.004975124378109453,0.8321271706135547,0.6511484774243468,0.01990049751243781,0.5475910761590868,replicated
shared,0.7574563625515653,0.004975124378109453,0.819449604104006,0.693663874979423,0.009950248756218905,0.6563551934987297,replicated
shared,0.8294572027070218,0.004975124378109453,0.8527098336597392,0.8007452686525065,0.009950248756218905,0.73765635483178,replicated
shared,0.6898019189885234,0.004975124378109453,0.8100304347186515,0.6074325144843926,0.009950248756218905,0.576955470351813,replicated
shared,0.8896029293142209,0.004975124378109453,0.8189841667160772,0.8101390607718815,0.009950248756218905,0.8871119381116905,replicated
shared,0.8372835916732796,0.004975124378109453,0.7140573481250932,0.602816516364685,0.009950248756218905,0.8159032609118636,replicated
shared,0.8701985899877667,0.004975124378109453,0.8321519134549398,0.733971676524658,0.009950248756218905,0.8384453071736477,replicated
shared,0.7435829575352616,0.004975124378109453,0.7942661495705927,0.638363736687634,0.009950248756218905,0.6860743552073203,replicated
shared,0.8163440060703531,0.004975124378109453,0.8479930079536626,0.6992624855449405,0.009950248756218905,0.8085285151721456,replicated
shared,0.7886196904510453,0.004975124378109453,0.8288868599434172,0.7084619886639303,0.009950248756218905,0.7365457355706434,replicated
shared,0.7088206487833074,0.009950248756218905,0.8182940714093234,0.5932234362533257,0.009950248756218905,0.7826690718125564,replicated
shared,0.8275520114870503,0.004975124378109453,0.7441128499103957,0.7154911697753947,0.009950248756218905,0.7747263675147077,replicated
shared,0.8663278120997215,0.004975124378109453,0.7850713350568674,0.6787406460699097,0.009950248756218905,0.8153065443191023,replicated
shared,0.9046883791458561,0.004975124378109453,0.8080458091768123,0.7756200079335209,0.009950248756218905,0.815399764271617,replicated
shared,0.7034715566113132,0.009950248756218905,0.7964034132127905,0.5891297081001284,0.01990049751243781,0.7654849989090854,replicated
shared,0.7652658818537761,0.004975124378109453,0.8229747276100958,0.6620278632598913,0.009950248756218905,0.6624449041453125,replicated
shared,0.89708868397581,0.004975124378109453,0.8213968467267231,0.796245052949567,0.009950248756218905,0.8426802226371288,replicated
shared,0.8599867926473582,0.004975124378109453,0.797359036263122,0.6556210793441951,0.009950248756218905,0.8554446930697178,replicated
shared,0.7033061385028049,0.009950248756218905,0.8320803913141175,0.5787515445657502,0.029850746268656716,0.6523528789496292,replicated
shared,0.8724646067508468,0.004975124378109453,0.8367537010765035,0.7615595005186141,0.009950248756218905,0.8236786154403385,replicated
shared,0.836537562423634,0.004975124378109453,0.812656203388022,0.784238857158819,0.009950248756218905,0.7658267978437318,replicated
shared,0.8204739576305699,0.004975124378109453,0.8188494479626948,0.6866818113253463,0.009950248756218905,0.8671958499764336,replicated
shared,0.7919139001649378,0.004975124378109453,0.8053325295085121,0.7046883690266861,0.009950248756218905,0.8687087590830718,replicated
shared,0.9193030279908989,0.004975124378109453,0.7522926336852287,0.7340517523049569,0.009950248756218905,0.7960125627417124,replicated
shared,0.8175622903950147,0.004975124378109453,0.8061184523248409,0.7355698276455193,0.009950248756218905,0.7889591272933858,replicated
shared,0.8274844510983805,0.004975124378109453,0.7933591818687855,0.6948378789658075,0.009950248756218905,0.6793005702663578,replicated
shared,0.864821397137044,0.004975124378109453,0.850875305456865,0.724886326987232,0.009950248756218905,0.7875916435298429,replicated
shared,0.8843062132661421,0.004975124378109453,0.8203149574652894,0.7770622938176727,0.009950248756218905,0.839716709092286,replicated
shared,0.8908434525935084,0.004975124378109453,0.8206482071834444,0.8446113688120171,0.009950248756218905,0.7456667512701852,replicated
shared,0.8122172764339676,0.004975124378109453,0.7997090146417153,0.7025142945751752,0.009950248756218905,0.8021281748166875,replicated
shared,0.8766536148041912,0.004975124378109453,0.839537506618624,0.7287804870907633,0.009950248756218905,0.7751412080452696,replicated
shared,0.6164664686139527,0.01990049751243781,0.8533648348960214,0.617236011505579,0.01990049751243781,0.5418006422980026,replicated
shared,0.8318764732531891,0.004975124378109453,0.8391304771891428,0.6745193839967589,0.009950248756218905,0.7927729452973054,replicated
shared,0.853627281755979,0.004975124378109453,0.8133641128545759,0.6861646779250796,0.009950248756218905,0.868582662840455,replicated
shared,0.9144101623583828,0.004975124378109453,0.8243869352390187,0.7654426472028045,0.009950248756218905,0.8455747183667056,replicated
shared,0.8880631356899912,0.004975124378109453,0.8334988230964681,0.8112426508140409,0.009950248756218905,0.8238655494942358,replicated
shared,0.8865933413905702,0.004975124378109453,0.8282983820754455,0.7875530450023085,0.009950248756218905,0.822221501683134,replicated
shared,0.7394142187074556,0.004975124378109453,0.7987619701989694,0.6173776379746844,0.01990049751243781,0.7685482571755685,replicated
shared,0.8592294849154275,0.004975124378109453,0.8170466934290999,0.738362717134635,0.009950248756218905,0.6567839629385276,replicated
shared,0.7916844199925201,0.004975124378109453,0.7389264507740174,0.7245389751640563,0.009950248756218905,0.7012607310093552,replicated
shared,0.6991499205783263,0.009950248756218905,0.8562932937421983,0.5474523194700331,0.01990049751243781,0.7739258677016837,replicated
shared,0.8773701440181915,0.004975124378109453,0.776500819970471,0.727431660766457,0.009950248756218905,0.7536020780207897,replicated
shared,0.8544106772914899,0.004975124378109453,0.8542614492344534,0.7819719084145589,0.009950248756218905,0.7022179163733,replicated
shared,0.7996122392431948,0.004975124378109453,0.8482027794180561,0.6533340695318142,0.009950248756218905,0.847091894224766,replicated
shared,0.8245580006246936,0.004975124378109453,0.8331342246358688,0.7357397004665218,0.009950248756218905,0.8107412011363428,replicated
shared,0.807966027769058,0.004975124378109453,0.804770002300383,0.6373109649861317,0.009950248756218905,0.7013746643897775,replicated
shared,0.7218706861723705,0.004975124378109453,0.8121734063555749,0.6688989781641949,0.009950248756218905,0.6514493592599966,replicated
shared,0.7871869463249567,0.004975124378109453,0.8194115442211165,0.632280616001339,0.009950248756218905,0.6899597693254524,replicated
shared,0.8209196517023587,0.004975124378109453,0.801813816417754,0.7047253952162795,0.009950248756218905,0.7536115308108245,replicated
shared,0.8192430114344283,0.004975124378109453,0.8381640153620131,0.7602376880825936,0.009950248756218905,0.7283612649023383,replicated
shared,0.8821761473730605,0.004975124378109453,0.7978565387089005,0.8190347808925632,0.009950248756218905,0.9028653742608316,replicated
shared,0.882818644981108,0.004975124378109453,0.8166085135570673,0.6242056455720046,0.029850746268656716,0.8135781070951726,replicated
shared,0.8656297193479182,0.004975124378109453,0.8352642883217154,0.7213760266478575,0.009950248756218905,0.8141194626329042,replicated
shared,0.8887044051132695,0.004975124378109453,0.7446069764746954,0.7543181931280885,0.009950248756218905,0.8144959234259564,replicated
shared,0.8471394116898555,0.004975124378109453,0.7735531877665116,0.6904135242795191,0.009950248756218905,0.7573898846421891,replicated
shared,0.8056506241519017,0.004975124378109453,0.8503254443082017,0.7254793019945933,0.009950248756218905,0.6054860942441461,replicated
shared,0.8406295990285704,0.004975124378109453,0.8208325951585382,0.7472606895949493,0.009950248756218905,0.8192652807986883,replicated
shared,0.8730499666449353,0.004975124378109453,0.7698114427448063,0.7503885837780668,0.009950248756218905,0.8672558266397201,replicated
shared,0.8673624490133335,0.004975124378109453,0.8381878855064605,0.7345736869761736,0.009950248756218905,0.7769984950550979,replicated
shared,0.7799363756631403,0.004975124378109453,0.8486949148011733,0.6744484019493096,0.01990049751243781,0.7968586262641989,replicated
shared,0.814023909704384,0.004975124378109453,0.7533781941244206,0.7232305663677436,0.009950248756218905,0.6961392593337254,replicated
shared,0.8568739840531784,0.004975124378109453,0.7622567382607249,0.7155970567690776,0.009950248756218905,0.7824606271473953,replicated
shared,0.8151562680790325,0.004975124378109453,0.823897771305619,0.7419600360884752,0.009950248756218905,0.6455791271609502,replicated
shared,0.8964852375114899,0.004975124378109453,0.816661050331887,0.8175258345882395,0.009950248756218905,0.8137028960124872,replicated
shared,0.8757303865292471,0.004975124378109453,0.8583261332095564,0.7782748599995664,0.009950248756218905,0.8816334272909281,replicated
shared,0.8458050606982297,0.004975124378109453,0.7711708510731895,0.7290213685030664,0.009950248756218905,0.8397975121688546,replicated
shared,0.7889002605184905,0.004975124378109453,0.8007437714584532,0.7205085302602401,0.009950248756218905,0.7409864060810676,replicated
shared,0.8165676482180012,0.004975124378109453,0.8259399593354666,0.7084323914924705,0.009950248756218905,0.7454371415826703,replicated
shared,0.815065514371846,0.004975124378109453,0.8727755768797578,0.6934414265144864,0.009950248756218905,0.7589364575040766,replicated
shared,0.811492692316848,0.004975124378109453,0.8000518987402803,0.6094597616140787,0.009950248756218905,0.7963438012097644,replicated
shared,0.7913647983655557,0.004975124378109453,0.8158876723933568,0.7221188313146045,0.009950248756218905,0.6730055385070495,replicated
shared,0.8318399391647375,0.004975124378109453,0.8180627751082153,0.7428476726391631,0.009950248756218905,0.8175640344477672,replicated
shared,0.8081354762002485,0.004975124378109453,0.800318282567336,0.7461991329711268,0.009950248756218905,0.7796629312063313,replicated
shared,0.8483117882344644,0.004975124378109453,0.7598351608777302,0.676417799604081,0.009950248756218905,0.8592007479410357,replicated
shared,0.7531778405217185,0.004975124378109453,0.8244367667912373,0.661960182592249,0.01990049751243781,0.7287133029461804,replicated
shared,0.8461348558216779,0.004975124378109453,0.7773651977217129,0.7445515856691745,0.009950248756218905,0.7374716199886352,replicated
shared,0.7718331029825497,0.004975124378109453,0.789888540723284,0.6068136109610589,0.01990049751243781,0.5897094209118072,replicated
shared,0.854656180388619,0.004975124378109453,0.8178294629242591,0.7702095536874355,0.009950248756218905,0.8108735480927433,replicated
shared,0.8898841303494217,0.004975124378109453,0.8363131810149251,0.7299076326106857,0.009950248756218905,0.8409519004685885,replicated
shared,0.8626441548621208,0.004975124378109453,0.8710968717030172,0.6976875902707149,0.01990049751243781,0.8259720924440639,replicated
shared,0.7655413298451633,0.004975124378109453,0.8097354599239865,0.7209298218388096,0.009950248756218905,0.8043713564949371,replicated
shared,0.860551605424969,0.004975124378109453,0.8353297091118657,0.7760508379708504,0.009950248756218905,0.8203147944450698,replicated
shared,0.7622224306715479,0.004975124378109453,0.8179284030206033,0.7306689738229774,0.009950248756218905,0.7663378900865767,replicated
shared,0.8056672227672933,0.004975124378109453,0.837721387105188,0.6602139306159938,0.009950248756218905,0.7626924904677619,replicated
shared,0.8211667984105814,0.004975124378109453,0.7439072424870026,0.689025144945326,0.009950248756218905,0.7338958879325278,replicated
shared,0.7176885550243597,0.004975124378109453,0.7847449274209936,0.637510913934622,0.009950248756218905,0.6128347172571825,replicated
shared,0.7445000556663863,0.004975124378109453,0.79556511330074,0.6295041282161205,0.009950248756218905,0.698582992682795,replicated
shared,0.8921804945789686,0.004975124378109453,0.8219812143642035,0.7597529152914593,0.009950248756218905,0.8452087404478912,replicated
shared,0.7421665622192828,0.009950248756218905,0.7104611604632187,0.6429475073123188,0.009950248756218905,0.7743736269660825,replicated
shared,0.8474475927526245,0.004975124378109453,0.7428728846894391,0.7515502533594505,0.009950248756218905,0.8150677675766945,replicated
shared,0.8893159053483108,0.004975124378109453,0.8209094943713049,0.7362613972352733,0.009950248756218905,0.8592015834642889,replicated
shared,0.7045742740595408,0.004975124378109453,0.7765638017923671,0.5513527597329405,0.01990049751243781,0.6234382073391282,replicated
shared,0.7100462662273236,0.004975124378109453,0.8050771439029529,0.6039377919307187,0.009950248756218905,0.6760657935004706,replicated
shared,0.7880025507729462,0.004975124378109453,0.7779070256506027,0.6764758881869042,0.009950248756218905,0.6799793227854279,replicated
shared,0.8064503109085001,0.004975124378109453,0.8139829499538731,0.6734154233696421,0.009950248756218905,0.8157818741542417,replicated
shared,0.8122091429768434,0.004975124378109453,0.7674509020097857,0.7273945059701168,0.009950248756218905,0.794710372478182,replicated
shared,0.8476296682017951,0.004975124378109453,0.8029965071278296,0.7541249401139787,0.009950248756218905,0.6885574441728605,replicated
shared,0.775001280034497,0.004975124378109453,0.8351964394267519,0.6866790824019724,0.009950248756218905,0.7515595331925782,replicated
shared,0.7657928114690292,0.004975124378109453,0.8195377858944253,0.6623070123332093,0.009950248756218905,0.771552385802587,replicated
shared,0.8101454699678359,0.004975124378109453,0.7092367995499471,0.6346059152596049,0.009950248756218905,0.8072331929355183,replicated
shared,0.8390461930656936,0.004975124378109453,0.8195396165410402,0.7146989203372887,0.009950248756218905,0.7794380970754942,replicated
shared,0.7878235334800722,0.004975124378109453,0.8185879813544038,0.7371325321404041,0.009950248756218905,0.7306007038438149,replicated
shared,0.8704443284051598,0.004975124378109453,0.7612000711655655,0.7021606505175647,0.009950248756218905,0.8414867099270121,replicated
shared,0.8432995882874714,0.004975124378109453,0.8248669975433515,0.7726602406777158,0.009950248756218905,0.7820870968868381,replicated
shared,0.666523100041232,0.004975124378109453,0.78991282218888,0.6591523864183255,0.009950248756218905,0.6065958383512154,replicated
shared,0.7377691922446084,0.014925373134328358,0.7830524963871437,0.6214196729367152,0.009950248756218905,0.6577545008647439,replicated
shared,0.8573775936240488,0.004975124378109453,0.816397023413425,0.6656967861571754,0.009950248756218905,0.8099969855862177,replicated
shared,0.7819295053412312,0.004975124378109453,0.8420773851860388,0.7251124656144445,0.009950248756218905,0.6767646782430998,replicated
shared,0.803903387643119,0.004975124378109453,0.844071626314375,0.7517530946697535,0.009950248756218905,0.7508265214889528,replicated
shared,0.8555286935379018,0.004975124378109453,0.8303453434906714,0.7483494281998626,0.009950248756218905,0.7955265187578148,replicated
shared,0.9015700072667201,0.004975124378109453,0.8288049089698983,0.759953433821403,0.009950248756218905,0.8610181419015225,replicated
shared,0.9082309681051749,0.004975124378109453,0.8498736336519331,0.8538125755447694,0.009950248756218905,0.8668362730201014,replicated
shared,0.7539645184119738,0.004975124378109453,0.8435911646039618,0.646114535200961,0.01990049751243781,0.7380304422853539,replicated
shared,0.9056304171473606,0.004975124378109453,0.8206121885485078,0.8345129943151748,0.009950248756218905,0.7548107835424462,replicated
shared,0.815246840388524,0.004975124378109453,0.7609105439157668,0.7396159942252734,0.009950248756218905,0.724382219599699,replicated
shared,0.8173426498400816,0.004975124378109453,0.8443898762585467,0.6689956559867725,0.009950248756218905,0.659169171560434,replicated
shared,0.8113385136846023,0.004975124378109453,0.8299099214994436,0.654342005940914,0.009950248756218905,0.7540045577565283,replicated
shared,0.8190223363468764,0.004975124378109453,0.7701131674471656,0.7158969157240096,0.009950248756218905,0.7620740571050971,replicated
shared,0.7188314310003503,0.004975124378109453,0.838240144033926,0.5259568181650008,0.009950248756218905,0.5939304710571007,replicated
shared,0.8486438499323871,0.004975124378109453,0.7962386334407942,0.7351093057207418,0.009950248756218905,0.8505574508171194,replicated
shared,0.8454796533782958,0.004975124378109453,0.8032586248278977,0.7634631547683781,0.009950248756218905,0.7307777103558524,replicated
shared,0.762668641174643,0.004975124378109453,0.8413627889081245,0.6442822923562624,0.009950248756218905,0.7823888878307889,replicated
shared,0.6170482533434802,0.004975124378109453,0.7989753053397672,0.5459963637651886,0.03980099502487562,0.667120272930638,replicated
shared,0.8334524919544335,0.004975124378109453,0.7591355584547814,0.7669037762676819,0.009950248756218905,0.6982688206142771,replicated
shared,0.9240664878779242,0.004975124378109453,0.8287966986053059,0.7604682565158336,0.009950248756218905,0.8131378678997616,replicated
shared,0.8320456439829395,0.004975124378109453,0.791246319691493,0.7269129499276866,0.009950248756218905,0.8338851916683956,replicated
shared,0.7708529148800434,0.004975124378109453,0.7729598753055984,0.7398277917024001,0.009950248756218905,0.5691640485135443,replicated
shared,0.808151465174666,0.004975124378109453,0.87250295105778,0.6653689614226519,0.01990049751243781,0.740748485091648,replicated
shared,0.5687519674503916,0.01990049751243781,0.83468035391125,0.5176573784989471,0.029850746268656716,0.4387682836119618,replicated
shared,0.7615441924716844,0.004975124378109453,0.8094252081196334,0.6702560846019938,0.009950248756218905,0.7096492144982239,replicated
shared,0.7628513746576456,0.004975124378109453,0.7867019373543958,0.5184162648273191,0.01990049751243781,0.6779277479075594,replicated
shared,0.8110078094118549,0.004975124378109453,0.7782371921420599,0.5892267106696787,0.009950248756218905,0.8245884763191672,replicated
shared,0.8050739973954133,0.004975124378109453,0.8366634290543005,0.6591660957086114,0.009950248756218905,0.6922821151697545,replicated
shared,0.8296646845082943,0.004975124378109453,0.8003366487780017,0.7356631679706924,0.009950248756218905,0.8429746451719652,replicated
shared,0.8123783080364282,0.004975124378109453,0.8515934321168812,0.779839440698939,0.009950248756218905,0.7432382125952315,replicated
shared,0.7721156001631488,0.004975124378109453,0.7769651756386203,0.6778703914767261,0.009950248756218905,0.6488866112988076,replicated
shared,0.8163586482976856,0.004975124378109453,0.8460615258557841,0.703855749898626,0.009950248756218905,0.822211175739406,replicated
shared,0.7717270034710618,0.004975124378109453,0.7798881787890732,0.6446137022649749,0.009950248756218905,0.790591543964947,replicated
shared,0.7943274012767312,0.004975124378109453,0.8270821588264523,0.7250510147103051,0.009950248756218905,0.8069524264439532,replicated
shared,0.786712593481384,0.009950248756218905,0.8115388931312911,0.685704762103353,0.009950248756218905,0.6300990397528928,replicated
shared,0.8410866640009821,0.004975124378109453,0.8280776456436445,0.7816207108077251,0.009950248756218905,0.8044502935682053,replicated
shared,0.7896347242478003,0.004975124378109453,0.8081034858674183,0.7455009329400283,0.009950248756218905,0.6607564661466618,replicated
shared,0.845990942206483,0.004975124378109453,0.8143904871844362,0.7154097661317158,0.009950248756218905,0.8399141220553882,replicated
shared,0.8253456709316009,0.004975124378109453,0.8004977536515859,0.777774984403578,0.009950248756218905,0.7921800001629657,replicated
shared,0.8078625283880585,0.004975124378109453,0.7918990752502255,0.6607407336761486,0.009950248756218905,0.7047004115107848,replicated
shared,0.7301595329015218,0.004975124378109453,0.7871623815744073,0.6643130819696683,0.009950248756218905,0.7378612219231838,replicated
shared,0.794383721045225,0.004975124378109453,0.842810480625271,0.6468944719414991,0.009950248756218905,0.742952388308258,replicated
shared,0.8293752017813564,0.004975124378109453,0.849649239603492,0.669851367920206,0.009950248756218905,0.6688020270928912,replicated
shared,0.7399994826474212,0.004975124378109453,0.8040520470552386,0.5916085935800957,0.009950248756218905,0.6359268265768252,replicated
shared,0.8270078905237722,0.004975124378109453,0.7868838036257275,0.8006377556755914,0.009950248756218905,0.7753831449460008,replicated
shared,0.7094099830450705,0.009950248756218905,0.7480888618743645,0.6097253602826171,0.009950248756218905,0.7277472940506232,replicated
shared,0.8013424594669224,0.004975124378109453,0.8026244156917621,0.6890606055977051,0.009950248756218905,0.8175087672388972,replicated
shared,0.8094159752533204,0.004975124378109453,0.8319444561248324,0.7537165105635407,0.009950248756218905,0.8325620719988539,replicated
shared,0.6901815781079956,0.004975124378109453,0.829541505135292,0.6219517318259113,0.009950248756218905,0.6820970373213431,replicated
shared,0.8538900279324065,0.004975124378109453,0.8474027990358317,0.7720412929367201,0.009950248756218905,0.7946825663618837,replicated
shared,0.7933507856722583,0.004975124378109453,0.8424729796267802,0.6533764307893568,0.009950248756218905,0.7987537461304473,replicated
shared,0.8779039034044477,0.004975124378109453,0.7951885515382375,0.6749688609227797,0.009950248756218905,0.8358221255271613,replicated
shared,0.8714911063590532,0.004975124378109453,0.7952258611966114,0.7540701662437967,0.009950248756218905,0.8167402892995701,replicated
shared,0.8173665669227453,0.004975124378109453,0.8096623195351528,0.698639166929045,0.009950248756218905,0.8274544937188819,replicated
shared,0.7688808242317859,0.004975124378109453,0.8049036576224617,0.6740708197640308,0.009950248756218905,0.7487005578031518,replicated
shared,0.8987051291409526,0.004975124378109453,0.7679258899291698,0.7218727462423499,0.009950248756218905,0.866229668307874,replicated
shared,0.8030664338440573,0.004975124378109453,0.8432222263967011,0.5590277633732011,0.009950248756218905,0.7734065345855383,replicated
shared,0.7707254538046816,0.004975124378109453,0.7967845896260258,0.6978056163690927,0.009950248756218905,0.6842690174644457,replicated
shared,0.7682960496966037,0.004975124378109453,0.7848614490237071,0.6617534749141388,0.009950248756218905,0.7046387677326379,replicated
shared,0.7424628273088733,0.004975124378109453,0.7948606387705772,0.5381885373069002,0.01990049751243781,0.6995456644643308,replicated
shared,0.5703419477408537,0.04975124378109453,0.7191812574216437,0.4599227399470717,0.009950248756218905,0.494664572143852,replicated
shared,0.7168861952902956,0.004975124378109453,0.7780504645663624,0.4854159659753496,0.029850746268656716,0.6108959808209697,replicated
shared,0.8035746156876475,0.004975124378109453,0.7944849818971349,0.713621251126725,0.009950248756218905,0.7312945865933818,replicated
shared,0.9492269306764662,0.004975124378109453,0.764319596580442,0.7223775949682809,0.009950248756218905,0.857870288882142,replicated
shared,0.8647100981736414,0.004975124378109453,0.7833156075255625,0.6747765533365755,0.009950248756218905,0.7637528623546527,replicated
shared,0.7536437131035747,0.004975124378109453,0.8199108193336373,0.6328668568313203,0.009950248756218905,0.6426019531658248,replicated
shared,0.7864854729198906,0.004975124378109453,0.8080113536897064,0.6402206334095863,0.009950248756218905,0.622666119306593,replicated
shared,0.8494196265385785,0.004975124378109453,0.8522089529992736,0.7124191804873106,0.009950248756218905,0.8117178622301191,replicated
shared,0.9173644706365773,0.004975124378109453,0.8224629040684399,0.7157838990586971,0.009950248756218905,0.8601566692573593,replicated
shared,0.7951812291849663,0.004975124378109453,0.8217935145244739,0.6444398802074676,0.009950248756218905,0.8911603738857229,replicated
shared,0.8361411501580085,0.004975124378109453,0.8403229350606142,0.7256177805543996,0.009950248756218905,0.8174094727222607,replicated
shared,0.8242643174489414,0.004975124378109453,0.7816831611873746,0.7105957227218624,0.009950248756218905,0.6458004236357542,replicated
shared,0.8403190591609566,0.004975124378109453,0.7714062542110363,0.6629398235466044,0.009950248756218905,0.7580953094524333,replicated
shared,0.7806954771684741,0.004975124378109453,0.8219735188928239,0.6896604048717887,0.009950248756218905,0.7062886182970888,replicated
shared,0.6116720602891553,0.01990049751243781,0.8530972688511357,0.533482990964561,0.009950248756218905,0.6469395830281923,replicated
shared,0.8634077240335876,0.004975124378109453,0.7738708304675262,0.7946219326288175,0.009950248756218905,0.8950252196050444,replicated
shared,0.8682698151896152,0.004975124378109453,0.8231779671538797,0.6059249261302052,0.01990049751243781,0.7379495988914583,replicated
shared,0.8168153404242214,0.004975124378109453,0.8492806924358813,0.6642999866562502,0.009950248756218905,0.7351351485048744,replicated
shared,0.8973004209822214,0.004975124378109453,0.808030460205391,0.746106551405968,0.009950248756218905,0.9062006464472531,replicated
shared,0.8375220565109954,0.004975124378109453,0.7826643381396505,0.6755382632503251,0.009950248756218905,0.8082416104810435,replicated
shared,0.8154682072719015,0.004975124378109453,0.8114929035008156,0.6900504725863167,0.009950248756218905,0.7931747894663528,replicated
shared,0.8119511528245181,0.004975124378109453,0.8094498535399639,0.755648391394132,0.009950248756218905,0.6456002798913173,replicated
shared,0.8942639627614344,0.004975124378109453,0.8608678974993287,0.7199253362839241,0.009950248756218905,0.8492308500011775,replicated
shared,0.8529429310318908,0.004975124378109453,0.8445244063890766,0.7844469443271949,0.009950248756218905,0.6647503101734699,replicated
shared,0.8613943880647651,0.004975124378109453,0.7781433897339789,0.7332262298080425,0.009950248756218905,0.8628177691555078,replicated
shared,0.8361484968026223,0.004975124378109453,0.8242035329181026,0.7228920179495263,0.009950248756218905,0.7476657165507891,replicated
shared,0.823711088300091,0.004975124378109453,0.807813943526823,0.6132965722633132,0.009950248756218905,0.6781123519339274,replicated
shared,0.8496300311369617,0.004975124378109453,0.826483210907911,0.7516411734971605,0.009950248756218905,0.8255486465472905,replicated
shared,0.7686561705228744,0.004975124378109453,0.8022252415355562,0.5784355601029258,0.009950248756218905,0.7752678536691247,replicated
shared,0.9140372688704058,0.004975124378109453,0.8133299420765208,0.7896553917531557,0.009950248756218905,0.8692308201871498,replicated
shared,0.7827634624780924,0.004975124378109453,0.808377256295334,0.6243813749026044,0.01990049751243781,0.76446318778968,replicated
shared,0.741767769167474,0.004975124378109453,0.8633338906813992,0.6191883743079419,0.009950248756218905,0.7506373491637628,replicated
shared,0.81792520318619,0.004975124378109453,0.799249711950651,0.7315144121733734,0.009950248756218905,0.7478845282249741,replicated
power,0.2805736146775915,0.27860696517412936,0.4816622567885218,0.19739888447298262,0.39800995024875624,0.26975979484161733,between-cohort difference (unresolved)
power,0.4102959067655261,0.14925373134328357,0.2976107928027727,0.3649452808604242,0.14925373134328357,0.43041975502180074,between-cohort difference (unresolved)
power,0.3557754176222075,0.15920398009950248,0.37205228706306803,0.2109780268051967,0.06965174129353234,0.5957759806109328,between-cohort difference (unresolved)
power,0.19554725471377252,0.5223880597014925,0.5626029052694652,0.1354731827035326,0.8656716417910447,0.2159861985334008,between-cohort difference (unresolved)
power,0.43313386647537866,0.05970149253731343,0.22181290668953857,0.22261946452372589,0.7263681592039801,0.3055838730618689,inconclusive (power)
power,0.553643560000552,0.029850746268656716,0.38790644548042896,0.4555691263556197,0.06965174129353234,0.3600497253884156,replicated
power,0.46931167763762205,0.03482587064676617,0.4065012960862969,0.2681195788525194,0.29850746268656714,0.27914859501234274,replicated
power,0.5672467007464751,0.014925373134328358,0.3120211801224312,0.28745518952615534,0.3880597014925373,0.4786942953610626,replicated
power,0.45460626793092734,0.04975124378109453,0.36431889753585944,0.3613413498052038,0.30845771144278605,0.3767923671399206,replicated
power,0.6188227637253115,0.014925373134328358,0.353423205349807,0.5187770050651692,0.04975124378109453,0.5207257668115921,replicated
power,0.4115678735134084,0.04477611940298507,0.25173543416054,0.47741253664969246,0.06965174129353234,0.3237750829831674,replicated
power,0.5355165940169708,0.024875621890547265,0.5270083494253986,0.3446721117284993,0.04975124378109453,0.48800940787861974,replicated
power,0.6876696407970737,0.004975124378109453,0.4608626787667841,0.3021933493417446,0.08955223880597014,0.7023191809797599,replicated
power,0.14987547783536972,0.6119402985074627,0.37967037869457565,0.08703736715018912,1.154228855721393,0.1861666050166177,between-cohort difference (unresolved)
power,0.5402364275215107,0.024875621890547265,0.1282537558798435,0.3259910470532581,0.29850746268656714,0.5698891054192478,replicated
power,0.6279354321417077,0.004975124378109453,0.29297960765561326,0.41364521124529585,0.05970149253731343,0.7441014197210911,replicated
power,0.1826542381160347,0.46766169154228854,0.14272647321658383,0.08704109950463967,0.6368159203980099,0.30012111892740206,inconclusive (power)
power,0.5252563455421724,0.03980099502487562,0.4392385613690833,0.2624513350189822,0.3482587064676617,0.5393235428106756,replicated
power,0.4229874595692276,0.08955223880597014,0.33348417141453013,0.24318770105144427,0.1791044776119403,0.2573100366133377,between-cohort difference (unresolved)
power,0.3803067942040747,0.14925373134328357,0.5636784772179826,0.3419592296586236,0.24875621890547264,0.2550495944208886,between-cohort difference (unresolved)
power,0.2057973722726651,0.4427860696517413,0.2822417885566447,0.1873139577553049,0.2885572139303483,0.11387962833494691,between-cohort difference (unresolved)
power,0.5780313493326659,0.009950248756218905,0.5068737181260347,0.4268470863513002,0.009950248756218905,0.6018259295349571,replicated
power,0.4008372813870963,0.10945273631840796,0.3089384578772102,0.2719091130088934,0.06965174129353234,0.37872725256512546,between-cohort difference (unresolved)
power,0.35840850010800707,0.14427860696517414,0.18068585386735722,0.3306948734835351,0.1890547263681592,-0.04932715264719768,inconclusive (power)
power,0.5146249977289257,0.03482587064676617,0.38256581294625264,0.38402595710564436,0.26865671641791045,0.41393076115797584,replicated
power,0.38056397673835685,0.09950248756218906,0.3973200239318746,0.3158000952349975,0.42786069651741293,0.19803666452950247,between-cohort difference (unresolved)
power,0.5758147945439452,0.004975124378109453,0.44372359275357304,0.30441031477507147,0.09950248756218906,0.6906828121620511,replicated
power,0.41286212276647827,0.06965174129353234,0.5261378003086101,0.3253529694870598,0.19900497512437812,0.47869076260051313,between-cohort difference (unresolved)
power,0.5286040517062057,0.01990049751243781,0.4391897497855609,0.37056889028391954,0.208955223880597,0.40856099777238747,replicated
power,0.44338199419268204,0.07462686567164178,0.4561759167222347,0.23704867536975954,0.21890547263681592,0.3397773755633407,between-cohort difference (unresolved)
power,0.5757886525582433,0.014925373134328358,0.5717335473319214,0.37643891443845306,0.1890547263681592,0.4430411413725616,replicated
power,0.6287487953222023,0.004975124378109453,0.4515280040043538,0.3204507885413386,0.11940298507462686,0.5145963827902462,replicated
power,0.5923225514254478,0.004975124378109453,0.2808942040457436,0.4893658164480793,0.009950248756218905,0.26815104860032773,replicated
power,0.34458091856147394,0.1890547263681592,0.46381152235575474,0.16737150931604355,0.5771144278606966,0.31350248775794204,between-cohort difference (unresolved)
power,0.4340118185848308,0.06965174129353234,0.34022068803257466,0.35575751903220565,0.27860696517412936,0.3320954164144562,between-cohort difference (unresolved)
power,0.49212883946268254,0.03980099502487562,0.4836298332116118,0.5355997018768153,0.009950248756218905,0.425229840495423,replicated
power,0.19793073729771576,0.34328358208955223,0.508136718963464,0.09998336053094384,1.2039800995024876,0.11426151236522983,between-cohort difference (unresolved)
power,0.49753961102981825,0.05472636815920398,0.13839258560167983,0.193341858150813,0.2885572139303483,0.37254975796403844,inconclusive (power)
power,0.6497416585287664,0.004975124378109453,0.32161593861290805,0.4477860449749793,0.07960199004975124,0.47854541599281075,replicated
power,0.45275622668426424,0.04975124378109453,0.337346253796756,0.3015216934273416,0.2885572139303483,0.29240744564589094,replicated
power,0.5466140858900403,0.029850746268656716,0.4391818496884953,0.4811388443590693,0.03980099502487562,0.4312670651044333,replicated
power,0.2448271033833516,0.2935323383084577,0.4551640703253501,0.17467662400506687,0.4577114427860697,0.22237662087402185,between-cohort difference (unresolved)
power,0.5983211041906373,0.01990049751243781,0.42152789552345205,0.5677312372980832,0.009950248756218905,0.532608599136564,replicated
power,0.4849784796770411,0.05970149253731343,0.46872318935212365,0.40881655745311585,0.12935323383084577,0.3478188233492846,between-cohort difference (unresolved)
power,0.5397912347390116,0.014925373134328358,0.46909750037889403,0.2469905268806205,0.21890547263681592,0.5256699273241289,replicated
power,0.33473782268693053,0.19402985074626866,0.3119173826723649,0.21885979377868936,0.3681592039800995,0.3620197291468649,between-cohort difference (unresolved)
power,0.37627488846123847,0.1044776119402985,0.41540235874532727,0.06996307554834384,1.4129353233830846,0.18918041727325757,between-cohort difference (unresolved)
power,0.6041914543511131,0.004975124378109453,0.5271945134145355,0.3612349637095721,0.23880597014925373,0.4518123324196302,replicated
power,0.5155547130115842,0.024875621890547265,0.5829937591045339,0.4425007633797673,0.009950248756218905,0.3834113387321643,replicated
power,0.5174048106912694,0.029850746268656716,0.4892604314246338,0.35477839469691336,0.27860696517412936,0.47594294470678483,replicated
power,0.3061856053708162,0.31343283582089554,0.5126669637426837,0.24557480084584343,0.43781094527363185,0.16995945430574042,between-cohort difference (unresolved)
power,0.4025207664637095,0.05472636815920398,0.13205298840959195,0.4021200038581042,0.13930348258706468,0.5815345190092871,inconclusive (power)
power,0.42400597911933585,0.10945273631840796,0.4410575989026922,0.31274980463651647,0.15920398009950248,0.3893200279416469,between-cohort difference (unresolved)
power,0.3465791315523447,0.20398009950248755,0.6023567806244761,0.20810649091761707,0.8159203980099502,-0.0634134127590414,between-cohort difference (unresolved)
power,0.6009083402296336,0.009950248756218905,0.30656107422455897,0.411230613943918,0.03980099502487562,0.445393619469112,replicated
power,0.511323653590588,0.03482587064676617,0.4662650002799329,0.3862411098628955,0.009950248756218905,0.2922358522362091,replicated
power,0.6029853327133539,0.014925373134328358,0.6048194662495252,0.47284082197445726,0.01990049751243781,0.4356080896488458,replicated
power,0.32165508208409777,0.12935323383084577,0.36077061551989675,0.05057236805590642,1.0248756218905473,0.2591922649098091,between-cohort difference (unresolved)
power,0.5684926432545062,0.024875621890547265,0.45165579382368964,0.45516388806313646,0.04975124378109453,0.3186061723728414,replicated
power,0.5485565337472059,0.024875621890547265,0.5222054343995864,0.26072964133230675,0.09950248756218906,0.36837605644405136,replicated
power,0.16070395275579477,0.5074626865671642,0.4307163260542354,0.13981358847326525,0.3880597014925373,-0.1040487159232336,between-cohort difference (unresolved)
power,0.318660824333604,0.15920398009950248,0.40124097325618435,0.2415206143290649,0.6567164179104478,0.19491956349368925,between-cohort difference (unresolved)
power,0.32347907701658263,0.1890547263681592,0.5298382299628535,0.23199718142513548,0.09950248756218906,0.29235969194895534,between-cohort difference (unresolved)
power,0.5504733879395394,0.03482587064676617,0.33511377964276673,0.2634992901618229,0.06965174129353234,0.43382155918471804,replicated
power,0.6300882009956246,0.004975124378109453,0.3755517671084908,0.21446395086129072,0.26865671641791045,0.4425956271342975,replicated
power,0.2347548975058272,0.3582089552238806,0.3002799288411202,0.10618445363255044,0.4079601990049751,0.24680367337680106,between-cohort difference (unresolved)
power,0.39187778137987406,0.09950248756218906,0.513148400485812,0.22366348596202695,0.5870646766169154,0.39425886357345014,between-cohort difference (unresolved)
power,0.47834821359736107,0.03482587064676617,0.41958106648552784,0.3601979407025844,0.11940298507462686,0.36925174616567447,replicated
power,0.34800556500990953,0.13930348258706468,0.15588488816006457,0.19696876227804921,0.11940298507462686,0.32587606335065117,inconclusive (power)
power,0.656577864783856,0.004975124378109453,0.5844829160256048,0.5375795908144863,0.03980099502487562,0.5509461694260301,replicated
power,0.4137459245177186,0.1044776119402985,0.3494833138824479,0.17669740989163285,0.44776119402985076,0.13247747634369378,between-cohort difference (unresolved)
power,0.512201351481701,0.024875621890547265,0.2790860428190523,0.2585809931605149,0.417910447761194,0.3614886218965719,replicated
power,0.29667552195085667,0.22885572139303484,0.5984459479647735,0.18694759750424897,0.208955223880597,0.1937184362623283,between-cohort difference (unresolved)
power,0.1303511495828089,0.5920398009950248,0.22001927723228293,-0.05153834996112967,1.4129353233830846,0.1079960984405209,inconclusive (power)
power,0.5338191487949506,0.04975124378109453,0.21948755736204395,0.352954695180169,0.029850746268656716,0.44619869946547736,replicated
power,0.3859737308303224,0.09950248756218906,0.5350332623553866,0.25415439291276043,0.07960199004975124,0.39566678047524007,between-cohort difference (unresolved)
power,0.42982872622232143,0.03482587064676617,0.5113088575464515,0.37654979144495676,0.09950248756218906,0.302953180949868,replicated
power,0.4356509912946349,0.03482587064676617,0.45794978984256085,0.3237846773463273,0.13930348258706468,0.28559999049268253,replicated
power,0.7207102867253415,0.004975124378109453,0.3070077212611761,0.6033732077106675,0.01990049751243781,0.6170881980225129,replicated
power,0.4987318889412422,0.03482587064676617,0.49260530142131803,0.44648019779686027,0.029850746268656716,0.4722040373441551,replicated
power,0.6266763057571554,0.004975124378109453,0.43968830278969273,0.4563847044802404,0.09950248756218906,0.48465170386471745,replicated
power,0.4308311786102189,0.0945273631840796,0.3269994757711873,0.3117322089687155,0.208955223880597,0.2880177148089422,between-cohort difference (unresolved)
power,0.28770189092628856,0.2935323383084577,0.20668672926355286,0.21112781431566136,0.06965174129353234,0.22879256353311303,inconclusive (power)
power,0.5584336458639425,0.014925373134328358,0.32859958084343766,0.5161646837721694,0.04975124378109453,0.4552929129841087,replicated
power,0.4225090131761917,0.1044776119402985,0.594707926540412,0.24370033824200377,0.08955223880597014,0.1260686944810867,between-cohort difference (unresolved)
power,0.20099172064091791,0.4228855721393035,0.5442630551902816,0.17522749653051523,0.06965174129353234,0.10663313128242198,between-cohort difference (unresolved)
power,0.47188902860418025,0.01990049751243781,0.5294530650812772,0.2632447202341298,0.6567164179104478,0.42134775619505865,replicated
power,0.418926943160799,0.09950248756218906,0.36763729789276844,0.28301676816518995,0.4577114427860697,0.5089763453628198,between-cohort difference (unresolved)
power,0.4884659334225033,0.024875621890547265,0.2920694568565497,0.2597565600101823,0.1890547263681592,0.44207359327880885,replicated
power,0.46276319083822826,0.029850746268656716,0.40345573544506685,0.4106061886970023,0.029850746268656716,0.20431993144765687,replicated
power,0.48095602600751874,0.03482587064676617,0.4285831135111552,0.2922435402332656,0.4577114427860697,0.43968675969381754,replicated
power,0.649136221604376,0.004975124378109453,0.33056794589550365,0.4474397616156265,0.04975124378109453,0.5628329376684157,replicated
power,0.1695692687592008,0.5223880597014925,0.29899574272315976,0.08408935233956902,1.2935323383084578,0.2986339060193266,between-cohort difference (unresolved)
power,0.27573639675254635,0.2885572139303483,0.4719568778166323,0.30449714003591677,0.1691542288557214,0.13624794099157175,between-cohort difference (unresolved)
power,0.5405748906647674,0.03482587064676617,0.5498277783951693,0.3508992323488479,0.26865671641791045,0.43480528866004103,replicated
power,0.5575516525825495,0.004975124378109453,0.5041262931228216,0.33502087729430036,0.208955223880597,0.35088502627438095,replicated
power,0.585162865791173,0.01990049751243781,0.42815365466009486,0.4872592231970181,0.009950248756218905,0.5390318539942829,replicated
power,0.4692622170981004,0.04477611940298507,0.18508204020292823,0.06458990697922351,0.7960199004975125,0.05003659315417782,replicated
power,0.5925995520214008,0.009950248756218905,0.21983822733318398,0.19123736656153253,0.3482587064676617,0.20823778574249874,replicated
power,0.4340442757681286,0.06467661691542288,0.5175966594121891,0.322438000971109,0.19900497512437812,0.47874855807787076,between-cohort difference (unresolved)
power,0.17232535664185275,0.4626865671641791,0.41712740723070996,0.03145682173446288,1.3532338308457712,0.19868186348505743,between-cohort difference (unresolved)
power,0.32946688711992667,0.24378109452736318,0.47791219692809866,0.37036179678490544,0.10945273631840796,0.4474690834245294,between-cohort difference (unresolved)
power,0.4513432629103101,0.06965174129353234,0.3814269443995969,0.3474916821245793,0.21890547263681592,0.10315675855427632,between-cohort difference (unresolved)
power,0.5899058665662281,0.004975124378109453,0.45786328878018884,0.48292406064929927,0.03980099502487562,0.5558271138704575,replicated
power,0.36747785791557563,0.15920398009950248,0.5299769328103788,0.2066455325156268,0.3283582089552239,0.37759447320728795,between-cohort difference (unresolved)
power,0.21917217927030905,0.3582089552238806,0.45531649883949726,0.18573352388018494,0.6666666666666666,0.34443145290560045,between-cohort difference (unresolved)
power,0.2932026298052279,0.22885572139303484,0.312982794801533,0.2404582438053609,0.05970149253731343,0.2563960264738325,between-cohort difference (unresolved)
power,0.2525162468727501,0.3333333333333333,0.3586351078762343,-0.024214137259114782,0.527363184079602,0.3834833490056127,between-cohort difference (unresolved)
power,-0.020182379827818755,0.9104477611940298,0.49170884016495753,0.07056347217826009,0.1691542288557214,0.05173814769987892,between-cohort difference (unresolved)
power,0.34070871043692275,0.1691542288557214,0.4930495119128132,0.259363724080888,0.6268656716417911,0.36609702775387726,between-cohort difference (unresolved)
power,0.36952375309740226,0.10945273631840796,0.5244828216967814,0.4447464790369462,0.07960199004975124,0.3827520171533096,between-cohort difference (unresolved)
power,0.44289209390186235,0.06965174129353234,0.42891785361677287,0.18468383598132823,0.43781094527363185,0.22035031215103207,between-cohort difference (unresolved)
power,0.14383333531097262,0.6019900497512438,0.5176816203472345,0.1359835174944648,0.43781094527363185,-0.002790688346730196,between-cohort difference (unresolved)
power,0.36445384953287646,0.11940298507462686,0.37217161938880194,0.4053970983036123,0.1791044776119403,0.4152797689228274,between-cohort difference (unresolved)
power,0.3539076585119679,0.12437810945273632,0.3720007711254715,0.24292893242363056,0.08955223880597014,0.388687417386359,between-cohort difference (unresolved)
power,0.0017514608152971096,1.0,0.3249380152421777,0.056208638187469184,0.10945273631840796,-0.03086717733894312,between-cohort difference (unresolved)
power,0.6180305156630758,0.014925373134328358,0.4596125900941904,0.364032653131242,0.01990049751243781,0.4858850314925443,replicated
power,0.36156994157372063,0.15920398009950248,0.436673103204964,0.2829653179337372,0.1691542288557214,0.11537620005492888,between-cohort difference (unresolved)
power,0.31010674493674023,0.23880597014925373,0.525468694097178,0.19956315653771833,0.24875621890547264,0.18394730699739256,between-cohort difference (unresolved)
power,0.42042352047940224,0.05970149253731343,0.5366801224919802,0.2380981646125779,0.3681592039800995,0.144663612785412,between-cohort difference (unresolved)
power,0.2522957520050061,0.2537313432835821,0.47752015887809796,0.21697757621304203,0.417910447761194,0.426015384484937,between-cohort difference (unresolved)
power,0.564769698083462,0.014925373134328358,0.6874183198604202,0.44794934782617246,0.05970149253731343,0.6204350207391928,replicated
power,0.621148167153966,0.009950248756218905,0.34456518568877315,0.35904357343613136,0.3283582089552239,0.40248934931721375,replicated
power,0.399409298287852,0.06965174129353234,0.4855595142032193,0.23325108118725907,0.03980099502487562,0.42707159687288293,between-cohort difference (unresolved)
power,0.5494925800439993,0.024875621890547265,0.47931623425077824,0.4229990356704101,0.11940298507462686,0.30087416600472805,replicated
power,0.657388467713376,0.004975124378109453,0.6370148578727715,0.4612570284743986,0.009950248756218905,0.4502858250653059,replicated
power,0.57642701057734,0.014925373134328358,0.40226625561939566,0.48773445112586933,0.029850746268656716,0.433974754380281,replicated
power,0.6282010096598079,0.004975124378109453,0.5970314801496654,0.5416124664627131,0.009950248756218905,0.6253512238346937,replicated
power,0.016440732006879528,0.9203980099502488,0.1784369200448905,0.11033544526699451,0.8059701492537313,-0.04444838598860398,inconclusive (power)
power,0.5517450448965291,0.024875621890547265,0.555561735917007,0.520105506722254,0.009950248756218905,0.619052171244309,replicated
power,0.507052120170983,0.04477611940298507,0.4046232888732373,0.42505542326399737,0.04975124378109453,0.5999918507461454,replicated
power,0.6161344529348179,0.004975124378109453,0.5163547574762934,0.38425122857568805,0.09950248756218906,0.28774189950154816,replicated
power,0.5878247500695061,0.014925373134328358,0.22792712134620985,0.3952641890874471,0.1890547263681592,0.2898292032963697,replicated
power,0.20761144847437923,0.43781094527363185,0.19018067066501432,0.361107976645884,0.208955223880597,0.3075148750764252,inconclusive (power)
power,0.33888285522537615,0.1791044776119403,0.3235269848872756,0.27305884938162905,0.3781094527363184,0.059258196546575985,between-cohort difference (unresolved)
power,0.6868535824616149,0.004975124378109453,0.5407920273407865,0.5493905186477521,0.009950248756218905,0.40058158089443535,replicated
power,0.48360315559579986,0.03980099502487562,0.5871484906182116,0.4342643099962863,0.07960199004975124,0.16231924972963743,replicated
power,0.3283998575383689,0.17412935323383086,0.24010154521202076,0.24473542062538764,0.3482587064676617,0.31126233113617663,inconclusive (power)
power,0.21240169003161233,0.42786069651741293,0.33008052510733077,0.24782461873341965,0.417910447761194,0.20599582384025392,between-cohort difference (unresolved)
power,0.47115889756489704,0.04477611940298507,0.2524465441805246,0.29956477947609994,0.04975124378109453,0.08636678862945833,replicated
power,0.18335119250360557,0.4527363184079602,0.24209622296391758,0.21215438979760665,0.6069651741293532,0.2572812744884319,inconclusive (power)
power,0.7353236036990941,0.004975124378109453,0.5866857662517542,0.5522520492012022,0.009950248756218905,0.4461095670480512,replicated
power,0.5318280950334825,0.014925373134328358,0.2583436250778788,0.46098034476334815,0.04975124378109453,0.2116763671641929,replicated
power,0.3197986663649623,0.21393034825870647,0.44775132863134154,0.26037693737260126,0.4079601990049751,0.07131569720285089,between-cohort difference (unresolved)
power,0.4450167076291647,0.04477611940298507,0.3644712083936651,0.41698914501387446,0.09950248756218906,-0.009728015763306461,replicated
power,0.22068273622724843,0.36318407960199006,0.35862552811834314,0.02077561762442323,0.5970149253731343,0.11298818609532779,between-cohort difference (unresolved)
power,0.6961846299167875,0.004975124378109453,0.4847376232647971,0.4658495363696895,0.029850746268656716,0.635695046071197,replicated
power,0.5952541190648141,0.01990049751243781,0.49955022972236185,0.49642341123316147,0.01990049751243781,0.49497602715057554,replicated
power,0.363272232567642,0.12437810945273632,0.48244824794322533,0.22489548146348715,0.6069651741293532,0.275122123135016,between-cohort difference (unresolved)
power,0.26038020279454677,0.30845771144278605,0.4695300742457584,0.218057266953248,0.3283582089552239,0.485756027984898,between-cohort difference (unresolved)
power,0.4315247651239245,0.07960199004975124,0.4946232890260876,0.22737241067226652,0.1791044776119403,0.42332784633884474,between-cohort difference (unresolved)
power,0.3250592135323893,0.1890547263681592,0.20448797484679399,0.1833617365156523,0.6567164179104478,0.32302723175156095,inconclusive (power)
power,0.24037622038134457,0.373134328358209,0.23532637477529447,0.1507105690980427,1.0248756218905473,0.24449513671675743,inconclusive (power)
power,0.4593646270169977,0.05970149253731343,0.3688932256044114,0.19291622520184565,0.21890547263681592,0.1751765140060421,between-cohort difference (unresolved)
power,0.28228267564695386,0.22885572139303484,0.2053799328729667,0.234707626530524,0.527363184079602,0.42285176705011024,inconclusive (power)
power,0.6427074982506319,0.009950248756218905,0.3784191810510133,0.2790038711349032,0.1791044776119403,0.6375943315651837,replicated
power,0.4976047134081127,0.024875621890547265,0.46070739404029415,0.29746119577411656,0.10945273631840796,0.3552613380080319,replicated
power,0.6172456104795968,0.004975124378109453,0.4462159607360099,0.33050741101533077,0.27860696517412936,0.4350056047105284,replicated
power,0.22381939283775384,0.35323383084577115,0.44509051731537164,0.306731534245846,0.1890547263681592,-0.08083623455173543,between-cohort difference (unresolved)
power,0.33021854875407114,0.16417910447761194,0.4136371519252635,0.18408131824025434,0.22885572139303484,0.27489319084338787,between-cohort difference (unresolved)
power,0.6368740012589698,0.004975124378109453,0.3297649172693087,0.2625066663682403,0.3781094527363184,0.5697901377127852,replicated
power,0.3555698052678868,0.15422885572139303,0.4117694302296857,0.20905831557449606,0.30845771144278605,0.27018523483936463,between-cohort difference (unresolved)
power,0.589071853885055,0.014925373134328358,0.4152952145006415,0.34781511975832413,0.029850746268656716,0.6269654091291182,replicated
power,0.35916615356752635,0.15422885572139303,0.447949062683188,0.19227169577716252,0.42786069651741293,0.3252072881815191,between-cohort difference (unresolved)
power,0.6225335746620767,0.024875621890547265,0.4752292950363518,0.3217258633833661,0.208955223880597,0.3743382633336583,replicated
power,0.3720967041266635,0.11442786069651742,0.5546161098744531,0.06079599136062488,0.7064676616915423,0.24857468896172735,between-cohort difference (unresolved)
power,0.6128117522482376,0.01990049751243781,0.41553873938368807,0.30987120295454434,0.12935323383084577,0.15107576847110812,replicated
power,0.5500156121004609,0.014925373134328358,0.4646503335263444,0.3071249431762002,0.3781094527363184,0.6819054624526277,replicated
power,0.5343249756257076,0.03482587064676617,0.3710846105496962,0.2409847440844035,0.22885572139303484,0.43358876266904983,replicated
power,0.4278476478191201,0.12437810945273632,0.42320310784503823,0.3022627403289886,0.3283582089552239,0.36229320407051097,between-cohort difference (unresolved)
power,0.5447872131367488,0.05970149253731343,0.5184545394654116,0.3826323163596781,0.03980099502487562,0.3161336319328522,composition
power,0.7137467717920353,0.004975124378109453,0.4427056902627313,0.4300489208342938,0.03980099502487562,0.6734548667821901,replicated
power,0.45867580176216727,0.04975124378109453,0.21833925787518793,0.3426698854770722,0.21890547263681592,0.3900171627683341,replicated
power,0.5386953473920761,0.01990049751243781,0.45226789068327977,0.22739246933463259,0.5074626865671642,0.2748574885190418,replicated
power,0.1818466566516098,0.4577114427860697,0.33103609183686394,0.19703130514136202,0.27860696517412936,0.2130979701437424,between-cohort difference (unresolved)
power,0.25102582554870917,0.263681592039801,0.3243662509240171,0.20017688522789517,0.14925373134328357,0.034274447557978746,between-cohort difference (unresolved)
power,0.5919740550492398,0.004975124378109453,0.3200695304344809,0.289942389333081,0.04975124378109453,0.7282184176746489,replicated
power,0.4884460636204323,0.03980099502487562,0.47874715851274985,0.32599263058013206,0.2885572139303483,0.1741080778253028,replicated
power,0.5069512385356213,0.06467661691542288,0.49654103415870554,0.3903637072139564,0.12935323383084577,0.4719279981778711,between-cohort difference (unresolved)
power,0.6289427778891218,0.004975124378109453,0.5428581017551921,0.5762772647081822,0.01990049751243781,0.5185331807052783,replicated
power,0.617728418619019,0.009950248756218905,0.514120777175453,0.5180223538622244,0.029850746268656716,0.5510679293248425,replicated
power,0.20263587469197014,0.39800995024875624,0.2875116723663429,0.24157791021880182,0.01990049751243781,0.2687587785624463,between-cohort difference (unresolved)
power,0.4390959475410301,0.06467661691542288,0.3976224476342438,0.44672524459299084,0.009950248756218905,0.3243033634399833,composition
power,0.5260053317827147,0.009950248756218905,0.5840919445878443,0.3469923006278378,0.25870646766169153,0.5764057681250925,replicated
power,0.5638661900568921,0.014925373134328358,0.42652865412690166,0.24833594286690708,0.12935323383084577,0.38697239904920305,replicated
power,0.4632066895127376,0.05472636815920398,0.24987752041426556,0.3772480735434858,0.26865671641791045,0.4048156463113163,inconclusive (power)
power,0.3119486544923435,0.21393034825870647,0.6624379010866108,0.12175474134271361,0.5671641791044776,0.4103556503490114,between-cohort difference (unresolved)
power,0.5189476393287382,0.029850746268656716,0.4662734494678381,0.46311578401600384,0.04975124378109453,0.41366148384983153,replicated
power,0.4277137188260447,0.05970149253731343,0.3285159984915872,0.20036011545414067,0.6368159203980099,0.42369430237935196,between-cohort difference (unresolved)
power,0.23354825614803656,0.39303482587064675,0.29986344740942544,0.38793519800180615,0.14925373134328357,0.3423991110407682,between-cohort difference (unresolved)
power,0.36980776551376054,0.18407960199004975,0.4203645540275853,0.22109579339918817,0.5373134328358209,0.2524781941658848,between-cohort difference (unresolved)
power,0.34747618672540315,0.11940298507462686,0.47289354227891955,0.33120826694664707,0.009950248756218905,0.18564033499504112,composition
power,0.4957003154225209,0.024875621890547265,0.4805489516701351,0.47648853911262545,0.03980099502487562,0.5884915197571232,replicated
power,0.21642341735135973,0.42786069651741293,0.5644992082503271,0.06547991590364712,0.6268656716417911,0.06058216337420661,between-cohort difference (unresolved)
power,0.5326567174190405,0.01990049751243781,0.4709353184497805,0.3509950034437358,0.009950248756218905,0.4771360870870153,replicated
power,0.5422870419036336,0.03482587064676617,0.463435934342054,0.29909376681199307,0.29850746268656714,0.5006951865010191,replicated
power,0.5825526644095003,0.009950248756218905,0.39337808920414186,0.25892717527453035,0.009950248756218905,0.40993749138982405,replicated
power,0.450231374616863,0.07462686567164178,0.46104914705659894,0.3384458857864915,0.19900497512437812,0.21802998841604407,between-cohort difference (unresolved)
power,0.6440363088789454,0.004975124378109453,0.5133561432063357,0.414380810746451,0.029850746268656716,0.6946874306964577,replicated
power,0.4574650297782996,0.05970149253731343,0.30922632335274325,0.3546106779853812,0.04975124378109453,0.2675668401431535,composition
power,0.5014509964113172,0.014925373134328358,0.24133107564103193,0.4912998974374082,0.009950248756218905,0.20051160074168703,replicated
power,0.3404307109745586,0.13930348258706468,0.5015226510987916,0.2490649623611247,0.05970149253731343,0.14999451089718746,between-cohort difference (unresolved)
power,0.6001899242873246,0.004975124378109453,0.3713038386112027,0.5255312535820484,0.009950248756218905,0.4862640940634374,replicated
power,0.45149348649070564,0.08955223880597014,0.5946437560715715,0.060724102467896335,0.8955223880597015,0.3464993076924179,between-cohort difference (unresolved)
power,0.47642923172923846,0.04975124378109453,0.5709417340489371,0.42348679375859855,0.05970149253731343,0.5729559292974721,replicated
power,0.44763480694244806,0.03980099502487562,0.32060601949871753,0.16575550581739026,0.3880597014925373,0.29408168432844856,replicated
power,0.47433951065064006,0.06467661691542288,0.5221210430021117,0.39013847548277636,0.01990049751243781,0.6085702707503382,between-cohort difference (unresolved)
power,0.46239362462085504,0.029850746268656716,0.11145843307470812,0.36648479725894506,0.01990049751243781,0.42286814395426026,replicated
power,0.5736275623705472,0.009950248756218905,0.3858776724530622,0.4827779798909871,0.05970149253731343,0.5924401567470811,replicated
power,0.000755913682913303,1.0,0.1550485771346261,0.01992266338844028,1.4825870646766168,-0.1726906308681084,inconclusive (power)
power,0.5925360101354779,0.009950248756218905,0.3758736859226482,0.5003286389175252,0.009950248756218905,0.5011654642103487,replicated
power,0.6497246526911661,0.004975124378109453,0.4707580681418243,0.5520339246607917,0.01990049751243781,0.511405732821438,replicated
power,0.38509735115958793,0.0945273631840796,0.5249048573732866,0.09708231649614474,1.044776119402985,0.3801838343933427,between-cohort difference (unresolved)
power,0.1861894169355919,0.4527363184079602,0.5759467829314495,0.26309197743364887,0.08955223880597014,0.40111157886812754,between-cohort difference (unresolved)
power,0.5703298712364546,0.009950248756218905,0.5171020434550151,0.473270994957555,0.009950248756218905,0.5029635542561169,replicated
power,0.4751492863203797,0.04975124378109453,0.5172231631438575,0.4130686494693159,0.04975124378109453,0.5243271286173481,replicated
power,0.585803670590442,0.014925373134328358,0.547438926416689,0.41975079313773933,0.10945273631840796,0.3423693384413675,replicated
power,0.6458831948124302,0.014925373134328358,0.511830093616496,0.2974163610786885,0.15920398009950248,0.6202357894869984,replicated
power,0.7132735369994904,0.004975124378109453,0.41093598116953634,0.3527995179445297,0.04975124378109453,0.49965877208317727,replicated
power,0.7294495921278616,0.004975124378109453,0.4415158537816561,0.5374472332473015,0.01990049751243781,0.633199270150048,replicated
power,0.32113101660632426,0.21393034825870647,0.47079224440804174,0.2470530298366802,0.3880597014925373,0.2695238888488697,between-cohort difference (unresolved)
power,0.5794052922803296,0.009950248756218905,0.44580875685038834,0.40502915567874676,0.10945273631840796,0.5967817756942425,replicated
power,0.5241829208810711,0.029850746268656716,0.6136540467562674,0.3868314945401937,0.11940298507462686,0.3965151589629608,replicated
power,0.40053360174574526,0.11940298507462686,0.3901651902503709,0.38683171075632716,0.07960199004975124,0.3830782130256773,between-cohort difference (unresolved)
power,0.5403544406318586,0.01990049751243781,0.2643415762272394,0.2565178309306892,0.42786069651741293,0.6259309010524361,replicated
power,0.08331686497675506,0.7263681592039801,0.3637656624326156,0.0033531291704649926,1.2935323383084578,-0.020490211411302597,between-cohort difference (unresolved)
power,0.48006472888882107,0.04477611940298507,0.45103698084803956,0.14916749646913313,0.5174129353233831,0.46098464379357273,replicated
power,0.5279322949511346,0.024875621890547265,0.343057363096992,0.31317239186228096,0.19900497512437812,0.4721900070211171,replicated
power,0.5014853693232901,0.029850746268656716,0.5265991789925415,0.3870960492900689,0.1791044776119403,0.277709205849758,replicated
power,0.5239305148693371,0.024875621890547265,0.5362233280911419,0.3952547822284216,0.12935323383084577,0.48058166761655813,replicated
power,0.49845250937057856,0.05472636815920398,0.5054884161792668,0.15261584536330414,0.1691542288557214,0.5495399622649648,between-cohort difference (unresolved)
power,0.31587061302257513,0.1791044776119403,0.5287449209305133,0.16514046044252165,0.6069651741293532,0.21401038863042848,between-cohort difference (unresolved)
power,0.3495743030019472,0.13930348258706468,0.3004993151052041,0.10684084893749865,0.5970149253731343,-0.08619577178903684,between-cohort difference (unresolved)
power,0.46076226476646603,0.05970149253731343,0.15628616731740227,0.2620763912405385,0.43781094527363185,0.4756698693020383,inconclusive (power)
power,0.5166714173094402,0.04975124378109453,0.3976059563755442,0.34363531847406414,0.029850746268656716,0.1681352425350599,replicated
power,0.6948263123994314,0.004975124378109453,0.5256716709198135,0.5368288021077878,0.009950248756218905,0.6646206046269201,replicated
power,0.3651924149811937,0.0945273631840796,0.4023968120598964,0.2350503617432591,0.6965174129353234,0.32150390698193027,between-cohort difference (unresolved)
power,0.22320932677540575,0.44776119402985076,0.5153392390209459,0.22099940597687148,0.48756218905472637,-0.07124940915581952,between-cohort difference (unresolved)
power,0.43022237785514944,0.06965174129353234,0.39356447620999174,0.26556026718398185,0.5074626865671642,0.298103111125024,between-cohort difference (unresolved)
power,0.4859279951085714,0.029850746268656716,0.3979844684603694,0.3343508042423756,0.14925373134328357,0.3532293866046109,replicated
power,0.273672561949192,0.29850746268656714,0.3535860955412403,0.32431075591313036,0.3383084577114428,0.436796618191866,between-cohort difference (unresolved)
power,0.345877628995235,0.14925373134328357,0.37022230235206877,0.3490167508732183,0.12935323383084577,0.3699658980520075,between-cohort difference (unresolved)
power,0.6465198305992785,0.004975124378109453,0.45406859336979544,0.534321459598996,0.01990049751243781,0.5447187329237239,replicated
power,0.28042537299626036,0.2835820895522388,0.42125687217097374,0.010120820564379083,1.691542288557214,0.16661751564785532,between-cohort difference (unresolved)
power,0.21789515192555325,0.4079601990049751,0.5507479651467458,0.13866325417246336,0.835820895522388,0.2915110962415618,between-cohort difference (unresolved)
power,0.34218065167569284,0.13930348258706468,0.33650952352257296,0.3362805130829503,0.09950248756218906,0.34255083732014036,between-cohort difference (unresolved)
power,0.4623031006618601,0.03482587064676617,0.49055423299051293,0.37537608265280276,0.15920398009950248,0.36315695481272947,replicated
power,0.5858385709431929,0.01990049751243781,0.399680559369674,0.4083910999477109,0.01990049751243781,0.2751682093618249,replicated
power,0.3629648521558553,0.13432835820895522,0.5568523258158966,0.31977493704624393,0.22885572139303484,0.27792417789848456,between-cohort difference (unresolved)
power,0.5191868493000897,0.01990049751243781,0.38707999292025486,0.45515888734401866,0.029850746268656716,0.34686350316597114,replicated
power,0.41411730159909543,0.06965174129353234,0.2526645973776559,0.30692670155139484,0.10945273631840796,0.28998654250884337,between-cohort difference (unresolved)
power,0.5553577965340085,0.04477611940298507,0.5432807514922912,0.370460412556226,0.15920398009950248,0.413211657043525,replicated
power,0.606321249201089,0.004975124378109453,0.44815160348474364,0.41952930343234396,0.06965174129353234,0.40484522792671,replicated
power,0.49515883062463406,0.04975124378109453,0.38029291923404723,0.4043787131667176,0.09950248756218906,0.33644078115293496,replicated
power,0.6150178495714662,0.009950248756218905,0.47324037822706555,0.4155979268599399,0.15920398009950248,0.4978084896910068,replicated
power,0.5987785257743241,0.009950248756218905,0.6147059458428951,0.42153241199461955,0.03980099502487562,0.5573611323840413,replicated
power,0.5168704990834777,0.01990049751243781,0.41048267532913096,0.29472343115991007,0.07960199004975124,0.49935738063332546,replicated
power,0.5953414581735375,0.009950248756218905,0.5181026830812081,0.3136215014219441,0.029850746268656716,0.4035715642220989,replicated
power,0.4324867726719779,0.11442786069651742,0.3308866551938564,0.3593264738951447,0.04975124378109453,0.3645397647722346,between-cohort difference (unresolved)
power,0.306693588152253,0.19402985074626866,0.18307955950568916,0.30935922992013326,0.27860696517412936,0.24743604946697528,inconclusive (power)
power,0.6778705284760207,0.004975124378109453,0.17531885283293225,0.5421048755613574,0.009950248756218905,0.42969109321814297,replicated
power,0.4934939942209014,0.03980099502487562,0.29458364616479005,0.3510077582232761,0.01990049751243781,0.34327090928908593,replicated
power,0.7614780791941107,0.004975124378109453,0.4525074074880701,0.5546613321463109,0.009950248756218905,0.5673671259677571,replicated
power,0.5257399939035557,0.04477611940298507,0.43715179237395835,0.42086471374828655,0.10945273631840796,0.6235209635646067,replicated
power,0.7291036822836348,0.004975124378109453,0.5293764140848559,0.6082596729891185,0.009950248756218905,0.4528825102494592,replicated
power,0.24698277189584772,0.34328358208955223,0.5819757457882795,0.15549548421855716,0.31840796019900497,0.3813667487212493,between-cohort difference (unresolved)
power,0.6509129118687857,0.004975124378109453,0.3354656704577986,0.3883838436059217,0.19900497512437812,0.44856645709342885,replicated
power,0.5299827733588051,0.029850746268656716,0.5050543214231953,0.3688808121147462,0.13930348258706468,0.44066572466037884,replicated
power,0.4559392123736817,0.07960199004975124,0.552795577240931,0.2960759111996053,0.3582089552238806,0.09323564084183167,between-cohort difference (unresolved)
power,0.7714455412136391,0.004975124378109453,0.2484105967167879,0.59715999599136,0.01990049751243781,0.5284790491760593,replicated
power,0.5206785791955476,0.029850746268656716,0.48917784137520703,0.4804752319731008,0.009950248756218905,0.5381755903011781,replicated
power,0.5715876142111421,0.014925373134328358,0.29489841080928636,0.5012041268085307,0.03980099502487562,0.6602364906868172,replicated
power,0.26834369977003747,0.29850746268656714,0.45349747962368075,0.1689576328223196,0.3781094527363184,0.23696204385241418,between-cohort difference (unresolved)
power,0.3185116497485623,0.21393034825870647,0.36682486615697685,0.4088219151352548,0.04975124378109453,0.4203208659692741,between-cohort difference (unresolved)
power,-0.11177794933758863,0.681592039800995,0.3667288125916037,-0.051703714430381936,0.9950248756218906,0.23124270607279374,between-cohort difference (unresolved)
power,0.6992318934477881,0.004975124378109453,0.4577246051125998,0.4387779309749077,0.05970149253731343,0.539086907523271,replicated
power,0.33149066966943025,0.13930348258706468,0.5566940587686877,0.19775287596339328,0.47761194029850745,0.46247492873957047,between-cohort difference (unresolved)
power,0.33789735588799763,0.16417910447761194,0.25437170008326726,0.32109296785414987,0.14925373134328357,0.12305531157314303,between-cohort difference (unresolved)
power,0.32866772572465336,0.21393034825870647,0.40380842475451656,0.1143599386310518,0.9950248756218906,0.2952737620888494,between-cohort difference (unresolved)
power,0.7361508533025967,0.004975124378109453,0.5455675386536103,0.5186009140692508,0.04975124378109453,0.6895363287154832,replicated
power,0.33178160168078935,0.1890547263681592,0.6019295935178663,0.2653941115307886,0.01990049751243781,-0.02852712755204206,composition
power,0.147430186210017,0.6318407960199005,0.43342098644186305,0.2726411909809676,0.1791044776119403,0.07169860530040019,between-cohort difference (unresolved)
power,0.3489814235298039,0.11442786069651742,0.5388812110501469,-0.016093111037507803,1.1741293532338308,0.40440565089233554,between-cohort difference (unresolved)
power,0.6168583851174414,0.004975124378109453,0.37256746980790933,0.49396305705850496,0.07960199004975124,0.375640793362892,replicated
power,0.3244103381658811,0.19402985074626866,0.4059673533037802,0.3223547735673747,0.14925373134328357,0.684049952177199,between-cohort difference (unresolved)
power,0.5615371549362679,0.024875621890547265,0.3655578218982848,0.3391462598446835,0.06965174129353234,0.5130207128791999,replicated
power,0.3414999483204326,0.16417910447761194,0.49484933707562784,0.18975288863187278,0.3383084577114428,0.18267576245327827,between-cohort difference (unresolved)
power,0.44435484267506903,0.06965174129353234,0.4269315608159487,0.34986847809429356,0.12935323383084577,0.11428936037525678,between-cohort difference (unresolved)
power,0.39970491427996263,0.1044776119402985,0.4011155832172877,0.26287074978120667,0.5074626865671642,0.43664652057617637,between-cohort difference (unresolved)
power,0.3190622440382014,0.1890547263681592,0.3631555909912902,0.18336026684060283,0.5074626865671642,0.29958350451315513,between-cohort difference (unresolved)
power,0.5033021652519901,0.04975124378109453,0.45322894436351613,0.44071449776231,0.029850746268656716,0.37581135170746144,replicated
power,0.36259636378921745,0.13930348258706468,0.30195987826151194,0.24963543593118764,0.29850746268656714,0.36037085270999086,between-cohort difference (unresolved)
power,0.646485678392622,0.004975124378109453,0.256885296763581,0.4327537033974019,0.03980099502487562,0.5224738117547912,replicated
power,0.315933431207861,0.22388059701492538,0.5315465227838834,0.20248297400677007,0.47761194029850745,0.21677686430840784,between-cohort difference (unresolved)
power,0.44740672153052785,0.07960199004975124,0.33081702148675224,0.3004302754458732,0.07960199004975124,0.448003785086614,between-cohort difference (unresolved)
power,0.42506329450029945,0.05472636815920398,0.47157493615220064,0.4804952700761645,0.03980099502487562,0.3268147964777038,composition
power,0.46140756802077093,0.0945273631840796,0.4201267558711499,0.29200783396127517,0.09950248756218906,0.34234189466374604,between-cohort difference (unresolved)
power,0.565436252412226,0.014925373134328358,0.52897573101683,0.3654773125199703,0.1890547263681592,0.6276865661469269,replicated
power,0.6235107431891289,0.01990049751243781,0.4113432412401855,0.2537360062398593,0.03980099502487562,0.6212324756141566,replicated
power,0.17018829727193732,0.4975124378109453,0.35769548007610935,0.1932209234887278,0.7064676616915423,0.06250264144856223,between-cohort difference (unresolved)
composition,-0.2366272049807243,0.3681592039800995,0.22946780162153785,0.7047600070136164,0.009950248756218905,-0.27119065939535286,inconclusive (power)
composition,-0.19545774129179563,0.5223880597014925,0.32791479206426594,0.803999641538296,0.009950248756218905,-0.2406343087513421,composition
composition,-0.5016785131738146,0.03482587064676617,0.6745758211472115,0.6866445144259472,0.009950248756218905,-0.3268397385778429,composition
composition,-0.6105961289465692,0.009950248756218905,0.33175045011847026,0.6558286239572013,0.01990049751243781,-0.6061662351742275,composition
composition,-0.6910144016497751,0.004975124378109453,0.566516541892865,0.629103401582713,0.009950248756218905,-0.4887486079767695,composition
composition,-0.2725551423683261,0.26865671641791045,0.40868945415263913,0.6427946861293063,0.01990049751243781,-0.05870688637690913,composition
composition,-0.5249272611018131,0.009950248756218905,0.4376789973664213,0.6100028303364912,0.01990049751243781,-0.4830136644559583,composition
composition,-0.5598968251139194,0.029850746268656716,0.4165106773152966,0.7586227243893113,0.009950248756218905,-0.4561636409488338,composition
composition,-0.37896978643932566,0.09950248756218906,0.3603859879509957,0.62277213208821,0.009950248756218905,-0.12186351045823544,composition
composition,-0.34434491509490817,0.15920398009950248,0.5480700935861516,0.45743915696314896,0.09950248756218906,-0.41034688975687067,between-cohort difference (unresolved)
composition,-0.15089934858405996,0.48756218905472637,0.5572389576394213,0.8091924964068282,0.009950248756218905,-0.2279645843687945,composition
composition,-0.3112995052114078,0.24875621890547264,0.3877943595812263,0.7238555526222319,0.009950248756218905,-0.21809670590438363,composition
composition,-0.42602791730110373,0.06965174129353234,0.5540529175250468,0.5539677029137651,0.009950248756218905,-0.2849820781535961,composition
composition,-0.5694002900085027,0.009950248756218905,0.48708771743880197,0.7379254958021444,0.009950248756218905,-0.5818680194258625,composition
composition,-0.5501743116643161,0.01990049751243781,0.43297914948598126,0.6653268365543039,0.009950248756218905,-0.4103438087000169,composition
composition,-0.6204132150428832,0.009950248756218905,0.5881734620901307,0.666108332918123,0.009950248756218905,-0.5465512196420356,composition
composition,-0.8262968993560477,0.004975124378109453,0.5730351559230125,0.7589776785923166,0.009950248756218905,-0.7402331654174916,composition
composition,-0.6728304311723218,0.004975124378109453,0.32086864962793615,0.729597964808248,0.009950248756218905,-0.5092188522873086,composition
composition,-0.600803654039656,0.004975124378109453,0.535340166580983,0.6803006888992745,0.009950248756218905,-0.6079005384877879,composition
composition,-0.6056497009899536,0.014925373134328358,0.5648302808890661,0.8356715810126508,0.009950248756218905,-0.5561809152054296,composition
composition,-0.37398805269541163,0.16417910447761194,0.5341137145315045,0.7089004186877483,0.009950248756218905,-0.10818106850966297,composition
composition,-0.5924382473555134,0.009950248756218905,0.5442856986223454,0.7628710510028356,0.009950248756218905,-0.5770669253241888,composition
composition,-0.4764045700554671,0.009950248756218905,0.45374761067476965,0.6962444911010779,0.009950248756218905,-0.45048553803388147,composition
composition,-0.6495531065289206,0.004975124378109453,0.5540580919809945,0.6528996647372558,0.009950248756218905,-0.6292780525525816,composition
composition,-0.5490375890652878,0.01990049751243781,0.4901801100417946,0.6661301301322851,0.009950248756218905,-0.7025712103246976,composition
composition,-0.5044793161372576,0.014925373134328358,0.5938122420568888,0.7396074433922334,0.009950248756218905,-0.6148522708388425,composition
composition,-0.6933903049042074,0.004975124378109453,0.511778240380412,0.6601556707467289,0.009950248756218905,-0.6924573362108611,composition
composition,-0.5052017176863799,0.01990049751243781,0.29615798463342147,0.7781638675063581,0.009950248756218905,-0.3822383872963701,composition
composition,-0.37287389052372577,0.11940298507462686,0.2867693459389623,0.6785262942053549,0.009950248756218905,-0.15433278188962526,composition
composition,-0.5486680781847896,0.004975124378109453,0.5252690501275252,0.7893720981888774,0.009950248756218905,-0.6661014681458516,composition
composition,-0.6774271305739423,0.004975124378109453,0.23389131107400812,0.7003521135211008,0.009950248756218905,-0.5116561085328968,inconclusive (power)
composition,-0.6643154491031259,0.004975124378109453,0.26201304187197483,0.5992660340608581,0.009950248756218905,-0.46030643127689896,composition
composition,-0.637765465294641,0.009950248756218905,0.45562039652304365,0.702430910939666,0.009950248756218905,-0.6295916953164912,composition
composition,-0.5373486937020991,0.03482587064676617,0.4953284379863243,0.7127919530046167,0.009950248756218905,-0.5623021813276754,composition
composition,-0.41264530694363055,0.0945273631840796,0.42185022980466413,0.7292164090059139,0.009950248756218905,-0.4295513683149604,composition
composition,-0.5313598066399287,0.01990049751243781,0.6565948397288683,0.6145949285562238,0.009950248756218905,-0.31196775180677966,composition
composition,-0.5722275211788279,0.01990049751243781,0.3898811278907792,0.7345175785687842,0.009950248756218905,-0.31900196044884344,composition
composition,-0.22074196941960555,0.3781094527363184,0.5043170930770163,0.6613172342180086,0.009950248756218905,-0.4199302363492682,composition
composition,-0.4913451073624312,0.03482587064676617,0.3141593323033449,0.7438616135499098,0.009950248756218905,-0.2530005402329803,composition
composition,-0.5012516014724138,0.05970149253731343,0.5623500218100137,0.7161871998856999,0.009950248756218905,-0.503668999035951,composition
composition,-0.508741466440011,0.03482587064676617,0.5546550861009755,0.5200648881827785,0.03980099502487562,-0.47790829332419765,composition
composition,-0.6069700401267853,0.004975124378109453,0.5441317722828175,0.6995224903445466,0.009950248756218905,-0.4307471111142049,composition
composition,-0.567457752530294,0.024875621890547265,0.49450898281429045,0.5407279456387581,0.009950248756218905,-0.3813514175750026,composition
composition,-0.38472483655208667,0.09950248756218906,0.529884639398793,0.7128217937888266,0.009950248756218905,-0.26662557389977326,composition
composition,-0.40579051344173156,0.07960199004975124,0.6433103335532975,0.7882673739882513,0.009950248756218905,-0.39453732404324676,composition
composition,-0.4713977511795655,0.04477611940298507,0.4821472388302441,0.746956782023575,0.009950248756218905,-0.5921287267556451,composition
composition,-0.39215242411003387,0.0845771144278607,0.4317157646060402,0.7225134619969649,0.009950248756218905,-0.27372371141384116,composition
composition,-0.31634565505652956,0.15422885572139303,0.3211050909859419,0.5012333858647368,0.04975124378109453,-0.3491812806918029,composition
composition,-0.5715181736738886,0.024875621890547265,0.5918535615899803,0.6897367702696832,0.009950248756218905,-0.500771766753805,composition
composition,-0.49283619845791504,0.01990049751243781,0.4001203815506016,0.7420794916189372,0.009950248756218905,-0.31923194798956445,composition
composition,-0.7951467366662746,0.004975124378109453,0.5888585743247983,0.6792946191246552,0.009950248756218905,-0.6928865202953806,composition
composition,-0.5451067801535161,0.014925373134328358,0.46290716934215215,0.7143854243561555,0.009950248756218905,-0.4530070683208515,composition
composition,-0.5887899765271685,0.004975124378109453,0.5503398704428253,0.678721983404363,0.009950248756218905,-0.39663085705595746,composition
composition,-0.6025339314557503,0.014925373134328358,0.5180652376687797,0.6263502070479465,0.009950248756218905,-0.5448626635936213,composition
composition,-0.26600888437635106,0.22885572139303484,0.321971230184305,0.6727144453994527,0.009950248756218905,-0.2235297904441668,composition
composition,-0.8187491942462736,0.004975124378109453,0.5760808842090774,0.6654962855726217,0.01990049751243781,-0.7067390200034507,composition
composition,-0.7409724981556133,0.004975124378109453,0.49098968809185317,0.8231646375321334,0.009950248756218905,-0.75441418665272,composition
composition,-0.6246791550894861,0.014925373134328358,0.5306336428470981,0.6436090745020537,0.009950248756218905,-0.6840707057057184,composition
composition,-0.5057309873827222,0.04477611940298507,0.4581154055028267,0.5183003888674704,0.009950248756218905,-0.45468746872811117,composition
composition,-0.3204100651960287,0.22388059701492538,0.4638305254337367,0.5646875618809841,0.01990049751243781,-0.43636554795117377,composition
composition,-0.23327095020434974,0.3283582089552239,0.3136223676721577,0.6501510650078236,0.009950248756218905,-0.14782896364954154,composition
composition,-0.5289823351659231,0.029850746268656716,0.46653196951855336,0.7307963846647736,0.009950248756218905,-0.5315231929500753,composition
composition,-0.4250526009315286,0.1044776119402985,0.4354626521895957,0.7950839256530251,0.009950248756218905,-0.3754787274400841,composition
composition,-0.5157755078423469,0.014925373134328358,0.5736429116081394,0.7242305320823755,0.009950248756218905,-0.4505315373768937,composition
composition,-0.4348316488039448,0.13930348258706468,0.5321417918522402,0.7551782455746601,0.009950248756218905,-0.3838385353353815,composition
composition,-0.6552592059376496,0.004975124378109453,0.39598709811822524,0.6750884314146257,0.009950248756218905,-0.5643739946106575,composition
composition,-0.5723477995001404,0.014925373134328358,0.5310148969062676,0.640913015024344,0.009950248756218905,-0.5387082736418896,composition
composition,-0.6754977914400244,0.004975124378109453,0.34623160331450326,0.700012788049545,0.009950248756218905,-0.6859213220546645,composition
composition,-0.6378273323931072,0.014925373134328358,0.48682519042949224,0.7263383768959852,0.009950248756218905,-0.44633477640863123,composition
composition,-0.48815408434646507,0.04975124378109453,0.47095096146896387,0.6611414364083161,0.009950248756218905,-0.5484890217704794,composition
composition,-0.48441890737588156,0.04477611940298507,0.5550732301977677,0.6950555705269306,0.009950248756218905,-0.17439675400301793,composition
composition,-0.5613175595915628,0.03482587064676617,0.5063380245490241,0.8389763340281584,0.009950248756218905,-0.20148075295181975,composition
composition,-0.723579927771107,0.004975124378109453,0.3349988583393623,0.8336104703136753,0.009950248756218905,-0.6398704654538331,composition
composition,-0.36118175158144183,0.17412935323383086,0.45223666614699853,0.7408755168247463,0.009950248756218905,-0.35156150714797635,composition
composition,-0.6400415842817914,0.009950248756218905,0.4891314550269512,0.6898438150323631,0.009950248756218905,-0.24820741068467397,composition
composition,-0.521949335101164,0.04477611940298507,0.24788413713531895,0.8432763134950084,0.009950248756218905,-0.22480954088773086,inconclusive (power)
composition,-0.5183996895695936,0.009950248756218905,0.5253424264601354,0.6419378564028415,0.01990049751243781,-0.4582880669482331,composition
composition,-0.6004254802074441,0.004975124378109453,0.5141472395449641,0.8326391506588535,0.009950248756218905,-0.786156130880434,composition
composition,-0.654105847937187,0.004975124378109453,0.5910975596724224,0.7838978753791408,0.009950248756218905,-0.4422283560015633,composition
composition,-0.8069630350383554,0.004975124378109453,0.48664642623607024,0.8403226733166542,0.009950248756218905,-0.6105993639586725,composition
composition,-0.6403257965969272,0.004975124378109453,0.547691738104777,0.702316699470062,0.009950248756218905,-0.3851359490199013,composition
composition,-0.4376993723699605,0.06965174129353234,0.5444108178208027,0.7060774257971714,0.009950248756218905,-0.3867850116468916,composition
composition,-0.6033525608056478,0.024875621890547265,0.38843685721232213,0.7696037521354339,0.009950248756218905,-0.624209964026315,composition
composition,-0.6185015076930269,0.004975124378109453,0.24945365951562537,0.6144064651435641,0.009950248756218905,-0.5697769736145815,inconclusive (power)
composition,-0.5982681419494466,0.009950248756218905,0.5281285255229922,0.7548668906564541,0.009950248756218905,-0.5636516911371325,composition
composition,-0.49091273325598334,0.03482587064676617,0.5812309684119716,0.7620603791094498,0.009950248756218905,-0.4135147395545459,composition
composition,-0.7000943835917047,0.004975124378109453,0.4758255395184591,0.836582961159086,0.009950248756218905,-0.44979147858717217,composition
composition,-0.42320010826479515,0.06965174129353234,0.31285992604809604,0.6887606370852589,0.009950248756218905,-0.476875982040954,composition
composition,-0.7604119331169552,0.004975124378109453,0.3855351546230146,0.730050570817417,0.009950248756218905,-0.7051345984760733,composition
composition,-0.44204096651832725,0.05472636815920398,0.4727866080237825,0.7424595610439163,0.009950248756218905,-0.38703466192280495,composition
composition,-0.6981679741643878,0.009950248756218905,0.38123013778852194,0.8249064415718654,0.009950248756218905,-0.6537624855970194,composition
composition,-0.5966161880304602,0.004975124378109453,0.4413760019604859,0.7889126048264263,0.009950248756218905,-0.47127734274409505,composition
composition,-0.6676793116504944,0.004975124378109453,0.4092229673609298,0.7290799349574637,0.009950248756218905,-0.6341128584666725,composition
composition,-0.5814247851550567,0.009950248756218905,0.404212817357989,0.7453798062226663,0.009950248756218905,-0.6171417794090372,composition
composition,-0.7110044207160628,0.004975124378109453,0.5497481673336992,0.696818730985136,0.009950248756218905,-0.5370414862279833,composition
composition,-0.234190148389365,0.3482587064676617,0.4347395327327691,0.5335337723930268,0.009950248756218905,-0.1519431052864304,composition
composition,-0.5205758746396312,0.014925373134328358,0.5720938122094189,0.5872794875528373,0.009950248756218905,-0.34168208167631864,composition
composition,-0.7032283491900614,0.004975124378109453,0.49283116870214344,0.7893468851477972,0.009950248756218905,-0.6137454922146671,composition
composition,-0.69129048914069,0.004975124378109453,0.27393730574037667,0.6896996005172391,0.009950248756218905,-0.44582353798163227,composition
composition,-0.5680501946930275,0.014925373134328358,0.5391456472226386,0.6673925769141396,0.01990049751243781,-0.4995390746070195,composition
composition,-0.42369522348172023,0.06965174129353234,0.5396153036799861,0.4962237850673782,0.009950248756218905,-0.30645827864630387,composition
composition,-0.5363787474047855,0.01990049751243781,0.3090416947956828,0.6948456023155593,0.009950248756218905,-0.47838095308566425,composition
composition,-0.6737749833784213,0.004975124378109453,0.542477734889117,0.5337484717996396,0.01990049751243781,-0.61368491294202,composition
composition,-0.5886232578542334,0.009950248756218905,0.32446104336422643,0.6660511414047404,0.009950248756218905,-0.6072887429730254,composition
composition,-0.6532111978220975,0.004975124378109453,0.5440506893787611,0.6768100719687171,0.009950248756218905,-0.5554324973338901,composition
composition,-0.41496948876214473,0.11940298507462686,0.41268673453125687,0.7871982752901139,0.009950248756218905,-0.38320020038678765,composition
composition,-0.5873847189195164,0.004975124378109453,0.294043227430816,0.6540645509559729,0.009950248756218905,-0.47600754522951216,composition
composition,-0.3787358989450812,0.14925373134328357,0.4811723890429346,0.6040950950312591,0.009950248756218905,-0.11769421330879609,composition
composition,-0.6171106166866834,0.014925373134328358,0.531545683926097,0.714233176639259,0.01990049751243781,-0.6346794315731149,composition
composition,-0.48147849662325715,0.03980099502487562,0.4236557337068173,0.7201967640200151,0.009950248756218905,-0.4809020907699054,composition
composition,-0.6731951641555011,0.004975124378109453,0.31042673698688206,0.7240107133182379,0.009950248756218905,-0.5544631363963982,composition
composition,-0.5643970340651541,0.004975124378109453,0.447725934819278,0.7417749402460587,0.009950248756218905,-0.33706835364296744,composition
composition,-0.5273495300431431,0.004975124378109453,0.47979732804569153,0.6802843249947617,0.009950248756218905,-0.5925298124221556,composition
composition,-0.34690779385389875,0.15920398009950248,0.4069159025124096,0.7775175109049295,0.009950248756218905,-0.2754298711914292,composition
composition,-0.49798833800953585,0.024875621890547265,0.359014638787826,0.7495547050844888,0.009950248756218905,-0.5153260058391154,composition
composition,-0.5789493278874612,0.024875621890547265,0.4734340713726551,0.7334376329112475,0.009950248756218905,-0.5444496744982916,composition
composition,-0.5494196639037962,0.029850746268656716,0.5767214940085313,0.8021343795492251,0.009950248756218905,-0.583117057635607,composition
composition,-0.6369481399963969,0.004975124378109453,0.4697439739242192,0.7403241124504929,0.009950248756218905,-0.45454633042899706,composition
composition,-0.6279675536995791,0.01990049751243781,0.41156106568050277,0.5305588836276803,0.01990049751243781,-0.6383000533482774,composition
composition,-0.5881181661522159,0.014925373134328358,0.4955753753099105,0.7873389564057779,0.009950248756218905,-0.5043028427124115,composition
composition,-0.24564978177309746,0.26865671641791045,0.4044122727751479,0.7179477115060482,0.009950248756218905,-0.1568481574557378,composition
composition,-0.6308889866144782,0.01990049751243781,0.2902193999720407,0.7803997723033507,0.009950248756218905,-0.40929535204259176,composition
composition,-0.6778396838963392,0.009950248756218905,0.4005486252202216,0.5961491379840165,0.009950248756218905,-0.3171728559938619,composition
composition,-0.5281750694904477,0.04477611940298507,0.592038590031067,0.728655358660024,0.009950248756218905,-0.42399052635672985,composition
composition,-0.4936061387383233,0.05970149253731343,0.33715738948662455,0.7635077464491549,0.009950248756218905,-0.41745601919653313,composition
composition,-0.5035910500790999,0.04477611940298507,0.40828412580155066,0.7456095649845081,0.009950248756218905,-0.6947158082666454,composition
composition,-0.5023799257883429,0.024875621890547265,0.46649519690242924,0.7753347098983457,0.009950248756218905,-0.431596524245112,composition
composition,-0.2849956894206917,0.23880597014925373,0.41794149454628615,0.7339902312643796,0.009950248756218905,-0.11853722761681389,composition
composition,-0.5048454326187143,0.01990049751243781,0.4208808798279529,0.7224499917635238,0.009950248756218905,-0.3049602392429741,composition
composition,-0.6138332542107793,0.004975124378109453,0.5642447879912645,0.5417016749540042,0.009950248756218905,-0.5540128206871482,composition
composition,-0.5878080155530635,0.009950248756218905,0.5225178932512453,0.7265675460432146,0.009950248756218905,-0.3633129416409328,composition
composition,-0.31384265388961013,0.21393034825870647,0.17517926561168615,0.5746054745901006,0.009950248756218905,0.05622483663513166,inconclusive (power)
composition,-0.6076475483748627,0.014925373134328358,0.4643994565400359,0.7345262783088329,0.009950248756218905,-0.6979399430848301,composition
composition,-0.7052183032342065,0.004975124378109453,0.3757684275985778,0.8206240233450242,0.009950248756218905,-0.5827197179516922,composition
composition,-0.285889308325199,0.21890547263681592,0.3941548407197806,0.6148117110734611,0.009950248756218905,-0.28917895969885327,composition
composition,-0.504454127844851,0.029850746268656716,0.5465530739971581,0.7071104042852836,0.009950248756218905,-0.19564264222727093,composition
composition,-0.7115662929721682,0.004975124378109453,0.5181622129008636,0.7755704288491776,0.009950248756218905,-0.6472088711830445,composition
composition,-0.6137241815738568,0.004975124378109453,0.3356448485600225,0.7410237976406563,0.009950248756218905,-0.4518118955878147,composition
composition,-0.4638083068653009,0.04975124378109453,0.581683699719207,0.7359229300903023,0.009950248756218905,-0.3075112494308778,composition
composition,-0.7529284354217861,0.004975124378109453,0.4936349941113558,0.6450987401830088,0.009950248756218905,-0.6274125270764319,composition
composition,-0.5778033016072294,0.009950248756218905,0.4729633234443629,0.6641081925214747,0.009950248756218905,-0.5792910958308434,composition
composition,-0.7001448774269141,0.004975124378109453,0.544205967119757,0.6338275407470959,0.009950248756218905,-0.6271354277564967,composition
composition,-0.680697999777868,0.004975124378109453,0.578311500077605,0.7628684651532959,0.009950248756218905,-0.6613588673100482,composition
composition,-0.6780818701182004,0.004975124378109453,0.6415732972456472,0.6745714822559221,0.009950248756218905,-0.43992971402978887,composition
composition,-0.33305068060920184,0.19402985074626866,0.451001427648106,0.7010750530766436,0.009950248756218905,-0.2665599519068413,composition
composition,-0.5739457157917995,0.014925373134328358,0.40683681867239185,0.7203558105964841,0.009950248756218905,-0.42165165527368015,composition
composition,-0.4987222934639962,0.029850746268656716,0.4121811907099552,0.743834226823406,0.009950248756218905,-0.4081715427069281,composition
composition,-0.5666594431487336,0.014925373134328358,0.5365290466623681,0.5065340993548972,0.01990049751243781,-0.48873299056638714,composition
composition,-0.45981256484645944,0.05472636815920398,0.6693721048764947,0.6803698523375963,0.009950248756218905,-0.47315366030391576,composition
composition,-0.5520938461618083,0.009950248756218905,0.5095884371990977,0.6542007206073894,0.009950248756218905,-0.5435439859401057,composition
composition,-0.5558274298849905,0.014925373134328358,0.4701006722909986,0.7594944620431436,0.009950248756218905,-0.6251359190299984,composition
composition,-0.30852546863378966,0.1890547263681592,0.4170934525355293,0.7517894558506173,0.009950248756218905,-0.3483536048502352,composition
composition,-0.6822462486510155,0.004975124378109453,0.5605832547975982,0.6091859489128482,0.01990049751243781,-0.5176610373251207,composition
composition,-0.7262463580765373,0.004975124378109453,0.5825957654451498,0.6202854754055694,0.009950248756218905,-0.7374583327123556,composition
composition,-0.39192162452329976,0.08955223880597014,0.4834642057687307,0.6540371773132911,0.009950248756218905,-0.2673282263725185,composition
composition,-0.7098060440430896,0.004975124378109453,0.5258101408025104,0.818897834800163,0.009950248756218905,-0.7444368725055416,composition
composition,-0.5737215424323555,0.009950248756218905,0.6526895515000279,0.783165514883382,0.009950248756218905,-0.5545501042660231,composition
composition,-0.6966068189825364,0.004975124378109453,0.5509073531502058,0.6487524070216106,0.009950248756218905,-0.6284464539681782,composition
composition,-0.29955631051263076,0.24875621890547264,0.37763926499674394,0.6249509114890792,0.009950248756218905,-0.3567022818542362,composition
composition,-0.5856332954028741,0.01990049751243781,0.6134186972292588,0.7047261804728805,0.009950248756218905,-0.4627599466973685,composition
composition,-0.43324927214398606,0.0845771144278607,0.5423452840273181,0.6081260654794197,0.009950248756218905,-0.6268710609099895,composition
composition,-0.41234256719412227,0.06965174129353234,0.36789729553832207,0.6716894088546828,0.009950248756218905,-0.38915985903748357,composition
composition,-0.6114120696920397,0.024875621890547265,0.4841789397015437,0.7450158041241927,0.009950248756218905,-0.6822502125842311,composition
composition,-0.6316607320915925,0.004975124378109453,0.6178897763864969,0.7172061252342946,0.009950248756218905,-0.4346243740954815,composition
composition,-0.5908817132640677,0.01990049751243781,0.5571681930331185,0.6931948876509878,0.009950248756218905,-0.47103735225617965,composition
composition,-0.6123289998259454,0.01990049751243781,0.4458805172817477,0.6644474079239524,0.009950248756218905,-0.5954319846377902,composition
composition,-0.4511146071257081,0.07462686567164178,0.2606047597575083,0.6713456401252742,0.009950248756218905,-0.3205658446321313,composition
composition,-0.5467506807910325,0.03482587064676617,0.5489206985095288,0.7577115393627343,0.009950248756218905,-0.5190737554540412,composition
composition,-0.585012880829581,0.009950248756218905,0.3935289528945557,0.7445305778138792,0.009950248756218905,-0.573873825923932,composition
composition,-0.18547187312003052,0.47761194029850745,0.36551272327584683,0.6873953340903063,0.009950248756218905,0.01362512623128311,composition
composition,-0.7249528239168369,0.004975124378109453,0.6001900736264523,0.6998006599204253,0.009950248756218905,-0.5970533984017914,composition
composition,-0.1991322215362415,0.31840796019900497,0.5435528608651381,0.5137862779951214,0.009950248756218905,-0.3052450943820207,composition
composition,-0.7604980157302644,0.004975124378109453,0.3733061087511739,0.6515806186652942,0.029850746268656716,-0.6390943436809357,composition
composition,-0.6573833849984456,0.004975124378109453,0.39466749933534107,0.727643303134774,0.009950248756218905,-0.5718156966052581,composition
composition,-0.42896988071865566,0.07462686567164178,0.6155090389897506,0.7912184187846925,0.009950248756218905,-0.27826412882927254,composition
composition,-0.5509640963328003,0.014925373134328358,0.5780132878059698,0.7806321365052781,0.009950248756218905,-0.32503801099725504,composition
composition,-0.5020962331283274,0.029850746268656716,0.45676209964574344,0.7045555709748865,0.009950248756218905,-0.362286551003205,composition
composition,-0.4385070525976207,0.04975124378109453,0.36543182059044504,0.7322626076658704,0.009950248756218905,-0.2366952533416599,composition
composition,-0.5851814045536101,0.01990049751243781,0.6919017459090089,0.7496101926866177,0.009950248756218905,-0.6867501555505249,composition
composition,-0.3160065419795665,0.23880597014925373,0.7070461549748671,0.6471176366507521,0.009950248756218905,-0.25888377015141106,composition
composition,-0.7084205018763602,0.009950248756218905,0.5318451815473505,0.7366963337287673,0.009950248756218905,-0.5827836834090999,composition
composition,-0.606388106309279,0.01990049751243781,0.5409786017967546,0.7379550083853363,0.009950248756218905,-0.41385721007039106,composition
composition,-0.619203615744682,0.01990049751243781,0.4706795666118895,0.6024377137361565,0.029850746268656716,-0.44017199252342576,composition
composition,-0.688043450933975,0.004975124378109453,0.524099433617784,0.747382669854969,0.009950248756218905,-0.6625394457788865,composition
composition,-0.7211590473047719,0.004975124378109453,0.45008854567841505,0.7098665170837608,0.009950248756218905,-0.483799687895435,composition
composition,-0.26185087732517665,0.22885572139303484,0.7501014915216675,0.6542629817673167,0.009950248756218905,-0.17432674856794042,composition
composition,-0.6247156268564711,0.004975124378109453,0.4438592342754926,0.7078573409371531,0.009950248756218905,-0.3448518903662611,composition
composition,-0.41532259454532405,0.07960199004975124,0.5392288002376342,0.8265162461407773,0.009950248756218905,-0.43679085569854076,composition
composition,-0.5419520164844528,0.029850746268656716,0.5595179253350331,0.6532804142329618,0.009950248756218905,-0.5154796254556014,composition
composition,-0.3501744744137058,0.15422885572139303,0.7101107599522695,0.6742988994011567,0.009950248756218905,-0.299837247213803,composition
composition,-0.7261413051333667,0.009950248756218905,0.6481092255033841,0.5891451671018808,0.009950248756218905,-0.7366572606277093,composition
composition,-0.734599658551886,0.004975124378109453,0.4066513453141345,0.5525582892270801,0.009950248756218905,-0.5251307149480192,composition
composition,-0.5069215870776053,0.024875621890547265,0.5688083698581494,0.800354573873597,0.009950248756218905,-0.45774408766474245,composition
composition,-0.2338229417150519,0.3482587064676617,0.47151628424608966,0.7016669209103374,0.009950248756218905,-0.21010791161678316,composition
composition,-0.5070236799573913,0.07960199004975124,0.3413317863493456,0.6408724855108989,0.009950248756218905,-0.5528238344474231,composition
composition,-0.6090781546491142,0.004975124378109453,0.5168986171778284,0.7843193507684889,0.009950248756218905,-0.6543585119873423,composition
composition,-0.3293233719952282,0.19402985074626866,0.3377189406676843,0.7540377092057997,0.009950248756218905,-0.3754505374243781,composition
composition,-0.5100589472723924,0.01990049751243781,0.5851300151188512,0.6704146059430965,0.009950248756218905,-0.36623423252665216,composition
composition,-0.7838897028597516,0.004975124378109453,0.6091289091279379,0.7641405308368556,0.009950248756218905,-0.6142096321030653,composition
composition,-0.7193646278367428,0.004975124378109453,0.48244251630412194,0.7175289132179874,0.009950248756218905,-0.798383860473887,composition
composition,-0.4773150620880593,0.03980099502487562,0.5421728219574602,0.7603719616021283,0.009950248756218905,-0.22038818969897342,composition
composition,-0.6309898856183924,0.014925373134328358,0.5585675684209497,0.7311539194773968,0.009950248756218905,-0.7372348119839632,composition
composition,-0.3284132915141502,0.17412935323383086,0.5450793647775544,0.6622865584436628,0.009950248756218905,-0.18716395789596543,composition
composition,-0.7476227705598437,0.004975124378109453,0.6129148590888751,0.7708920399956748,0.009950248756218905,-0.4943531476985243,composition
composition,-0.4006376486084787,0.10945273631840796,0.3521371088854189,0.6599830780654612,0.009950248756218905,-0.31022772323105124,composition
composition,-0.6544944117988283,0.004975124378109453,0.35200824224953775,0.5344127395541669,0.009950248756218905,-0.6459638423084869,composition
composition,-0.49314759339890546,0.024875621890547265,0.5713052884205353,0.8467460830831905,0.009950248756218905,-0.38341240262074483,composition
composition,-0.7846990489840056,0.004975124378109453,0.21564015692329708,0.8062129998959793,0.009950248756218905,-0.6061822606359998,inconclusive (power)
composition,-0.5838922844382598,0.009950248756218905,0.4027664826453271,0.6969031951744873,0.009950248756218905,-0.40515316159104947,composition
composition,-0.10466995050174899,0.681592039800995,0.5358651943370023,0.7103192012557801,0.009950248756218905,-0.1396801959300361,composition
composition,-0.6996193083442607,0.004975124378109453,0.5196600278693493,0.6204926144050891,0.009950248756218905,-0.6859883845773111,composition
composition,0.09789770908895591,0.7313432835820896,0.500268064516751,0.6422210582480885,0.009950248756218905,-0.0008473687285686607,composition
composition,-0.5325396126711652,0.03980099502487562,0.532323577706029,0.6181395184620815,0.009950248756218905,-0.7414755430347684,composition
composition,-0.5759378149751392,0.014925373134328358,0.39634659522828963,0.6828370851777663,0.009950248756218905,-0.4495944936376108,composition
composition,-0.5201856937806434,0.01990049751243781,0.43667848867289866,0.7269919145742407,0.009950248756218905,-0.30334932425869676,composition
composition,-0.599779748255246,0.004975124378109453,0.5296636018087479,0.7958056996060652,0.009950248756218905,-0.4751899076081059,composition
composition,-0.7039196296508338,0.009950248756218905,0.7053207190409874,0.6855636048453376,0.009950248756218905,-0.5631644727467754,composition
composition,-0.516422986446701,0.03482587064676617,0.44910410708802134,0.6559523888373864,0.009950248756218905,-0.4935081923678353,composition
composition,-0.6657882705484557,0.009950248756218905,0.5458880074138075,0.7120771609586797,0.009950248756218905,-0.5985656750887461,composition
composition,-0.6584855748677689,0.009950248756218905,0.5961006821923229,0.7076010471656254,0.009950248756218905,-0.6422911077729019,composition
composition,-0.7283503780398178,0.004975124378109453,0.44399688010641114,0.6516720114811858,0.009950248756218905,-0.6395490269263051,composition
composition,-0.6129992673637773,0.01990049751243781,0.6287807660360251,0.7599803881335973,0.009950248756218905,-0.6741825877378945,composition
composition,-0.6163654383332141,0.009950248756218905,0.6011356004558114,0.8043368478884217,0.009950248756218905,-0.40156282962424467,composition
composition,-0.7781042498070317,0.004975124378109453,0.35426133911731067,0.7006358356352498,0.009950248756218905,-0.664690408708026,composition
composition,-0.46289702731474736,0.03980099502487562,0.4397150099269511,0.7271496358821772,0.009950248756218905,-0.2532109357636807,composition
composition,-0.1571098251179715,0.5223880597014925,0.577403649284412,0.6554595343175366,0.009950248756218905,-0.0354917079877057,composition
composition,-0.42887289461484857,0.0845771144278607,0.43963173844672543,0.5528891184091301,0.009950248756218905,-0.43706821684472835,composition
composition,-0.4980376273975653,0.024875621890547265,0.3696567189851017,0.6880812349692729,0.009950248756218905,-0.4477337244256036,composition
composition,-0.6662693165193158,0.009950248756218905,0.6544940364101688,0.6915877029059729,0.009950248756218905,-0.5219514903391336,composition
composition,-0.5764306855051041,0.004975124378109453,0.35321555943850524,0.8035930746070017,0.009950248756218905,-0.6094436151523015,composition
composition,-0.39494806667844456,0.07960199004975124,0.32681399772125175,0.7841551178698398,0.009950248756218905,-0.22136134858398437,composition
composition,-0.5037907059788232,0.03482587064676617,0.44801137101845345,0.6221236491022097,0.01990049751243781,-0.48353012902112813,composition
composition,-0.5114905837895832,0.029850746268656716,0.3667087167091042,0.7454104377813795,0.009950248756218905,-0.5981359920783597,composition
composition,-0.6856674284082018,0.009950248756218905,0.6134382567455332,0.5972485589821359,0.009950248756218905,-0.6352880019625047,composition
composition,-0.13708113616549292,0.6019900497512438,0.37058890310526027,0.711833713511488,0.009950248756218905,-0.12671304237751468,composition
composition,-0.6518030288888569,0.004975124378109453,0.4456082527061004,0.7747815137329401,0.009950248756218905,-0.38481822766651874,composition
composition,-0.5527329227043458,0.009950248756218905,0.36580027487355604,0.690559043765633,0.009950248756218905,-0.4504079239292711,composition
composition,-0.5082868622572912,0.04477611940298507,0.39271004566510737,0.6230729922919201,0.009950248756218905,-0.45100437067511345,composition
composition,-0.5682180627864236,0.004975124378109453,0.48310431561386713,0.7478716471448204,0.009950248756218905,-0.4820863013969621,composition
composition,-0.13701133912745464,0.5422885572139303,0.2768136160304069,0.7509760665947511,0.009950248756218905,-0.14927196054219516,composition
composition,-0.4422086647825455,0.06467661691542288,0.5591646303512607,0.7222980749067984,0.009950248756218905,-0.4292680456225462,composition
composition,-0.29647796771600904,0.21890547263681592,0.5871022472099849,0.6841854864913025,0.01990049751243781,-0.36905522424633813,composition
composition,-0.5239156549880182,0.029850746268656716,0.35134810888631507,0.7342696400785835,0.009950248756218905,-0.4659421500284775,composition
composition,-0.4092030456439867,0.08955223880597014,0.3916645649555505,0.6135366990573297,0.009950248756218905,-0.38480384375235743,composition
composition,-0.5114348070383965,0.04477611940298507,0.6036865045007915,0.7523739941507634,0.009950248756218905,-0.4330130460625477,composition
composition,-0.48528270604047047,0.024875621890547265,0.4030495533802483,0.7662774091633648,0.009950248756218905,-0.38058852370920754,composition
composition,-0.5098888655802642,0.014925373134328358,0.39658405099767413,0.657302634481131,0.009950248756218905,-0.2830980454052405,composition
composition,-0.5414532938571802,0.024875621890547265,0.4207785544479975,0.6891842356111423,0.009950248756218905,-0.36879828936007514,composition
composition,-0.7241088942842687,0.004975124378109453,0.5404766290539706,0.6915419387141151,0.009950248756218905,-0.574994869827133,composition
composition,-0.5900637193937199,0.004975124378109453,0.35526154922680475,0.6544831887200684,0.009950248756218905,-0.41024106734189153,composition
composition,-0.6472627340958266,0.004975124378109453,0.45764910780166035,0.5980226745879341,0.01990049751243781,-0.6390981987677311,composition
composition,-0.4615579937062083,0.04975124378109453,0.43127954206956104,0.6337736924618687,0.009950248756218905,-0.4325820145612823,composition
composition,-0.6716809028723981,0.009950248756218905,0.5387872073879738,0.7304116239689842,0.009950248756218905,-0.49744434997570447,composition
composition,-0.6223286858538375,0.009950248756218905,0.31111260306045463,0.6472491313206927,0.009950248756218905,-0.47124413585031405,composition
composition,-0.14899442527439666,0.6268656716417911,0.5697731320439144,0.5004051995099835,0.009950248756218905,-0.1484725530463529,composition
composition,-0.7579620228104529,0.004975124378109453,0.324131381580552,0.5006069494340261,0.01990049751243781,-0.5463798213593501,composition
composition,-0.6807072056062945,0.004975124378109453,0.42095380001853877,0.7071860065129572,0.01990049751243781,-0.5373510947935594,composition
composition,-0.3772700004788266,0.11940298507462686,0.5573478087246149,0.6716819722533387,0.009950248756218905,0.0044513363306610525,composition
composition,-0.4339470383772297,0.08955223880597014,0.5326035557247373,0.5732423325819372,0.009950248756218905,-0.3664185828810908,composition
composition,-0.22527532146648802,0.3333333333333333,0.5289347167906817,0.5317564782448279,0.009950248756218905,-0.4132605146362913,composition
composition,-0.7152632686500852,0.004975124378109453,0.39018531392389744,0.6907278770846723,0.009950248756218905,-0.5817633703699031,composition
composition,-0.343616771677863,0.17412935323383086,0.42700145663926614,0.7034360388343588,0.009950248756218905,-0.34354425749525525,composition
composition,-0.6252536189102986,0.014925373134328358,0.5507029472083771,0.6889172203353009,0.009950248756218905,-0.5077001763972618,composition
composition,-0.6595249760334949,0.009950248756218905,0.43855250394459233,0.7455446982285918,0.009950248756218905,-0.6336521410859817,composition
composition,-0.27464738922798,0.3283582089552239,0.5162072403582956,0.7932658818377261,0.009950248756218905,-0.304940316056642,composition
composition,-0.19035540152488598,0.47761194029850745,0.4351270386558944,0.5499506666147673,0.009950248756218905,-0.16874828311348253,composition
composition,-0.549482351433341,0.01990049751243781,0.22754123649626673,0.7221966149432237,0.009950248756218905,-0.5291624480448781,inconclusive (power)
composition,-0.6077479387833788,0.004975124378109453,0.5204857827518914,0.7250081868839454,0.009950248756218905,-0.5546704977001652,composition
composition,-0.5070689521862878,0.014925373134328358,0.4920549117526508,0.5264191740460183,0.009950248756218905,-0.3138175315015056,composition
composition,-0.6725846106433827,0.004975124378109453,0.5856365322777494,0.8280891720255921,0.009950248756218905,-0.6245206707742765,composition
composition,-0.5744716218426295,0.009950248756218905,0.47381561782813,0.770474989392073,0.009950248756218905,-0.6019573562468553,composition
composition,-0.5819122649496312,0.014925373134328358,0.4705321349875189,0.6963575339493102,0.009950248756218905,-0.476196645392971,composition
composition,-0.6292320215412394,0.014925373134328358,0.42493294645615803,0.7566093812379446,0.009950248756218905,-0.4584895909078756,composition
composition,-0.3626778413645468,0.15920398009950248,0.4153020728850363,0.7322475557851182,0.009950248756218905,-0.44215185489057984,composition
composition,-0.6451405642635564,0.009950248756218905,0.6174434788033949,0.634810314832507,0.009950248756218905,-0.4310037365059261,composition
composition,-0.3937109526105269,0.06965174129353234,0.623191362276676,0.6960427159076572,0.009950248756218905,-0.4232771442029512,composition
composition,-0.46826384256251297,0.03482587064676617,0.4725301686455747,0.7274519578200761,0.009950248756218905,-0.518186077227747,composition
composition,-0.21821172712810685,0.3383084577114428,0.5194018718056094,0.7018261326139528,0.009950248756218905,0.13629434877722882,composition
composition,-0.5413249925483743,0.024875621890547265,0.43715075831435357,0.6416046652174141,0.009950248756218905,-0.6597975757463379,composition
composition,-0.30963793114133564,0.21890547263681592,0.5947522414440736,0.6759876891949219,0.009950248756218905,-0.25188393605978066,composition
composition,-0.5578171530259278,0.009950248756218905,0.3284842277768143,0.5532330302470736,0.01990049751243781,-0.49465995910580435,composition
composition,-0.670512794526222,0.004975124378109453,0.514840143548338,0.7170018665986924,0.009950248756218905,-0.6223946036841915,composition
composition,-0.5334638276946703,0.014925373134328358,0.45055259329110464,0.7851016733609406,0.009950248756218905,-0.2840863635436759,composition
composition,-0.4973779366753053,0.01990049751243781,0.3601123538429725,0.6701477822260338,0.009950248756218905,-0.24510666980727422,composition
composition,-0.47383788671012694,0.05472636815920398,0.4854273131161282,0.796964690696499,0.009950248756218905,-0.45382851400488855,composition
composition,-0.5290101470285697,0.024875621890547265,0.3828767590348639,0.5767114924566978,0.03980099502487562,-0.44839938092875925,composition
composition,-0.622156114798447,0.009950248756218905,0.4909542154849501,0.6381456998202497,0.009950248756218905,-0.6962394127027507,composition
composition,-0.567071317868414,0.01990049751243781,0.5529136465371134,0.679568179525965,0.01990049751243781,-0.37990809836343303,composition
composition,-0.511270469278482,0.01990049751243781,0.5156475012356042,0.6612462461526181,0.009950248756218905,-0.1264957215396524,composition
composition,-0.49955572423703165,0.05472636815920398,0.3190991756055128,0.6478745781297551,0.01990049751243781,-0.3240522776822589,composition
composition,-0.5611642703944203,0.009950248756218905,0.5063023434652991,0.6565697637895479,0.009950248756218905,-0.5277010762911988,composition
composition,-0.5336219203635829,0.03482587064676617,0.3642531342452574,0.7047323846229232,0.009950248756218905,-0.3287062855515681,composition
composition,-0.42272818132773593,0.09950248756218906,0.6068036190424801,0.7374255511306617,0.009950248756218905,-0.3228878660441528,composition
composition,-0.6542468150904784,0.009950248756218905,0.6598989459427123,0.7171624125815903,0.009950248756218905,-0.5204215706970958,composition
composition,-0.6730689673647228,0.004975124378109453,0.36411680599812574,0.6394273949825926,0.009950248756218905,-0.7322768830898552,composition
composition,-0.5734590766231907,0.004975124378109453,0.47309640610160325,0.7741395457740796,0.009950248756218905,-0.46401206420020086,composition
composition,-0.751833820066439,0.004975124378109453,0.45555939488135433,0.733582970697997,0.009950248756218905,-0.6538726825027971,composition
composition,-0.6574657861663697,0.004975124378109453,0.6295546277743471,0.7424155706034623,0.009950248756218905,-0.7474559528008897,composition
composition,-0.4152670012649994,0.05970149253731343,0.4487286685254902,0.7822197806718555,0.009950248756218905,-0.3693330891936431,composition
composition,-0.22843812721313517,0.34328358208955223,0.60090156755438,0.6763743915463023,0.009950248756218905,-0.24436653120165133,composition
composition_shift,0.6575249925264154,0.004975124378109453,0.6177396554535648,-0.17050076627148653,0.8855721393034826,0.4834614638669876,replicated
composition_shift,0.4710037337129757,0.04477611940298507,0.4765969613559463,0.02343106426887559,1.7313432835820894,0.6319125949120278,replicated
composition_shift,0.6261858865043609,0.004975124378109453,0.6998976060515754,-0.024784085172937717,0.736318407960199,0.5795461503007432,replicated
composition_shift,0.23308096215112184,0.39800995024875624,0.2938086193554016,0.2621976635389912,0.13930348258706468,0.08544562156949077,between-cohort difference (unresolved)
composition_shift,0.12367973800445033,0.6218905472636815,0.5084446491180243,-0.3351003642728257,0.3880597014925373,0.3756297494670861,between-cohort difference (unresolved)
composition_shift,0.5347825847703814,0.03482587064676617,0.21889733618280066,-0.13934236128016642,0.6567164179104478,0.046140746930850074,replicated
composition_shift,0.327738995534665,0.19402985074626866,0.3864543042425107,0.20177283726067832,0.6766169154228856,0.29286939494046677,between-cohort difference (unresolved)
composition_shift,0.5871718869426239,0.009950248756218905,0.4864411509154474,0.05823295665389833,0.19900497512437812,0.5544929345308965,replicated
composition_shift,0.5898251474959164,0.009950248756218905,0.5646620432371328,-0.26895682188894726,0.07960199004975124,0.5271853969738377,replicated
composition_shift,0.33085355012326284,0.14427860696517414,0.30269162920242376,0.005857793483620907,1.3532338308457712,-0.10379078831272093,between-cohort difference (unresolved)
composition_shift,0.1960938441150805,0.4228855721393035,0.31757748893026605,-0.09069660557558283,1.36318407960199,0.0655708321891421,between-cohort difference (unresolved)
composition_shift,0.236961421270806,0.35323383084577115,0.22577618357574303,-0.06590861380502913,0.26865671641791045,0.2916801609139437,inconclusive (power)
composition_shift,0.309249021059899,0.22885572139303484,0.25151976274039234,0.4231642311652313,0.11940298507462686,0.4106864519772095,between-cohort difference (unresolved)
composition_shift,0.23820234271601465,0.35323383084577115,0.600724458372473,0.06254047850496004,1.492537313432836,-0.03444094275021094,between-cohort difference (unresolved)
composition_shift,0.49928772920844133,0.03482587064676617,0.41462793535426024,0.10243109786745634,1.0049751243781095,0.2797738967255969,replicated
composition_shift,0.565208247751935,0.009950248756218905,0.4956433011257769,-0.022609510207839162,1.5024875621890548,0.39831660144953324,replicated
composition_shift,0.36825812823593956,0.11442786069651742,0.1997980157965054,0.11502327399924983,0.9353233830845771,0.29617696130346444,inconclusive (power)
composition_shift,0.12313107909476975,0.5920398009950248,0.4527887974874928,0.14276591223717422,0.6069651741293532,0.11291842468946728,between-cohort difference (unresolved)
composition_shift,0.5568796972903544,0.029850746268656716,0.12168156468919902,0.045794524457475616,1.1741293532338308,0.4851131409817374,replicated
composition_shift,0.5655691310619333,0.029850746268656716,0.5800808366607653,0.0050693988144168145,1.6417910447761195,0.6495254998441087,replicated
composition_shift,0.22807805540529286,0.36318407960199006,0.17923854807452058,-0.31612157317936496,0.26865671641791045,0.2884844024369517,inconclusive (power)
composition_shift,0.4206948719646982,0.09950248756218906,0.5070300082269725,-0.0007287182925499736,1.3830845771144278,0.4722701909877594,between-cohort difference (unresolved)
composition_shift,0.15811347274175575,0.6019900497512438,0.2940100177721264,-0.03553678480516172,0.6766169154228856,-0.09135085533802227,between-cohort difference (unresolved)
composition_shift,0.5384190694196858,0.03482587064676617,0.33124712340306955,-0.05027561392386759,1.0248756218905473,0.19409463847899716,replicated
composition_shift,0.3610470134964728,0.15422885572139303,0.36551956576399786,-0.07828366429848987,1.3233830845771144,0.27481728757435087,between-cohort difference (unresolved)
composition_shift,0.5382668967300062,0.03482587064676617,0.3410045772867003,0.05002935717641486,1.2338308457711442,0.7232822729489214,replicated
composition_shift,0.2516382651827836,0.29850746268656714,0.21594309523880756,0.04572956592705551,1.044776119402985,0.12991532957325394,inconclusive (power)
composition_shift,0.23730389188554873,0.3333333333333333,0.5273149260631342,-0.05213374435386696,1.3233830845771144,0.2704078357347884,between-cohort difference (unresolved)
composition_shift,0.5200001099010283,0.03980099502487562,0.5488615493608128,0.14682440852227158,0.30845771144278605,0.43488368104752834,replicated
composition_shift,0.2610750019529625,0.27860696517412936,0.0789514217082395,-0.0671399742011261,1.5223880597014925,-0.08825743337206397,inconclusive (power)
composition_shift,0.26173712869855315,0.3034825870646766,0.39068528015382814,-0.08280076968798,0.3681592039800995,0.20247886589991848,between-cohort difference (unresolved)
composition_shift,0.6140070792266823,0.009950248756218905,0.3590957973578801,0.20189237899561885,0.29850746268656714,0.4768778700156355,replicated
composition_shift,0.4533247939010756,0.07960199004975124,0.484384898145222,0.18294120577215692,0.8557213930348259,0.5588161624668287,between-cohort difference (unresolved)
composition_shift,0.21758752304203424,0.4228855721393035,0.11155465964449454,-0.07000887756621957,1.0149253731343284,0.27093200536276346,inconclusive (power)
composition_shift,0.7648908287703002,0.004975124378109453,0.3622819806722487,-0.07146097111801028,0.5671641791044776,0.5068945244262918,replicated
composition_shift,0.5997246367841105,0.014925373134328358,0.6780659321200292,0.08689492024549107,0.9054726368159204,0.46806314910990643,replicated
composition_shift,0.18306593445800876,0.4626865671641791,0.53248248239955,-0.24110083176443842,0.1890547263681592,0.3753334953571595,between-cohort difference (unresolved)
composition_shift,0.44669155510001823,0.06965174129353234,0.29393742024638314,0.007759419606583592,1.1840796019900497,0.2618865705881666,between-cohort difference (unresolved)
composition_shift,0.5180758174156662,0.024875621890547265,0.5620972709618065,0.08126601813383197,0.9353233830845771,0.42579902981123935,replicated
composition_shift,0.3006025275537028,0.22885572139303484,0.4604732295042906,0.28438527062091296,0.10945273631840796,0.27411871269192195,between-cohort difference (unresolved)
composition_shift,0.3514106856840877,0.14427860696517414,0.19758442342412041,-0.05761247857566795,0.8557213930348259,0.1746121042405378,inconclusive (power)
composition_shift,0.7157610729706159,0.009950248756218905,0.48619409332629715,0.1523691605217784,0.15920398009950248,0.6096736954434924,replicated
composition_shift,-0.2772680498727706,0.22388059701492538,0.09012057756111824,-0.06963609054049584,0.945273631840796,-0.0953145067914873,inconclusive (power)
composition_shift,0.646859968099824,0.004975124378109453,0.24834957893731016,0.4022398919073216,0.009950248756218905,0.7309272194967398,replicated
composition_shift,0.6223751880284758,0.014925373134328358,0.24462455870475266,0.36641557831634486,0.19900497512437812,0.4836649512733258,replicated
composition_shift,0.5947550699843911,0.009950248756218905,0.32861483635706623,0.2887507297124462,0.24875621890547264,0.23248228608845414,replicated
composition_shift,0.421004958583153,0.06965174129353234,0.532693500539811,0.026663179269797513,0.835820895522388,0.4824437296937268,between-cohort difference (unresolved)
composition_shift,0.271998747100284,0.2885572139303483,0.44126628498643117,-0.01624297449166072,1.064676616915423,0.5726904664930093,between-cohort difference (unresolved)
composition_shift,0.2224424548622344,0.36318407960199006,0.4565753467814121,0.03244918464850099,1.7512437810945274,0.12817767293844132,between-cohort difference (unresolved)
composition_shift,-0.1151840053292248,0.6865671641791045,0.23843720132126947,-0.09524507514164378,0.5671641791044776,-0.11255372737363628,inconclusive (power)
composition_shift,0.2637475929888934,0.2935323383084577,0.30244265491757755,-0.18788113243252014,0.1691542288557214,0.37326579436343094,between-cohort difference (unresolved)
composition_shift,0.7414210778214626,0.004975124378109453,0.5414030829028809,0.18620467858275663,0.03980099502487562,0.636197973022465,replicated
composition_shift,0.31294557684635343,0.21890547263681592,0.6261519052650691,-0.3037428116227509,0.05970149253731343,0.3960615930904725,between-cohort difference (unresolved)
composition_shift,0.4551810969419587,0.0845771144278607,0.186397668037269,0.2638609636559742,0.06965174129353234,-0.03324534910018509,inconclusive (power)
composition_shift,0.31315338559819245,0.15920398009950248,0.3394993214036806,0.03542710310091858,0.4079601990049751,0.3172002413964871,between-cohort difference (unresolved)
composition_shift,0.2575317064119542,0.2835820895522388,0.28759197679701487,0.0693865347904884,1.1741293532338308,0.0863738602923606,between-cohort difference (unresolved)
composition_shift,0.6409609244138992,0.014925373134328358,0.5805613564791079,0.024889793324842036,0.22885572139303484,0.7408604747448184,replicated
composition_shift,0.449631778612759,0.05472636815920398,0.22129886016072192,0.0878637134090815,0.04975124378109453,0.5603985237463709,inconclusive (power)
composition_shift,0.030803298111809194,0.9253731343283582,0.3791855037874735,-0.14961811408751863,0.7761194029850746,-0.08933999730397005,between-cohort difference (unresolved)
composition_shift,0.5598433913655704,0.01990049751243781,0.07610543625235035,0.1109251847142263,0.8059701492537313,0.3508806532772332,replicated
composition_shift,0.4960635393228791,0.04477611940298507,0.30423431076642216,-0.006551511604115733,1.7412935323383085,0.33116226442701374,replicated
composition_shift,0.33654798842393485,0.21890547263681592,0.33340672392332055,0.08787356752464942,1.2835820895522387,0.053083285539192615,between-cohort difference (unresolved)
composition_shift,0.3376066943817062,0.21393034825870647,0.34591619027571563,-0.022811130538999413,1.3930348258706469,0.26204160481015976,between-cohort difference (unresolved)
composition_shift,0.49391723501841006,0.03980099502487562,0.5315257516696019,0.18682513420313832,0.527363184079602,0.2591271799834197,replicated
composition_shift,0.48061341982147304,0.024875621890547265,0.3101427546660652,0.4486949735903608,0.01990049751243781,0.4553283891719686,replicated
composition_shift,0.4385116116371088,0.07960199004975124,0.29664378195662566,0.15091105479029854,0.3681592039800995,0.23936943072127323,between-cohort difference (unresolved)
composition_shift,0.39933531512957404,0.1044776119402985,-0.06170810817966058,0.07911556566378783,0.6169154228855721,0.4486899695289921,inconclusive (power)
composition_shift,0.2225358957744899,0.3880597014925373,0.40388795060731364,-0.07788980159973538,1.2039800995024876,0.03174058614908139,between-cohort difference (unresolved)
composition_shift,0.23992114521669247,0.3681592039800995,0.3889757280067208,0.02127788990365906,0.9751243781094527,0.2921770771036267,between-cohort difference (unresolved)
composition_shift,0.11848818156189397,0.7114427860696517,0.5801986267244073,-0.5045997293544298,0.029850746268656716,0.10634969732571109,between-cohort difference (unresolved)
composition_shift,0.5215103802031931,0.024875621890547265,0.5322622808944304,0.23141884135806476,0.5771144278606966,0.4757658475504981,replicated
composition_shift,0.42177893857840804,0.06965174129353234,0.5606562239056734,-0.23129243555387513,0.01990049751243781,0.4272488933584356,between-cohort difference (unresolved)
composition_shift,0.32338484651444976,0.16417910447761194,0.3887651515132357,-0.09092514763082399,0.5572139303482587,0.16422259832798658,between-cohort difference (unresolved)
composition_shift,0.19495474210997754,0.46766169154228854,0.4082232610346488,-0.20884850282987127,0.10945273631840796,-0.00794195094987026,between-cohort difference (unresolved)
composition_shift,0.3355426141432321,0.16417910447761194,0.44079712270413884,-0.16331027637444823,0.8656716417910447,0.4354086864248182,between-cohort difference (unresolved)
composition_shift,0.5795020199924238,0.024875621890547265,0.4880867802931916,0.33761927255367485,0.29850746268656714,0.4058166909144412,replicated
composition_shift,0.46463635607918,0.0945273631840796,0.387729151519403,0.06515944251108485,1.373134328358209,0.4304304650187798,between-cohort difference (unresolved)
composition_shift,0.5174183803480519,0.01990049751243781,0.454350778984516,0.07257031840585043,1.154228855721393,0.33835211019048533,replicated
composition_shift,0.47319017596208884,0.03980099502487562,0.35024346578183735,-0.24656439104266747,0.3283582089552239,0.506954703936523,replicated
composition_shift,0.1226716645365729,0.681592039800995,0.36066572256286267,-0.20983079019667336,0.6865671641791045,0.03922391107947524,between-cohort difference (unresolved)
composition_shift,0.6200189804088555,0.009950248756218905,0.44569927972680273,-0.016358094501475687,1.492537313432836,0.46465460984806173,replicated
composition_shift,0.015706407975442375,0.9552238805970149,0.2553085273673035,0.027521475042888432,1.1840796019900497,-0.14885343685522195,between-cohort difference (unresolved)
composition_shift,-0.0411654289885603,0.900497512437811,0.5500577235834108,-0.1958681290728974,0.25870646766169153,0.08283992457844803,between-cohort difference (unresolved)
composition_shift,0.31905163038181367,0.25870646766169153,0.5288960709973795,-0.17339709909871814,0.21890547263681592,0.32888240733741186,between-cohort difference (unresolved)
composition_shift,0.36690590111812926,0.14925373134328357,0.24291590415499476,-0.20759833533359032,0.6169154228855721,0.12279626204909436,inconclusive (power)
composition_shift,0.6369749429576724,0.004975124378109453,0.3520690025443491,0.32349454986725346,0.29850746268656714,0.5214003065384889,replicated
composition_shift,0.6672401646608029,0.004975124378109453,0.45536887009812554,0.12446351489639586,0.42786069651741293,0.49815275986623486,replicated
composition_shift,0.6352581153263254,0.009950248756218905,0.2678044118546904,0.17857391554865565,0.208955223880597,0.4971768904004137,replicated
composition_shift,0.6601718735723846,0.009950248756218905,0.485175421738434,0.13762025682932064,0.27860696517412936,0.4718588814046157,replicated
composition_shift,0.6642461440552544,0.009950248756218905,0.4222307968227834,-0.0499229377200501,0.11940298507462686,0.5782072870473103,replicated
composition_shift,0.2815609871428559,0.26865671641791045,0.2683408528834397,-0.03373507311627784,1.2736318407960199,-0.0004476978738334627,between-cohort difference (unresolved)
composition_shift,0.3972009216400029,0.12437810945273632,0.5525148283915853,0.044733533300079203,1.6318407960199004,0.37437169217733746,between-cohort difference (unresolved)
composition_shift,0.34317434089945664,0.15920398009950248,0.12219080962425037,-0.0682223216201561,1.3034825870646767,0.23927010448649197,inconclusive (power)
composition_shift,0.6113030645904284,0.009950248756218905,0.27769846405143256,0.17593547437103882,0.7164179104477612,0.5341040321672405,replicated
composition_shift,0.5868492838276019,0.009950248756218905,0.3627769430483775,0.014942622930430347,1.462686567164179,0.4238946017837441,replicated
composition_shift,0.5069036223477407,0.024875621890547265,0.3102876675469195,0.2923820673552212,0.04975124378109453,0.293599204223025,replicated
composition_shift,0.6120694818888175,0.004975124378109453,0.4130758464829435,0.11305176411589098,0.1791044776119403,0.625728436370139,replicated
composition_shift,0.19805079245001908,0.40298507462686567,0.29568818814468956,-0.03645122252043749,0.8855721393034826,-0.19956184072798186,between-cohort difference (unresolved)
composition_shift,0.49851767303754796,0.04975124378109453,0.17479062559015462,-0.06091181047952609,0.9651741293532339,0.5330973427750395,replicated
composition_shift,-0.13074501347354947,0.5970149253731343,0.3686802136341416,-0.2383822775228162,0.05970149253731343,-0.05148474707115886,between-cohort difference (unresolved)
composition_shift,0.5597413607423529,0.009950248756218905,0.6486641290445117,-0.04727556627151276,0.6368159203980099,0.38414461375481934,replicated
composition_shift,0.5063772512072483,0.014925373134328358,0.4137632943114493,0.23091238598016517,0.4577114427860697,0.6434504480867121,replicated
composition_shift,0.3668035982073468,0.11442786069651742,0.48427824273126896,0.1557939049299178,0.7164179104477612,0.5920016237053237,between-cohort difference (unresolved)
composition_shift,0.2632847823462275,0.2736318407960199,0.5081979015951311,-0.11535089369762785,0.5572139303482587,0.16774103716570057,between-cohort difference (unresolved)
composition_shift,0.7022116013493068,0.004975124378109453,0.38470918036151813,0.22726095822944295,0.03980099502487562,0.5943207111401425,replicated
composition_shift,0.13066780697489938,0.6368159203980099,0.4224371650696713,-0.3021480168111548,0.22885572139303484,-0.14057095270280598,between-cohort difference (unresolved)
composition_shift,0.6027878382616859,0.009950248756218905,0.4740750488272272,0.0566900314917969,0.6169154228855721,0.6225093879207632,replicated
composition_shift,0.17053564508957364,0.472636815920398,0.4703487812070548,-0.29176761425379133,0.46766169154228854,-0.07063071087280376,between-cohort difference (unresolved)
composition_shift,0.3846073696788447,0.11442786069651742,0.32971799743489216,-0.07125257525926178,0.9850746268656716,0.12369517572645644,between-cohort difference (unresolved)
composition_shift,0.5766711191286256,0.014925373134328358,0.5116730657882844,0.27934317299798894,0.19900497512437812,0.2553755799419221,replicated
composition_shift,0.48591272050590145,0.03482587064676617,0.34712926756667706,0.060136837313213454,0.08955223880597014,0.4579173085307806,replicated
composition_shift,0.5051390554316796,0.04477611940298507,0.15976457052657111,0.17257986058126187,0.3283582089552239,0.03512197857978731,replicated
composition_shift,0.5736803198767805,0.029850746268656716,0.42604945316435516,0.18762311335451354,0.25870646766169153,0.24474148745789653,replicated
composition_shift,0.6208183569201491,0.004975124378109453,0.5893021030947743,0.030185202565484417,1.4129353233830846,0.5764679277814496,replicated
composition_shift,0.42593611749327986,0.09950248756218906,0.11713835119659755,-0.025792532925114527,1.0049751243781095,0.1980028654565394,inconclusive (power)
composition_shift,0.3755384676181566,0.11940298507462686,0.6671167919326617,-0.07308078847733836,0.3582089552238806,0.28180117967606216,between-cohort difference (unresolved)
composition_shift,0.4293260218397485,0.0945273631840796,0.567329926349778,0.17505610554544668,0.26865671641791045,0.5823091188442628,between-cohort difference (unresolved)
composition_shift,0.3962203537292856,0.09950248756218906,0.2958891296582097,0.14574872142298803,0.8656716417910447,0.44797645157793176,between-cohort difference (unresolved)
composition_shift,0.2594511759019984,0.27860696517412936,0.35669623624438995,-0.356011781938311,0.07960199004975124,0.20869930129792047,between-cohort difference (unresolved)
composition_shift,0.30608135613719095,0.2537313432835821,0.21055199567485036,-0.1373807328541303,0.7860696517412935,-0.0003660395723651484,inconclusive (power)
composition_shift,0.5368280110598822,0.024875621890547265,0.5338539914531741,-0.007493777081583542,1.791044776119403,0.602180189162459,replicated
composition_shift,0.3029929306061552,0.27860696517412936,0.43989423233390545,-0.05323487658750148,1.0845771144278606,0.29281153129968995,between-cohort difference (unresolved)
composition_shift,0.7151890154447634,0.004975124378109453,0.4977667609289176,0.09627650469515256,0.3781094527363184,0.7500801551592812,replicated
composition_shift,0.6277254840461147,0.009950248756218905,0.3688227888984237,0.22772994864533916,0.3383084577114428,0.5329818839664089,replicated
composition_shift,0.5894747474890345,0.01990049751243781,0.6026956669552772,0.19793221313459225,0.835820895522388,0.284751940013207,replicated
composition_shift,0.573987028645502,0.009950248756218905,0.4280117850487508,0.00522002576326662,0.9651741293532339,0.5286812682202678,replicated
composition_shift,0.4714477517354079,0.07960199004975124,0.46402903993816147,0.02999002771749406,1.36318407960199,0.5275855680617194,between-cohort difference (unresolved)
composition_shift,0.23387275500064572,0.31343283582089554,0.29310965774572084,-0.11670245732944207,0.23880597014925373,0.19568423739463411,between-cohort difference (unresolved)
composition_shift,0.4066872182636587,0.0945273631840796,0.43647929668554436,0.0276651865529485,0.7164179104477612,0.5106403682645686,between-cohort difference (unresolved)
composition_shift,0.2981214033265451,0.1890547263681592,0.4370995716935769,-0.001914743190563624,1.691542288557214,0.20946711429039963,between-cohort difference (unresolved)
composition_shift,0.565859098118812,0.024875621890547265,0.6428903226367859,0.10024622726086675,0.3383084577114428,0.4194161928396917,replicated
composition_shift,0.4149337135028393,0.0945273631840796,0.32101157647856526,0.07839128125609082,0.29850746268656714,0.25962322254260534,between-cohort difference (unresolved)
composition_shift,0.4688389852350704,0.03482587064676617,0.26486632588379866,0.03577271152378679,1.5422885572139304,0.3065023777543016,replicated
composition_shift,0.3644586685398849,0.1691542288557214,0.5335450637547107,-0.20154986881785675,0.10945273631840796,0.40687095194721,between-cohort difference (unresolved)
composition_shift,0.47101073712766267,0.03482587064676617,0.40608572804116855,0.1638597065353244,0.6965174129353234,0.5116607637552544,replicated
composition_shift,0.3528385211198476,0.1044776119402985,0.25390315664726026,0.013469886720508861,0.8258706467661692,0.18902478288655886,between-cohort difference (unresolved)
composition_shift,0.09987596470276326,0.6567164179104478,0.3748685968143981,-0.2619183274516453,0.417910447761194,0.009979605788928566,between-cohort difference (unresolved)
composition_shift,0.8443701370195442,0.004975124378109453,0.5399758221513056,0.29159868516999643,0.10945273631840796,0.6672652873602435,replicated
composition_shift,0.7785322806986382,0.004975124378109453,0.6607095155334793,0.3614691185373738,0.029850746268656716,0.7322625848552866,replicated
composition_shift,0.4501317782775194,0.08955223880597014,0.4063908923820667,0.12339373448642588,0.3880597014925373,0.36715321797578965,between-cohort difference (unresolved)
composition_shift,0.27533168020665305,0.24875621890547264,0.6938833720797364,-0.08997937308257974,0.835820895522388,0.15674509035326561,between-cohort difference (unresolved)
composition_shift,0.6306499061703247,0.009950248756218905,0.24967210430540274,0.10279081317747825,0.26865671641791045,0.41526573820331464,replicated
composition_shift,0.5233366452290339,0.03980099502487562,0.5452718000323492,-0.04930094335883248,1.3532338308457712,0.4212676560962017,replicated
composition_shift,0.4820377591727443,0.029850746268656716,0.4455066492619546,0.05814664504941833,0.5472636815920398,0.4710779946518121,replicated
composition_shift,0.2717366338621077,0.2537313432835821,0.32735239748234635,0.08038440183250162,1.4427860696517414,0.30335325343671515,between-cohort difference (unresolved)
composition_shift,0.6655821201203698,0.009950248756218905,0.6777456777567981,0.1683438653429522,0.9751243781094527,0.6515303065881105,replicated
composition_shift,0.39323760371331007,0.05970149253731343,0.10435912617141335,-0.19749286292872664,0.5472636815920398,0.25596865306738903,inconclusive (power)
composition_shift,0.38939704705210687,0.12437810945273632,0.3490272246250028,-0.23819904167653144,0.1691542288557214,0.4290374002148194,between-cohort difference (unresolved)
composition_shift,0.5383546873597093,0.024875621890547265,0.34660100104457664,-0.08142557631126097,0.46766169154228854,0.5545683760982263,replicated
composition_shift,0.49745374965461225,0.04477611940298507,0.48846534376640116,-0.01704329845929506,0.5572139303482587,0.27809313665458085,replicated
composition_shift,0.37206451655109213,0.11442786069651742,0.43570306665383113,0.009847345916189451,0.9850746268656716,-0.07377536319096122,between-cohort difference (unresolved)
composition_shift,0.3092703300951252,0.22388059701492538,0.37648803798609043,-0.03775908335362252,0.47761194029850745,0.13661551730097324,between-cohort difference (unresolved)
composition_shift,0.538705812348641,0.024875621890547265,0.510291782371719,0.25598888887681776,0.23880597014925373,0.6398752965601351,replicated
composition_shift,0.334004951729942,0.13930348258706468,0.169656767081689,0.02526844147954703,0.7562189054726368,0.03238944726074469,inconclusive (power)
composition_shift,0.2796644872645614,0.2736318407960199,0.21010198906934702,-0.09637788307644571,0.12935323383084577,0.1570117897595535,inconclusive (power)
composition_shift,0.6525862438633288,0.004975124378109453,0.5663023889794091,0.08273029615279513,0.8557213930348259,0.4101253120387314,replicated
composition_shift,0.5931867744211905,0.009950248756218905,0.5160027646515775,-0.0054645189003560135,0.9552238805970149,0.49812031667016765,replicated
composition_shift,0.07377232530883723,0.7761194029850746,0.36302370153782526,-0.26267710036564207,0.27860696517412936,0.09056592898192072,between-cohort difference (unresolved)
composition_shift,0.5266798420475157,0.024875621890547265,0.3943975719853505,-0.17519954297188753,0.14925373134328357,0.6351996069078472,replicated
composition_shift,0.21360570374405347,0.31343283582089554,0.33573467754511976,0.11345640591152648,0.5970149253731343,0.224243296756834,between-cohort difference (unresolved)
composition_shift,0.20899780911433452,0.39303482587064675,0.2688415513339213,-0.1340933394412742,0.5870646766169154,0.30581823975317235,between-cohort difference (unresolved)
composition_shift,0.42033654514332564,0.03980099502487562,0.24733947440540766,0.11353294646606986,0.30845771144278605,0.21520508062045146,replicated
composition_shift,0.694235461676962,0.004975124378109453,0.582196835180903,0.2811351817159953,0.27860696517412936,0.39885843226724194,replicated
composition_shift,0.2970716313486009,0.21393034825870647,0.44411338235139786,-0.12655145570908855,0.5671641791044776,0.18976195903406784,between-cohort difference (unresolved)
composition_shift,0.6073502116552062,0.009950248756218905,0.45551511623865537,0.13059942543591666,1.2039800995024876,0.4426271578536424,replicated
composition_shift,0.6412608157715903,0.014925373134328358,0.31587201232914264,-0.07045798039110737,1.5124378109452736,0.594294562036982,replicated
composition_shift,0.5582884603184886,0.01990049751243781,0.46581826840060325,-0.25276720965565563,0.09950248756218906,0.21594820139073193,replicated
composition_shift,0.20608688535630146,0.42786069651741293,0.6199422654108371,0.10597148086110275,0.5174129353233831,0.3693165499971822,between-cohort difference (unresolved)
composition_shift,0.38187247102082467,0.10945273631840796,0.46356613870013563,-0.17710177533372257,0.5373134328358209,0.3353874795218873,between-cohort difference (unresolved)
composition_shift,0.042523642965278066,0.8606965174129353,0.4739682149218245,-0.17237743575613443,0.6069651741293532,0.26937227009519726,between-cohort difference (unresolved)
composition_shift,0.39989393431952724,0.09950248756218906,0.11960509319857399,-0.03555291982557761,0.6467661691542289,0.298994027427865,inconclusive (power)
composition_shift,0.3035628476111185,0.1890547263681592,0.4392591382146033,0.0354557382638628,1.144278606965174,0.3953481072824299,between-cohort difference (unresolved)
composition_shift,0.19329817460974452,0.4129353233830846,0.14493602809206377,-0.31261177843806565,0.4079601990049751,0.3902584065887512,inconclusive (power)
composition_shift,0.3240747211768546,0.18407960199004975,0.6283165282381007,-0.01015119925316496,0.5373134328358209,0.4268943097545497,between-cohort difference (unresolved)
composition_shift,0.6201780426471873,0.009950248756218905,0.4941087056165113,0.3254223284458805,0.208955223880597,0.44874788792240816,replicated
composition_shift,0.562962437067664,0.014925373134328358,0.219883292528749,0.16655563862425932,0.7164179104477612,0.49935148469662066,replicated
composition_shift,0.3487782529589853,0.15920398009950248,0.5325944858040619,-0.09236561483871365,1.2039800995024876,0.1486471041382302,between-cohort difference (unresolved)
composition_shift,0.3168635023377525,0.19402985074626866,0.38500495863714806,-0.15699040063324637,1.0348258706467661,0.3288247900299422,between-cohort difference (unresolved)
composition_shift,0.7295454466574313,0.004975124378109453,0.48722184242747246,0.1588083759544529,0.9154228855721394,0.5928713574853876,replicated
composition_shift,0.1934138396058086,0.5024875621890548,0.44708031183499597,-0.0696934569882933,0.208955223880597,0.33441069875923607,between-cohort difference (unresolved)
composition_shift,0.5396475790881758,0.009950248756218905,0.4090932588501629,-0.03244172867857993,0.6965174129353234,0.12350452896137828,replicated
composition_shift,0.19973960292303378,0.36318407960199006,0.35307233563311224,-0.09389762840717225,1.3830845771144278,0.5608507850999574,between-cohort difference (unresolved)
composition_shift,0.21675309195842848,0.39800995024875624,0.017559546059578702,0.1585481375215682,0.7164179104477612,-0.02573470948645702,inconclusive (power)
composition_shift,0.18562991029164,0.4925373134328358,0.4711632434299928,0.14147161478956402,0.6169154228855721,-0.06974700452853957,between-cohort difference (unresolved)
composition_shift,0.697261038054619,0.009950248756218905,0.4506715400018405,0.09910922891052507,0.8258706467661692,0.39792742459704583,replicated
composition_shift,0.4623701057435384,0.04975124378109453,0.5809633570727148,0.07033919147234394,0.7761194029850746,0.5143447261223887,replicated
composition_shift,0.3357885975746951,0.16417910447761194,0.5862257937221963,0.01426604474221553,1.2736318407960199,0.12897238705676023,between-cohort difference (unresolved)
composition_shift,0.4897308016295154,0.06467661691542288,0.5885226404393631,0.28843722331689925,0.4975124378109453,0.4580673979012376,between-cohort difference (unresolved)
composition_shift,0.6550006942763597,0.004975124378109453,0.23387470114997644,0.3345804236006638,0.09950248756218906,0.568003989151564,replicated
composition_shift,0.6171096579198009,0.004975124378109453,0.33744539676060514,0.025549087175838384,1.5323383084577114,0.6349050582306457,replicated
composition_shift,0.505190149074521,0.009950248756218905,0.42316908741893733,0.19279826024529922,0.7164179104477612,0.551691374806292,replicated
composition_shift,0.22199773881414273,0.3781094527363184,0.18564273489780764,0.0612058019691063,1.4129353233830846,0.04479824616847602,inconclusive (power)
composition_shift,0.4702980119818926,0.06467661691542288,0.20798508952344114,0.20971399956285297,0.4577114427860697,0.39436357536896394,inconclusive (power)
composition_shift,-0.09422612014842424,0.6716417910447762,0.12160126508257002,-0.23977440674310638,0.08955223880597014,0.5219020817539922,inconclusive (power)
composition_shift,0.46214894551945623,0.03980099502487562,0.47771472967504947,0.08244536535868037,1.0945273631840795,0.24689613223336904,replicated
composition_shift,0.09436026060184896,0.6666666666666666,0.3451676788687823,0.05231568209739725,0.9751243781094527,0.12657509016127677,between-cohort difference (unresolved)
composition_shift,0.5657219250841048,0.004975124378109453,0.5248566606597649,-0.15560917067979577,0.9353233830845771,0.41121096924002065,replicated
composition_shift,0.5894034371941813,0.009950248756218905,0.5548126342021853,0.293272371974316,0.23880597014925373,0.6261611214418467,replicated
composition_shift,0.20781509939652396,0.4527363184079602,0.34384606960299624,-0.042918695324988154,1.4029850746268657,0.3610026926204565,between-cohort difference (unresolved)
composition_shift,0.622276322207466,0.01990049751243781,0.3484704003987907,0.38505584138500976,0.01990049751243781,0.6976916097278054,replicated
composition_shift,0.48543911803411566,0.014925373134328358,0.3855111706136688,0.08564598242066752,0.3482587064676617,0.4571569588051226,replicated
composition_shift,0.39074397157995605,0.0945273631840796,0.3623282728622981,-0.07032237088618867,1.2338308457711442,0.37244051745555584,between-cohort difference (unresolved)
composition_shift,-0.002265448768265483,0.9800995024875622,0.44178516808675383,-0.3472068411284848,0.029850746268656716,-0.26076859759653565,between-cohort difference (unresolved)
composition_shift,0.4523701400139255,0.0845771144278607,0.48018383843763957,0.1302016505455817,0.6069651741293532,0.5383684330797944,between-cohort difference (unresolved)
composition_shift,0.4828450275031716,0.04975124378109453,0.39056987777483215,-0.19299392279442432,0.47761194029850745,0.4346920823151616,replicated
composition_shift,0.39744951570809084,0.07462686567164178,0.520583131304018,-0.16368717953598771,0.39800995024875624,0.15665998634746003,between-cohort difference (unresolved)
composition_shift,0.24411297770472046,0.31343283582089554,0.18289922020338284,-0.13336449717376395,0.3880597014925373,0.3611771548675123,inconclusive (power)
composition_shift,0.3126607735118565,0.21890547263681592,0.22506008268625316,-0.27818925435485264,0.11940298507462686,0.1537376653000815,inconclusive (power)
composition_shift,0.24149110230431117,0.3781094527363184,0.5715164081922863,-0.25552675545518433,0.3781094527363184,-0.13523966068667131,between-cohort difference (unresolved)
composition_shift,0.3165885679149178,0.1791044776119403,0.4626076147245937,0.0907207395324132,0.5771144278606966,0.2221743085396303,between-cohort difference (unresolved)
composition_shift,-0.008086506170847866,0.9800995024875622,0.3812127582197672,-0.40759762941823513,0.01990049751243781,0.16865480363582505,between-cohort difference (unresolved)
composition_shift,0.4585327832608526,0.0845771144278607,0.3524436841393659,0.12209885406522901,0.8855721393034826,0.24640241115529005,between-cohort difference (unresolved)
composition_shift,0.6149795737971417,0.01990049751243781,0.5276323172279344,0.16909028097606965,0.4079601990049751,0.514639305183667,replicated
composition_shift,0.6460876610923685,0.009950248756218905,0.394135737489844,0.10226311969853083,1.1940298507462686,0.604815217194079,replicated
composition_shift,0.7007473644973011,0.004975124378109453,0.3433384869313021,0.29169601582443777,0.24875621890547264,0.5853208692276147,replicated
composition_shift,0.7239815985102054,0.004975124378109453,0.4852462082016984,-0.08409389124818252,0.9353233830845771,0.47758737601947315,replicated
composition_shift,0.2802093629540415,0.2885572139303483,0.4471620009278249,0.18520853610808585,0.7960199004975125,0.3298637530889968,between-cohort difference (unresolved)
composition_shift,0.3461806870562184,0.16417910447761194,0.5709348887618898,-0.3180043269639109,0.1791044776119403,0.3412201466241077,between-cohort difference (unresolved)
composition_shift,0.3186866371213358,0.14925373134328357,0.1123921529753479,0.04504900678918894,0.08955223880597014,0.16378537314989494,inconclusive (power)
composition_shift,0.5188115869386113,0.024875621890547265,0.5636543332114594,-0.2163568666835865,0.6965174129353234,0.27020658829486116,replicated
composition_shift,0.5549671885654319,0.014925373134328358,0.3842143047050982,0.032296902330848434,1.7412935323383085,0.49202285106007143,replicated
composition_shift,0.06694480457844534,0.845771144278607,0.522943896569107,-0.32245427388955594,0.06965174129353234,-0.07679468051983787,between-cohort difference (unresolved)
composition_shift,0.5594581438985498,0.01990049751243781,0.4927296181572662,0.12656685578174492,0.12935323383084577,0.4706488701706143,replicated
composition_shift,0.32855904519325346,0.12437810945273632,0.4211444882500527,0.12405084381541234,0.6766169154228856,0.23155351320154982,between-cohort difference (unresolved)
composition_shift,0.48555667276087827,0.03980099502487562,0.4015449433416046,-0.1407446031636037,0.3582089552238806,0.45283060657682217,replicated
composition_shift,0.06294783279399263,0.7960199004975125,0.2715725437655885,0.0241698198478401,1.7512437810945274,0.17150557438552896,between-cohort difference (unresolved)
composition_shift,0.4946611750900888,0.05472636815920398,0.47315168344769065,-0.05151454931373076,1.4228855721393034,0.48043183539380363,between-cohort difference (unresolved)
composition_shift,0.45204991887851076,0.05472636815920398,0.5996925344287278,-0.25304809508002296,0.3482587064676617,0.2720590689275197,between-cohort difference (unresolved)
composition_shift,0.5503035964865223,0.024875621890547265,0.15381889861771691,0.18271816254996207,0.30845771144278605,0.3930315600985693,replicated
composition_shift,0.6413819045425442,0.004975124378109453,0.6343361715880325,0.1833959948188841,0.7164179104477612,0.5057389048517128,replicated
composition_shift,0.5622861460948797,0.014925373134328358,0.3781480319580056,0.27284772177242067,0.1890547263681592,0.298864231847911,replicated
composition_shift,0.6755876695226158,0.009950248756218905,0.2377119331678458,-0.03944318772888436,1.7313432835820894,0.37485483678121745,replicated
composition_shift,0.445004874090505,0.06467661691542288,0.47723135100911496,-0.008217407793600195,0.835820895522388,0.25061676995645815,between-cohort difference (unresolved)
composition_shift,0.2574262160257915,0.3482587064676617,0.43203795129285616,0.10932551496279062,0.746268656716418,0.25095941482963674,between-cohort difference (unresolved)
composition_shift,0.46345921258996664,0.04975124378109453,0.5457337803663456,0.09460368799112247,0.6567164179104478,0.47779820440797294,replicated
composition_shift,0.12450045170643045,0.6666666666666666,0.15772126565030337,-0.2878678221970235,0.46766169154228854,0.05125693171534447,inconclusive (power)
composition_shift,0.5923724091763218,0.014925373134328358,0.3117707232131466,0.22651349357019773,0.5771144278606966,0.43363513897146677,replicated
composition_shift,0.5923972195694235,0.014925373134328358,0.5199173671918866,0.12766388152120325,0.8557213930348259,0.4885101084590731,replicated
composition_shift,0.30704806871245377,0.23880597014925373,0.13207743196662675,-0.21558999384660427,0.3681592039800995,0.26680709110468126,inconclusive (power)
composition_shift,0.4249600523186143,0.09950248756218906,0.5688179447040622,-0.2641634081792089,0.23880597014925373,0.22624106218534007,between-cohort difference (unresolved)
composition_shift,0.5233310965700789,0.024875621890547265,0.32996188404215165,-0.2349788921699806,0.07960199004975124,0.005148491617445773,replicated
composition_shift,0.3290843908021032,0.21890547263681592,0.34210034455747895,-0.04068566237289331,1.6318407960199004,0.26720475255196585,between-cohort difference (unresolved)
composition_shift,0.11568021403893941,0.6019900497512438,0.28607143669371204,-0.15678415178326366,0.09950248756218906,-0.00728669014690158,between-cohort difference (unresolved)
composition_shift,0.6200031409841809,0.024875621890547265,0.488358932724691,0.1778491764336741,0.14925373134328357,0.39748774010987903,replicated
composition_shift,0.10591835582420092,0.681592039800995,0.4686053856043952,0.087184724573942,0.3383084577114428,0.07088026692741348,between-cohort difference (unresolved)
composition_shift,0.18987243545504712,0.472636815920398,0.2938771780179837,-0.1970879109765629,0.6965174129353234,0.4106333965168292,between-cohort difference (unresolved)
composition_shift,0.5228805599067226,0.029850746268656716,0.47683068004175033,-0.012106959410208167,1.243781094527363,0.2945121398617723,replicated
composition_shift,0.40845462850719017,0.11442786069651742,0.43398464222759897,-0.23013464962872074,0.19900497512437812,0.20641377287827384,between-cohort difference (unresolved)
composition_shift,0.579711989414369,0.014925373134328358,0.319969343974959,-0.14616674606847854,0.9751243781094527,0.5640240321824658,replicated
composition_shift,0.5661341369336256,0.024875621890547265,0.42890444402928285,-0.09758951870435498,1.36318407960199,0.46808570733140803,replicated
composition_shift,0.7169581706149029,0.004975124378109453,0.5447358126809707,-0.09995674270032856,0.7164179104477612,0.5303018311098037,replicated
composition_shift,0.6482129688060722,0.004975124378109453,0.03688258980322896,0.15949812323818138,0.9751243781094527,0.5750750846205291,replicated
composition_shift,0.3374794271158526,0.15920398009950248,0.13750720227492846,-0.08852744961981085,0.39800995024875624,0.3776862938782278,inconclusive (power)
composition_shift,0.47706928339871263,0.03980099502487562,0.6571388442560333,-0.2482398880738031,0.6467661691542289,0.21924650063552123,replicated
composition_shift,0.6723848791991776,0.004975124378109453,0.5464310725825448,0.1148856346971956,0.3582089552238806,0.4596831269238334,replicated
composition_shift,0.3388727455875499,0.16417910447761194,0.25896672075804195,0.1209950856149265,0.6567164179104478,0.4687878059774662,between-cohort difference (unresolved)
composition_shift,0.5576295857787414,0.004975124378109453,0.47148681356572125,0.30157746327748536,0.417910447761194,0.542631938232063,replicated
composition_shift,0.09168831918298055,0.6865671641791045,0.4980756311059728,-0.05550769967505388,0.4975124378109453,0.006608082536683862,between-cohort difference (unresolved)
composition_shift,0.5606361798661378,0.01990049751243781,0.4369932526882415,-0.02321455484313728,0.6169154228855721,0.6275849121864802,replicated
composition_shift,0.11637310122483134,0.6616915422885572,0.15200011185523515,0.05538844019779972,1.5024875621890548,-0.14883204528421923,inconclusive (power)
composition_shift,0.19052787642146515,0.4577114427860697,0.25143705320065496,-0.26011560705514936,0.09950248756218906,0.16553955316059213,between-cohort difference (unresolved)
composition_shift,0.6334305240223664,0.004975124378109453,0.5271278333079201,-0.09934340137447893,0.9054726368159204,0.553556400178622,replicated
composition_shift,0.52127723963654,0.04477611940298507,0.3779550251571157,0.17051781529683016,0.3383084577114428,0.3351639766834162,replicated
composition_shift,0.3127067627322803,0.21890547263681592,0.5730956668008511,0.02954903086856517,1.3930348258706469,0.37787612052710823,between-cohort difference (unresolved)
composition_shift,0.4671997447580437,0.029850746268656716,0.19106690347322502,0.10731588931820155,0.14925373134328357,0.39039528884510283,replicated
composition_shift,0.6290317440968317,0.009950248756218905,0.5935923859996609,0.07045386947221427,1.164179104477612,0.5335038152839957,replicated
composition_shift,-0.02810711925785668,0.9502487562189055,0.559596825258426,-0.01036262303691407,0.42786069651741293,-0.2765266163741727,between-cohort difference (unresolved)
composition_shift,0.752273654627065,0.009950248756218905,0.40508908688659534,0.3112463224561006,0.31840796019900497,0.6492497094579582,replicated
composition_shift,0.4302606597730593,0.0845771144278607,0.598389341937886,0.005181220940476461,0.3283582089552239,0.40462947627704376,between-cohort difference (unresolved)
composition_shift,0.35221497713307215,0.11442786069651742,0.3761617963068985,0.017953176075557964,0.30845771144278605,0.512460369331305,between-cohort difference (unresolved)
composition_shift,0.6304776170105896,0.014925373134328358,0.35100587988509424,-0.02297927613494363,1.7810945273631842,0.44094811561733543,replicated
composition_shift,0.6330924349846245,0.004975124378109453,0.45065699107112306,0.09485548575744711,1.164179104477612,0.6783601797703714,replicated
composition_shift,0.40977734142537553,0.12935323383084577,0.46939361904327814,-0.008816435172224607,0.3482587064676617,0.4029940161242652,between-cohort difference (unresolved)
composition_shift,0.43778186334747043,0.05970149253731343,0.41583979218820155,-0.09640228886038735,0.03980099502487562,0.5319382049187505,between-cohort difference (unresolved)
composition_shift,0.5557331863713306,0.024875621890547265,0.3678152821343659,-0.20576068482774035,0.3482587064676617,0.4097526300173782,replicated
composition_shift,0.48661400189645876,0.03482587064676617,0.43741973155972935,0.3026357630655452,0.10945273631840796,0.26835869550446273,replicated
composition_shift,0.29206225623475385,0.23383084577114427,0.3098633030108717,-0.02335383918730287,1.4825870646766168,0.38776652044813703,between-cohort difference (unresolved)
composition_shift,0.3198893464846731,0.25870646766169153,0.2787483010564168,0.23614412114067113,0.14925373134328357,0.2270556323726866,between-cohort difference (unresolved)
composition_shift,0.676948986078812,0.009950248756218905,0.27042669574107187,0.2662724563002693,0.6169154228855721,0.4708910790198853,replicated
composition_shift,0.5023279386733517,0.03482587064676617,0.3592959880545742,0.1555856064788534,0.03980099502487562,0.26961937741146774,replicated
composition_shift,0.6347793699456338,0.004975124378109453,0.3006629790373832,0.08870662892781858,0.31840796019900497,0.18376633268712828,replicated
composition_shift,-0.13790610286738417,0.6268656716417911,0.4816785757244158,-0.12618404619264884,1.064676616915423,-0.02212690610635867,between-cohort difference (unresolved)
composition_shift,0.6750652895164488,0.004975124378109453,0.5403504269098183,0.25586541333984747,0.25870646766169153,0.4890998252645088,replicated
composition_shift,0.44332098303916817,0.07960199004975124,0.5901885171834671,0.0982270811598899,1.1940298507462686,0.2770187808200792,between-cohort difference (unresolved)
composition_shift,0.3506011088606842,0.15422885572139303,0.11394278240431752,-0.03135070830577545,1.5621890547263682,0.13189933768330908,inconclusive (power)
composition_shift,0.42636853443449296,0.05970149253731343,0.3974748990024596,0.15330636199442715,0.3383084577114428,0.2860753632165202,between-cohort difference (unresolved)
composition_shift,-0.026860374503999477,0.9303482587064676,0.6587463766095152,-0.08477863142312408,0.009950248756218905,-0.05239775797291989,between-cohort difference (unresolved)
composition_shift,0.5994608120769613,0.024875621890547265,0.5493930161514411,0.05037133148857206,0.6666666666666666,0.4561841148367027,replicated
composition_shift,-0.14741440251020585,0.5572139303482587,0.4395908783484449,-0.31533094887804,0.3781094527363184,0.09166232295272427,between-cohort difference (unresolved)
composition_shift,0.35539185312654575,0.15422885572139303,0.40050401406070185,0.1349768367353531,0.23880597014925373,0.4127992019499458,between-cohort difference (unresolved)
composition_shift,0.7624592443327424,0.004975124378109453,0.5965090396590895,0.2313400763615528,0.417910447761194,0.6270538194837014,replicated
composition_shift,0.23833782692851405,0.417910447761194,-0.008838713942436224,-0.11702841622702766,0.39800995024875624,0.3659951542019759,inconclusive (power)
composition_shift,0.3341611743259529,0.208955223880597,0.5222752330444378,-0.1522414449792743,0.10945273631840796,0.5239067489509676,between-cohort difference (unresolved)
composition_shift,0.25118551680202655,0.2885572139303483,0.32671844397097294,-0.240744309777037,0.19900497512437812,0.3713987871564774,between-cohort difference (unresolved)
composition_shift,0.2197548950967946,0.39303482587064675,0.34335477369736356,0.11420724721403376,0.6368159203980099,0.16937219474953394,between-cohort difference (unresolved)
composition_shift,0.17435220413423405,0.48756218905472637,0.09957567866628794,0.15048583793000303,0.26865671641791045,0.259032790312227,inconclusive (power)
composition_shift,0.32798239680421354,0.13930348258706468,0.501154042980742,0.1269632460227999,0.5472636815920398,0.1557380886252084,between-cohort difference (unresolved)
composition_shift,0.34944503432128265,0.15920398009950248,0.5306660860586061,-0.16751055725385877,0.945273631840796,0.39803151113209334,between-cohort difference (unresolved)
composition_shift,0.7643767806063543,0.004975124378109453,0.3081065329022191,-0.05940166185152611,1.2338308457711442,0.616293464723347,replicated
composition_shift,0.4431943581274432,0.07462686567164178,0.2837325133725328,0.2842889889350523,0.07960199004975124,0.503657773027867,between-cohort difference (unresolved)
confound,-0.26603843312604963,0.3383084577114428,0.7778965796032771,-0.06039717207166447,1.5323383084577114,-0.15979255491166303,between-cohort difference (unresolved)
confound,-0.041522894970459134,0.8407960199004975,0.7853605624808291,0.09719390533833663,0.4975124378109453,-0.13899836779642377,between-cohort difference (unresolved)
confound,0.15473574921346236,0.5621890547263682,0.7785893417181622,-0.04111529122428672,1.1343283582089552,0.40181384740840187,between-cohort difference (unresolved)
confound,0.19570509218427007,0.46766169154228854,0.8223805273019159,0.10362345048622881,1.2238805970149254,-0.0422033636306511,between-cohort difference (unresolved)
confound,0.36994998679045893,0.15422885572139303,0.645507903942409,0.16544088505063081,0.6467661691542289,0.48499974110576843,between-cohort difference (unresolved)
confound,0.2920651153050068,0.27860696517412936,0.859068187316427,0.10316107272505173,0.1691542288557214,0.04549380520082816,between-cohort difference (unresolved)
confound,-0.2307003608625558,0.3383084577114428,0.7853597039681397,-0.2236094395288502,0.13930348258706468,-0.2947521554066684,between-cohort difference (unresolved)
confound,0.1766809128364217,0.4527363184079602,0.6303938685081659,0.21977531359526498,0.1890547263681592,-0.07670340509993319,between-cohort difference (unresolved)
confound,0.01551745903644609,0.9701492537313433,0.7789556052542639,0.09413607677626924,0.8557213930348259,0.17998148971628164,between-cohort difference (unresolved)
confound,0.08366355844301743,0.7014925373134329,0.7812536953003413,-0.0025182852124942673,0.835820895522388,0.1592667544974073,between-cohort difference (unresolved)
confound,0.07472736173400484,0.7263681592039801,0.8222468193706327,-0.009407061865619251,1.164179104477612,0.33333542834872454,between-cohort difference (unresolved)
confound,0.06726128045406327,0.8258706467661692,0.7438996280127497,-0.040920855005938034,0.6567164179104478,0.06355918095354259,between-cohort difference (unresolved)
confound,0.15440316132396223,0.5124378109452736,0.6930475936920548,0.07884398456788932,1.462686567164179,0.05121963741682713,between-cohort difference (unresolved)
confound,0.26895199655183855,0.2537313432835821,0.7227294768645517,0.2197769884624442,0.11940298507462686,0.12568734652302027,between-cohort difference (unresolved)
confound,0.30778573974290896,0.1791044776119403,0.8250744798202472,0.2264165238545081,0.25870646766169153,0.2413089122281433,between-cohort difference (unresolved)
confound,0.329013856951693,0.21393034825870647,0.836725205499171,0.1493700854453298,0.19900497512437812,0.17314043577995397,between-cohort difference (unresolved)
confound,-0.1609979235377294,0.48258706467661694,0.8196711674894283,-0.17538234967996824,0.7661691542288557,-0.17247195092590673,between-cohort difference (unresolved)
confound,-0.3812687978415672,0.13432835820895522,0.8359331214034156,-0.1809596207485266,0.44776119402985076,-0.4081014616860025,between-cohort difference (unresolved)
confound,-0.11407392926970729,0.6318407960199005,0.8013858885430912,-0.0517669358334983,1.6616915422885572,-0.1121625104949909,between-cohort difference (unresolved)
confound,-0.06325794094012682,0.7860696517412935,0.7863609019160961,0.03131617799762112,1.154228855721393,-0.08650047632261702,between-cohort difference (unresolved)
confound,0.15287169156675742,0.5024875621890548,0.7984339400841337,0.1061662513225328,1.0746268656716418,0.17238513562321997,between-cohort difference (unresolved)
confound,0.027406825042269888,0.9303482587064676,0.8960552601948584,-0.013822800969905808,1.5024875621890548,-0.02217386823244075,between-cohort difference (unresolved)
confound,-0.0738837701933316,0.7164179104477612,0.8379409780175762,-0.07645111343282787,0.835820895522388,-0.1367603284278384,between-cohort difference (unresolved)
confound,-0.13355937501567788,0.6169154228855721,0.8482919163460476,-0.15892730125026344,0.3681592039800995,0.09457800945364636,between-cohort difference (unresolved)
confound,-0.3269865945690064,0.16417910447761194,0.8063243997384445,-0.28275537505312864,0.23880597014925373,-0.27420103253127925,between-cohort difference (unresolved)
confound,-0.5080654759708952,0.024875621890547265,0.8274629617552802,-0.40134333412815426,0.029850746268656716,-0.1881514752788915,between-cohort difference (unresolved)
confound,0.019396935781422753,0.9402985074626866,0.8614274300578102,0.14788843928893158,0.8557213930348259,0.10515155572193441,between-cohort difference (unresolved)
confound,-0.11263333586217558,0.7014925373134329,0.8402825174775601,-0.12258049021552012,0.9751243781094527,0.0012169839146143327,between-cohort difference (unresolved)
confound,0.3161580979461806,0.15920398009950248,0.8385858512299154,0.14143892126576849,0.42786069651741293,0.3278388799428121,between-cohort difference (unresolved)
confound,0.3262762013069946,0.19402985074626866,0.865627741928485,0.23743331908501714,0.5472636815920398,0.19375921480743294,between-cohort difference (unresolved)
confound,-0.2057216983416982,0.4129353233830846,0.8664280480187049,-0.126884213152824,0.5870646766169154,-0.32998526405556483,between-cohort difference (unresolved)
confound,-0.14245308552797803,0.5373134328358209,0.8117131473926384,0.036738829288995675,0.5074626865671642,-0.016023073865792947,between-cohort difference (unresolved)
confound,0.22659469840902666,0.3333333333333333,0.7221448345096798,0.23581565489290243,0.1890547263681592,0.2297680144806728,between-cohort difference (unresolved)
confound,-0.00020038299375769886,0.9950248756218906,0.8047924876885904,0.03452053166303719,1.263681592039801,-0.1230693778066719,between-cohort difference (unresolved)
confound,0.05654254748098705,0.835820895522388,0.7355671847659018,-0.0254801404109211,0.9651741293532339,0.13066698417590236,between-cohort difference (unresolved)
confound,-0.2466541127809634,0.3333333333333333,0.8362842724242929,-0.19248656921835205,0.8656716417910447,-0.18734431168729118,between-cohort difference (unresolved)
confound,0.2053214027774467,0.417910447761194,0.813461938405408,0.04535664864938641,1.0049751243781095,0.18024435870737468,between-cohort difference (unresolved)
confound,-0.2916329805851889,0.20398009950248755,0.7610318673480194,-0.0693784220175334,0.3482587064676617,-0.12061921460579034,between-cohort difference (unresolved)
confound,0.14002310080558109,0.5621890547263682,0.8648199648924907,0.08814325377349988,0.5671641791044776,0.14426287997004975,between-cohort difference (unresolved)
confound,0.2989932938809979,0.2537313432835821,0.7705738725577059,0.3369828862993325,0.009950248756218905,0.1452125802231979,composition
confound,-0.1931097217525275,0.44776119402985076,0.8775034685942796,-0.17934123926191944,0.11940298507462686,-0.1839447982837025,between-cohort difference (unresolved)
confound,-0.12445472811794234,0.6567164179104478,0.8607917878957765,-0.12184604342404906,0.14925373134328357,-0.20287044929141576,between-cohort difference (unresolved)
confound,-0.2440621108817941,0.30845771144278605,0.6821651759919543,-0.048096740475944935,0.29850746268656714,-0.2780864695329684,between-cohort difference (unresolved)
confound,0.016399539160750216,0.9502487562189055,0.8646076112936136,-0.05947219398366441,1.1940298507462686,0.10839107465730315,between-cohort difference (unresolved)
confound,-0.09865070047329118,0.7164179104477612,0.7749350020782746,-0.023991823388332723,0.6368159203980099,-0.19220470259045686,between-cohort difference (unresolved)
confound,0.3878224531488502,0.08955223880597014,0.7673899993612022,0.2628452299872912,0.44776119402985076,0.24470920399858245,between-cohort difference (unresolved)
confound,0.07850681173161804,0.7412935323383084,0.805746188620249,0.024197379488642423,1.2736318407960199,0.09752329121101296,between-cohort difference (unresolved)
confound,-0.0470675887222168,0.835820895522388,0.829814190249921,0.12044304834016302,0.42786069651741293,-0.18212868743894708,between-cohort difference (unresolved)
confound,0.11865021352916764,0.6467661691542289,0.36982554889033054,0.14324890602719936,1.0746268656716418,-0.10562335784111175,between-cohort difference (unresolved)
confound,-0.05531229890591119,0.8009950248756219,0.8032718840085322,0.004514364155378238,1.3532338308457712,0.1265996521228564,between-cohort difference (unresolved)
confound,-0.178969477097689,0.5124378109452736,0.795084472420754,-0.051095249947157265,1.5522388059701493,0.08147116927103458,between-cohort difference (unresolved)
confound,0.025977043219959927,0.9154228855721394,0.810274736595382,0.09931942865314101,0.746268656716418,0.11802838660967054,between-cohort difference (unresolved)
confound,0.16086095258234556,0.5472636815920398,0.8681243747048486,0.09361315213246937,1.0248756218905473,0.3340713291690804,between-cohort difference (unresolved)
confound,-0.286194506632875,0.23880597014925373,0.7586402436705164,-0.23203646055753202,0.7263681592039801,-0.24813433625046205,between-cohort difference (unresolved)
confound,0.34987021413967845,0.15920398009950248,0.8666008319030414,0.26876792861926446,0.1691542288557214,0.2070835536651953,between-cohort difference (unresolved)
confound,-0.004213833286782567,0.9950248756218906,0.8955639319669542,0.13992235239704592,0.09950248756218906,0.0169146335149987,between-cohort difference (unresolved)
confound,-0.620251311847302,0.004975124378109453,0.8235815714939618,-0.43710377035305437,0.05970149253731343,-0.6026450284223048,between-cohort difference (unresolved)
confound,-0.4920141636832827,0.05472636815920398,0.8510340522153361,-0.4526397320172912,0.009950248756218905,-0.14160513595979501,between-cohort difference (unresolved)
confound,0.007657917227629033,0.9601990049751243,0.8679924820172361,-0.006332211825777043,1.7611940298507462,-0.2160601039386258,between-cohort difference (unresolved)
confound,-0.15931904899351293,0.5074626865671642,0.8306709631204454,-0.15189217629653629,0.7661691542288557,-0.011572506111435331,between-cohort difference (unresolved)
confound,-0.098139630834264,0.6567164179104478,0.868347936712514,-0.018931121932112716,0.7860696517412935,-0.2798785652575683,between-cohort difference (unresolved)
confound,-0.29088711967328496,0.19402985074626866,0.8187533698178805,-0.18956194697038115,0.8059701492537313,-0.08675196383197681,between-cohort difference (unresolved)
confound,-0.41486880839114526,0.07960199004975124,0.735766011535296,-0.2641628014735594,0.39800995024875624,-0.5658034391756532,between-cohort difference (unresolved)
confound,0.035340970516361286,0.8905472636815921,0.8057213435504653,0.12495287520680606,0.48756218905472637,0.02837886798399934,between-cohort difference (unresolved)
confound,0.009519597734133425,0.945273631840796,0.8058829886880905,0.003010842168201161,1.1940298507462686,0.008139855816406026,between-cohort difference (unresolved)
confound,-0.265555702500025,0.21890547263681592,0.7938260783236165,-0.23420401463541768,0.48756218905472637,-0.14979814973320574,between-cohort difference (unresolved)
confound,0.19353337385545483,0.43781094527363185,0.7993008323883622,0.2097415755174938,0.3582089552238806,0.2431479269102579,between-cohort difference (unresolved)
confound,-0.07762397931436948,0.7711442786069652,0.7361038379615228,-0.2011982637584023,0.19900497512437812,0.11502439184635828,between-cohort difference (unresolved)
confound,0.2409874196553615,0.3681592039800995,0.8325813167572929,0.09967038073993617,0.21890547263681592,0.18032703284795085,between-cohort difference (unresolved)
confound,-0.13433751543570985,0.6069651741293532,0.811442461813574,0.039716677681663204,0.27860696517412936,0.06138012320038171,between-cohort difference (unresolved)
confound,-0.020030465979838406,0.9353233830845771,0.8472972565134979,-0.16478136345284883,0.1691542288557214,-0.04029377766104202,between-cohort difference (unresolved)
confound,0.2772595813782955,0.27860696517412936,0.8494216327899434,0.2113612151641232,0.417910447761194,0.354262555721915,between-cohort difference (unresolved)
confound,0.3415141221428222,0.10945273631840796,0.7280226041088775,0.2920888354254301,0.11940298507462686,0.2975875933323166,between-cohort difference (unresolved)
confound,-0.05056640645621077,0.8009950248756219,0.8107915247820909,0.10696276509015648,0.3383084577114428,-0.09483482532986823,between-cohort difference (unresolved)
confound,0.13215539830170953,0.5621890547263682,0.7283999465672231,0.06696925721970859,1.3432835820895523,0.2593285825220218,between-cohort difference (unresolved)
confound,0.034984034344652505,0.9104477611940298,0.7616685374196528,-0.04514627560869448,0.3781094527363184,-0.01423425775785718,between-cohort difference (unresolved)
confound,-0.24475696604865946,0.35323383084577115,0.8170155001426656,-0.20001870905179622,0.43781094527363185,-0.2540571885312971,between-cohort difference (unresolved)
confound,-0.04237770458559143,0.8407960199004975,0.8298970777338311,0.11842048900776606,0.14925373134328357,0.12713185543504504,between-cohort difference (unresolved)
confound,0.28871624312518346,0.23383084577114427,0.7696945999702525,0.27722378983083573,0.06965174129353234,0.06872026241956017,between-cohort difference (unresolved)
confound,-0.037829452111514214,0.8955223880597015,0.8151167755540549,-0.05723706959743034,0.5970149253731343,-0.04088898695154389,between-cohort difference (unresolved)
confound,0.20233330662460192,0.417910447761194,0.8254352463079355,0.1595353026708847,0.5472636815920398,0.11512448796618104,between-cohort difference (unresolved)
confound,0.17466259871057274,0.5074626865671642,0.7332328288441148,0.1602555019455471,0.4079601990049751,0.27169688747589654,between-cohort difference (unresolved)
confound,-0.1004475624619198,0.6865671641791045,0.8861959901371901,-0.06677972057673034,1.3034825870646767,-0.180303867755116,between-cohort difference (unresolved)
confound,-0.10345546954796761,0.7711442786069652,0.7830765675581325,-0.022951503235431506,0.6368159203980099,-0.20868646377607422,between-cohort difference (unresolved)
confound,-0.02849944328346501,0.8955223880597015,0.8472582860494744,0.050452965335042683,0.6766169154228856,-0.12853629651749432,between-cohort difference (unresolved)
confound,-0.21910231551023285,0.31343283582089554,0.7988353467570523,-0.10451018947003131,0.7761194029850746,-0.06295213832814847,between-cohort difference (unresolved)
confound,-0.027283504655036237,0.9303482587064676,0.8005812977990665,-0.06723798345275385,0.9651741293532339,-0.014829003114094928,between-cohort difference (unresolved)
confound,0.5244689401071407,0.03482587064676617,0.6460606279143313,0.19477402301680968,0.3383084577114428,0.5564156612208686,replicated
confound,-0.008912197430555642,0.9651741293532339,0.8221917329194561,-0.037184671175776146,0.8656716417910447,0.093369689075096,between-cohort difference (unresolved)
confound,0.36144165667477224,0.10945273631840796,0.6380232034750875,0.3281737832241872,0.09950248756218906,0.11353204776452556,between-cohort difference (unresolved)
confound,-0.00531224246484901,0.9850746268656716,0.7378963474425452,-0.011931543827478575,1.0945273631840795,-0.1988889341351772,between-cohort difference (unresolved)
confound,-0.34995066747642406,0.17412935323383086,0.7403466786458054,-0.16088090005132988,0.736318407960199,-0.4982382600179494,between-cohort difference (unresolved)
confound,0.32121314316249727,0.22885572139303484,0.8792216378587709,0.28031783608484323,0.208955223880597,0.19808000065150172,between-cohort difference (unresolved)
confound,0.023613297201855905,0.9054726368159204,0.8609755021931808,-0.06150576405819811,0.5870646766169154,-0.002821767609762191,between-cohort difference (unresolved)
confound,0.3935085156248817,0.09950248756218906,0.6961402628173448,0.1622292711653733,0.3781094527363184,0.27370467661277276,between-cohort difference (unresolved)
confound,0.025533433633635166,0.9054726368159204,0.6146239703472338,-0.10521974067741544,0.6965174129353234,0.12970715047518402,between-cohort difference (unresolved)
confound,0.05556138547309098,0.8109452736318408,0.7099688270173722,-0.06920334708265256,0.48756218905472637,-0.09353541311052999,between-cohort difference (unresolved)
confound,0.14045654196872973,0.6069651741293532,0.8230541690420395,0.11625107735911755,0.5572139303482587,0.11450781358727594,between-cohort difference (unresolved)
confound,0.1969859658199677,0.42786069651741293,0.855865619342695,0.11040419079407642,0.14925373134328357,0.12060401723475624,between-cohort difference (unresolved)
confound,0.20869374262581916,0.40298507462686567,0.6676828351705046,-0.09930638108122124,1.1840796019900497,0.2913888439848223,between-cohort difference (unresolved)
confound,-0.02833315048560134,0.9303482587064676,0.7442477387840112,-0.07284111111078304,1.36318407960199,0.21579812395062783,between-cohort difference (unresolved)
confound,0.07846563470510766,0.7313432835820896,0.8428990399325463,0.1369140625211258,0.9353233830845771,-0.10266344474044994,between-cohort difference (unresolved)
confound,0.39717832152949406,0.10945273631840796,0.7004275453901511,0.286218375647618,0.3781094527363184,0.3060177865243611,between-cohort difference (unresolved)
confound,-0.20807137202254444,0.3333333333333333,0.8085519734099604,-0.12836857285660938,0.736318407960199,-0.06693078734625271,between-cohort difference (unresolved)
confound,-0.20538779754312483,0.3383084577114428,0.8209883061441992,-0.18003372294869996,0.9253731343283582,-0.14641772577535256,between-cohort difference (unresolved)
confound,-0.07688304301804902,0.7611940298507462,0.847693803515594,-0.10521523300663345,0.5472636815920398,0.03690329073038639,between-cohort difference (unresolved)
confound,0.22128395005463797,0.2885572139303483,0.8982071308376567,0.12110010189275627,0.3681592039800995,0.3656330156662495,between-cohort difference (unresolved)
confound,-0.10789818840321874,0.6567164179104478,0.8501393578517293,-0.05008969648810692,1.1243781094527363,-0.24149246836789082,between-cohort difference (unresolved)
confound,0.30909638538315526,0.19900497512437812,0.8380289937625127,0.156610962318289,0.6666666666666666,0.19039540546768285,between-cohort difference (unresolved)
confound,0.11680218675909294,0.6318407960199005,0.7169048209838766,0.07177458673965373,1.1343283582089552,0.09115284474432708,between-cohort difference (unresolved)
confound,0.2708327533530032,0.2835820895522388,0.8602891013626117,0.23023620495143526,0.6666666666666666,0.2648402343923228,between-cohort difference (unresolved)
confound,0.26253134227065683,0.31840796019900497,0.8759015406093222,0.22471186991530998,0.3582089552238806,0.19473944480551095,between-cohort difference (unresolved)
confound,-0.10653798972653467,0.6169154228855721,0.8031764903805033,-0.1620009744203326,0.08955223880597014,-0.1361965450406641,between-cohort difference (unresolved)
confound,-0.1547253566666216,0.5621890547263682,0.8541065192754862,-0.0891666614158105,1.492537313432836,-0.04902515533763305,between-cohort difference (unresolved)
confound,0.2036846420429219,0.36318407960199006,0.7553266396349072,0.132107472590076,0.6965174129353234,0.4299769972040182,between-cohort difference (unresolved)
confound,-0.020735494318083088,0.945273631840796,0.856414809457473,-0.011195685349992407,0.4975124378109453,-0.06995430639889898,between-cohort difference (unresolved)
confound,-0.1254869532844565,0.6119402985074627,0.8455383255472574,-0.12037792239990248,0.24875621890547264,-0.1529731236945323,between-cohort difference (unresolved)
confound,-0.14305027030720582,0.5870646766169154,0.7653097666298405,-0.011599090564586374,1.592039800995025,-0.20844670097475884,between-cohort difference (unresolved)
confound,-0.33251650343903255,0.11940298507462686,0.8871297889463206,-0.19531215306074956,0.08955223880597014,-0.38194896093070735,between-cohort difference (unresolved)
confound,0.3923462776985819,0.0945273631840796,0.8099458014987356,0.3248002543595888,0.12935323383084577,0.31846176875201165,between-cohort difference (unresolved)
confound,-0.16299586636270805,0.5223880597014925,0.6559129326246045,-0.22592050269211256,0.22885572139303484,-0.48819039267484343,between-cohort difference (unresolved)
confound,-0.035848046618425736,0.9054726368159204,0.8249310158120231,-0.07009803466203295,1.1343283582089552,-0.2184685386809827,between-cohort difference (unresolved)
confound,0.011101133442038892,0.9601990049751243,0.869029909188124,-0.07477955752347558,0.3283582089552239,-0.022562956255342534,between-cohort difference (unresolved)
confound,-0.033153987831387136,0.900497512437811,0.7385294264779113,-0.023721431425888326,0.4975124378109453,-0.22708758151537115,between-cohort difference (unresolved)
confound,-0.10665282463921853,0.7164179104477612,0.7905282572317214,-0.03826390698985366,0.9751243781094527,-0.10137416836431946,between-cohort difference (unresolved)
confound,-0.14727139399222544,0.5522388059701493,0.844470669416819,-0.1024063091622281,1.0149253731343284,0.09519941852887809,between-cohort difference (unresolved)
confound,-0.004938795278356225,0.9601990049751243,0.7886835181727387,0.022089340868541113,0.845771144278607,0.0077465085596826536,between-cohort difference (unresolved)
confound,-0.1666970062642321,0.5223880597014925,0.7911788042719854,-0.08600783142973858,0.31840796019900497,-0.153562302407467,between-cohort difference (unresolved)
confound,0.2193179318556125,0.35323383084577115,0.8408229714040782,0.16684602603612586,0.8258706467661692,0.14651978989836015,between-cohort difference (unresolved)
confound,-0.033966779924651,0.8756218905472637,0.775124688747715,-0.07267974498765425,0.9950248756218906,0.06464632804580073,between-cohort difference (unresolved)
confound,0.035367274518828366,0.8656716417910447,0.8414248677348586,0.050373810466550435,1.164179104477612,-0.07026212559012589,between-cohort difference (unresolved)
confound,-0.1340934170920522,0.5621890547263682,0.7935517246922932,-0.06909518569623815,1.3134328358208955,-0.1942881254205589,between-cohort difference (unresolved)
confound,-0.09647908125152992,0.7014925373134329,0.8042829870129522,-0.08263776506711015,0.945273631840796,-0.07394551469986094,between-cohort difference (unresolved)
confound,0.32725380220198225,0.18407960199004975,0.747511810391279,0.20639051744251277,0.47761194029850745,0.449624840327662,between-cohort difference (unresolved)
confound,0.170303778247896,0.46766169154228854,0.832277220796884,0.047512804990180506,1.0945273631840795,0.32198889932384106,between-cohort difference (unresolved)
confound,-0.1397478142231581,0.5870646766169154,0.7793686002727505,-0.0018893757920261656,0.27860696517412936,-0.38605566565403776,between-cohort difference (unresolved)
confound,-0.3034880299461082,0.23383084577114427,0.7800768791725522,-0.1935572268234341,0.208955223880597,-0.21468670577191232,between-cohort difference (unresolved)
confound,0.07750294323799554,0.7611940298507462,0.6774869511199627,0.06821039144340814,1.4825870646766168,-0.12748563169149874,between-cohort difference (unresolved)
confound,0.07952068907220562,0.7014925373134329,0.8211125445026313,0.043280268970892335,0.835820895522388,0.14853319630682663,between-cohort difference (unresolved)
confound,-0.1548436560692857,0.5323383084577115,0.8382483565251929,-0.07695802517708858,0.8159203980099502,-0.03903347519653818,between-cohort difference (unresolved)
confound,-0.05225824907672721,0.8507462686567164,0.8049887821197936,-0.06763528774990867,1.2537313432835822,0.17861784298035516,between-cohort difference (unresolved)
confound,0.18205721868722133,0.42786069651741293,0.8661976305319111,0.05622384795127544,1.6616915422885572,0.07669472988901602,between-cohort difference (unresolved)
confound,-0.14745468495063907,0.5024875621890548,0.7605561204962719,-0.08717970294153714,0.26865671641791045,-0.10469026582521428,between-cohort difference (unresolved)
confound,-0.42622786506485544,0.05472636815920398,0.8096784034030091,-0.27519664307464303,0.30845771144278605,-0.4177522831187049,between-cohort difference (unresolved)
confound,-0.0875353440721879,0.7164179104477612,0.9133986881959373,-0.05011622861910221,1.2039800995024876,-0.11595552898493369,between-cohort difference (unresolved)
confound,-0.044267840181513765,0.8656716417910447,0.7968536598816458,-0.12135612945802755,0.5074626865671642,0.1359476031233388,between-cohort difference (unresolved)
confound,-0.31952679550947044,0.1890547263681592,0.7523556773744998,-0.10244069664749844,0.7860696517412935,-0.5149418653129814,between-cohort difference (unresolved)
confound,-0.37376997103648707,0.07462686567164178,0.9096388158656938,-0.18006981964712424,0.05970149253731343,-0.46122294240645906,between-cohort difference (unresolved)
confound,0.008175147604894089,0.9900497512437811,0.8433643701184241,0.0529029242192814,0.8059701492537313,0.15470120192825168,between-cohort difference (unresolved)
confound,0.264416430791629,0.29850746268656714,0.8163376204729925,0.1449238243306132,0.43781094527363185,0.22072253902836042,between-cohort difference (unresolved)
confound,0.2629447805928904,0.3482587064676617,0.8034238786353528,-0.08360203262690039,0.03980099502487562,0.13460780781897885,between-cohort difference (unresolved)
confound,0.369559528899889,0.12437810945273632,0.827702347245572,0.23510273343689803,0.05970149253731343,0.2796080977173177,between-cohort difference (unresolved)
confound,0.005731267372496177,0.9900497512437811,0.8112039854632773,0.08731615179911895,0.42786069651741293,0.08177667260955855,between-cohort difference (unresolved)
confound,-0.4021963164812296,0.0845771144278607,0.6812975971474104,-0.17493519264181795,0.6268656716417911,-0.2963543976202215,between-cohort difference (unresolved)
confound,0.20729664258431893,0.4527363184079602,0.8344411035737702,0.029274319250873898,0.44776119402985076,0.40438789995045166,between-cohort difference (unresolved)
confound,0.4643465279900538,0.06965174129353234,0.8562737042405097,0.35802528675382717,0.31840796019900497,0.1695697284036812,between-cohort difference (unresolved)
confound,0.1346795868029684,0.5621890547263682,0.7539205235539204,0.08169513804921676,0.6965174129353234,0.1359547130541964,between-cohort difference (unresolved)
confound,-0.44175537133086024,0.05970149253731343,0.8503793210399708,-0.1488934922289032,0.25870646766169153,-0.379523653729418,between-cohort difference (unresolved)
confound,0.02284101510669409,0.9353233830845771,0.7974733653514525,0.16815538284350498,0.9154228855721394,-0.04779667145997622,between-cohort difference (unresolved)
confound,-0.19882264925173254,0.44776119402985076,0.8552981589345686,-0.14460545975402436,0.47761194029850745,-0.2803851396646655,between-cohort difference (unresolved)
confound,0.13543960051252743,0.6169154228855721,0.8472170793929457,0.10210712291776597,0.3880597014925373,0.2627350311844233,between-cohort difference (unresolved)
confound,-0.1991705228587011,0.4228855721393035,0.8628393104944487,-0.16062012393977118,0.7761194029850746,-0.2716393644054042,between-cohort difference (unresolved)
confound,-0.04021111185179202,0.8507462686567164,0.8322586581128643,-0.06803222068866174,0.9552238805970149,0.008639919389297424,between-cohort difference (unresolved)
confound,0.051180775294855096,0.8159203980099502,0.7305735211023694,0.0685905551522295,1.572139303482587,-0.07160908012002141,between-cohort difference (unresolved)
confound,0.37140988594543217,0.1044776119402985,0.7832419274148597,0.3520719456516176,0.10945273631840796,0.1501587545604169,between-cohort difference (unresolved)
confound,-0.0376843281662422,0.8208955223880597,0.765226537754938,0.11073643166541781,0.3781094527363184,0.2881489633247901,between-cohort difference (unresolved)
confound,-0.1181332240863966,0.6268656716417911,0.8515547118784597,-0.054852210382346236,1.3034825870646767,-0.11043131202731425,between-cohort difference (unresolved)
confound,0.10414084330546229,0.6368159203980099,0.7683631447272621,0.0168619078996936,0.9751243781094527,0.3067185756643553,between-cohort difference (unresolved)
confound,0.21867255439891264,0.3880597014925373,0.7237752331432135,0.23371707654291152,0.22885572139303484,0.10090323887828849,between-cohort difference (unresolved)
confound,0.16377521680904578,0.5174129353233831,0.8605539816628469,0.05829507062951216,0.6766169154228856,0.10141018146612885,between-cohort difference (unresolved)
confound,0.2615361388276863,0.34328358208955223,0.8259332853009831,0.25910493789314437,0.42786069651741293,0.03247374580833386,between-cohort difference (unresolved)
confound,0.05926677688041678,0.8258706467661692,0.8395046299090788,0.14082866349278356,0.9253731343283582,0.11401610754745688,between-cohort difference (unresolved)
confound,-0.49788866138385557,0.024875621890547265,0.8120326924712354,-0.4108049110443164,0.04975124378109453,-0.04807597525853699,between-cohort difference (unresolved)
confound,0.10340856647037973,0.6965174129353234,0.787197236692103,0.035576455355590446,1.1144278606965174,-0.22600249770302067,between-cohort difference (unresolved)
confound,-0.028354519398381677,0.900497512437811,0.8779815774674771,0.010203100234847662,0.43781094527363185,-0.040096984907047745,between-cohort difference (unresolved)
confound,0.0932650294129021,0.7164179104477612,0.7277525690621489,0.21731891143916432,0.4975124378109453,-0.039401162856878405,between-cohort difference (unresolved)
confound,0.2524698358657193,0.29850746268656714,0.7780249077178056,0.12474008597468926,0.7960199004975125,0.1469012475495401,between-cohort difference (unresolved)
confound,0.1605485049431873,0.5174129353233831,0.8531505361766314,0.15279742822627768,0.6865671641791045,0.2692853491450601,between-cohort difference (unresolved)
confound,-0.0337170261803571,0.900497512437811,0.7592532236401965,-0.0035123119088297516,0.6368159203980099,-0.08327543255550438,between-cohort difference (unresolved)
confound,-0.3203314000485057,0.19900497512437812,0.8013280229821242,-0.19685747413968593,0.15920398009950248,-0.4041413031777381,between-cohort difference (unresolved)
confound,-0.019805177576163183,0.9054726368159204,0.8294328141967069,-0.0906261115489676,1.1044776119402986,-0.12548637484552305,between-cohort difference (unresolved)
confound,0.09781039824922584,0.681592039800995,0.8234351915039051,-0.006382510710626066,0.21890547263681592,0.2568901093986406,between-cohort difference (unresolved)
confound,-0.4870371857007278,0.024875621890547265,0.8618988293799674,-0.34660461729648084,0.1691542288557214,-0.3643318345262369,between-cohort difference (unresolved)
confound,0.09852388220514612,0.7164179104477612,0.7806065437080241,0.07306232249594229,1.5124378109452736,0.048092573081398415,between-cohort difference (unresolved)
confound,-0.30887036521157557,0.20398009950248755,0.7129873755460154,-0.2315196106103659,0.1890547263681592,-0.301207458399193,between-cohort difference (unresolved)
confound,-0.4300652371584625,0.0845771144278607,0.6814808228821747,-0.22515857150365381,0.1691542288557214,-0.4750739202665887,between-cohort difference (unresolved)
confound,0.03475103300517916,0.8955223880597015,0.7688205412607902,-0.029946872924675356,1.263681592039801,0.047490782985645574,between-cohort difference (unresolved)
confound,-0.48436218295551464,0.05970149253731343,0.8539146050826996,-0.3961650614682771,0.14925373134328357,-0.4644218684911232,between-cohort difference (unresolved)
confound,-0.22179594510094555,0.3880597014925373,0.8952012538158856,-0.22291752710510765,0.5373134328358209,-0.25426797883480345,between-cohort difference (unresolved)
confound,0.1981914257702156,0.43781094527363185,0.8816409322349674,0.05617161178505632,1.2238805970149254,-0.023131165904462417,between-cohort difference (unresolved)
confound,-0.07127185060437424,0.7860696517412935,0.8002225041786033,0.059810476522849515,0.21890547263681592,0.05064919479527128,between-cohort difference (unresolved)
confound,0.013218044107626512,0.945273631840796,0.8589163839302194,0.08853694291520572,1.4328358208955223,0.1003689838720241,between-cohort difference (unresolved)
confound,-0.09239891252927956,0.7164179104477612,0.7551523729639802,-0.03528768012951662,1.373134328358209,-0.014758743906916873,between-cohort difference (unresolved)
confound,0.16678381148190352,0.5323383084577115,0.7466481463165813,0.23310911777983218,0.23880597014925373,0.19307115873699182,between-cohort difference (unresolved)
confound,-0.3165500743842842,0.18407960199004975,0.8157436455397846,-0.15582404597451252,0.7761194029850746,-0.2941694194519793,between-cohort difference (unresolved)
confound,-0.25808933025427916,0.2736318407960199,0.7980659910815872,-0.18766856891363548,0.5771144278606966,-0.32906884548416726,between-cohort difference (unresolved)
confound,-0.25992662966625063,0.2537313432835821,0.7909583181566333,-0.1085928057359252,0.5870646766169154,-0.13921922805405396,between-cohort difference (unresolved)
confound,0.38553528644439183,0.11442786069651742,0.8129509192905507,0.2563760443210586,0.3482587064676617,0.15028508117372924,between-cohort difference (unresolved)
confound,0.16317225804535165,0.48756218905472637,0.8412554355838965,0.08205717907700746,1.2338308457711442,0.10656417855463003,between-cohort difference (unresolved)
confound,-0.06373093418113498,0.7910447761194029,0.8437018885595979,-0.09072400974617265,0.527363184079602,-0.05081891055377149,between-cohort difference (unresolved)
confound,-0.23575426133217786,0.3283582089552239,0.7949028664718385,-0.1125153039863866,0.5074626865671642,-0.42651724560929727,between-cohort difference (unresolved)
confound,0.10138193274873818,0.7213930348258707,0.8140730137127768,0.004870051083960984,1.3432835820895523,0.19802061042053018,between-cohort difference (unresolved)
confound,0.3008134211764635,0.22388059701492538,0.8108855512924469,0.09638686916428145,1.2039800995024876,0.11319655100512915,between-cohort difference (unresolved)
confound,0.053310391125535976,0.8706467661691543,0.8641341913817426,0.06459734583466852,1.462686567164179,0.08651024774928162,between-cohort difference (unresolved)
confound,0.16054774303495067,0.47761194029850745,0.8736168938744795,0.20452878633633229,0.208955223880597,0.09858583139845951,between-cohort difference (unresolved)
confound,-0.006348907953410254,0.9850746268656716,0.6180447617624661,-0.07020175560717241,1.144278606965174,-0.13448658278718767,between-cohort difference (unresolved)
confound,0.00829308081192434,0.9751243781094527,0.6938293004509428,-0.0772367922089525,1.3432835820895523,0.06132177511852315,between-cohort difference (unresolved)
confound,-0.06060406678731383,0.8407960199004975,0.8572519594250316,-0.06559433988467323,0.3781094527363184,-0.19525585777107962,between-cohort difference (unresolved)
confound,0.08563931515493203,0.7512437810945274,0.8577589976931781,0.04888415590526755,1.144278606965174,0.07061560326733972,between-cohort difference (unresolved)
confound,0.2202355147217114,0.34328358208955223,0.7925247431000659,0.2305790902571141,0.14925373134328357,0.12509795364743198,between-cohort difference (unresolved)
confound,0.08031318603810422,0.7661691542288557,0.585618227446828,0.08735758910284172,1.0945273631840795,0.17549353675293747,between-cohort difference (unresolved)
confound,0.43454922129696566,0.1044776119402985,0.7288230630027464,0.1978021862316912,0.1890547263681592,0.3828416859833732,between-cohort difference (unresolved)
confound,-0.29711144928669075,0.24378109452736318,0.7993524295413592,-0.24238984926249557,0.48756218905472637,-0.06907786047798978,between-cohort difference (unresolved)
confound,-0.16343494993879043,0.5572139303482587,0.8615039500029955,0.040562340007784525,0.3781094527363184,-0.22101435404866174,between-cohort difference (unresolved)
confound,-0.2448918471301256,0.27860696517412936,0.8162380418324047,-0.1810259242073748,0.7562189054726368,-0.2013223779598497,between-cohort difference (unresolved)
confound,-0.2621468776869715,0.2935323383084577,0.8665098806217657,-0.24439953903836678,0.21890547263681592,-0.1792464907123626,between-cohort difference (unresolved)
confound,-0.373410049220413,0.0945273631840796,0.7315975462727569,-0.18358406725983514,0.11940298507462686,-0.41427672227513845,between-cohort difference (unresolved)
confound,-0.36040005177523654,0.14925373134328357,0.8132253078604663,-0.19260039803365356,0.31840796019900497,-0.28977350254626416,between-cohort difference (unresolved)
confound,0.1084130701046278,0.6716417910447762,0.7752836576074668,-0.08205547227456861,1.2537313432835822,0.37317840795554036,between-cohort difference (unresolved)
confound,0.34119694912669435,0.14427860696517414,0.8528859605653374,0.30271697121581015,0.3681592039800995,0.10406250489996183,between-cohort difference (unresolved)
confound,0.06633606648387265,0.8159203980099502,0.7851226472439141,-0.07448197435657539,0.5472636815920398,-0.006195551902215591,between-cohort difference (unresolved)
confound,-0.09454212145657039,0.6567164179104478,0.5783254600118855,0.01410389046117938,0.9054726368159204,0.17808338810879973,between-cohort difference (unresolved)
confound,-0.03390196606931415,0.8756218905472637,0.8469099474708768,-0.0641061731776429,0.9651741293532339,0.09791862813483154,between-cohort difference (unresolved)
confound,-0.012505122176171403,0.9601990049751243,0.7735202044292693,-0.12740644389576533,0.208955223880597,-0.0736633231962186,between-cohort difference (unresolved)
confound,-0.18166032308879704,0.4427860696517413,0.8203152735358025,-0.07583382391716631,1.2238805970149254,-0.009527894950578977,between-cohort difference (unresolved)
confound,-0.06357143135383973,0.8308457711442786,0.6714451772021588,0.01536073680055687,0.9253731343283582,-0.027823034491735923,between-cohort difference (unresolved)
confound,0.02309223766567265,0.9154228855721394,0.906223845682276,0.07679979943338508,0.7661691542288557,0.23432269146049267,between-cohort difference (unresolved)
confound,0.004290647698215157,0.9900497512437811,0.8614197366182055,0.03068028422164132,1.1243781094527363,-0.002157141182459225,between-cohort difference (unresolved)
confound,-0.24259262063637976,0.2885572139303483,0.8753375044323265,-0.19473021466651116,0.19900497512437812,-0.19983538275289792,between-cohort difference (unresolved)
confound,-0.12822407621839083,0.6119402985074627,0.8669450333449462,-0.14379667494371068,0.3482587064676617,-0.1434961721532835,between-cohort difference (unresolved)
confound,0.15719928859200621,0.5522388059701493,0.7150260322472863,0.0382084439919412,1.2736318407960199,0.15541637785910864,between-cohort difference (unresolved)
confound,-0.09048957971430324,0.6965174129353234,0.8713436414997233,0.04641363033747882,1.2935323383084578,-0.24548392149403206,between-cohort difference (unresolved)
confound,-0.048254407465322564,0.8805970149253731,0.804708994288261,0.028475531285336204,1.5820895522388059,0.10096840248398459,between-cohort difference (unresolved)
confound,0.03849206659045452,0.8656716417910447,0.7913714232803727,0.032347015621905735,0.9054726368159204,0.034362529222339386,between-cohort difference (unresolved)
confound,-0.1896051688438938,0.46766169154228854,0.7241523076397068,-0.09682494373045694,0.7761194029850746,-0.1557118412246454,between-cohort difference (unresolved)
confound,-0.36197358344626773,0.20398009950248755,0.8820692374465207,-0.13604563561766927,0.08955223880597014,-0.30137555962883744,between-cohort difference (unresolved)
confound,0.31497514180881914,0.208955223880597,0.7712140461729162,0.36725540302721427,0.09950248756218906,0.03432895755539544,between-cohort difference (unresolved)
confound,-0.17554459802724207,0.43283582089552236,0.8008960540439767,-0.07421171355933338,0.6368159203980099,-0.19403380816423407,between-cohort difference (unresolved)
confound,-0.30282732520130223,0.26865671641791045,0.8347054888781384,-0.39032458027286315,0.06965174129353234,-0.017885622323268686,between-cohort difference (unresolved)
confound,0.017703832971251866,0.9502487562189055,0.8226731078674743,-0.04344344224298335,1.472636815920398,0.06729953270690776,between-cohort difference (unresolved)
confound,-0.15548521894102024,0.5422885572139303,0.6267919410622466,-0.1868557371620845,0.42786069651741293,-0.28264108866111554,between-cohort difference (unresolved)
confound,0.10204272991046898,0.7611940298507462,0.8360562258583333,-0.004050952049053371,1.8706467661691542,0.20349944003272138,between-cohort difference (unresolved)
confound,-0.18312064142559578,0.4228855721393035,0.8800409717943658,-0.15387065782999593,0.845771144278607,-0.5064604435164658,between-cohort difference (unresolved)
confound,-0.19885483814336052,0.44776119402985076,0.8150529006989684,-0.19676280875335794,0.8159203980099502,0.07064646970848183,between-cohort difference (unresolved)
confound,-0.10761804116864893,0.6069651741293532,0.8590307399315746,-0.13466270351330437,0.8855721393034826,-0.07223622188106264,between-cohort difference (unresolved)
confound,0.2562196558930669,0.2885572139303483,0.8777198444157812,0.1583275798815944,0.5373134328358209,0.0977328504272527,between-cohort difference (unresolved)
confound,-0.4224637186157759,0.0845771144278607,0.848291683160801,-0.34652729714851455,0.07960199004975124,-0.4825578932812784,between-cohort difference (unresolved)
confound,0.19207597598232048,0.4626865671641791,0.7445747879979276,0.10004095134090502,0.9751243781094527,0.12832502853150687,between-cohort difference (unresolved)
confound,0.3904893996497118,0.14925373134328357,0.7703689026007894,0.22682793303482207,0.029850746268656716,0.3434894392847078,between-cohort difference (unresolved)
confound,0.11073083792928004,0.736318407960199,0.723339398629131,0.058443551507413205,0.7064676616915423,-0.10750044843560658,between-cohort difference (unresolved)
confound,-0.05946846284263099,0.7611940298507462,0.7752258633166912,-0.018478353922316622,1.7213930348258706,0.10132535524082781,between-cohort difference (unresolved)
confound,0.09737783129083018,0.7114427860696517,0.6220722975600528,0.12323560566605284,0.9253731343283582,-0.16737205180845985,between-cohort difference (unresolved)
confound,-0.04394706619614607,0.8557213930348259,0.832312943870179,-0.12191211350704552,0.14925373134328357,0.003597294500796665,between-cohort difference (unresolved)
confound,-0.050886479064118036,0.8656716417910447,0.7257047570020124,-0.02977635474186069,1.044776119402985,-0.05116517196747851,between-cohort difference (unresolved)
confound,0.20338259271136191,0.39800995024875624,0.8466603943491209,0.16144586672392253,0.26865671641791045,0.01918739156778228,between-cohort difference (unresolved)
confound,-0.07807415454845203,0.7263681592039801,0.7550665352438252,-0.10675757323686963,0.7860696517412935,-0.07087708100496004,between-cohort difference (unresolved)
confound,-0.009349598669080429,0.9601990049751243,0.8052175142324708,-0.04930588896473416,0.8656716417910447,0.04829400347708437,between-cohort difference (unresolved)
confound,-0.01810876503752131,0.9552238805970149,0.7787122285654575,-0.027501826919963952,1.0348258706467661,0.028913924891940022,between-cohort difference (unresolved)
confound,-0.24926112476519055,0.3482587064676617,0.6865544301901032,-0.24649421905314,0.1791044776119403,-0.3883165543232429,between-cohort difference (unresolved)
confound,0.2421949380265023,0.27860696517412936,0.8556299311150111,0.05928796381658137,1.2736318407960199,0.25710833284219986,between-cohort difference (unresolved)
confound,0.09077772651126459,0.6965174129353234,0.8341411410156868,0.050618952998623616,0.8656716417910447,0.23694054195657704,between-cohort difference (unresolved)
confound,-0.16288397436954175,0.527363184079602,0.7535332692507313,-0.12721728606795774,0.48756218905472637,-0.2091438158654051,between-cohort difference (unresolved)
confound,-0.262863915923691,0.3283582089552239,0.7840917163934205,-0.20958456481520227,0.1791044776119403,-0.29615504805850396,between-cohort difference (unresolved)
confound,0.003620419567377227,1.0,0.7686915799681957,0.043940121715710066,1.4527363184079602,-0.10185591805454354,between-cohort difference (unresolved)
confound,-0.2682941930748359,0.23383084577114427,0.8508080802961039,-0.16862464386111595,0.7263681592039801,-0.13952239913635384,between-cohort difference (unresolved)
confound,0.3370226533458234,0.20398009950248755,0.7223630563186434,0.3279549667306743,0.1890547263681592,0.34655032841305106,between-cohort difference (unresolved)
confound,0.3383428418755341,0.1791044776119403,0.8380868114516249,0.012631783213135447,0.835820895522388,0.4087711218876939,between-cohort difference (unresolved)
confound,-0.16529620007356058,0.4577114427860697,0.8465342575885679,-0.03447265182178629,1.5024875621890548,0.20276723128477978,between-cohort difference (unresolved)
confound,-0.009452484773229417,0.9701492537313433,0.8257421210813715,0.04925217858697558,1.3233830845771144,0.05806427343066725,between-cohort difference (unresolved)
confound,0.3228077858763762,0.19402985074626866,0.8287062500222175,0.23120158344350958,0.6169154228855721,0.41235795038253636,between-cohort difference (unresolved)
confound,0.26069676445766954,0.30845771144278605,0.7657912254711234,0.11905388560110837,0.5373134328358209,-0.02108995302946257,between-cohort difference (unresolved)
confound,0.26980722002809976,0.32338308457711445,0.794724513668629,0.3118053440214632,0.05970149253731343,-0.05969387271687289,between-cohort difference (unresolved)
confound,0.0812049569463389,0.7711442786069652,0.6951384129343933,0.00913703832227146,1.8407960199004976,-0.10436027928437755,between-cohort difference (unresolved)
confound,0.16747046481100833,0.48756218905472637,0.8438553232358711,0.1838755854391702,0.30845771144278605,0.0004723108235406541,between-cohort difference (unresolved)
confound,-0.43844068255269414,0.07960199004975124,0.6470003569897762,-0.38512906332602714,0.03980099502487562,-0.23061325592955154,between-cohort difference (unresolved)
confound,0.17332468127052217,0.48258706467661694,0.7267160069456131,-0.013147616043282531,1.0348258706467661,0.10711257655122422,between-cohort difference (unresolved)
confound,-0.18746064660019923,0.44776119402985076,0.8093630940751073,-0.13163851239266544,1.154228855721393,-0.14034258090735605,between-cohort difference (unresolved)
confound,-0.5467450291257543,0.024875621890547265,0.7477970586577027,-0.4207041198666681,0.06965174129353234,-0.3823306759774896,between-cohort difference (unresolved)
confound,-0.02210027940475305,0.9353233830845771,0.8598994936349026,0.008907339309463698,1.472636815920398,-0.2796841303526998,between-cohort difference (unresolved)
confound,-0.09254400854668439,0.6318407960199005,0.8486311983920731,-0.035027725330099894,1.6517412935323383,-0.110710713027785,between-cohort difference (unresolved)
confound,-0.25173076294557917,0.3333333333333333,0.7596808977478318,-0.24943088991861148,0.24875621890547264,-0.24254644008521656,between-cohort difference (unresolved)
confound,0.07840566368149136,0.7761194029850746,0.7748350740637278,-0.0047692595049353,0.7960199004975125,0.012060416860361696,between-cohort difference (unresolved)
confound,-0.03576837810482109,0.8756218905472637,0.7414880527642603,0.086294847558058,1.3333333333333333,0.15560640730619324,between-cohort difference (unresolved)
confound,-0.3427764789807766,0.1691542288557214,0.7737798667849481,-0.1679972553305173,0.7761194029850746,-0.3615492875175875,between-cohort difference (unresolved)
confound,0.031427976944677034,0.9353233830845771,0.8374462683488331,0.07164637841350403,0.7960199004975125,0.18617107995384047,between-cohort difference (unresolved)
confound,0.4138852433312677,0.0945273631840796,0.8145228400356251,0.25048428548169066,0.1791044776119403,0.005390052695737789,between-cohort difference (unresolved)
confound,-0.08846292823715735,0.7263681592039801,0.7785980901204395,-0.10602381086093016,0.8258706467661692,-0.13282921952632967,between-cohort difference (unresolved)
confound,0.04431139841394334,0.845771144278607,0.8033365029923666,0.03296934803363777,1.2935323383084578,0.265006046244387,between-cohort difference (unresolved)
confound,-0.04661419800231422,0.8606965174129353,0.8340005513574319,-0.05506826505712331,1.2139303482587065,-0.13161801693406014,between-cohort difference (unresolved)
confound,-0.43836548203773745,0.06467661691542288,0.8181662511604051,-0.3107661361171967,0.09950248756218906,-0.29208155478493575,between-cohort difference (unresolved)
confound,0.010632896724985817,0.9651741293532339,0.7895335550572528,-0.04286400493419752,1.5422885572139304,-0.0646906408993851,between-cohort difference (unresolved)
confound,-0.29969687607550216,0.208955223880597,0.6447586585966308,-0.14939693080259311,0.8756218905472637,-0.332841838650783,between-cohort difference (unresolved)
confound,0.23762863473387905,0.30845771144278605,0.7883497740200268,0.18020436243921906,0.12935323383084577,0.15123202919995868,between-cohort difference (unresolved)
confound,0.13524442143590606,0.5771144278606966,0.829727892789667,0.04523218373080124,1.671641791044776,0.022961109672168183,between-cohort difference (unresolved)
confound,-0.030277681337180035,0.9353233830845771,0.8620607613620679,0.05286718963939108,0.6069651741293532,-0.05408024091372406,between-cohort difference (unresolved)
confound,0.016625603714757804,0.9800995024875622,0.8080768484889342,-0.03776463160882256,1.6218905472636815,0.037397570879162005,between-cohort difference (unresolved)
confound,-0.07123582698210225,0.8059701492537313,0.8106646389362397,-0.030900305987491397,0.6169154228855721,-0.02383042861719965,between-cohort difference (unresolved)
confound,0.07568242423765825,0.7661691542288557,0.8517960768304007,0.0258859412051497,1.3930348258706469,0.1674209912647717,between-cohort difference (unresolved)
confound,0.2150746092298802,0.35323383084577115,0.8250517170807035,0.13350788883103315,0.30845771144278605,0.011699994272162879,between-cohort difference (unresolved)
confound,-0.3535239025321537,0.12935323383084577,0.6666930905547486,-0.33789839106204705,0.1890547263681592,-0.369764520160703,between-cohort difference (unresolved)
null,-0.41663077737137794,0.10945273631840796,0.14232986225775235,-0.11610851348300168,0.29850746268656714,-0.1742980235764595,inconclusive (power)
null,0.13244315720216954,0.6616915422885572,0.4661146541571487,-0.041042340525578105,1.1144278606965174,0.16715614067324244,between-cohort difference (unresolved)
null,-0.412649095715485,0.07960199004975124,0.0852508427474836,-0.2578874100941406,0.14925373134328357,-0.05974180313061856,inconclusive (power)
null,0.30860886714026153,0.21393034825870647,0.1761590710750402,0.2522222213182797,0.47761194029850745,0.08538014767949284,inconclusive (power)
null,0.14276546702235932,0.6019900497512438,-0.04179366301860458,-0.06944249655170084,0.4577114427860697,0.5570793900465076,inconclusive (power)
null,0.07595736345686477,0.7761194029850746,0.23349708835120492,0.055850061892363516,1.373134328358209,0.0593458247346779,inconclusive (power)
null,0.09201452775343688,0.6766169154228856,0.1486262669968192,0.007850389539780747,0.5472636815920398,0.3153991690504247,inconclusive (power)
null,0.5829410703468405,0.01990049751243781,0.25733412496831853,0.40504683088738674,0.009950248756218905,0.30160727094554907,replicated
null,0.42535817238871454,0.0845771144278607,0.011608941681659086,0.015961807066489815,1.791044776119403,0.3042845771726192,inconclusive (power)
null,-0.07835615678440722,0.6915422885572139,-0.084995751331543,-0.028344326072483134,0.3283582089552239,0.1378337981658624,inconclusive (power)
null,0.03464983929066763,0.8855721393034826,0.02310895756266214,-0.09604922957084183,0.9054726368159204,-0.13592330966534866,inconclusive (power)
null,0.32448030956291357,0.1890547263681592,-0.016406976911832148,-0.11866495939216426,0.3383084577114428,0.4294640830945316,inconclusive (power)
null,0.2640166954185344,0.373134328358209,0.025244559880484088,0.20996415583138897,0.30845771144278605,0.21966721077042695,inconclusive (power)
null,0.6205540961199776,0.009950248756218905,-0.31158628954397216,0.03948469779451086,0.07960199004975124,0.29877638893328917,replicated
null,0.09266485293543023,0.7512437810945274,0.07967651164772371,0.17256089400809957,0.39800995024875624,-0.27782544445780116,inconclusive (power)
null,-0.004362538356202364,0.9900497512437811,-0.05682963568968602,0.07679511269785477,1.4825870646766168,0.38056518785433374,inconclusive (power)
null,0.27017889844883913,0.31343283582089554,0.004891618615629079,0.1564937287739597,0.15920398009950248,0.37399154765873194,inconclusive (power)
null,-0.17064244793446556,0.47761194029850745,0.16563654361389085,-0.14239392986702637,0.26865671641791045,-0.22627599376729524,inconclusive (power)
null,0.13776899690024935,0.5323383084577115,0.17605397025268596,0.005913686365241484,1.4427860696517414,0.037586266033781485,inconclusive (power)
null,-0.05415628994194072,0.8407960199004975,0.0530242992985817,0.014606427294849969,0.8756218905472637,0.19545613592649233,inconclusive (power)
null,0.4995082110417737,0.04975124378109453,0.22486029158549642,0.33347378480635637,0.01990049751243781,0.4339503303862873,replicated
null,0.026933704689862916,0.9253731343283582,-0.06304539216159816,0.11062728626740198,0.8955223880597015,0.1028491796518077,inconclusive (power)
null,0.16434181972674416,0.4626865671641791,0.19065658559938448,0.14453053240456537,0.3283582089552239,0.029208084441031106,inconclusive (power)
null,-0.30070046535520917,0.2537313432835821,0.07454472021952097,-0.2513266099486415,0.5472636815920398,-0.2669167742075283,inconclusive (power)
null,-0.21345820038454494,0.42786069651741293,-0.07086062750429968,-0.25302621999519165,0.3283582089552239,-0.2362774724899793,inconclusive (power)
null,-0.0380664214286829,0.900497512437811,0.06991361876416304,-0.04249661430497277,0.6965174129353234,0.07453049900814873,inconclusive (power)
null,0.29002569909984416,0.26865671641791045,-0.07244254778972181,0.12130430855969795,1.0248756218905473,0.15623049140728096,inconclusive (power)
null,0.3639284722718429,0.19900497512437812,-0.18456167385148342,0.10944400934854795,0.9253731343283582,0.5063882700912834,inconclusive (power)
null,0.07837751095829575,0.7661691542288557,-0.07286890046865378,0.1155778634896046,0.39800995024875624,0.27621551946314193,inconclusive (power)
null,0.1737997241517304,0.5223880597014925,0.10185309362294734,-0.008327267269699623,1.0845771144278606,0.22862172140910983,inconclusive (power)
null,0.3716067115197502,0.13432835820895522,0.2631536949736104,0.12639366035915095,1.2139303482587065,0.2365350421292637,between-cohort difference (unresolved)
null,0.12929822836190977,0.6915422885572139,-0.20760582125223095,-0.021572651925109473,0.845771144278607,0.1616478631948168,inconclusive (power)
null,0.02468788787164988,0.900497512437811,0.20111477503377617,0.1437964105998144,0.5572139303482587,0.08653448396812895,inconclusive (power)
null,0.1590581617266068,0.472636815920398,-0.167404598878428,0.1440371401359797,1.044776119402985,0.1772306876847726,inconclusive (power)
null,0.3719606899625173,0.12935323383084577,-0.27384533204819944,0.13582738930666277,0.9751243781094527,0.041581846362316315,inconclusive (power)
null,0.06593901290074616,0.8208955223880597,0.21397591932167964,0.2496915085480429,0.6766169154228856,0.10798738057079611,inconclusive (power)
null,0.04278101828211955,0.8407960199004975,-0.25715092948506485,-0.19678502884295826,0.21890547263681592,-0.151967376334511,inconclusive (power)
null,0.30835545722682445,0.21393034825870647,-0.026023123089983356,0.16788498088912604,0.3283582089552239,0.45804955655014057,inconclusive (power)
null,-0.02631266248308072,0.9203980099502488,0.2336558179619303,0.12120550159209192,1.1243781094527363,0.06959786984436167,inconclusive (power)
null,0.1596042536442408,0.5124378109452736,-0.001312522143868278,-0.08025347086280153,0.3383084577114428,-0.2775288580561244,inconclusive (power)
null,-0.2852347190460234,0.24378109452736318,0.007603156424244509,-0.01910528807955321,1.691542288557214,-0.4387032888778052,inconclusive (power)
null,-0.2740550454745525,0.34328358208955223,-0.15781300693302902,-0.2641200803080046,0.14925373134328357,-0.5628763986220936,inconclusive (power)
null,0.20543081925074005,0.3880597014925373,-0.34113846661268565,-0.1313794150499605,0.3681592039800995,0.29378935998977224,inconclusive (power)
null,-0.08941858554925249,0.7611940298507462,0.11795691625674942,-0.052789530327679704,0.46766169154228854,-0.25492887396173214,inconclusive (power)
null,-0.06429193444402985,0.7810945273631841,0.19680553694334763,-0.08485518715873772,1.0049751243781095,-0.2827585390320124,inconclusive (power)
null,0.16686002394136035,0.472636815920398,0.34858954507242945,0.12436276024847574,0.3681592039800995,0.20683322210738395,between-cohort difference (unresolved)
null,0.014767380442214696,0.9601990049751243,0.19387701338839497,0.16014633422155525,0.7661691542288557,-0.14618087612744973,inconclusive (power)
null,0.36472232145643374,0.12437810945273632,0.21569184119415813,0.4210931393719046,0.10945273631840796,0.1245594210663329,inconclusive (power)
null,-0.0910426745761593,0.6865671641791045,0.0758026116181987,0.0535040292067222,1.6019900497512438,-0.1239409856133052,inconclusive (power)
null,-0.05094087905938451,0.8308457711442786,0.06396516071666863,-0.06533602928907711,1.0049751243781095,0.1843646453652703,inconclusive (power)
null,0.3605500155852167,0.13930348258706468,-0.2399921004469724,0.4603660248470933,0.05970149253731343,0.5891568507102434,inconclusive (power)
null,0.09260312591793811,0.6965174129353234,0.17398138083054446,-0.020667391938024735,0.7562189054726368,-0.14968658250663497,inconclusive (power)
null,0.033254710638838926,0.8805970149253731,-0.3489060012804095,-0.3261641888937267,0.3283582089552239,0.021965292740746756,inconclusive (power)
null,-0.15794410742291076,0.5323383084577115,0.27714461869038776,0.012308844159368448,0.1691542288557214,-0.09150866035052971,between-cohort difference (unresolved)
null,0.29448516274784914,0.19900497512437812,-0.03100924780478319,0.14808312861235212,1.0248756218905473,0.23683390926421735,inconclusive (power)
null,-0.28697418905445266,0.21890547263681592,0.07655441395714291,0.13674205914746987,0.4577114427860697,-0.23572281379675633,inconclusive (power)
null,0.3730333273044449,0.12437810945273632,0.08973046135429145,0.12736337586086457,0.11940298507462686,0.023185432809446682,inconclusive (power)
null,0.23881758229560665,0.3383084577114428,0.04302210621287397,0.20375472497865454,0.527363184079602,0.2600166301245718,inconclusive (power)
null,-0.4186897694331115,0.05970149253731343,-0.18784163364005285,-0.2736117356117258,0.06965174129353234,-0.20682654897309086,inconclusive (power)
null,-0.29698101495202683,0.208955223880597,-0.013485015100584623,-0.22074610409590417,0.1791044776119403,0.14322160374065757,inconclusive (power)
null,0.14764870858550017,0.572139303482587,0.38192266739108693,0.0010604676296064128,1.8208955223880596,0.37561619731971685,between-cohort difference (unresolved)
null,-0.1322542801136558,0.5970149253731343,-0.015512188874113571,-0.2250165731603146,0.6368159203980099,-0.26205642887404895,inconclusive (power)
null,0.009061856181080095,0.9850746268656716,-0.24510435492090782,-0.0029916821390101288,1.800995024875622,0.21718050491723162,inconclusive (power)
null,-0.08489742159981793,0.7213930348258707,-0.18652106838335106,0.07871673733028492,0.42786069651741293,-0.14109067395454,inconclusive (power)
null,-0.13432893981004235,0.5671641791044776,0.15256908515424505,-0.08289305538704775,0.19900497512437812,0.38301441177455314,inconclusive (power)
null,-0.06700260225417266,0.8258706467661692,0.18943363430329005,-0.12489033166009991,1.1243781094527363,-0.09475326068257629,inconclusive (power)
null,-0.3740849940989657,0.06965174129353234,-0.04069032406966166,-0.12097816161941628,0.3681592039800995,-0.13659114648202056,inconclusive (power)
null,-0.21975769791856276,0.36318407960199006,-0.09402888907326329,-0.15971876183583972,0.48756218905472637,0.10686234768840208,inconclusive (power)
null,-0.27175868271577036,0.23383084577114427,-0.0008827296537773964,-0.17176972837968932,0.46766169154228854,-0.0684229428339778,inconclusive (power)
null,-0.12702426098876213,0.6218905472636815,-0.21978792321417978,-0.03171089782318709,0.5174129353233831,-0.14883735962547506,inconclusive (power)
null,-0.13064521881815044,0.6218905472636815,0.0863547714194848,-0.038012304375553904,0.3781094527363184,-0.11796241138098881,inconclusive (power)
null,0.4235303663943312,0.07462686567164178,-0.22240519711864426,0.14800227220398826,0.42786069651741293,0.3770211090864608,inconclusive (power)
null,0.008380485583211365,1.0,0.016480047842309067,0.05780458726373842,0.8258706467661692,0.07210552952617895,inconclusive (power)
null,-0.12783096838809252,0.6218905472636815,0.08494516022982851,-0.2431994787872135,0.3283582089552239,-0.06746638972804826,inconclusive (power)
null,0.13808952757842646,0.5621890547263682,0.45848654237079944,0.020493639769982017,1.6119402985074627,-0.3052571936927083,between-cohort difference (unresolved)
null,-0.16190943293895504,0.4975124378109453,0.18948499684185813,-0.32005661394844753,0.30845771144278605,0.12549499405751488,inconclusive (power)
null,-0.10334295208890355,0.6169154228855721,0.057286399162146756,-0.15124344604505296,0.5671641791044776,-0.3766990670962437,inconclusive (power)
null,0.2434389047805945,0.3880597014925373,0.15780947574738288,0.24375574097615915,0.3880597014925373,0.34753749444719656,inconclusive (power)
null,-0.16345704880607728,0.48756218905472637,-0.047802148422568455,-0.048611925315205334,1.044776119402985,-0.20869825996849553,inconclusive (power)
null,-0.1281141575235033,0.6268656716417911,-0.46475390556512447,-0.10643433345740919,0.945273631840796,0.0023233882924233594,inconclusive (power)
null,0.16077300276178744,0.4527363184079602,-0.13152750060450583,0.31417001421003565,0.22885572139303484,0.3065483277058362,inconclusive (power)
null,0.006477751075388184,0.9850746268656716,-0.10053242320588868,0.2209963604438424,0.7661691542288557,-0.2787759460074636,inconclusive (power)
null,0.003271191568947738,0.9950248756218906,-0.1776283181780678,-0.04051884612788028,1.144278606965174,-0.02221340348272631,inconclusive (power)
null,0.22914642004917926,0.3333333333333333,0.02496184830411259,0.05101149920784744,1.2935323383084578,-0.010758820082588598,inconclusive (power)
null,0.030970012830721035,0.8656716417910447,0.16217678557483764,0.2513194877187298,0.03980099502487562,0.01918578158711387,inconclusive (power)
null,-0.08594092167164792,0.7064676616915423,-0.08104168128135927,-0.20324357342044141,0.1691542288557214,-0.30383628066832385,inconclusive (power)
null,-0.20536867726938807,0.42786069651741293,0.10649084954609023,0.026636389756759977,1.691542288557214,-0.4199667170172365,inconclusive (power)
null,-0.06051170292607987,0.8159203980099502,-0.05069070168153676,0.1705324641431347,0.11940298507462686,0.19489139122653115,inconclusive (power)
null,-0.4865257904854653,0.04975124378109453,0.08457229862277327,-0.12549863538949774,0.7960199004975125,-0.46627812816154934,inconclusive (power)
null,0.026960047408878886,0.8955223880597015,-0.2076594810000535,-0.008545957462065355,1.5024875621890548,-0.3128367925202097,inconclusive (power)
null,-0.2866795238109694,0.22388059701492538,0.24931808512765619,-0.2749606243818981,0.22885572139303484,-0.2680440029017516,inconclusive (power)
null,0.10223515210029824,0.6666666666666666,-0.04181788941249259,-0.15263346397520305,0.9751243781094527,0.16421311370789937,inconclusive (power)
null,0.13752462781384237,0.6069651741293532,-0.4579211684159409,-0.11925328699799062,1.054726368159204,0.5097516756302123,inconclusive (power)
null,-0.18665885832796397,0.44776119402985076,0.012293849361022752,-0.11318237428217233,0.42786069651741293,-0.22596544595604762,inconclusive (power)
null,0.08826172331879374,0.7263681592039801,-0.10619579994330125,-0.3173766103695105,0.3482587064676617,-0.16884399624898677,inconclusive (power)
null,0.005007760606255946,0.9751243781094527,0.22335578846251256,-0.019817871907806636,0.9552238805970149,-0.3266386280753731,inconclusive (power)
null,-0.18867734913160278,0.5323383084577115,-0.10465600694028902,-0.18824100329184623,0.15920398009950248,0.16291804102144386,inconclusive (power)
null,-0.012956810520545533,0.9701492537313433,-0.11470903217492467,-0.12835030302791672,0.48756218905472637,0.02473009242277093,inconclusive (power)
null,0.19266880218381227,0.5024875621890548,-0.060788706228746624,0.15425726065616432,0.04975124378109453,-0.03700468994694883,inconclusive (power)
null,0.078541383030246,0.7313432835820896,-0.16933112425433267,0.10322750981906006,0.8557213930348259,-0.2783379138617237,inconclusive (power)
null,0.44413677828179826,0.07960199004975124,0.03557050998789668,0.33763065159868005,0.07960199004975124,0.23768670253783544,inconclusive (power)
null,-0.3012515572468988,0.19900497512437812,0.17025708215555327,-0.04880964615780614,0.08955223880597014,-0.09385417381938399,inconclusive (power)
null,0.23328785942913488,0.3582089552238806,-0.1119144672539309,0.06531350268912431,1.4029850746268657,0.3810256021118417,inconclusive (power)
null,0.07872683308709606,0.7064676616915423,-0.08923105932358956,0.11728152882371401,0.24875621890547264,0.3424471032583034,inconclusive (power)
null,0.28658952296465096,0.3283582089552239,0.07610682504317895,-0.11935876195786627,0.8656716417910447,0.09326370142912072,inconclusive (power)
null,-0.13305692656772622,0.6766169154228856,-0.22460850915326283,-0.13089618618003968,0.46766169154228854,-0.09189869087477281,inconclusive (power)
null,0.15992313001413058,0.46766169154228854,-0.22614691159659073,0.17824049732734107,0.6368159203980099,0.01789382395272704,inconclusive (power)
null,0.20635852487473635,0.43781094527363185,0.043235100336163776,0.20959806001346992,0.6766169154228856,0.178416628177166,inconclusive (power)
null,-0.19741986349267768,0.4129353233830846,0.2744798187775056,-0.23644066665216118,0.3781094527363184,-0.27762384055505424,between-cohort difference (unresolved)
null,-0.13934092700103637,0.5671641791044776,-0.026528323981386073,0.07942039342358839,0.7064676616915423,-0.07549958912844955,inconclusive (power)
null,0.023446573993207098,0.900497512437811,-0.03828184076862151,-0.15505267040260592,0.8059701492537313,-0.16921517889773788,inconclusive (power)
null,-0.03569424600331686,0.8855721393034826,0.012728276935010215,-0.16343862735954043,0.7562189054726368,0.16408998861667937,inconclusive (power)
null,0.12138519851600363,0.6268656716417911,0.2656034746878311,0.2617962365714998,0.4975124378109453,0.20719029734977223,between-cohort difference (unresolved)
null,-0.037844035423688714,0.8855721393034826,0.3092413662790261,0.11535151852729245,0.527363184079602,-0.18226369450359808,between-cohort difference (unresolved)
null,-0.1901900598577686,0.472636815920398,0.1260779864010618,-0.10666242271722753,0.835820895522388,0.0014699759550262739,inconclusive (power)
null,-0.16876498630127929,0.46766169154228854,-0.23936647745398856,0.0035347595774732447,1.6616915422885572,-0.31206526025899367,inconclusive (power)
null,-0.19174554313452938,0.472636815920398,-0.00017777106703721363,-0.14876000492934313,0.9054726368159204,-0.10548885638346704,inconclusive (power)
null,0.027376320112883365,0.8955223880597015,0.2502526821152525,-0.01993445678856351,0.47761194029850745,0.24830078556194668,inconclusive (power)
null,-0.15118789297473126,0.5074626865671642,-0.14394051696725443,0.09434889766643224,1.064676616915423,0.04725974206557731,inconclusive (power)
null,0.22187053850851038,0.35323383084577115,0.04281414174862798,0.1038627575224806,0.9253731343283582,0.14285783319333378,inconclusive (power)
null,-0.07164431817080048,0.7810945273631841,0.06077620015747353,0.19509073634363922,0.8258706467661692,-0.032694988698164534,inconclusive (power)
null,-0.059245382901276164,0.8009950248756219,0.09988059343153308,-0.1282398110751531,1.164179104477612,0.3102218961733788,inconclusive (power)
null,0.28833282106425073,0.20398009950248755,0.09087602583862547,0.06049246267916113,1.1840796019900497,0.395404413080153,inconclusive (power)
null,-0.1189730239635934,0.6666666666666666,0.2500129828696055,0.020557331807561665,1.800995024875622,0.2183241587241427,inconclusive (power)
null,0.033487707050758396,0.9402985074626866,-0.2029926530993887,-0.09885951788829801,0.5572139303482587,0.08722953916777779,inconclusive (power)
null,-0.20084357147449408,0.4129353233830846,0.11582021267960199,0.028383892200324647,0.9950248756218906,0.05924365892495328,inconclusive (power)
null,-0.15587203094541482,0.5174129353233831,-0.15318484642144498,-0.03768914506211182,1.3432835820895523,-0.3305520541039143,inconclusive (power)
null,0.13540504523913888,0.6119402985074627,0.02395858938543996,0.14150801309420588,0.8159203980099502,0.07355875630296757,inconclusive (power)
null,0.004694345154102496,0.9751243781094527,0.1851175726021715,0.113098462227193,0.14925373134328357,0.007057757100900121,inconclusive (power)
null,0.1081181578650608,0.681592039800995,-0.034106708827720496,-0.14232287069837862,0.6368159203980099,0.334601727012226,inconclusive (power)
null,0.0023404787587804426,0.9950248756218906,-0.07672183791834797,0.011061898506963642,1.8805970149253732,-0.1825980638037762,inconclusive (power)
null,0.09459880749083491,0.7661691542288557,0.11773113462139344,0.12526458729343418,0.10945273631840796,-0.18631206939210665,inconclusive (power)
null,0.20576247196428607,0.4129353233830846,-0.17789977993830253,-0.028715399837582166,1.2736318407960199,0.19986114554899836,inconclusive (power)
null,-0.30471173339755087,0.23880597014925373,-0.051383209562761586,-0.28816245720318806,0.12935323383084577,-0.1372529574082394,inconclusive (power)
null,-0.4272653530639361,0.1044776119402985,-0.1525948116610995,-0.14089272543375783,0.5373134328358209,-0.34111257265116784,inconclusive (power)
null,0.4201751561795784,0.14925373134328357,-0.24818414763315916,0.28754239930160946,0.029850746268656716,0.3485771730925573,inconclusive (power)
null,-0.28908092868742524,0.2935323383084577,0.0934101276774022,-0.18212532590496508,0.31840796019900497,-0.1136493280971145,inconclusive (power)
null,0.19802606326279507,0.4427860696517413,-0.09229860070556531,0.19268875174827907,0.527363184079602,-0.021441772866264856,inconclusive (power)
null,-0.23394648443406266,0.32338308457711445,0.4156350681611086,0.03886672197059185,0.7562189054726368,-0.4476117752275288,between-cohort difference (unresolved)
null,0.04045162901402193,0.8955223880597015,0.18714266100939705,0.10314471739158153,1.2736318407960199,0.20001685662855834,inconclusive (power)
null,0.05121067081323844,0.8159203980099502,-0.1798341803734001,-0.0859736582899566,0.3582089552238806,0.14629545279383913,inconclusive (power)
null,0.059266865386641505,0.7960199004975125,-0.29175333432052714,0.014215382444667975,1.3333333333333333,0.25518590431402305,inconclusive (power)
null,0.18621653689818823,0.43781094527363185,0.10292541776019312,-0.0550978958495478,0.30845771144278605,0.08705387466165478,inconclusive (power)
null,-0.08095588548847052,0.7810945273631841,0.06931906119631312,0.08048219707509546,1.4129353233830846,0.04752366749627636,inconclusive (power)
null,-0.2510848420904993,0.31840796019900497,0.007809672441309944,-0.2245160152454555,0.14925373134328357,0.056547063201691096,inconclusive (power)
null,0.06634877689716441,0.7611940298507462,-0.1177722924303092,0.3239854982852502,0.029850746268656716,-0.14117248960906378,inconclusive (power)
null,0.35682547390945396,0.14427860696517414,-0.13841264677500476,0.14069235802926158,0.3880597014925373,0.2468626161928335,inconclusive (power)
null,0.17995130949463267,0.4626865671641791,0.09158493204446908,0.08251351691178338,1.3830845771144278,0.35078335875852845,inconclusive (power)
null,0.41564633460406164,0.04975124378109453,0.0002785019836001896,0.21840897917460184,0.03980099502487562,0.4411460363329517,replicated
null,-0.01493788072990594,0.945273631840796,-0.3987990741900477,0.2128883876080928,0.5970149253731343,0.054293394614955116,inconclusive (power)
null,0.18707560187690808,0.472636815920398,-0.25973764973576496,0.1526538195687145,0.7960199004975125,0.17123367878354123,inconclusive (power)
null,0.09510075181264822,0.7213930348258707,-0.3093744475861123,-0.05677185369165874,1.4527363184079602,0.20530769782286457,inconclusive (power)
null,-0.4000222987148308,0.09950248756218906,-0.13678640514331872,-0.08675486523027093,0.9054726368159204,-0.02754895657925849,inconclusive (power)
null,-0.20431387177705976,0.36318407960199006,0.033372730998840854,-0.11677754329747027,0.527363184079602,-0.03395964334920703,inconclusive (power)
null,0.08091754505317601,0.7014925373134329,0.18524207693458522,0.24067324729657757,0.42786069651741293,-0.09520591552937986,inconclusive (power)
null,-0.18538877062177314,0.4925373134328358,0.18531820431313073,-0.28380292196002793,0.04975124378109453,-0.21525218404611834,inconclusive (power)
null,-0.024815467835865655,0.900497512437811,-0.31732618553636693,0.005433093058310856,1.3034825870646767,-0.03885426204589741,inconclusive (power)
null,-0.05007034685040678,0.8308457711442786,0.1920384201262355,0.024800628836335825,1.3233830845771144,0.13348783510287582,inconclusive (power)
null,-0.3088890599471668,0.1791044776119403,-0.10155853104733947,-0.20390735964482665,0.1791044776119403,-0.318232720323949,inconclusive (power)
null,-0.18927571052325656,0.43283582089552236,0.12439828294710531,-0.04673441539968193,0.5671641791044776,-0.1962986461897574,inconclusive (power)
null,0.27614402930572046,0.26865671641791045,0.29897575179629066,0.36287017649388653,0.10945273631840796,0.035946112142665555,between-cohort difference (unresolved)
null,0.0046871366126380685,0.9850746268656716,-0.030596151473903703,0.06451994422028404,0.9651741293532339,-0.008915944430768107,inconclusive (power)
null,-0.0571360583701418,0.8507462686567164,0.1788977233661359,0.044429160003758156,0.08955223880597014,-0.030850449674949623,inconclusive (power)
null,-0.02835863811558598,0.9154228855721394,0.2438576177206242,-0.022531528871721357,0.3383084577114428,0.03606116471997692,inconclusive (power)
null,-0.273761952586124,0.31343283582089554,0.28512424446409523,-0.09252681255587895,0.8059701492537313,-0.4654200980388623,between-cohort difference (unresolved)
null,-0.3689449223645846,0.11442786069651742,0.09071552364491575,-0.268508752821121,0.05970149253731343,-0.1936192493845495,inconclusive (power)
null,-0.046237635830352466,0.8706467661691543,-0.028758171077285864,0.1500664369611838,0.26865671641791045,0.12575442957328375,inconclusive (power)
null,-0.3655243257756935,0.1044776119402985,0.030616786250060098,-0.23292420072053144,0.5472636815920398,-0.2919020471680818,inconclusive (power)
null,0.012193467697631112,0.9651741293532339,5.498158269233184e-05,0.0011185244629774924,1.2537313432835822,0.3757173459187051,inconclusive (power)
null,-0.14319426358207418,0.6517412935323383,-0.052522626509061206,0.149593479988289,0.4975124378109453,0.21079729766788532,inconclusive (power)
null,-0.23092311167723714,0.31840796019900497,0.031600564440977544,-0.31703755828384117,0.03980099502487562,-0.4886712914694158,inconclusive (power)
null,-0.20124546114826133,0.46766169154228854,-0.2704038848569836,-0.3222663113256779,0.04975124378109453,-0.43630262236052814,inconclusive (power)
null,-0.023541581091400775,0.9253731343283582,-0.01856511505663249,0.19495062967032187,0.15920398009950248,-0.2613730746125679,inconclusive (power)
null,0.12418838440240837,0.6019900497512438,0.10353585834831897,0.18254694844514124,0.6766169154228856,0.15628098192194442,inconclusive (power)
null,0.08626439247152334,0.7711442786069652,-0.04854106165483589,0.04073934013696448,0.3681592039800995,0.14904484014196215,inconclusive (power)
null,-0.4237018316397597,0.1044776119402985,0.052620945458476606,-0.4174809652421838,0.01990049751243781,-0.3785749995559793,inconclusive (power)
null,0.14555929779257223,0.5422885572139303,0.07790478305317332,-0.07522173659362405,0.22885572139303484,0.2538365563796805,inconclusive (power)
null,-0.004569851254033401,0.9900497512437811,0.01478762947729458,-0.10367744360216938,0.7164179104477612,-0.112021598683563,inconclusive (power)
null,0.21665656874658012,0.39303482587064675,-0.2587843850538125,0.13366044629079918,1.1243781094527363,0.16088418051273162,inconclusive (power)
null,-0.2638922156987818,0.3383084577114428,-0.2619912470078647,0.012500091662396393,0.6268656716417911,-0.03612364999378562,inconclusive (power)
null,-0.5935181839538834,0.009950248756218905,-0.15907078192926546,-0.40883644986596224,0.07960199004975124,-0.5470358605278792,inconclusive (power)
null,-0.15713408220435887,0.582089552238806,0.09278986063784989,-0.18889783032554114,0.6169154228855721,0.09820951896004612,inconclusive (power)
null,-0.05164295575549308,0.7960199004975125,0.10922357784299139,-0.05449844452440838,1.1940298507462686,-0.0023317433550694177,inconclusive (power)
null,-0.16981372921141055,0.472636815920398,0.0017286882560954733,-0.10056364029534107,0.7263681592039801,-0.14161566508090345,inconclusive (power)
null,-0.011048302591682236,0.9751243781094527,-0.3137078880056461,-0.15394406664925595,0.6169154228855721,-0.17350278668905328,inconclusive (power)
null,0.005302176660562875,0.9900497512437811,0.1103093833484595,0.04126649954468821,0.8159203980099502,-0.11732983652145915,inconclusive (power)
null,-0.00873137539792222,0.9751243781094527,-0.07058409518839524,0.21432486941227574,0.21890547263681592,-0.14505031087408937,inconclusive (power)
null,0.39733704331934305,0.07960199004975124,0.06491796040698662,0.2170932037937856,0.5074626865671642,0.18586082771806756,inconclusive (power)
null,-0.13143533367024263,0.6169154228855721,0.09320912791330019,-0.057875458952997894,1.5621890547263682,-0.042687320558184735,inconclusive (power)
null,0.3286603450076148,0.19402985074626866,-0.10097671067527089,0.10703357952363188,0.7960199004975125,0.13508626906648072,inconclusive (power)
null,0.005586724599814042,0.9800995024875622,-0.13713599238707874,0.12849946013063707,1.1144278606965174,0.07091709520611106,inconclusive (power)
null,0.1982593645420849,0.38308457711442784,0.17362059361420007,0.10124405336224873,0.1791044776119403,-0.05315249040898563,inconclusive (power)
null,0.14765074626980115,0.582089552238806,-0.14253258743545483,-0.026447069008419435,1.2238805970149254,0.1034486884831534,inconclusive (power)
null,0.1432111277763998,0.5422885572139303,-0.048770014218904416,0.010399433347584208,1.5223880597014925,-0.09637430260478402,inconclusive (power)
null,-0.2275517624731569,0.38308457711442784,0.08897706711834927,-0.3356101968921905,0.25870646766169153,-0.3297410228982845,inconclusive (power)
null,-0.0685542698634312,0.7910447761194029,-0.21675140119434017,-0.2334265163190305,0.23880597014925373,0.34798104117470574,inconclusive (power)
null,0.11341190697992513,0.6119402985074627,-0.15894658481550694,0.29409099701368346,0.029850746268656716,0.120557322019982,inconclusive (power)
null,0.12037960295600617,0.6666666666666666,-0.1837122017709361,0.04480015737635466,1.3233830845771144,-0.17236659715026573,inconclusive (power)
null,0.06388676617616773,0.7611940298507462,-0.052860744281252633,-0.13344715040393015,1.0746268656716418,0.22831745156692632,inconclusive (power)
null,0.23158815626258208,0.2537313432835821,0.03796820217796873,0.030755476668385386,1.5621890547263682,0.15108569371175207,inconclusive (power)
null,-0.023768552144138335,0.945273631840796,0.1659535914237724,-0.27496179383488845,0.22885572139303484,0.12541874205874684,inconclusive (power)
null,0.19613562205951549,0.4626865671641791,-0.1195179584708391,0.012867371166389613,0.5572139303482587,0.014007318644775935,inconclusive (power)
null,-0.13975379912471525,0.5771144278606966,-0.1817314963900278,-0.186864783716013,0.3681592039800995,-0.09042327174723862,inconclusive (power)
null,-0.3554020740259339,0.17412935323383086,-0.1754166785703145,-0.25018869285875583,0.6169154228855721,-0.15049604232537866,inconclusive (power)
null,0.1920824714687849,0.4079601990049751,-0.13508792705890182,-0.02077923354103641,1.3930348258706469,-0.06994894314349193,inconclusive (power)
null,0.006019053377430698,0.9800995024875622,-0.09523532284328999,0.030645703892305066,0.9253731343283582,0.20142068586873138,inconclusive (power)
null,0.3921370860712288,0.0845771144278607,-0.24224871954469385,-0.0037589704060344096,1.7810945273631842,0.2308931664414797,inconclusive (power)
null,-0.22009904237446437,0.3482587064676617,-0.15138061633395727,0.1328649756027791,0.9253731343283582,0.018185443902361313,inconclusive (power)
null,0.11707087566514222,0.6766169154228856,0.06774403293448868,0.25353146308447655,0.47761194029850745,0.17406093077417756,inconclusive (power)
null,-0.034428687962650015,0.8557213930348259,-0.21987434765971836,0.20689143242505237,0.6766169154228856,-0.059845890336906744,inconclusive (power)
null,-0.013761330465975602,0.9552238805970149,0.07783177309563644,-0.16291284298312894,0.9850746268656716,0.37633953159683814,inconclusive (power)
null,0.20519474677706134,0.4129353233830846,-0.3212506472537303,0.06879010367971067,1.4825870646766168,0.05598332455720554,inconclusive (power)
null,0.18179762928785267,0.4527363184079602,0.12883681238483585,0.1026049174991427,1.0049751243781095,0.2988836430638535,inconclusive (power)
null,-0.17485829183665735,0.5024875621890548,0.013933144651267569,-0.22027865977827993,0.4975124378109453,-0.04052870814379193,inconclusive (power)
null,-0.3299005535219641,0.1791044776119403,0.13098466046863577,-0.08514948761831659,0.9154228855721394,-0.059159543250280146,inconclusive (power)
null,-0.3065640014110244,0.1890547263681592,0.2992265304928692,-0.044775504436071464,0.9253731343283582,-0.290423437823401,between-cohort difference (unresolved)
null,0.30437154352530416,0.13930348258706468,-0.38698141134075636,0.40202126575143743,0.01990049751243781,0.2982833037512986,inconclusive (power)
null,0.11289781074562623,0.6368159203980099,0.05552312821648328,0.09935568528718644,1.3333333333333333,-0.08733706577386928,inconclusive (power)
null,-0.058442416606106246,0.8507462686567164,0.24466786204990715,-0.051606482100389955,0.6169154228855721,0.11608296103773473,inconclusive (power)
null,-0.24716061977805717,0.3283582089552239,0.12571721738179742,-0.08677406259025557,0.9353233830845771,-0.18587321773909588,inconclusive (power)
null,-0.01328759674538404,0.9701492537313433,0.033899325219988015,-0.08194695446382329,0.7860696517412935,0.18598059091147706,inconclusive (power)
null,0.11058150760931572,0.681592039800995,-0.13912063815957562,0.16306113154398066,0.7263681592039801,0.15760009490038393,inconclusive (power)
null,0.4432258831003093,0.05472636815920398,-0.02344839924586653,0.3125600406152946,0.04975124378109453,0.30841032640192617,inconclusive (power)
null,0.2929073235991159,0.1691542288557214,0.015484652018607116,0.1636116935226723,0.3880597014925373,0.028877700241609346,inconclusive (power)
null,0.06820961540437133,0.7910447761194029,-0.003828578666620326,0.12453141905117517,0.5074626865671642,0.02826316653240156,inconclusive (power)
null,0.16773360103807738,0.4527363184079602,-0.14146397192910515,0.1723187512505825,0.9054726368159204,0.3156317317328183,inconclusive (power)
null,-0.20091719812577885,0.40298507462686567,-0.003661764534136809,-0.12446525920594323,1.164179104477612,0.047768239223148996,inconclusive (power)
null,0.09772658703245327,0.736318407960199,-0.0484076482487475,0.22823512753743824,0.029850746268656716,0.16140496206464316,inconclusive (power)
null,-0.33916764178268044,0.12935323383084577,-0.09515284586243981,-0.14205985159333734,0.43781094527363185,-0.3436442746386295,inconclusive (power)
null,0.21863246838614048,0.42786069651741293,-0.0008023331325062687,0.08730191956854352,0.8059701492537313,0.1704595996640825,inconclusive (power)
null,-0.14235718895607286,0.5621890547263682,-0.04854266978772913,0.12184650157845281,0.6567164179104478,0.42143642369847306,inconclusive (power)
null,-0.1526463678626795,0.5323383084577115,0.1631470195422408,-0.19018484267623692,0.5572139303482587,-0.2285572088563538,inconclusive (power)
null,0.25906514167475875,0.2885572139303483,0.09373347009492404,-0.15625246023553602,1.0149253731343284,0.1828918977537349,inconclusive (power)
null,0.02265951743006448,0.9402985074626866,0.09239933557741922,-0.040235063570542406,1.5124378109452736,0.23100404976696554,inconclusive (power)
null,0.3182613151806756,0.1691542288557214,0.13075488013585648,0.07029509294573377,0.7064676616915423,0.3866346010508782,inconclusive (power)
null,0.3096456397590579,0.2736318407960199,0.16157203243728907,0.13520190483503317,0.9253731343283582,0.36056176297246073,inconclusive (power)
null,0.03873612840086199,0.900497512437811,-0.05769146245107623,-0.07931248448564339,1.5024875621890548,0.33197976688968023,inconclusive (power)
null,0.0337709913170108,0.900497512437811,0.0310405155854453,-0.19245457717824999,0.31840796019900497,0.04184574366432931,inconclusive (power)
null,-0.08788142419441887,0.7761194029850746,0.16952136920161326,0.1068303103999791,0.8258706467661692,0.10352881725202308,inconclusive (power)
null,-0.13957445292407092,0.5870646766169154,-0.12809676461876962,-0.04899131005783973,1.5323383084577114,0.013030109879477707,inconclusive (power)
null,0.26371324391804485,0.2835820895522388,0.36643885236902407,0.14464876222162457,0.8059701492537313,0.23696624510437111,between-cohort difference (unresolved)
null,-0.17007925000493032,0.4577114427860697,0.05213172042003276,-0.09971288750106931,0.8955223880597015,-0.2438733951583019,inconclusive (power)
null,-0.1397222387044708,0.5920398009950248,0.027850092398493405,-0.1539032285411664,0.26865671641791045,-0.18448979009199049,inconclusive (power)
null,-0.2165285244411768,0.39303482587064675,-0.1621985626884162,-0.17349264262585617,0.31840796019900497,-0.34634646729642243,inconclusive (power)
null,-0.31779731012292417,0.208955223880597,-0.39673205744100626,-0.015971624839159603,1.671641791044776,-0.04058345230896011,inconclusive (power)
null,0.07743116735760994,0.7661691542288557,-0.18416550123270253,-0.0663104901994726,1.0945273631840795,-0.09174325642831722,inconclusive (power)
null,-0.13298532829477364,0.5771144278606966,-0.12334777641849501,0.0977979533890445,0.417910447761194,0.04903407868931799,inconclusive (power)
null,0.06449188311642985,0.7512437810945274,-0.2084521295348881,-0.054596784561573505,1.5024875621890548,-0.33749650688819627,inconclusive (power)
null,0.1412725081616337,0.6218905472636815,0.06281492299948774,-0.15718033783860003,0.8955223880597015,0.2394800508839229,inconclusive (power)
null,-0.0450748637761478,0.8407960199004975,-0.299303831817024,0.2519360502907492,0.6666666666666666,0.20105386789472374,inconclusive (power)
null,0.08646304693480845,0.7114427860696517,0.09478923557221573,-0.04793467640574689,1.3333333333333333,0.11960441644622288,inconclusive (power)
null,-0.09164301356216807,0.6567164179104478,-0.15392982647917,-0.07333010956446054,1.5522388059701493,-0.052471789312610276,inconclusive (power)
null,0.06261227103803661,0.8507462686567164,0.131919771196213,0.07041853266102716,0.9353233830845771,-0.2176356663945955,inconclusive (power)
null,-0.312482522042175,0.20398009950248755,0.14916748182225534,-0.18324356354131188,0.5174129353233831,-0.25801650702732354,inconclusive (power)
null,0.443049186067815,0.07960199004975124,-0.23346136776110657,0.1922251801185103,0.029850746268656716,0.4308563253784141,inconclusive (power)
null,-0.2379067010798279,0.22388059701492538,-0.016117290090052857,-0.08323157542894792,0.8756218905472637,-0.3042147301528098,inconclusive (power)
null,0.012908039203894066,0.9701492537313433,0.027007529121821264,-0.22855279638163278,0.3482587064676617,0.04087228011554353,inconclusive (power)
null,0.2647389012824939,0.26865671641791045,0.061552478227433344,0.05846823199330971,1.154228855721393,-0.0861107516531851,inconclusive (power)
null,-0.29733201836697454,0.23880597014925373,-0.03388261022828717,-0.04540266206183241,1.263681592039801,-0.12777329570646234,inconclusive (power)
null,-0.21226625992395523,0.3383084577114428,-0.1265822287818641,0.05054602471397826,0.46766169154228854,-0.12448221182841882,inconclusive (power)
null,0.01840533579936962,0.9552238805970149,-0.24349114348336187,0.25132486443656643,0.5771144278606966,0.03421117909578043,inconclusive (power)
null,-0.17570165912190752,0.5522388059701493,-0.16211090134961625,-0.13058059976725558,0.5373134328358209,-0.2968677793333076,inconclusive (power)
null,-0.1815979206320019,0.48258706467661694,-0.2087323430365205,-0.02283613738605933,0.39800995024875624,-0.3112446249964813,inconclusive (power)
null,0.0044916209906559436,0.9850746268656716,0.08755541334995118,-0.10523855287373797,0.1791044776119403,0.21438976181125333,inconclusive (power)
null,0.2946647321274826,0.25870646766169153,-0.21062941835203364,0.24995500130563725,0.05970149253731343,0.2518161802491837,inconclusive (power)
null,0.06701251730871474,0.7711442786069652,-0.09605618519267883,-0.06124414281725701,0.9253731343283582,0.19724110042107584,inconclusive (power)
null,0.09701510912144154,0.7562189054726368,0.03455168570413018,-0.2280750073345552,0.27860696517412936,-0.18002589920973502,inconclusive (power)
null,-0.2337456018327687,0.3482587064676617,-0.06946600015958126,-0.1342600806711251,0.29850746268656714,-0.24083937605635766,inconclusive (power)
null,-0.17565621240736115,0.5074626865671642,-0.01468005445899697,-0.06748580393583546,1.144278606965174,0.03523158158214975,inconclusive (power)
null,0.26573393496161923,0.3333333333333333,0.020460563798013802,0.023315136422885203,1.4328358208955223,0.32589233010104346,inconclusive (power)
null,0.00788604271413313,0.9751243781094527,-0.24185663595999152,-0.02033874184063461,0.4079601990049751,0.20572830409541348,inconclusive (power)
null,0.1473667519668596,0.5920398009950248,-0.10569292911926922,0.18391418173197213,0.6368159203980099,0.29830593831375696,inconclusive (power)
null,0.23067380021438508,0.35323383084577115,-0.23564489283600654,0.34002554482047664,0.15920398009950248,0.3347350637066163,inconclusive (power)
null,-0.36625327664304597,0.12437810945273632,-0.08613584203150315,1.9741991222128885e-05,1.5522388059701493,0.07642476267302209,inconclusive (power)
null,-0.04037441269422797,0.8805970149253731,-0.10889798940212951,0.17312824256281537,0.2885572139303483,-0.14788782414017157,inconclusive (power)
null,0.06419158957697496,0.8059701492537313,-0.08474038561641019,0.1291629531006202,1.0348258706467661,-0.17841415094858323,inconclusive (power)
null,-0.4195023049473188,0.0945273631840796,-0.037290377597996284,-0.18214942519834998,0.845771144278607,-0.15525932002008458,inconclusive (power)
null,0.32611118284452106,0.19402985074626866,-0.22808167586157563,0.14847196722416975,1.1243781094527363,0.06548751901435648,inconclusive (power)
null,-0.3241944536901961,0.12437810945273632,0.010427189810762533,-0.312404080544346,0.22885572139303484,-0.39853423889980505,inconclusive (power)
null,-0.34764942745961036,0.16417910447761194,-0.013609641540586925,-0.3103988961993025,0.01990049751243781,-0.10011884409649074,inconclusive (power)
null,-0.19225669992534047,0.472636815920398,0.0777770452439111,-0.16063526604367365,0.9651741293532339,-0.03155952349047037,inconclusive (power)
null,-0.27958885990000987,0.2537313432835821,-0.09434801927174219,0.04071216093204036,1.7412935323383085,-0.18040800516131494,inconclusive (power)
null,-0.2690464582086878,0.31840796019900497,0.032869238791556205,-0.01802866942224035,0.6069651741293532,-0.30082129533076996,inconclusive (power)
null,0.15761872532766477,0.5024875621890548,-0.2040684601360243,-0.05073331960862908,1.2835820895522387,0.09932824640275519,inconclusive (power)
null,0.16118330229416647,0.5771144278606966,0.1949784207761352,0.1010466184985632,1.3532338308457712,0.08348472720950065,inconclusive (power)
null,-0.31211524717730316,0.18407960199004975,0.19371417007312222,-0.03501622499181212,1.771144278606965,0.058194306612920875,inconclusive (power)
null,0.4417767010559986,0.05970149253731343,0.18328368277715162,0.2854301285826282,0.12935323383084577,0.2755240341176437,inconclusive (power)
null,-0.20953154520776285,0.3482587064676617,-0.00523971042308582,-0.2876487445216868,0.4079601990049751,0.0037075628965457406,inconclusive (power)
null,0.1744169042473676,0.5074626865671642,-0.051668033293890345,0.17973846108863728,0.29850746268656714,0.08531812424864445,inconclusive (power)
null,-0.15235045730994273,0.5870646766169154,0.1304785801663193,-0.031378757417312886,0.3283582089552239,-0.015767331516941954,inconclusive (power)
null,-0.10770716974067607,0.6467661691542289,-0.043893787042609225,-0.15869856866008436,1.1044776119402986,-0.03859754108887468,inconclusive (power)
null,0.39390003478562824,0.05970149253731343,0.06381513813729209,0.1399978755478608,0.06965174129353234,0.38493439442340555,inconclusive (power)
null,0.33932683489578686,0.16417910447761194,-0.17388543380598404,0.315745750305512,0.10945273631840796,0.16626796617368053,inconclusive (power)
null,0.08018993784070037,0.7761194029850746,-0.3071357245892856,0.19873041565234154,0.845771144278607,0.3757074348265719,inconclusive (power)
null,-0.07638420037631971,0.7263681592039801,-0.15238466424679806,-0.1890272157087941,0.6069651741293532,-0.4341910969055557,inconclusive (power)
null,-0.15903209758974932,0.4626865671641791,0.13112518784875526,-0.044733695755733896,0.9253731343283582,0.1156147359816826,inconclusive (power)
null,-0.15948626903263452,0.46766169154228854,-0.1366705938874268,-0.07465783469837176,0.8059701492537313,-0.23104676986041162,inconclusive (power)
null,-0.5618807691743984,0.03980099502487562,0.06853913085592991,-0.26551305752788346,0.3383084577114428,-0.41825274813839847,inconclusive (power)
null,-0.1603779886102327,0.5671641791044776,0.07623603797557915,-0.21758836942168275,0.26865671641791045,0.028683460729827647,inconclusive (power)
null,-0.047962709378877484,0.8706467661691543,-0.36313740303839837,-0.11549171590421263,0.9751243781094527,-0.07889681254436012,inconclusive (power)
